Change Type,Postal Code,Building Name,Address,Building Type,Date Processed,Previous Name,Location Change (meters)
New Building,19964,59 Marina Coastal Drive,"59 Marina Coastal Drive, Singapore 19964",Residential,31/12/2025,,
New Building,48458,Amoy Hotel,"70 Telok Ayer Street Amoy Hotel, Singapore 48458",Non-Residential,31/12/2025,,
New Building,69835,3 Prince Edward Road,"3 Prince Edward Road, Singapore 69835",Residential,31/12/2025,,
New Building,69846,8A Shenton Way,"8A Shenton Way, Singapore 69846",Residential,31/12/2025,,
New Building,120437,437 Clementi Close,"437 Clementi Close, Singapore 120437",Residential,31/12/2025,,
New Building,120438,438 Clementi Close,"438 Clementi Close, Singapore 120438",Residential,31/12/2025,,
New Building,121437,437A Clementi Close,"437A Clementi Close, Singapore 121437",Residential,31/12/2025,,
New Building,121438,438A Clementi Close,"438A Clementi Close, Singapore 121438",Residential,31/12/2025,,
New Building,122437,437B Clementi Close,"437B Clementi Close, Singapore 122437",Residential,31/12/2025,,
New Building,122438,438B Clementi Close,"438B Clementi Close, Singapore 122438",Residential,31/12/2025,,
New Building,140185,185 Mei Chin Road,"185 Mei Chin Road, Singapore 140185",Residential,31/12/2025,,
New Building,140186,186 Mei Chin Road,"186 Mei Chin Road, Singapore 140186",Residential,31/12/2025,,
New Building,140187,187 Mei Chin Road,"187 Mei Chin Road, Singapore 140187",Residential,31/12/2025,,
New Building,140189,189 Mei Chin Road,"189 Mei Chin Road, Singapore 140189",Residential,31/12/2025,,
New Building,140190,190 Mei Chin Road,"190 Mei Chin Road, Singapore 140190",Residential,31/12/2025,,
New Building,141186,186A Mei Chin Road,"186A Mei Chin Road, Singapore 141186",Residential,31/12/2025,,
New Building,141187,187A Mei Chin Road,"187A Mei Chin Road, Singapore 141187",Residential,31/12/2025,,
New Building,142186,186B Mei Chin Road,"186B Mei Chin Road, Singapore 142186",Residential,31/12/2025,,
New Building,142945,523 Upper Changi Road,"523 Upper Changi Road, Singapore 142945",Residential,31/12/2025,,
New Building,169556,7 Kim Seng Road,"7 Kim Seng Road, Singapore 169556",Residential,31/12/2025,,
New Building,188068,253 Victoria Street,"253 Victoria Street, Singapore 188068",Residential,31/12/2025,,
New Building,188544,65 Queen Street,"65 Queen Street, Singapore 188544",Residential,31/12/2025,,
New Building,188545,66 Queen Street,"66 Queen Street, Singapore 188545",Residential,31/12/2025,,
New Building,188546,67 Queen Street,"67 Queen Street, Singapore 188546",Residential,31/12/2025,,
New Building,190020,20 Crawford Street,"20 Crawford Street, Singapore 190020",Residential,31/12/2025,,
New Building,190021,21 Crawford Street,"21 Crawford Street, Singapore 190021",Residential,31/12/2025,,
New Building,191020,20A Crawford Street,"20A Crawford Street, Singapore 191020",Residential,31/12/2025,,
New Building,218210,598 Serangoon Road,"598 Serangoon Road, Singapore 218210",Residential,31/12/2025,,
New Building,219833,100A Norfolk Road,"100A Norfolk Road, Singapore 219833",Residential,31/12/2025,,
New Building,219907,23 Hertford Road,"23 Hertford Road, Singapore 219907",Residential,31/12/2025,,
New Building,219908,27 Hertford Road,"27 Hertford Road, Singapore 219908",Residential,31/12/2025,,
New Building,228683,29 Mackenzie Road,"29 Mackenzie Road, Singapore 228683",Residential,31/12/2025,,
New Building,239595,17 Unity Street,"17 Unity Street, Singapore 239595",Residential,31/12/2025,,
New Building,240111,111 Tanglin Road,"111 Tanglin Road, Singapore 240111",Residential,31/12/2025,,
New Building,240112,112 Tanglin Road,"112 Tanglin Road, Singapore 240112",Residential,31/12/2025,,
New Building,241111,111A Tanglin Road,"111A Tanglin Road, Singapore 241111",Residential,31/12/2025,,
New Building,241112,112A Tanglin Road,"112A Tanglin Road, Singapore 241112",Residential,31/12/2025,,
New Building,242111,111B Tanglin Road,"111B Tanglin Road, Singapore 242111",Residential,31/12/2025,,
New Building,247811,1 Zion Close,"1 Zion Close, Singapore 247811",Residential,31/12/2025,,
New Building,248042,7A Tanglin Hill,"7A Tanglin Hill, Singapore 248042",Residential,31/12/2025,,
New Building,259131,Ladyhill Park,"90 Fernhill Road Ladyhill Park, Singapore 259131",Non-Residential,31/12/2025,,
New Building,270067,67 Holland Village Way,"67 Holland Village Way, Singapore 270067",Residential,31/12/2025,,
New Building,270068,68 Holland Village Way,"68 Holland Village Way, Singapore 270068",Residential,31/12/2025,,
New Building,271068,68A Holland Village Way,"68A Holland Village Way, Singapore 271068",Residential,31/12/2025,,
New Building,278529,Eden Park,"23A Maple Avenue Eden Park, Singapore 278529",Non-Residential,31/12/2025,,
New Building,279216,Ban Guan Park,"444 Holland Road Ban Guan Park, Singapore 279216",Non-Residential,31/12/2025,,
New Building,289359,79A Hillcrest Road,"79A Hillcrest Road, Singapore 289359",Residential,31/12/2025,,
New Building,299061,Capitol Park (15),"15 Jalan Sejarah Capitol Park (15), Singapore 299061",Non-Residential,31/12/2025,,
New Building,299165,60A Kheam Hock Road,"60A Kheam Hock Road, Singapore 299165",Residential,31/12/2025,,
New Building,309297,2A Jalan Pasiran,"2A Jalan Pasiran, Singapore 309297",Residential,31/12/2025,,
New Building,309313,4 Jalan Pasir Ria,"4 Jalan Pasir Ria, Singapore 309313",Residential,31/12/2025,,
New Building,309314,4A Jalan Pasir Ria,"4A Jalan Pasir Ria, Singapore 309314",Residential,31/12/2025,,
New Building,309651,10 Chancery Hill Road,"10 Chancery Hill Road, Singapore 309651",Residential,31/12/2025,,
New Building,309652,10A Chancery Hill Road,"10A Chancery Hill Road, Singapore 309652",Residential,31/12/2025,,
New Building,309738,16 Dyson Road,"16 Dyson Road, Singapore 309738",Residential,31/12/2025,,
New Building,309831,8A Chancery Hill Road,"8A Chancery Hill Road, Singapore 309831",Residential,31/12/2025,,
New Building,338779,231 Lavender Street,"231 Lavender Street, Singapore 338779",Residential,31/12/2025,,
New Building,338780,233 Lavender Street,"233 Lavender Street, Singapore 338780",Residential,31/12/2025,,
New Building,338781,235 Lavender Street,"235 Lavender Street, Singapore 338781",Residential,31/12/2025,,
New Building,359564,3A Melrose Drive,"3A Melrose Drive, Singapore 359564",Residential,31/12/2025,,
New Building,359575,3B Melrose Drive,"3B Melrose Drive, Singapore 359575",Residential,31/12/2025,,
New Building,367858,Bidadari Park Carpark,"115 Upper Aljunied Road Bidadari Park Carpark, Singapore 367858",Non-Residential,31/12/2025,,
New Building,370135,135 Merpati Road,"135 Merpati Road, Singapore 370135",Residential,31/12/2025,,
New Building,370136,136 Merpati Road,"136 Merpati Road, Singapore 370136",Residential,31/12/2025,,
New Building,371135,135A Merpati Road,"135A Merpati Road, Singapore 371135",Residential,31/12/2025,,
New Building,371136,136A Merpati Road,"136A Merpati Road, Singapore 371136",Residential,31/12/2025,,
New Building,419383,Kimnan Park,"68A Jalan Selamat Kimnan Park, Singapore 419383",Non-Residential,31/12/2025,,
New Building,419429,3 Jalan Grisek,"3 Jalan Grisek, Singapore 419429",Residential,31/12/2025,,
New Building,419625,9A Jalan Krian,"9A Jalan Krian, Singapore 419625",Residential,31/12/2025,,
New Building,419671,3A Jalan Grisek,"3A Jalan Grisek, Singapore 419671",Residential,31/12/2025,,
New Building,426739,72 Langsat Road,"72 Langsat Road, Singapore 426739",Residential,31/12/2025,,
New Building,438584,92 Meyer Road,"92 Meyer Road, Singapore 438584",Residential,31/12/2025,,
New Building,438585,10 Founders Drive,"10 Founders Drive, Singapore 438585",Residential,31/12/2025,,
New Building,438661,13 Jalan Nuri,"13 Jalan Nuri, Singapore 438661",Residential,31/12/2025,,
New Building,438662,47 Meyer Road,"47 Meyer Road, Singapore 438662",Residential,31/12/2025,,
New Building,449972,101A Marine Parade Road,"101A Marine Parade Road, Singapore 449972",Residential,31/12/2025,,
New Building,456285,33B Woo Mon Chew Road,"33B Woo Mon Chew Road, Singapore 456285",Residential,31/12/2025,,
New Building,456341,133A Upper East Coast Road,"133A Upper East Coast Road, Singapore 456341",Residential,31/12/2025,,
New Building,456827,Marine Garden,"26C Siglap Road Marine Garden, Singapore 456827",Non-Residential,31/12/2025,,
New Building,460911,911 Bayshore Street,"911 Bayshore Street, Singapore 460911",Residential,31/12/2025,,
New Building,460912,912 Bayshore Street,"912 Bayshore Street, Singapore 460912",Residential,31/12/2025,,
New Building,460913,913 Bayshore Street,"913 Bayshore Street, Singapore 460913",Residential,31/12/2025,,
New Building,460914,914 Bayshore Street,"914 Bayshore Street, Singapore 460914",Residential,31/12/2025,,
New Building,460915,915 Bayshore Street,"915 Bayshore Street, Singapore 460915",Residential,31/12/2025,,
New Building,460916,916 Bayshore Street,"916 Bayshore Street, Singapore 460916",Residential,31/12/2025,,
New Building,461911,911A Bayshore Street,"911A Bayshore Street, Singapore 461911",Residential,31/12/2025,,
New Building,461912,912A Bayshore Street,"912A Bayshore Street, Singapore 461912",Residential,31/12/2025,,
New Building,461914,914A Bayshore Street,"914A Bayshore Street, Singapore 461914",Residential,31/12/2025,,
New Building,461915,915A Bayshore Street,"915A Bayshore Street, Singapore 461915",Residential,31/12/2025,,
New Building,461916,916A Bayshore Street,"916A Bayshore Street, Singapore 461916",Residential,31/12/2025,,
New Building,462911,911B Bayshore Street,"911B Bayshore Street, Singapore 462911",Residential,31/12/2025,,
New Building,462912,912B Bayshore Street,"912B Bayshore Street, Singapore 462912",Residential,31/12/2025,,
New Building,462915,915B Bayshore Street,"915B Bayshore Street, Singapore 462915",Residential,31/12/2025,,
New Building,462916,916B Bayshore Street,"916B Bayshore Street, Singapore 462916",Residential,31/12/2025,,
New Building,463911,911C Bayshore Street,"911C Bayshore Street, Singapore 463911",Residential,31/12/2025,,
New Building,463912,912C Bayshore Street,"912C Bayshore Street, Singapore 463912",Residential,31/12/2025,,
New Building,468466,109 Tanah Merah Kechil Road South,"109 Tanah Merah Kechil Road South, Singapore 468466",Residential,31/12/2025,,
New Building,468467,111 Tanah Merah Kechil Road South,"111 Tanah Merah Kechil Road South, Singapore 468467",Residential,31/12/2025,,
New Building,468468,113 Tanah Merah Kechil Road South,"113 Tanah Merah Kechil Road South, Singapore 468468",Residential,31/12/2025,,
New Building,488478,523A Upper Changi Road,"523A Upper Changi Road, Singapore 488478",Residential,31/12/2025,,
New Building,488479,523C Upper Changi Road,"523C Upper Changi Road, Singapore 488479",Residential,31/12/2025,,
New Building,488904,East View Garden,"58A Meragi Road East View Garden, Singapore 488904",Non-Residential,31/12/2025,,
New Building,489719,Changi Business Park Central 2,"89A Changi Business Park Central 2, Singapore 489719",Non-Residential,31/12/2025,,
New Building,499853,95 Tanah Merah Coast Road,"95 Tanah Merah Coast Road, Singapore 499853",Residential,31/12/2025,,
New Building,508806,32 Jalan Loyang Besar,"32 Jalan Loyang Besar, Singapore 508806",Residential,31/12/2025,,
New Building,508826,22 Jalan Loyang Besar,"22 Jalan Loyang Besar, Singapore 508826",Residential,31/12/2025,,
New Building,508827,24 Jalan Loyang Besar,"24 Jalan Loyang Besar, Singapore 508827",Residential,31/12/2025,,
New Building,508828,26 Jalan Loyang Besar,"26 Jalan Loyang Besar, Singapore 508828",Residential,31/12/2025,,
New Building,508829,28 Jalan Loyang Besar,"28 Jalan Loyang Besar, Singapore 508829",Residential,31/12/2025,,
New Building,508830,30 Jalan Loyang Besar,"30 Jalan Loyang Besar, Singapore 508830",Residential,31/12/2025,,
New Building,508831,12 Jalan Loyang Besar,"12 Jalan Loyang Besar, Singapore 508831",Residential,31/12/2025,,
New Building,508832,14 Jalan Loyang Besar,"14 Jalan Loyang Besar, Singapore 508832",Residential,31/12/2025,,
New Building,508833,16 Jalan Loyang Besar,"16 Jalan Loyang Besar, Singapore 508833",Residential,31/12/2025,,
New Building,508834,18 Jalan Loyang Besar,"18 Jalan Loyang Besar, Singapore 508834",Residential,31/12/2025,,
New Building,508835,20 Jalan Loyang Besar,"20 Jalan Loyang Besar, Singapore 508835",Residential,31/12/2025,,
New Building,508855,2 Jalan Loyang Besar,"2 Jalan Loyang Besar, Singapore 508855",Residential,31/12/2025,,
New Building,508856,4 Jalan Loyang Besar,"4 Jalan Loyang Besar, Singapore 508856",Residential,31/12/2025,,
New Building,508857,6 Jalan Loyang Besar,"6 Jalan Loyang Besar, Singapore 508857",Residential,31/12/2025,,
New Building,508858,8 Jalan Loyang Besar,"8 Jalan Loyang Besar, Singapore 508858",Residential,31/12/2025,,
New Building,508859,10 Jalan Loyang Besar,"10 Jalan Loyang Besar, Singapore 508859",Residential,31/12/2025,,
New Building,508881,10 Changi Creek Way,"10 Changi Creek Way, Singapore 508881",Residential,31/12/2025,,
New Building,509970,Sree Ramar Temple,"49 Changi Village Road Sree Ramar Temple, Singapore 509970",Non-Residential,31/12/2025,,
New Building,510591,591 Pasir Ris Green,"591 Pasir Ris Green, Singapore 510591",Residential,31/12/2025,,
New Building,510592,592 Pasir Ris Green,"592 Pasir Ris Green, Singapore 510592",Residential,31/12/2025,,
New Building,510593,593 Pasir Ris Drive 3,"593 Pasir Ris Drive 3, Singapore 510593",Residential,31/12/2025,,
New Building,510594,594 Pasir Ris Drive 3,"594 Pasir Ris Drive 3, Singapore 510594",Residential,31/12/2025,,
New Building,511591,591A Pasir Ris Green,"591A Pasir Ris Green, Singapore 511591",Residential,31/12/2025,,
New Building,511592,592A Pasir Ris Green,"592A Pasir Ris Green, Singapore 511592",Residential,31/12/2025,,
New Building,511593,593A Pasir Ris Drive 3,"593A Pasir Ris Drive 3, Singapore 511593",Residential,31/12/2025,,
New Building,511594,594A Pasir Ris Drive 3,"594A Pasir Ris Drive 3, Singapore 511594",Residential,31/12/2025,,
New Building,512591,591B Pasir Ris Green,"591B Pasir Ris Green, Singapore 512591",Residential,31/12/2025,,
New Building,512592,592B Pasir Ris Green,"592B Pasir Ris Green, Singapore 512592",Residential,31/12/2025,,
New Building,512593,593B Pasir Ris Drive 3,"593B Pasir Ris Drive 3, Singapore 512593",Residential,31/12/2025,,
New Building,512594,594B Pasir Ris Drive 3,"594B Pasir Ris Drive 3, Singapore 512594",Residential,31/12/2025,,
New Building,513593,593C Pasir Ris Drive 3,"593C Pasir Ris Drive 3, Singapore 513593",Residential,31/12/2025,,
New Building,520169,169 Simei Road,"169 Simei Road, Singapore 520169",Residential,31/12/2025,,
New Building,520170,170 Simei Road,"170 Simei Road, Singapore 520170",Residential,31/12/2025,,
New Building,521169,169A Simei Road,"169A Simei Road, Singapore 521169",Residential,31/12/2025,,
New Building,521170,170A Simei Road,"170A Simei Road, Singapore 521170",Residential,31/12/2025,,
New Building,522169,169B Simei Road,"169B Simei Road, Singapore 522169",Residential,31/12/2025,,
New Building,522170,170B Simei Road,"170B Simei Road, Singapore 522170",Residential,31/12/2025,,
New Building,534554,545 Upper Serangoon Road,"545 Upper Serangoon Road, Singapore 534554",Residential,31/12/2025,,
New Building,536012,Defu MRT Station (cr07),"1 Serangoon River Road Defu MRT Station (cr07), Singapore 536012",Non-Residential,31/12/2025,,
New Building,536013,Kallang Paya Lebar Expressway,"600A Kallang Paya Lebar Expressway, Singapore 536013",Non-Residential,31/12/2025,,
New Building,537197,1 Lorong Low Koon,"1 Lorong Low Koon, Singapore 537197",Residential,31/12/2025,,
New Building,546388,12A Rosyth Road,"12A Rosyth Road, Singapore 546388",Residential,31/12/2025,,
New Building,548917,50 Hillside Drive,"50 Hillside Drive, Singapore 548917",Residential,31/12/2025,,
New Building,548918,50A Hillside Drive,"50A Hillside Drive, Singapore 548918",Residential,31/12/2025,,
New Building,548919,50B Hillside Drive,"50B Hillside Drive, Singapore 548919",Residential,31/12/2025,,
New Building,558032,Serangoon Garden Estate,"31 Cowdray Avenue Serangoon Garden Estate, Singapore 558032",Non-Residential,31/12/2025,,
New Building,559496,2G Burghley Drive,"2G Burghley Drive, Singapore 559496",Residential,31/12/2025,,
New Building,559592,8A Brighton Crescent,"8A Brighton Crescent, Singapore 559592",Residential,31/12/2025,,
New Building,559593,8B Brighton Crescent,"8B Brighton Crescent, Singapore 559593",Residential,31/12/2025,,
New Building,559890,Serangoon Garden Estate,"3B Berwick Drive Serangoon Garden Estate, Singapore 559890",Non-Residential,31/12/2025,,
New Building,559991,Serangoon Garden Estate,"3C Berwick Drive Serangoon Garden Estate, Singapore 559991",Non-Residential,31/12/2025,,
New Building,559992,Serangoon Garden Estate,"3D Berwick Drive Serangoon Garden Estate, Singapore 559992",Non-Residential,31/12/2025,,
New Building,559993,Serangoon Garden Estate,"3E Berwick Drive Serangoon Garden Estate, Singapore 559993",Non-Residential,31/12/2025,,
New Building,560733,733 Ang Mo Kio Central 3,"733 Ang Mo Kio Central 3, Singapore 560733",Residential,31/12/2025,,
New Building,560734,734 Ang Mo Kio Central 3,"734 Ang Mo Kio Central 3, Singapore 560734",Residential,31/12/2025,,
New Building,561733,733A Ang Mo Kio Central 3,"733A Ang Mo Kio Central 3, Singapore 561733",Residential,31/12/2025,,
New Building,561734,734A Ang Mo Kio Central 3,"734A Ang Mo Kio Central 3, Singapore 561734",Residential,31/12/2025,,
New Building,562733,733B Ang Mo Kio Central 3,"733B Ang Mo Kio Central 3, Singapore 562733",Residential,31/12/2025,,
New Building,568618,Mayflower Gardens,"29 Mayflower Road Mayflower Gardens, Singapore 568618",Non-Residential,31/12/2025,,
New Building,569942,Ang Mo Kio MRT Station (cr11),"80 Ang Mo Kio Avenue 3 Ang Mo Kio MRT Station (cr11), Singapore 569942",Non-Residential,31/12/2025,,
New Building,575557,51 Upper Thomson Road,"51 Upper Thomson Road, Singapore 575557",Residential,31/12/2025,,
New Building,578703,9L Jalan Berjaya,"9L Jalan Berjaya, Singapore 578703",Residential,31/12/2025,,
New Building,578970,Adelphi Park Estate,"13 Gardenia Road Adelphi Park Estate, Singapore 578970",Non-Residential,31/12/2025,,
New Building,589682,Beauty World Integrated Transport Hub,"100 Upper Bukit Timah Road Beauty World Integrated Transport Hub, Singapore 589682",Non-Residential,31/12/2025,,
New Building,601338,338A Jurong East Avenue 1,"338A Jurong East Avenue 1, Singapore 601338",Residential,31/12/2025,,
New Building,610133,133 Yung Ho Walk,"133 Yung Ho Walk, Singapore 610133",Residential,31/12/2025,,
New Building,610134,134 Yung Ho Walk,"134 Yung Ho Walk, Singapore 610134",Residential,31/12/2025,,
New Building,610135,135 Yung Ho Walk,"135 Yung Ho Walk, Singapore 610135",Residential,31/12/2025,,
New Building,610136,136 Yung Ho Walk,"136 Yung Ho Walk, Singapore 610136",Residential,31/12/2025,,
New Building,611066,66A Yung Kuang Road,"66A Yung Kuang Road, Singapore 611066",Residential,31/12/2025,,
New Building,611134,134A Yung Ho Walk,"134A Yung Ho Walk, Singapore 611134",Residential,31/12/2025,,
New Building,611135,135A Yung Ho Walk,"135A Yung Ho Walk, Singapore 611135",Residential,31/12/2025,,
New Building,611136,136A Yung Ho Walk,"136A Yung Ho Walk, Singapore 611136",Residential,31/12/2025,,
New Building,612134,134B Yung Ho Walk,"134B Yung Ho Walk, Singapore 612134",Residential,31/12/2025,,
New Building,612135,135B Yung Ho Walk,"135B Yung Ho Walk, Singapore 612135",Residential,31/12/2025,,
New Building,619662,6A Yung Ho Road,"6A Yung Ho Road, Singapore 619662",Residential,31/12/2025,,
New Building,619794,21 Jalan Tukang,"21 Jalan Tukang, Singapore 619794",Residential,31/12/2025,,
New Building,619834,2G Jalan Papan,"2G Jalan Papan, Singapore 619834",Residential,31/12/2025,,
New Building,619835,2E Jalan Papan,"2E Jalan Papan, Singapore 619835",Residential,31/12/2025,,
New Building,628638,23 Lok Yang Way,"23 Lok Yang Way, Singapore 628638",Residential,31/12/2025,,
New Building,637132,10A Tuas South Avenue 12,"10A Tuas South Avenue 12, Singapore 637132",Residential,31/12/2025,,
New Building,639061,6 Tuas View Drive,"6 Tuas View Drive, Singapore 639061",Residential,31/12/2025,,
New Building,639064,24 Tuas South Avenue 10,"24 Tuas South Avenue 10, Singapore 639064",Residential,31/12/2025,,
New Building,639561,2A Tuas West Drive,"2A Tuas West Drive, Singapore 639561",Residential,31/12/2025,,
New Building,639957,Nanyang Gateway MRT Station (jw3),"18 Nanyang Avenue Nanyang Gateway MRT Station (jw3), Singapore 639957",Non-Residential,31/12/2025,,
New Building,641427,427A Jurong West Avenue 1,"427A Jurong West Avenue 1, Singapore 641427",Residential,31/12/2025,,
New Building,649920,500 Jalan Bahar,"500 Jalan Bahar, Singapore 649920",Residential,31/12/2025,,
New Building,659839,10 Bukit Batok West Avenue 9,"10 Bukit Batok West Avenue 9, Singapore 659839",Residential,31/12/2025,,
New Building,670027,27 Woodlands Road,"27 Woodlands Road, Singapore 670027",Residential,31/12/2025,,
New Building,670033,33 Woodlands Road,"33 Woodlands Road, Singapore 670033",Residential,31/12/2025,,
New Building,670489,489 Bukit Panjang Ring Road,"489 Bukit Panjang Ring Road, Singapore 670489",Residential,31/12/2025,,
New Building,670490,490 Bukit Panjang Ring Road,"490 Bukit Panjang Ring Road, Singapore 670490",Residential,31/12/2025,,
New Building,670491,491 Bukit Panjang Ring Road,"491 Bukit Panjang Ring Road, Singapore 670491",Residential,31/12/2025,,
New Building,671489,489A Bukit Panjang Ring Road,"489A Bukit Panjang Ring Road, Singapore 671489",Residential,31/12/2025,,
New Building,671490,490A Bukit Panjang Ring Road,"490A Bukit Panjang Ring Road, Singapore 671490",Residential,31/12/2025,,
New Building,671491,491A Bukit Panjang Ring Road,"491A Bukit Panjang Ring Road, Singapore 671491",Residential,31/12/2025,,
New Building,672490,490B Bukit Panjang Ring Road,"490B Bukit Panjang Ring Road, Singapore 672490",Residential,31/12/2025,,
New Building,672491,491B Bukit Panjang Ring Road,"491B Bukit Panjang Ring Road, Singapore 672491",Residential,31/12/2025,,
New Building,673491,491C Bukit Panjang Ring Road,"491C Bukit Panjang Ring Road, Singapore 673491",Residential,31/12/2025,,
New Building,679350,20A Segar Road,"20A Segar Road, Singapore 679350",Residential,31/12/2025,,
New Building,699853,Depot,"5 Tengah Close Depot, Singapore 699853",Non-Residential,31/12/2025,,
New Building,699859,Depot,"3 Tengah Close Depot, Singapore 699859",Non-Residential,31/12/2025,,
New Building,699929,Tengah Plantation MRT Station (je1),"21 Plantation Crescent Tengah Plantation MRT Station (je1), Singapore 699929",Non-Residential,31/12/2025,,
New Building,699930,3 Plantation Crescent,"3 Plantation Crescent, Singapore 699930",Residential,31/12/2025,,
New Building,699931,25 Plantation Crescent,"25 Plantation Crescent, Singapore 699931",Residential,31/12/2025,,
New Building,719830,7 Neo Tiew Harvest Link,"7 Neo Tiew Harvest Link, Singapore 719830",Residential,31/12/2025,,
New Building,719878,14 Neo Tiew Lane 3,"14 Neo Tiew Lane 3, Singapore 719878",Residential,31/12/2025,,
New Building,719969,103 Lim Chu Kang Lane 3,"103 Lim Chu Kang Lane 3, Singapore 719969",Residential,31/12/2025,,
New Building,730219,219 Marsiling Lane,"219 Marsiling Lane, Singapore 730219",Residential,31/12/2025,,
New Building,730220,220 Marsiling Lane,"220 Marsiling Lane, Singapore 730220",Residential,31/12/2025,,
New Building,730221,221 Marsiling Lane,"221 Marsiling Lane, Singapore 730221",Residential,31/12/2025,,
New Building,730223,223 Marsiling Lane,"223 Marsiling Lane, Singapore 730223",Residential,31/12/2025,,
New Building,730224,224 Marsiling Lane,"224 Marsiling Lane, Singapore 730224",Residential,31/12/2025,,
New Building,731219,219A Marsiling Lane,"219A Marsiling Lane, Singapore 731219",Residential,31/12/2025,,
New Building,731220,220A Marsiling Lane,"220A Marsiling Lane, Singapore 731220",Residential,31/12/2025,,
New Building,731221,221A Marsiling Lane,"221A Marsiling Lane, Singapore 731221",Residential,31/12/2025,,
New Building,731223,223A Marsiling Lane,"223A Marsiling Lane, Singapore 731223",Residential,31/12/2025,,
New Building,731224,224A Marsiling Lane,"224A Marsiling Lane, Singapore 731224",Residential,31/12/2025,,
New Building,732223,223B Marsiling Lane,"223B Marsiling Lane, Singapore 732223",Residential,31/12/2025,,
New Building,738950,Woodlands Centre Road,"30A Woodlands Centre Road, Singapore 738950",Non-Residential,31/12/2025,,
New Building,738951,80 Woodlands Drive 16,"80 Woodlands Drive 16, Singapore 738951",Residential,31/12/2025,,
New Building,739312,Woodlands Polyclinic ()annex Block),"10A Woodlands Street 31 Woodlands Polyclinic ()annex Block), Singapore 739312",Non-Residential,31/12/2025,,
New Building,739342,Woodlands Checkpoint Extension,"1 Woodlands Centre Road Woodlands Checkpoint Extension, Singapore 739342",Non-Residential,31/12/2025,,
New Building,758941,575 Sembawang Place,"575 Sembawang Place, Singapore 758941",Residential,31/12/2025,,
New Building,760962,962 Bah Soon Pah Road,"962 Bah Soon Pah Road, Singapore 760962",Residential,31/12/2025,,
New Building,760964,964 Bah Soon Pah Road,"964 Bah Soon Pah Road, Singapore 760964",Residential,31/12/2025,,
New Building,760965,965 Bah Soon Pah Road,"965 Bah Soon Pah Road, Singapore 760965",Residential,31/12/2025,,
New Building,760966,966 Bah Soon Pah Road,"966 Bah Soon Pah Road, Singapore 760966",Residential,31/12/2025,,
New Building,760967,967 Bah Soon Pah Road,"967 Bah Soon Pah Road, Singapore 760967",Residential,31/12/2025,,
New Building,760968,968 Bah Soon Pah Road,"968 Bah Soon Pah Road, Singapore 760968",Residential,31/12/2025,,
New Building,761962,962A Bah Soon Pah Road,"962A Bah Soon Pah Road, Singapore 761962",Residential,31/12/2025,,
New Building,761964,964A Bah Soon Pah Road,"964A Bah Soon Pah Road, Singapore 761964",Residential,31/12/2025,,
New Building,761965,965A Bah Soon Pah Road,"965A Bah Soon Pah Road, Singapore 761965",Residential,31/12/2025,,
New Building,761967,967A Bah Soon Pah Road,"967A Bah Soon Pah Road, Singapore 761967",Residential,31/12/2025,,
New Building,761968,968A Bah Soon Pah Road,"968A Bah Soon Pah Road, Singapore 761968",Residential,31/12/2025,,
New Building,762962,962B Bah Soon Pah Road,"962B Bah Soon Pah Road, Singapore 762962",Residential,31/12/2025,,
New Building,762964,964B Bah Soon Pah Road,"964B Bah Soon Pah Road, Singapore 762964",Residential,31/12/2025,,
New Building,762965,965B Bah Soon Pah Road,"965B Bah Soon Pah Road, Singapore 762965",Residential,31/12/2025,,
New Building,762967,967B Bah Soon Pah Road,"967B Bah Soon Pah Road, Singapore 762967",Residential,31/12/2025,,
New Building,762968,968B Bah Soon Pah Road,"968B Bah Soon Pah Road, Singapore 762968",Residential,31/12/2025,,
New Building,763965,965C Bah Soon Pah Road,"965C Bah Soon Pah Road, Singapore 763965",Residential,31/12/2025,,
New Building,798368,398 Piccadilly,"398 Piccadilly, Singapore 798368",Residential,31/12/2025,,
New Building,799306,Seletar Aerospace Link,"13 Seletar Aerospace Link, Singapore 799306",Non-Residential,31/12/2025,,
New Building,799876,201 Jalan Kayu,"201 Jalan Kayu, Singapore 799876",Residential,31/12/2025,,
New Building,804198,54 Pollen Rise,"54 Pollen Rise, Singapore 804198",Residential,31/12/2025,,
New Building,804203,47 Pollen Rise,"47 Pollen Rise, Singapore 804203",Residential,31/12/2025,,
New Building,804204,48 Pollen Rise,"48 Pollen Rise, Singapore 804204",Residential,31/12/2025,,
New Building,804205,49 Pollen Rise,"49 Pollen Rise, Singapore 804205",Residential,31/12/2025,,
New Building,804206,50 Pollen Rise,"50 Pollen Rise, Singapore 804206",Residential,31/12/2025,,
New Building,804207,52 Pollen Rise,"52 Pollen Rise, Singapore 804207",Residential,31/12/2025,,
New Building,804208,42 Pollen Rise,"42 Pollen Rise, Singapore 804208",Residential,31/12/2025,,
New Building,804209,43 Pollen Rise,"43 Pollen Rise, Singapore 804209",Residential,31/12/2025,,
New Building,804210,44 Pollen Rise,"44 Pollen Rise, Singapore 804210",Residential,31/12/2025,,
New Building,804211,45 Pollen Rise,"45 Pollen Rise, Singapore 804211",Residential,31/12/2025,,
New Building,804212,46 Pollen Rise,"46 Pollen Rise, Singapore 804212",Residential,31/12/2025,,
New Building,804213,37 Pollen Rise,"37 Pollen Rise, Singapore 804213",Residential,31/12/2025,,
New Building,804214,38 Pollen Rise,"38 Pollen Rise, Singapore 804214",Residential,31/12/2025,,
New Building,804215,39 Pollen Rise,"39 Pollen Rise, Singapore 804215",Residential,31/12/2025,,
New Building,804216,40 Pollen Rise,"40 Pollen Rise, Singapore 804216",Residential,31/12/2025,,
New Building,804217,41 Pollen Rise,"41 Pollen Rise, Singapore 804217",Residential,31/12/2025,,
New Building,804218,32 Pollen Rise,"32 Pollen Rise, Singapore 804218",Residential,31/12/2025,,
New Building,804219,33 Pollen Rise,"33 Pollen Rise, Singapore 804219",Residential,31/12/2025,,
New Building,804220,34 Pollen Rise,"34 Pollen Rise, Singapore 804220",Residential,31/12/2025,,
New Building,804221,35 Pollen Rise,"35 Pollen Rise, Singapore 804221",Residential,31/12/2025,,
New Building,804222,36 Pollen Rise,"36 Pollen Rise, Singapore 804222",Residential,31/12/2025,,
New Building,804223,27 Pollen Rise,"27 Pollen Rise, Singapore 804223",Residential,31/12/2025,,
New Building,804224,28 Pollen Rise,"28 Pollen Rise, Singapore 804224",Residential,31/12/2025,,
New Building,804225,29 Pollen Rise,"29 Pollen Rise, Singapore 804225",Residential,31/12/2025,,
New Building,804226,30 Pollen Rise,"30 Pollen Rise, Singapore 804226",Residential,31/12/2025,,
New Building,804227,31 Pollen Rise,"31 Pollen Rise, Singapore 804227",Residential,31/12/2025,,
New Building,804228,22 Pollen Rise,"22 Pollen Rise, Singapore 804228",Residential,31/12/2025,,
New Building,804229,23 Pollen Rise,"23 Pollen Rise, Singapore 804229",Residential,31/12/2025,,
New Building,804230,24 Pollen Rise,"24 Pollen Rise, Singapore 804230",Residential,31/12/2025,,
New Building,804231,25 Pollen Rise,"25 Pollen Rise, Singapore 804231",Residential,31/12/2025,,
New Building,804232,26 Pollen Rise,"26 Pollen Rise, Singapore 804232",Residential,31/12/2025,,
New Building,804233,17 Pollen Rise,"17 Pollen Rise, Singapore 804233",Residential,31/12/2025,,
New Building,804234,18 Pollen Rise,"18 Pollen Rise, Singapore 804234",Residential,31/12/2025,,
New Building,804235,19 Pollen Rise,"19 Pollen Rise, Singapore 804235",Residential,31/12/2025,,
New Building,804236,20 Pollen Rise,"20 Pollen Rise, Singapore 804236",Residential,31/12/2025,,
New Building,804237,21 Pollen Rise,"21 Pollen Rise, Singapore 804237",Residential,31/12/2025,,
New Building,804238,12 Pollen Rise,"12 Pollen Rise, Singapore 804238",Residential,31/12/2025,,
New Building,804239,13 Pollen Rise,"13 Pollen Rise, Singapore 804239",Residential,31/12/2025,,
New Building,804240,14 Pollen Rise,"14 Pollen Rise, Singapore 804240",Residential,31/12/2025,,
New Building,804241,15 Pollen Rise,"15 Pollen Rise, Singapore 804241",Residential,31/12/2025,,
New Building,804242,16 Pollen Rise,"16 Pollen Rise, Singapore 804242",Residential,31/12/2025,,
New Building,804243,7 Pollen Rise,"7 Pollen Rise, Singapore 804243",Residential,31/12/2025,,
New Building,804244,8 Pollen Rise,"8 Pollen Rise, Singapore 804244",Residential,31/12/2025,,
New Building,804245,9 Pollen Rise,"9 Pollen Rise, Singapore 804245",Residential,31/12/2025,,
New Building,804246,10 Pollen Rise,"10 Pollen Rise, Singapore 804246",Residential,31/12/2025,,
New Building,804247,11 Pollen Rise,"11 Pollen Rise, Singapore 804247",Residential,31/12/2025,,
New Building,804248,2 Pollen Rise,"2 Pollen Rise, Singapore 804248",Residential,31/12/2025,,
New Building,804249,3 Pollen Rise,"3 Pollen Rise, Singapore 804249",Residential,31/12/2025,,
New Building,804250,4 Pollen Rise,"4 Pollen Rise, Singapore 804250",Residential,31/12/2025,,
New Building,804251,5 Pollen Rise,"5 Pollen Rise, Singapore 804251",Residential,31/12/2025,,
New Building,804252,6 Pollen Rise,"6 Pollen Rise, Singapore 804252",Residential,31/12/2025,,
New Building,804253,1 Pollen Rise,"1 Pollen Rise, Singapore 804253",Residential,31/12/2025,,
New Building,804254,58 Pollen Lane,"58 Pollen Lane, Singapore 804254",Residential,31/12/2025,,
New Building,804255,60 Pollen Lane,"60 Pollen Lane, Singapore 804255",Residential,31/12/2025,,
New Building,804259,52 Pollen Lane,"52 Pollen Lane, Singapore 804259",Residential,31/12/2025,,
New Building,804260,53 Pollen Lane,"53 Pollen Lane, Singapore 804260",Residential,31/12/2025,,
New Building,804261,54 Pollen Lane,"54 Pollen Lane, Singapore 804261",Residential,31/12/2025,,
New Building,804262,55 Pollen Lane,"55 Pollen Lane, Singapore 804262",Residential,31/12/2025,,
New Building,804263,56 Pollen Lane,"56 Pollen Lane, Singapore 804263",Residential,31/12/2025,,
New Building,804264,47 Pollen Lane,"47 Pollen Lane, Singapore 804264",Residential,31/12/2025,,
New Building,804265,48 Pollen Lane,"48 Pollen Lane, Singapore 804265",Residential,31/12/2025,,
New Building,804266,49 Pollen Lane,"49 Pollen Lane, Singapore 804266",Residential,31/12/2025,,
New Building,804267,50 Pollen Lane,"50 Pollen Lane, Singapore 804267",Residential,31/12/2025,,
New Building,804268,51 Pollen Lane,"51 Pollen Lane, Singapore 804268",Residential,31/12/2025,,
New Building,804269,42 Pollen Lane,"42 Pollen Lane, Singapore 804269",Residential,31/12/2025,,
New Building,804270,43 Pollen Lane,"43 Pollen Lane, Singapore 804270",Residential,31/12/2025,,
New Building,804271,44 Pollen Lane,"44 Pollen Lane, Singapore 804271",Residential,31/12/2025,,
New Building,804272,45 Pollen Lane,"45 Pollen Lane, Singapore 804272",Residential,31/12/2025,,
New Building,804273,46 Pollen Lane,"46 Pollen Lane, Singapore 804273",Residential,31/12/2025,,
New Building,804274,37 Pollen Lane,"37 Pollen Lane, Singapore 804274",Residential,31/12/2025,,
New Building,804275,38 Pollen Lane,"38 Pollen Lane, Singapore 804275",Residential,31/12/2025,,
New Building,804276,39 Pollen Lane,"39 Pollen Lane, Singapore 804276",Residential,31/12/2025,,
New Building,804277,40 Pollen Lane,"40 Pollen Lane, Singapore 804277",Residential,31/12/2025,,
New Building,804278,41 Pollen Lane,"41 Pollen Lane, Singapore 804278",Residential,31/12/2025,,
New Building,804413,36 Pollen Lane,"36 Pollen Lane, Singapore 804413",Residential,31/12/2025,,
New Building,804414,35 Pollen Lane,"35 Pollen Lane, Singapore 804414",Residential,31/12/2025,,
New Building,804415,30 Pollen Lane,"30 Pollen Lane, Singapore 804415",Residential,31/12/2025,,
New Building,804416,31 Pollen Lane,"31 Pollen Lane, Singapore 804416",Residential,31/12/2025,,
New Building,804417,32 Pollen Lane,"32 Pollen Lane, Singapore 804417",Residential,31/12/2025,,
New Building,804418,33 Pollen Lane,"33 Pollen Lane, Singapore 804418",Residential,31/12/2025,,
New Building,804419,34 Pollen Lane,"34 Pollen Lane, Singapore 804419",Residential,31/12/2025,,
New Building,804465,29 Pollen Lane,"29 Pollen Lane, Singapore 804465",Residential,31/12/2025,,
New Building,804466,28 Pollen Lane,"28 Pollen Lane, Singapore 804466",Residential,31/12/2025,,
New Building,804467,27 Pollen Lane,"27 Pollen Lane, Singapore 804467",Residential,31/12/2025,,
New Building,804468,26 Pollen Lane,"26 Pollen Lane, Singapore 804468",Residential,31/12/2025,,
New Building,804469,25 Pollen Lane,"25 Pollen Lane, Singapore 804469",Residential,31/12/2025,,
New Building,804481,24 Pollen Lane,"24 Pollen Lane, Singapore 804481",Residential,31/12/2025,,
New Building,804482,23 Pollen Lane,"23 Pollen Lane, Singapore 804482",Residential,31/12/2025,,
New Building,804483,22 Pollen Lane,"22 Pollen Lane, Singapore 804483",Residential,31/12/2025,,
New Building,804484,21 Pollen Lane,"21 Pollen Lane, Singapore 804484",Residential,31/12/2025,,
New Building,804485,16 Pollen Lane,"16 Pollen Lane, Singapore 804485",Residential,31/12/2025,,
New Building,804486,17 Pollen Lane,"17 Pollen Lane, Singapore 804486",Residential,31/12/2025,,
New Building,804487,18 Pollen Lane,"18 Pollen Lane, Singapore 804487",Residential,31/12/2025,,
New Building,804488,19 Pollen Lane,"19 Pollen Lane, Singapore 804488",Residential,31/12/2025,,
New Building,804489,20 Pollen Lane,"20 Pollen Lane, Singapore 804489",Residential,31/12/2025,,
New Building,804518,15 Pollen Lane,"15 Pollen Lane, Singapore 804518",Residential,31/12/2025,,
New Building,804519,14 Pollen Lane,"14 Pollen Lane, Singapore 804519",Residential,31/12/2025,,
New Building,804520,13 Pollen Lane,"13 Pollen Lane, Singapore 804520",Residential,31/12/2025,,
New Building,804521,8 Pollen Lane,"8 Pollen Lane, Singapore 804521",Residential,31/12/2025,,
New Building,804522,9 Pollen Lane,"9 Pollen Lane, Singapore 804522",Residential,31/12/2025,,
New Building,804523,10 Pollen Lane,"10 Pollen Lane, Singapore 804523",Residential,31/12/2025,,
New Building,804524,11 Pollen Lane,"11 Pollen Lane, Singapore 804524",Residential,31/12/2025,,
New Building,804525,12 Pollen Lane,"12 Pollen Lane, Singapore 804525",Residential,31/12/2025,,
New Building,804583,7 Pollen Lane,"7 Pollen Lane, Singapore 804583",Residential,31/12/2025,,
New Building,804584,2 Pollen Lane,"2 Pollen Lane, Singapore 804584",Residential,31/12/2025,,
New Building,804585,3 Pollen Lane,"3 Pollen Lane, Singapore 804585",Residential,31/12/2025,,
New Building,804586,4 Pollen Lane,"4 Pollen Lane, Singapore 804586",Residential,31/12/2025,,
New Building,804587,5 Pollen Lane,"5 Pollen Lane, Singapore 804587",Residential,31/12/2025,,
New Building,804588,6 Pollen Lane,"6 Pollen Lane, Singapore 804588",Residential,31/12/2025,,
New Building,804589,1 Pollen Lane,"1 Pollen Lane, Singapore 804589",Residential,31/12/2025,,
New Building,804590,60 Pollen Terrace,"60 Pollen Terrace, Singapore 804590",Residential,31/12/2025,,
New Building,804591,61 Pollen Terrace,"61 Pollen Terrace, Singapore 804591",Residential,31/12/2025,,
New Building,804592,62 Pollen Terrace,"62 Pollen Terrace, Singapore 804592",Residential,31/12/2025,,
New Building,804593,64 Pollen Terrace,"64 Pollen Terrace, Singapore 804593",Residential,31/12/2025,,
New Building,804595,55 Pollen Terrace,"55 Pollen Terrace, Singapore 804595",Residential,31/12/2025,,
New Building,804596,56 Pollen Terrace,"56 Pollen Terrace, Singapore 804596",Residential,31/12/2025,,
New Building,804597,57 Pollen Terrace,"57 Pollen Terrace, Singapore 804597",Residential,31/12/2025,,
New Building,804598,58 Pollen Terrace,"58 Pollen Terrace, Singapore 804598",Residential,31/12/2025,,
New Building,804599,59 Pollen Terrace,"59 Pollen Terrace, Singapore 804599",Residential,31/12/2025,,
New Building,804600,50 Pollen Terrace,"50 Pollen Terrace, Singapore 804600",Residential,31/12/2025,,
New Building,804601,51 Pollen Terrace,"51 Pollen Terrace, Singapore 804601",Residential,31/12/2025,,
New Building,804602,52 Pollen Terrace,"52 Pollen Terrace, Singapore 804602",Residential,31/12/2025,,
New Building,804603,53 Pollen Terrace,"53 Pollen Terrace, Singapore 804603",Residential,31/12/2025,,
New Building,804604,54 Pollen Terrace,"54 Pollen Terrace, Singapore 804604",Residential,31/12/2025,,
New Building,804798,49 Pollen Terrace,"49 Pollen Terrace, Singapore 804798",Residential,31/12/2025,,
New Building,804799,48 Pollen Terrace,"48 Pollen Terrace, Singapore 804799",Residential,31/12/2025,,
New Building,804800,37 Pollen Terrace,"37 Pollen Terrace, Singapore 804800",Residential,31/12/2025,,
New Building,804801,39 Pollen Terrace,"39 Pollen Terrace, Singapore 804801",Residential,31/12/2025,,
New Building,804802,41 Pollen Terrace,"41 Pollen Terrace, Singapore 804802",Residential,31/12/2025,,
New Building,804803,42 Pollen Terrace,"42 Pollen Terrace, Singapore 804803",Residential,31/12/2025,,
New Building,804804,43 Pollen Terrace,"43 Pollen Terrace, Singapore 804804",Residential,31/12/2025,,
New Building,804811,47 Pollen Terrace,"47 Pollen Terrace, Singapore 804811",Residential,31/12/2025,,
New Building,804812,46 Pollen Terrace,"46 Pollen Terrace, Singapore 804812",Residential,31/12/2025,,
New Building,804813,45 Pollen Terrace,"45 Pollen Terrace, Singapore 804813",Residential,31/12/2025,,
New Building,804814,44 Pollen Terrace,"44 Pollen Terrace, Singapore 804814",Residential,31/12/2025,,
New Building,804937,35 Pollen Terrace,"35 Pollen Terrace, Singapore 804937",Residential,31/12/2025,,
New Building,804938,33 Pollen Terrace,"33 Pollen Terrace, Singapore 804938",Residential,31/12/2025,,
New Building,804939,31 Pollen Terrace,"31 Pollen Terrace, Singapore 804939",Residential,31/12/2025,,
New Building,804940,9 Pollen Terrace,"9 Pollen Terrace, Singapore 804940",Residential,31/12/2025,,
New Building,804941,11 Pollen Terrace,"11 Pollen Terrace, Singapore 804941",Residential,31/12/2025,,
New Building,804942,13 Pollen Terrace,"13 Pollen Terrace, Singapore 804942",Residential,31/12/2025,,
New Building,804943,15 Pollen Terrace,"15 Pollen Terrace, Singapore 804943",Residential,31/12/2025,,
New Building,804944,17 Pollen Terrace,"17 Pollen Terrace, Singapore 804944",Residential,31/12/2025,,
New Building,804946,29 Pollen Terrace,"29 Pollen Terrace, Singapore 804946",Residential,31/12/2025,,
New Building,804947,27 Pollen Terrace,"27 Pollen Terrace, Singapore 804947",Residential,31/12/2025,,
New Building,804948,25 Pollen Terrace,"25 Pollen Terrace, Singapore 804948",Residential,31/12/2025,,
New Building,804949,23 Pollen Terrace,"23 Pollen Terrace, Singapore 804949",Residential,31/12/2025,,
New Building,804953,21 Pollen Terrace,"21 Pollen Terrace, Singapore 804953",Residential,31/12/2025,,
New Building,804954,19 Pollen Terrace,"19 Pollen Terrace, Singapore 804954",Residential,31/12/2025,,
New Building,804955,148 Pollen Crescent,"148 Pollen Crescent, Singapore 804955",Residential,31/12/2025,,
New Building,804956,150 Pollen Crescent,"150 Pollen Crescent, Singapore 804956",Residential,31/12/2025,,
New Building,804957,152 Pollen Crescent,"152 Pollen Crescent, Singapore 804957",Residential,31/12/2025,,
New Building,804958,154 Pollen Crescent,"154 Pollen Crescent, Singapore 804958",Residential,31/12/2025,,
New Building,805961,146 Pollen Crescent,"146 Pollen Crescent, Singapore 805961",Residential,31/12/2025,,
New Building,805962,144 Pollen Crescent,"144 Pollen Crescent, Singapore 805962",Residential,31/12/2025,,
New Building,805963,142 Pollen Crescent,"142 Pollen Crescent, Singapore 805963",Residential,31/12/2025,,
New Building,805964,140 Pollen Crescent,"140 Pollen Crescent, Singapore 805964",Residential,31/12/2025,,
New Building,805997,138 Pollen Crescent,"138 Pollen Crescent, Singapore 805997",Residential,31/12/2025,,
New Building,805998,136 Pollen Crescent,"136 Pollen Crescent, Singapore 805998",Residential,31/12/2025,,
New Building,805999,134 Pollen Crescent,"134 Pollen Crescent, Singapore 805999",Residential,31/12/2025,,
New Building,806000,132 Pollen Crescent,"132 Pollen Crescent, Singapore 806000",Residential,31/12/2025,,
New Building,806001,122 Pollen Crescent,"122 Pollen Crescent, Singapore 806001",Residential,31/12/2025,,
New Building,806002,124 Pollen Crescent,"124 Pollen Crescent, Singapore 806002",Residential,31/12/2025,,
New Building,806003,126 Pollen Crescent,"126 Pollen Crescent, Singapore 806003",Residential,31/12/2025,,
New Building,806004,128 Pollen Crescent,"128 Pollen Crescent, Singapore 806004",Residential,31/12/2025,,
New Building,806005,130 Pollen Crescent,"130 Pollen Crescent, Singapore 806005",Residential,31/12/2025,,
New Building,806006,112 Pollen Crescent,"112 Pollen Crescent, Singapore 806006",Residential,31/12/2025,,
New Building,806007,114 Pollen Crescent,"114 Pollen Crescent, Singapore 806007",Residential,31/12/2025,,
New Building,806008,116 Pollen Crescent,"116 Pollen Crescent, Singapore 806008",Residential,31/12/2025,,
New Building,806009,118 Pollen Crescent,"118 Pollen Crescent, Singapore 806009",Residential,31/12/2025,,
New Building,806010,120 Pollen Crescent,"120 Pollen Crescent, Singapore 806010",Residential,31/12/2025,,
New Building,806141,110 Pollen Crescent,"110 Pollen Crescent, Singapore 806141",Residential,31/12/2025,,
New Building,806142,100 Pollen Crescent,"100 Pollen Crescent, Singapore 806142",Residential,31/12/2025,,
New Building,806143,102 Pollen Crescent,"102 Pollen Crescent, Singapore 806143",Residential,31/12/2025,,
New Building,806144,104 Pollen Crescent,"104 Pollen Crescent, Singapore 806144",Residential,31/12/2025,,
New Building,806145,106 Pollen Crescent,"106 Pollen Crescent, Singapore 806145",Residential,31/12/2025,,
New Building,806146,108 Pollen Crescent,"108 Pollen Crescent, Singapore 806146",Residential,31/12/2025,,
New Building,806276,98 Pollen Crescent,"98 Pollen Crescent, Singapore 806276",Residential,31/12/2025,,
New Building,806335,96 Pollen Crescent,"96 Pollen Crescent, Singapore 806335",Residential,31/12/2025,,
New Building,806336,94 Pollen Crescent,"94 Pollen Crescent, Singapore 806336",Residential,31/12/2025,,
New Building,806337,92 Pollen Crescent,"92 Pollen Crescent, Singapore 806337",Residential,31/12/2025,,
New Building,806338,90 Pollen Crescent,"90 Pollen Crescent, Singapore 806338",Residential,31/12/2025,,
New Building,806339,95 Pollen Crescent,"95 Pollen Crescent, Singapore 806339",Residential,31/12/2025,,
New Building,806340,87 Pollen Crescent,"87 Pollen Crescent, Singapore 806340",Residential,31/12/2025,,
New Building,806341,88 Pollen Crescent,"88 Pollen Crescent, Singapore 806341",Residential,31/12/2025,,
New Building,806342,89 Pollen Crescent,"89 Pollen Crescent, Singapore 806342",Residential,31/12/2025,,
New Building,806343,91 Pollen Crescent,"91 Pollen Crescent, Singapore 806343",Residential,31/12/2025,,
New Building,806344,93 Pollen Crescent,"93 Pollen Crescent, Singapore 806344",Residential,31/12/2025,,
New Building,806448,86 Pollen Crescent,"86 Pollen Crescent, Singapore 806448",Residential,31/12/2025,,
New Building,806449,85 Pollen Crescent,"85 Pollen Crescent, Singapore 806449",Residential,31/12/2025,,
New Building,806450,84 Pollen Crescent,"84 Pollen Crescent, Singapore 806450",Residential,31/12/2025,,
New Building,806451,83 Pollen Crescent,"83 Pollen Crescent, Singapore 806451",Residential,31/12/2025,,
New Building,806452,78 Pollen Crescent,"78 Pollen Crescent, Singapore 806452",Residential,31/12/2025,,
New Building,806453,79 Pollen Crescent,"79 Pollen Crescent, Singapore 806453",Residential,31/12/2025,,
New Building,806454,80 Pollen Crescent,"80 Pollen Crescent, Singapore 806454",Residential,31/12/2025,,
New Building,806455,81 Pollen Crescent,"81 Pollen Crescent, Singapore 806455",Residential,31/12/2025,,
New Building,806456,82 Pollen Crescent,"82 Pollen Crescent, Singapore 806456",Residential,31/12/2025,,
New Building,806457,73 Pollen Crescent,"73 Pollen Crescent, Singapore 806457",Residential,31/12/2025,,
New Building,806458,74 Pollen Crescent,"74 Pollen Crescent, Singapore 806458",Residential,31/12/2025,,
New Building,806459,75 Pollen Crescent,"75 Pollen Crescent, Singapore 806459",Residential,31/12/2025,,
New Building,806460,76 Pollen Crescent,"76 Pollen Crescent, Singapore 806460",Residential,31/12/2025,,
New Building,806461,77 Pollen Crescent,"77 Pollen Crescent, Singapore 806461",Residential,31/12/2025,,
New Building,806490,72 Pollen Crescent,"72 Pollen Crescent, Singapore 806490",Residential,31/12/2025,,
New Building,806491,71 Pollen Crescent,"71 Pollen Crescent, Singapore 806491",Residential,31/12/2025,,
New Building,806492,70 Pollen Crescent,"70 Pollen Crescent, Singapore 806492",Residential,31/12/2025,,
New Building,806493,69 Pollen Crescent,"69 Pollen Crescent, Singapore 806493",Residential,31/12/2025,,
New Building,806494,64 Pollen Crescent,"64 Pollen Crescent, Singapore 806494",Residential,31/12/2025,,
New Building,806495,65 Pollen Crescent,"65 Pollen Crescent, Singapore 806495",Residential,31/12/2025,,
New Building,806496,66 Pollen Crescent,"66 Pollen Crescent, Singapore 806496",Residential,31/12/2025,,
New Building,806497,67 Pollen Crescent,"67 Pollen Crescent, Singapore 806497",Residential,31/12/2025,,
New Building,806498,68 Pollen Crescent,"68 Pollen Crescent, Singapore 806498",Residential,31/12/2025,,
New Building,806499,59 Pollen Crescent,"59 Pollen Crescent, Singapore 806499",Residential,31/12/2025,,
New Building,806500,60 Pollen Crescent,"60 Pollen Crescent, Singapore 806500",Residential,31/12/2025,,
New Building,806501,61 Pollen Crescent,"61 Pollen Crescent, Singapore 806501",Residential,31/12/2025,,
New Building,806502,62 Pollen Crescent,"62 Pollen Crescent, Singapore 806502",Residential,31/12/2025,,
New Building,806503,63 Pollen Crescent,"63 Pollen Crescent, Singapore 806503",Residential,31/12/2025,,
New Building,806584,58 Pollen Crescent,"58 Pollen Crescent, Singapore 806584",Residential,31/12/2025,,
New Building,806585,57 Pollen Crescent,"57 Pollen Crescent, Singapore 806585",Residential,31/12/2025,,
New Building,806586,56 Pollen Crescent,"56 Pollen Crescent, Singapore 806586",Residential,31/12/2025,,
New Building,806587,55 Pollen Crescent,"55 Pollen Crescent, Singapore 806587",Residential,31/12/2025,,
New Building,806588,50 Pollen Crescent,"50 Pollen Crescent, Singapore 806588",Residential,31/12/2025,,
New Building,806589,51 Pollen Crescent,"51 Pollen Crescent, Singapore 806589",Residential,31/12/2025,,
New Building,806590,52 Pollen Crescent,"52 Pollen Crescent, Singapore 806590",Residential,31/12/2025,,
New Building,806591,53 Pollen Crescent,"53 Pollen Crescent, Singapore 806591",Residential,31/12/2025,,
New Building,806592,54 Pollen Crescent,"54 Pollen Crescent, Singapore 806592",Residential,31/12/2025,,
New Building,806593,45 Pollen Crescent,"45 Pollen Crescent, Singapore 806593",Residential,31/12/2025,,
New Building,806594,46 Pollen Crescent,"46 Pollen Crescent, Singapore 806594",Residential,31/12/2025,,
New Building,806595,47 Pollen Crescent,"47 Pollen Crescent, Singapore 806595",Residential,31/12/2025,,
New Building,806596,48 Pollen Crescent,"48 Pollen Crescent, Singapore 806596",Residential,31/12/2025,,
New Building,806597,49 Pollen Crescent,"49 Pollen Crescent, Singapore 806597",Residential,31/12/2025,,
New Building,806651,40 Pollen Crescent,"40 Pollen Crescent, Singapore 806651",Residential,31/12/2025,,
New Building,806652,39 Pollen Crescent,"39 Pollen Crescent, Singapore 806652",Residential,31/12/2025,,
New Building,806653,38 Pollen Crescent,"38 Pollen Crescent, Singapore 806653",Residential,31/12/2025,,
New Building,806654,37 Pollen Crescent,"37 Pollen Crescent, Singapore 806654",Residential,31/12/2025,,
New Building,806655,36 Pollen Crescent,"36 Pollen Crescent, Singapore 806655",Residential,31/12/2025,,
New Building,806656,35 Pollen Crescent,"35 Pollen Crescent, Singapore 806656",Residential,31/12/2025,,
New Building,806657,34 Pollen Crescent,"34 Pollen Crescent, Singapore 806657",Residential,31/12/2025,,
New Building,806658,33 Pollen Crescent,"33 Pollen Crescent, Singapore 806658",Residential,31/12/2025,,
New Building,806659,32 Pollen Crescent,"32 Pollen Crescent, Singapore 806659",Residential,31/12/2025,,
New Building,806660,41 Pollen Crescent,"41 Pollen Crescent, Singapore 806660",Residential,31/12/2025,,
New Building,806661,42 Pollen Crescent,"42 Pollen Crescent, Singapore 806661",Residential,31/12/2025,,
New Building,806662,43 Pollen Crescent,"43 Pollen Crescent, Singapore 806662",Residential,31/12/2025,,
New Building,806663,44 Pollen Crescent,"44 Pollen Crescent, Singapore 806663",Residential,31/12/2025,,
New Building,806772,31 Pollen Crescent,"31 Pollen Crescent, Singapore 806772",Residential,31/12/2025,,
New Building,806773,30 Pollen Crescent,"30 Pollen Crescent, Singapore 806773",Residential,31/12/2025,,
New Building,806774,28 Pollen Crescent,"28 Pollen Crescent, Singapore 806774",Residential,31/12/2025,,
New Building,806775,26 Pollen Crescent,"26 Pollen Crescent, Singapore 806775",Residential,31/12/2025,,
New Building,806776,40 Pollen Terrace,"40 Pollen Terrace, Singapore 806776",Residential,31/12/2025,,
New Building,806777,1 Pollen Terrace,"1 Pollen Terrace, Singapore 806777",Residential,31/12/2025,,
New Building,806778,3 Pollen Terrace,"3 Pollen Terrace, Singapore 806778",Residential,31/12/2025,,
New Building,806779,5 Pollen Terrace,"5 Pollen Terrace, Singapore 806779",Residential,31/12/2025,,
New Building,806780,7 Pollen Terrace,"7 Pollen Terrace, Singapore 806780",Residential,31/12/2025,,
New Building,806781,30 Pollen Terrace,"30 Pollen Terrace, Singapore 806781",Residential,31/12/2025,,
New Building,806782,32 Pollen Terrace,"32 Pollen Terrace, Singapore 806782",Residential,31/12/2025,,
New Building,806783,34 Pollen Terrace,"34 Pollen Terrace, Singapore 806783",Residential,31/12/2025,,
New Building,806784,36 Pollen Terrace,"36 Pollen Terrace, Singapore 806784",Residential,31/12/2025,,
New Building,806785,38 Pollen Terrace,"38 Pollen Terrace, Singapore 806785",Residential,31/12/2025,,
New Building,806800,28 Pollen Terrace,"28 Pollen Terrace, Singapore 806800",Residential,31/12/2025,,
New Building,806801,26 Pollen Terrace,"26 Pollen Terrace, Singapore 806801",Residential,31/12/2025,,
New Building,806802,24 Pollen Terrace,"24 Pollen Terrace, Singapore 806802",Residential,31/12/2025,,
New Building,806803,14 Pollen Terrace,"14 Pollen Terrace, Singapore 806803",Residential,31/12/2025,,
New Building,806804,16 Pollen Terrace,"16 Pollen Terrace, Singapore 806804",Residential,31/12/2025,,
New Building,806805,18 Pollen Terrace,"18 Pollen Terrace, Singapore 806805",Residential,31/12/2025,,
New Building,806806,20 Pollen Terrace,"20 Pollen Terrace, Singapore 806806",Residential,31/12/2025,,
New Building,806807,22 Pollen Terrace,"22 Pollen Terrace, Singapore 806807",Residential,31/12/2025,,
New Building,806808,4 Pollen Terrace,"4 Pollen Terrace, Singapore 806808",Residential,31/12/2025,,
New Building,806809,6 Pollen Terrace,"6 Pollen Terrace, Singapore 806809",Residential,31/12/2025,,
New Building,806810,8 Pollen Terrace,"8 Pollen Terrace, Singapore 806810",Residential,31/12/2025,,
New Building,806811,10 Pollen Terrace,"10 Pollen Terrace, Singapore 806811",Residential,31/12/2025,,
New Building,806812,12 Pollen Terrace,"12 Pollen Terrace, Singapore 806812",Residential,31/12/2025,,
New Building,806813,2 Pollen Terrace,"2 Pollen Terrace, Singapore 806813",Residential,31/12/2025,,
New Building,808854,69A Neram Road,"69A Neram Road, Singapore 808854",Residential,31/12/2025,,
New Building,808855,69B Neram Road,"69B Neram Road, Singapore 808855",Residential,31/12/2025,,
New Building,819989,Airport Boulevard,"58 Airport Boulevard, Singapore 819989",Non-Residential,31/12/2025,,
New Building,129634,National Healthcare Group Polyclinics (clementi Polyclinic),"2 Clementi Close National Healthcare Group Polyclinics (clementi Polyclinic), Singapore 129634",Non-Residential,31/12/2025,,
New Building,308076,2 Moulmein Road,"2 Moulmein Road, Singapore 308076",Residential,31/12/2025,,
New Building,349994,National Healthcare Group Polyclinics (bidadari Polyclinic),"51 Alkaff Crescent National Healthcare Group Polyclinics (bidadari Polyclinic), Singapore 349994",Non-Residential,31/12/2025,,
New Building,388309,43B Lorong 25 Geylang,"43B Lorong 25 Geylang, Singapore 388309",Residential,31/12/2025,,
New Building,418000,Kaki Bukit Polyclinic,"18 Jalan Damai Kaki Bukit Polyclinic, Singapore 418000",Non-Residential,31/12/2025,,
New Building,619657,National University Polyclinics (taman Jurong Polyclinic),"20 Yung Kuang Road National University Polyclinics (taman Jurong Polyclinic), Singapore 619657",Non-Residential,31/12/2025,,
Name Change,731591,591A Woodlands Drive 17,"591A Woodlands Drive 17, Singapore 731591",Residential,31/12/2025,NIL,
Name Change,272058,Ulu Pandan Banks,"58B Ghim Moh Link Ulu Pandan Banks, Singapore 272058",Non-Residential,31/12/2025,NIL,
Name Change,257854,Gospel Light Bible-presbyterian Church,"60 Stevens Road Gospel Light Bible-presbyterian Church, Singapore 257854",Non-Residential,31/12/2025,NIL,
Name Change,530460,460 Hougang Avenue 10,"460 Hougang Avenue 10, Singapore 530460",Residential,31/12/2025,NIL,
Name Change,530467,467 Hougang Avenue 8,"467 Hougang Avenue 8, Singapore 530467",Residential,31/12/2025,NIL,
Name Change,791485,485A Fernvale Drive,"485A Fernvale Drive, Singapore 791485",Residential,31/12/2025,NIL,
Name Change,699911,Copen Grand,"55 Tengah Garden Walk Copen Grand, Singapore 699911",Non-Residential,31/12/2025,COPEN GRAND (U/C),
Name Change,761527,527A Yishun Street 53,"527A Yishun Street 53, Singapore 761527",Residential,31/12/2025,NIL,
Name Change,698928,Home Team Academy (blk 1),"501 Old Choa Chu Kang Road Home Team Academy (blk 1), Singapore 698928",Non-Residential,31/12/2025,HOME TEAM ACADEMY (BLK 10),
Name Change,692100,100B Plantation Close,"100B Plantation Close, Singapore 692100",Residential,31/12/2025,NIL,
Name Change,808840,22 Jalan Lakum,"22 Jalan Lakum, Singapore 808840",Residential,31/12/2025,NIL,
Name Change,762529,529B Yishun Street 53,"529B Yishun Street 53, Singapore 762529",Residential,31/12/2025,NIL,
Name Change,601418,Teban Breeze,"418A Teban Gardens Road Teban Breeze, Singapore 601418",Non-Residential,31/12/2025,NIL,
Name Change,719911,3 Lim Chu Kang Lane 9,"3 Lim Chu Kang Lane 9, Singapore 719911",Residential,31/12/2025,NIL,
Name Change,698910,Choa Chu Kang Cemetery Office,"940 Old Choa Chu Kang Road Choa Chu Kang Cemetery Office, Singapore 698910",Non-Residential,31/12/2025,NIL,
Name Change,650474,474 Bukit Batok West Avenue 5,"474 Bukit Batok West Avenue 5, Singapore 650474",Residential,31/12/2025,NIL,
Name Change,259603,Singapore Botanic Gardens (centre for Ethnobotany),"1G Cluny Road Singapore Botanic Gardens (centre for Ethnobotany), Singapore 259603",Non-Residential,31/12/2025,NIL,
Name Change,59567,1 Magazine Road,"1 Magazine Road, Singapore 59567",Residential,31/12/2025,NIL,
Name Change,211019,Farrer Park Arena,"19A Farrer Park Road Farrer Park Arena, Singapore 211019",Non-Residential,31/12/2025,NIL,
Name Change,359591,15B Lynwood Grove,"15B Lynwood Grove, Singapore 359591",Residential,31/12/2025,NIL,
Name Change,479312,Eunos Community Club (temp Office),"70A Bedok Reservoir Road Eunos Community Club (temp Office), Singapore 479312",Non-Residential,31/12/2025,TEMPORARY SITE OFFICE,
Name Change,530413,413 Hougang Avenue 10,"413 Hougang Avenue 10, Singapore 530413",Residential,31/12/2025,HARMONY VIEW,
Name Change,397693,Leisure Park Kallang,"5 Stadium Walk Leisure Park Kallang, Singapore 397693",Non-Residential,31/12/2025,FILMGARDE AT LEISURE PARK KALLANG,
Name Change,650476,476 Bukit Batok West Avenue 5,"476 Bukit Batok West Avenue 5, Singapore 650476",Residential,31/12/2025,NIL,
Name Change,641406,406A Jurong West Street 42,"406A Jurong West Street 42, Singapore 641406",Residential,31/12/2025,NIL,
Name Change,561809,809A Ang Mo Kio Street 82,"809A Ang Mo Kio Street 82, Singapore 561809",Residential,31/12/2025,NIL,
Name Change,609789,Jurong Polyclinic and Econ Care Residence (jurong East),"200 Jurong East Avenue 1 Jurong Polyclinic and Econ Care Residence (jurong East), Singapore 609789",Non-Residential,31/12/2025,NIL,
Name Change,178881,11 Canning Walk,"11 Canning Walk, Singapore 178881",Residential,31/12/2025,HOTEL FORT CANNING,
Name Change,560808,808 Ang Mo Kio Street 82,"808 Ang Mo Kio Street 82, Singapore 560808",Residential,31/12/2025,NIL,
Name Change,769060,Teong Siew Kuan Temple,"362 Yishun Avenue 3 Teong Siew Kuan Temple, Singapore 769060",Non-Residential,31/12/2025,DONG SHAN TEMPLE,
Name Change,602417,Teban Breeze,"417B Teban Gardens Road Teban Breeze, Singapore 602417",Non-Residential,31/12/2025,NIL,
Name Change,552128,128B Serangoon North Avenue 1,"128B Serangoon North Avenue 1, Singapore 552128",Residential,31/12/2025,NIL,
Name Change,298824,60 Kheam Hock Road,"60 Kheam Hock Road, Singapore 298824",Residential,31/12/2025,NIL,
Name Change,563809,809C Ang Mo Kio Street 82,"809C Ang Mo Kio Street 82, Singapore 563809",Residential,31/12/2025,NIL,
Name Change,793485,485C Fernvale Drive,"485C Fernvale Drive, Singapore 793485",Residential,31/12/2025,NIL,
Name Change,138530,NUS College,"22 College Avenue West NUS College, Singapore 138530",Non-Residential,31/12/2025,YALE-NUS COLLEGE CAMPUS,
Name Change,349482,25 Genting Road,"25 Genting Road, Singapore 349482",Residential,31/12/2025,UNION ENERGY GROUP BUILDING,
Name Change,699891,Copen Grand,"61 Tengah Garden Walk Copen Grand, Singapore 699891",Non-Residential,31/12/2025,COPEN GRAND (U/C),
Name Change,219569,3 Northumberland Road,"3 Northumberland Road, Singapore 219569",Residential,31/12/2025,PICCADILLY GRAND (U/C),
Name Change,138529,NUS College,"20 College Avenue West NUS College, Singapore 138529",Non-Residential,31/12/2025,YALE-NUS COLLEGE CAMPUS,
Name Change,790483,483 Fernvale Drive,"483 Fernvale Drive, Singapore 790483",Residential,31/12/2025,NIL,
Name Change,793419,419C Fernvale Link,"419C Fernvale Link, Singapore 793419",Residential,31/12/2025,NIL,
Name Change,760529,529 Yishun Street 53,"529 Yishun Street 53, Singapore 760529",Residential,31/12/2025,NIL,
Name Change,609933,Consulate of the Republic of Estonia,"1A International Business Park Consulate of the Republic of Estonia, Singapore 609933",Non-Residential,31/12/2025,NIL,
Name Change,460047,47 Bedok South Avenue 3,"47 Bedok South Avenue 3, Singapore 460047",Residential,31/12/2025,NIL,
Name Change,508898,Selarang Fire Training Ground,"2001A Upper Changi Road North Selarang Fire Training Ground, Singapore 508898",Non-Residential,31/12/2025,NIL,
Name Change,769302,41 Yishun Close,"41 Yishun Close, Singapore 769302",Residential,31/12/2025,NORTH GAIA (U/C),
Name Change,140204,204 Queen's Crescent,"204 Queen's Crescent, Singapore 140204",Residential,31/12/2025,NIL,
Name Change,412117,117B Jalan Kembangan,"117B Jalan Kembangan, Singapore 412117",Residential,31/12/2025,NIL,
Name Change,761524,524A Yishun Street 53,"524A Yishun Street 53, Singapore 761524",Residential,31/12/2025,NIL,
Name Change,99891,Sofitel Hotel Sentosa Singapore,"2 Bukit Manis Road Sofitel Hotel Sentosa Singapore, Singapore 99891",Non-Residential,31/12/2025,SOFITEL SINGAPORE SENTOSA RESORT & SPA,
Name Change,643402,402C Jurong West Street 42,"402C Jurong West Street 42, Singapore 643402",Residential,31/12/2025,NIL,
Name Change,652474,474B Bukit Batok West Avenue 5,"474B Bukit Batok West Avenue 5, Singapore 652474",Residential,31/12/2025,NIL,
Name Change,652459,459B Bukit Batok West Avenue 8,"459B Bukit Batok West Avenue 8, Singapore 652459",Residential,31/12/2025,NIL,
Name Change,529449,83 Tampines Street 62,"83 Tampines Street 62, Singapore 529449",Residential,31/12/2025,TENET (U/C),
Name Change,529702,77 Tampines Street 62,"77 Tampines Street 62, Singapore 529702",Residential,31/12/2025,TENET (U/C),
Name Change,792484,484B Fernvale Drive,"484B Fernvale Drive, Singapore 792484",Residential,31/12/2025,NIL,
Name Change,259367,26 Evans Road,"26 Evans Road, Singapore 259367",Residential,31/12/2025,YO:HA @ EVANS,
Name Change,270051,51 Ghim Moh Link,"51 Ghim Moh Link, Singapore 270051",Residential,31/12/2025,NIL,
Name Change,138634,2 Fusionopolis Way,"2 Fusionopolis Way, Singapore 138634",Residential,31/12/2025,INNOVIS,
Name Change,140203,203 Queen's Crescent,"203 Queen's Crescent, Singapore 140203",Residential,31/12/2025,NIL,
Name Change,270055,55 Ghim Moh Link,"55 Ghim Moh Link, Singapore 270055",Residential,31/12/2025,NIL,
Name Change,460045,45 Bedok South Avenue 3,"45 Bedok South Avenue 3, Singapore 460045",Residential,31/12/2025,NIL,
Name Change,765524,524E Yishun Street 53,"524E Yishun Street 53, Singapore 765524",Residential,31/12/2025,NIL,
Name Change,790419,419 Fernvale Link,"419 Fernvale Link, Singapore 790419",Residential,31/12/2025,NIL,
Name Change,530463,463 Hougang Avenue 10,"463 Hougang Avenue 10, Singapore 530463",Residential,31/12/2025,NIL,
Name Change,339780,Aumovio Building,"80 Boon Keng Road Aumovio Building, Singapore 339780",Non-Residential,31/12/2025,CONTINENTAL BUILDING,
Name Change,769300,37 Yishun Close,"37 Yishun Close, Singapore 769300",Residential,31/12/2025,NORTH GAIA (U/C),
Name Change,819458,Changi Nexus One,"75 Airport Cargo Road Changi Nexus One, Singapore 819458",Non-Residential,31/12/2025,DHL EXPRESS SOUTH EAST ASIA HUB,
Name Change,89154,A Hotel Chinatown,"50 Keong Saik Road A Hotel Chinatown, Singapore 89154",Non-Residential,31/12/2025,HOTEL 1929,
Name Change,529699,71 Tampines Street 62,"71 Tampines Street 62, Singapore 529699",Residential,31/12/2025,TENET (U/C),
Name Change,319390,299 Lorong 6 Toa Payoh,"299 Lorong 6 Toa Payoh, Singapore 319390",Residential,31/12/2025,TOA PAYOH SPORTS HALL,
Name Change,569253,6 Ang Mo Kio Street 44,"6 Ang Mo Kio Street 44, Singapore 569253",Residential,31/12/2025,PATHLIGHT SCHOOL 2,
Name Change,682824,824B Keat Hong Link,"824B Keat Hong Link, Singapore 682824",Residential,31/12/2025,NIL,
Name Change,764524,524D Yishun Street 53,"524D Yishun Street 53, Singapore 764524",Residential,31/12/2025,NIL,
Name Change,601417,Teban Breeze,"417A Teban Gardens Road Teban Breeze, Singapore 601417",Non-Residential,31/12/2025,NIL,
Name Change,238902,35 Orchard Road,"35 Orchard Road, Singapore 238902",Residential,31/12/2025,ISTANA HERITAGE GALLERY,
Name Change,469645,5 Bedok North Street 2,"5 Bedok North Street 2, Singapore 469645",Residential,31/12/2025,BEDOK SPORTS CENTRE,
Name Change,89316,Sky Tower,"15 Hoe Chiang Road Sky Tower, Singapore 89316",Non-Residential,31/12/2025,SKY TOWER / SKY PLAZA,
Name Change,699892,Copen Grand,"63 Tengah Garden Walk Copen Grand, Singapore 699892",Non-Residential,31/12/2025,COPEN GRAND (U/C),
Name Change,409075,Kampong Kembangan Community Club (temp Office),"10 Jalan Ubi Kampong Kembangan Community Club (temp Office), Singapore 409075",Non-Residential,31/12/2025,KAMPONG UBI COMMUNITY CENTRE,
Name Change,641404,404A Jurong West Street 42,"404A Jurong West Street 42, Singapore 641404",Residential,31/12/2025,NIL,
Name Change,760526,526 Yishun Street 53,"526 Yishun Street 53, Singapore 760526",Residential,31/12/2025,NIL,
Name Change,690102,102 Plantation Close,"102 Plantation Close, Singapore 690102",Residential,31/12/2025,NIL,
Name Change,556129,Braddell Heights Community Club,"50 Serangoon Avenue 2 Braddell Heights Community Club, Singapore 556129",Non-Residential,31/12/2025,BRADDELL HEIGHTS COMMUNITY CLUB (PENDING U/C),
Name Change,529700,73 Tampines Street 62,"73 Tampines Street 62, Singapore 529700",Residential,31/12/2025,TENET (U/C),
Name Change,794419,419D Fernvale L,"419D Fernvale L, Singapore 794419",Residential,31/12/2025,NIL,
Name Change,138609,NUS College,"10 College Avenue West NUS College, Singapore 138609",Non-Residential,31/12/2025,YALE-NUS COLLEGE CAMPUS,
Name Change,270054,54 Ghim Moh Link,"54 Ghim Moh Link, Singapore 270054",Residential,31/12/2025,NIL,
Name Change,561808,808A Ang Mo Kio Street 82,"808A Ang Mo Kio Street 82, Singapore 561808",Residential,31/12/2025,NIL,
Name Change,769303,43 Yishun Close,"43 Yishun Close, Singapore 769303",Residential,31/12/2025,NORTH GAIA (U/C),
Name Change,761519,519A Miltonia Close,"519A Miltonia Close, Singapore 761519",Residential,31/12/2025,NIL,
Name Change,763524,524C Yishun Street 53,"524C Yishun Street 53, Singapore 763524",Residential,31/12/2025,NIL,
Name Change,691100,100A Plantation Close,"100A Plantation Close, Singapore 691100",Residential,31/12/2025,NIL,
Name Change,640994,994 Jurong West Street 93,"994 Jurong West Street 93, Singapore 640994",Residential,31/12/2025,NIL,
Name Change,530465,465 Upper Serangoon Road,"465 Upper Serangoon Road, Singapore 530465",Residential,31/12/2025,NIL,
Name Change,668382,79 Phoenix Avenue,"79 Phoenix Avenue, Singapore 668382",Residential,31/12/2025,PHOENIX RESIDENCES (U/C),
Name Change,763516,516C Miltonia Close,"516C Miltonia Close, Singapore 763516",Residential,31/12/2025,NIL,
Name Change,59827,28 Carpenter Street,"28 Carpenter Street, Singapore 59827",Residential,31/12/2025,TRAVEL CURATORS HQ,
Name Change,359342,St Andrew's School (secondary),"15 Francis Thomas Drive St Andrew's School (secondary), Singapore 359342",Non-Residential,31/12/2025,SAINT ANDREW'S SECONDARY SCHOOL,
Name Change,259598,National Biodiversity Centre,"1B Cluny Road National Biodiversity Centre, Singapore 259598",Non-Residential,31/12/2025,NIL,
Name Change,218842,2 Owen Road,"2 Owen Road, Singapore 218842",Residential,31/12/2025,NIL,
Name Change,237995,11 Unity Street,"11 Unity Street, Singapore 237995",Residential,31/12/2025,CAMBRIDGE CDC @ TANGLIN PTE. LTD.,
Name Change,680822,822 Keat Hong Link,"822 Keat Hong Link, Singapore 680822",Residential,31/12/2025,NIL,
Name Change,390087,Mountbatten Community Club,"87 Jalan Satu Mountbatten Community Club, Singapore 390087",Non-Residential,31/12/2025,MOUNTBATTEN COMMUNITY CLUB (U/C),
Name Change,118479,Energy Market Authority (ema),"1 Pasir Panjang Road Energy Market Authority (ema), Singapore 118479",Non-Residential,31/12/2025,LABRADOR TOWER,
Name Change,534233,Grc Centre,"12 Tai Seng Link Grc Centre, Singapore 534233",Non-Residential,31/12/2025,NIL,
Name Change,530411,411 Hougang Avenue 10,"411 Hougang Avenue 10, Singapore 530411",Residential,31/12/2025,NIL,
Name Change,132065,65B Commonwealth Avenue West,"65B Commonwealth Avenue West, Singapore 132065",Residential,31/12/2025,NIL,
Name Change,575628,8 Sin Ming Road,"8 Sin Ming Road, Singapore 575628",Residential,31/12/2025,NIL,
Name Change,650459,459 Bukit Batok West Avenue 8,"459 Bukit Batok West Avenue 8, Singapore 650459",Residential,31/12/2025,NIL,
Name Change,210016,Farrer Park Fields,"16 Farrer Park Road Farrer Park Fields, Singapore 210016",Non-Residential,31/12/2025,NIL,
Name Change,359337,St Andrew's School (junior),"2 Francis Thomas Drive St Andrew's School (junior), Singapore 359337",Non-Residential,31/12/2025,SAINT ANDREW'S JUNIOR SCHOOL,
Name Change,463046,46C Bedok South Avenue 3,"46C Bedok South Avenue 3, Singapore 463046",Residential,31/12/2025,NIL,
Name Change,460048,48 Bedok South Avenue 3,"48 Bedok South Avenue 3, Singapore 460048",Residential,31/12/2025,NIL,
Name Change,141203,203A Queen's Crescent,"203A Queen's Crescent, Singapore 141203",Residential,31/12/2025,NIL,
Name Change,769341,25 Yishun Close,"25 Yishun Close, Singapore 769341",Residential,31/12/2025,NORTH GAIA (U/C),
Name Change,699913,Copen Grand,"59 Tengah Garden Walk Copen Grand, Singapore 699913",Non-Residential,31/12/2025,COPEN GRAND (U/C),
Name Change,486854,Singapore Airlines Office,"722 Upper Changi Road East Singapore Airlines Office, Singapore 486854",Non-Residential,31/12/2025,TECHSQ,
Name Change,642406,406B Jurong West Street 42,"406B Jurong West Street 42, Singapore 642406",Residential,31/12/2025,NIL,
Name Change,530461,461 Hougang Avenue 10,"461 Hougang Avenue 10, Singapore 530461",Residential,31/12/2025,NIL,
Name Change,48422,20 Cross Street,"20 Cross Street, Singapore 48422",Residential,31/12/2025,CROSS STREET EXCHANGE,
Name Change,469627,Kaki Bukit Community Centre,"670 Bedok North Street 3 Kaki Bukit Community Centre, Singapore 469627",Non-Residential,31/12/2025,KAKI BUKIT COMMUNITY CENTRE (U/C),
Name Change,59570,3 Magazine Road,"3 Magazine Road, Singapore 59570",Residential,31/12/2025,UNION SQUARE,
Name Change,560435,Cheng San Community Club (temp Office),"435 Ang Mo Kio Avenue 10 Cheng San Community Club (temp Office), Singapore 560435",Non-Residential,31/12/2025,CHONG BOON RISE,
Name Change,249076,278 Jervois Road,"278 Jervois Road, Singapore 249076",Residential,31/12/2025,NIL,
Name Change,760516,516 Miltonia Close,"516 Miltonia Close, Singapore 760516",Residential,31/12/2025,NIL,
Name Change,449524,37 Marine Parade,"37 Marine Parade, Singapore 449524",Residential,31/12/2025,NIL,
Name Change,271051,51A Ghim Moh Close,"51A Ghim Moh Close, Singapore 271051",Residential,31/12/2025,NIL,
Name Change,530466,466 Hougang Avenue 8,"466 Hougang Avenue 8, Singapore 530466",Residential,31/12/2025,NIL,
Name Change,398993,Gostay Hotel,"12 Lorong 12 Geylang Gostay Hotel, Singapore 398993",Non-Residential,31/12/2025,NIL,
Name Change,531465,465A Upper Serangoon Road,"465A Upper Serangoon Road, Singapore 531465",Residential,31/12/2025,MULTI STOREY CAR PARK,
Name Change,600294,294 Jurong East Street 24,"294 Jurong East Street 24, Singapore 600294",Residential,31/12/2025,NIL,
Name Change,699894,Copen Grand,"67 Tengah Garden Walk Copen Grand, Singapore 699894",Non-Residential,31/12/2025,COPEN GRAND (U/C),
Name Change,600292,292 Jurong East Street 24,"292 Jurong East Street 24, Singapore 600292",Residential,31/12/2025,NIL,
Name Change,212016,Farrer Park Fields,"16B Farrer Park Road Farrer Park Fields, Singapore 212016",Non-Residential,31/12/2025,NIL,
Name Change,138669,Bioprocessing Technology Institute,"31 Biopolis Way Bioprocessing Technology Institute, Singapore 138669",Non-Residential,31/12/2025,INSTITUTE OF BIOENGINEERING AND NANOTECHNOLOGY,
Name Change,768729,Vico Innovation Centre,"55A Yishun Industrial Park a Vico Innovation Centre, Singapore 768729",Non-Residential,31/12/2025,NK CERAMIC BUILDING,
Name Change,273058,Ulu Pandan Banks,"58C Ghim Moh Link Ulu Pandan Banks, Singapore 273058",Non-Residential,31/12/2025,NIL,
Name Change,138611,NUS College,"14 College Avenue West NUS College, Singapore 138611",Non-Residential,31/12/2025,YALE-NUS COLLEGE CAMPUS,
Name Change,691326,Parc Meadow @ Tengah,"326A Tengah Park Avenue Parc Meadow @ Tengah, Singapore 691326",Non-Residential,31/12/2025,PARK MEADOW @ TENGAH,
Name Change,694328,Parc Meadow @ Tengah,"328D Tengah Park Avenue Parc Meadow @ Tengah, Singapore 694328",Non-Residential,31/12/2025,PARK MEADOW @ TENGAH,
Name Change,598543,Jurong Park,"25 Jalan Kakatua Jurong Park, Singapore 598543",Non-Residential,31/12/2025,INNATE MONTESSORI PTE. LTD.,
Name Change,529448,81 Tampines Street 62,"81 Tampines Street 62, Singapore 529448",Residential,31/12/2025,TENET (U/C),
Name Change,792419,419B Fernvale L,"419B Fernvale L, Singapore 792419",Residential,31/12/2025,NIL,
Name Change,642404,404B Jurong West Street 42,"404B Jurong West Street 42, Singapore 642404",Residential,31/12/2025,NIL,
Name Change,319642,Nkf Dialysis Centre,"200 Lorong 2 Toa Payoh Nkf Dialysis Centre, Singapore 319642",Non-Residential,31/12/2025,TOA PAYOH WEST COMMUNITY CLUB,
Name Change,619939,Huber's Factory,"16 Chin Bee Avenue Huber's Factory, Singapore 619939",Non-Residential,31/12/2025,GHL BUILDING,
Name Change,358659,15 Lynwood Grove,"15 Lynwood Grove, Singapore 358659",Residential,31/12/2025,NIL,
Name Change,212018,Farrer Park Fields,"18B Farrer Park Road Farrer Park Fields, Singapore 212018",Non-Residential,31/12/2025,NIL,
Name Change,699910,Copen Grand,"53 Tengah Garden Walk Copen Grand, Singapore 699910",Non-Residential,31/12/2025,COPEN GRAND (U/C),
Name Change,188066,Central Arts Library,"98 Victoria Street Central Arts Library, Singapore 188066",Non-Residential,31/12/2025,INFORMATICS ACADEMY,
Name Change,681824,824A Keat Hong Link,"824A Keat Hong Link, Singapore 681824",Residential,31/12/2025,NIL,
Name Change,828656,Punggol Sports Centre,"11 Sentul Crescent Punggol Sports Centre, Singapore 828656",Non-Residential,31/12/2025,PUNGGOL REGIONAL SPORTS CENTRE,
Name Change,259601,Singapore Botanic Gardens (centre of Urban Greenery and Ecology),"1E Cluny Road Singapore Botanic Gardens (centre of Urban Greenery and Ecology), Singapore 259601",Non-Residential,31/12/2025,SINGAPORE ENVIRONMENT COUNCIL,
Name Change,762524,524B Yishun Street 53,"524B Yishun Street 53, Singapore 762524",Residential,31/12/2025,NIL,
Name Change,274057,Ulu Pandan Banks,"57D Ghim Moh Link Ulu Pandan Banks, Singapore 274057",Non-Residential,31/12/2025,NIL,
Name Change,360213,Nkf Dialysis Centre,"213 Bidadari Park Drive Nkf Dialysis Centre, Singapore 360213",Non-Residential,31/12/2025,WOODLEIGH HILLSIDE,
Name Change,59829,26 Havelock Road,"26 Havelock Road, Singapore 59829",Residential,31/12/2025,UNION SQUARE,
Name Change,600418,Teban Breeze,"418 Teban Gardens Road Teban Breeze, Singapore 600418",Non-Residential,31/12/2025,NIL,
Name Change,99958,39 Artillery Avenue,"39 Artillery Avenue, Singapore 99958",Residential,31/12/2025,SENTOSA DEVELOPMENT CORPORATION,
Name Change,693330,Parc Meadow @ Tengah,"330C Tengah Park Avenue Parc Meadow @ Tengah, Singapore 693330",Non-Residential,31/12/2025,PARK MEADOW @ TENGAH,
Name Change,690101,101 Plantation Close,"101 Plantation Close, Singapore 690101",Residential,31/12/2025,NIL,
Name Change,762522,522B Yishun Street 53,"522B Yishun Street 53, Singapore 762522",Residential,31/12/2025,NIL,
Name Change,642402,402B Jurong West Street 42,"402B Jurong West Street 42, Singapore 642402",Residential,31/12/2025,NIL,
Name Change,693328,Parc Meadow @ Tengah,"328C Tengah Park Avenue Parc Meadow @ Tengah, Singapore 693328",Non-Residential,31/12/2025,PARK MEADOW @ TENGAH,
Name Change,681628,628A Yew Tee Close,"628A Yew Tee Close, Singapore 681628",Residential,31/12/2025,NIL,
Name Change,530409,409 Hougang Avenue 10,"409 Hougang Avenue 10, Singapore 530409",Residential,31/12/2025,NIL,
Name Change,117758,24 Yew Siang Road,"24 Yew Siang Road, Singapore 117758",Residential,31/12/2025,BREAKTHROUGH MISSIONS,
Name Change,271052,52A Ghim Moh Close,"52A Ghim Moh Close, Singapore 271052",Residential,31/12/2025,NIL,
Name Change,320126,126 Jalan Rajah,"126 Jalan Rajah, Singapore 320126",Residential,31/12/2025,NIL,
Name Change,690119,Tengah Community Centre,"119 Plantation Crescent Tengah Community Centre, Singapore 690119",Non-Residential,31/12/2025,PLANTATION GROVE,
Name Change,799442,219 Jalan Kayu,"219 Jalan Kayu, Singapore 799442",Residential,31/12/2025,NIL,
Name Change,692101,101B Plantation Close,"101B Plantation Close, Singapore 692101",Residential,31/12/2025,NIL,
Name Change,790484,484 Fernvale Drive,"484 Fernvale Drive, Singapore 790484",Residential,31/12/2025,NIL,
Name Change,760519,519 Miltonia Close,"519 Miltonia Close, Singapore 760519",Residential,31/12/2025,NIL,
Name Change,48421,22 Cross Street,"22 Cross Street, Singapore 48421",Residential,31/12/2025,CROSS STREET EXCHANGE,
Name Change,788891,9 Lentor Central,"9 Lentor Central, Singapore 788891",Residential,31/12/2025,LENTOR MODERN (U/C),
Name Change,267216,Shamrock Park,"69 Namly Place Shamrock Park, Singapore 267216",Non-Residential,31/12/2025,NIL,
Name Change,561806,806A Ang Mo Kio Street 82,"806A Ang Mo Kio Street 82, Singapore 561806",Residential,31/12/2025,NIL,
Name Change,408649,Comfortdelgro Automotive Centre,"320 Ubi Road 3 Comfortdelgro Automotive Centre, Singapore 408649",Non-Residential,31/12/2025,NIL,
Name Change,259602,Singapore Botanic Gardens (centre for Education and Outreach),"1F Cluny Road Singapore Botanic Gardens (centre for Education and Outreach), Singapore 259602",Non-Residential,31/12/2025,NIL,
Name Change,602418,Teban Breeze,"418B Teban Gardens Road Teban Breeze, Singapore 602418",Non-Residential,31/12/2025,NIL,
Name Change,788889,5 Lentor Central,"5 Lentor Central, Singapore 788889",Residential,31/12/2025,LENTOR MODERN (U/C),
Name Change,463047,47C Bedok South Avenue 3,"47C Bedok South Avenue 3, Singapore 463047",Residential,31/12/2025,NIL,
Name Change,272057,Ulu Pandan Banks,"57B Ghim Moh Link Ulu Pandan Banks, Singapore 272057",Non-Residential,31/12/2025,NIL,
Name Change,609921,Creative O Preschoolers' Bay,"31 International Business Park Creative O Preschoolers' Bay, Singapore 609921",Non-Residential,31/12/2025,NIL,
Name Change,270050,50 Ghim Moh Close,"50 Ghim Moh Close, Singapore 270050",Residential,31/12/2025,NIL,
Name Change,560809,809 Ang Mo Kio Street 82,"809 Ang Mo Kio Street 82, Singapore 560809",Residential,31/12/2025,NIL,
Name Change,530403,403 Hougang Avenue 10,"403 Hougang Avenue 10, Singapore 530403",Residential,31/12/2025,HARMONY VIEW,
Name Change,397639,Kallang Football Hub,"31 Stadium Crescent Kallang Football Hub, Singapore 397639",Non-Residential,31/12/2025,SINGAPORE CRICKET ASSOCIATION,
Name Change,692328,Parc Meadow @ Tengah,"328B Tengah Park Avenue Parc Meadow @ Tengah, Singapore 692328",Non-Residential,31/12/2025,PARK MEADOW @ TENGAH,
Name Change,569250,Pathlight School (ang Mo Kio Campus 2),"2 Ang Mo Kio Street 44 Pathlight School (ang Mo Kio Campus 2), Singapore 569250",Non-Residential,31/12/2025,PATHLIGHT SCHOOL 3,
Name Change,529450,85 Tampines Street 62,"85 Tampines Street 62, Singapore 529450",Residential,31/12/2025,TENET (U/C),
Name Change,270053,53 Ghim Moh Link,"53 Ghim Moh Link, Singapore 270053",Residential,31/12/2025,NIL,
Name Change,699895,Copen Grand,"69 Tengah Garden Walk Copen Grand, Singapore 699895",Non-Residential,31/12/2025,COPEN GRAND (U/C),
Name Change,738099,1 Woodlands Square,"1 Woodlands Square, Singapore 738099",Residential,31/12/2025,CATHAY CINEPLEX CAUSEWAY POINT,
Name Change,760844,844 Yishun Street 81,"844 Yishun Street 81, Singapore 760844",Residential,31/12/2025,KAHTIB CENTRAL,
Name Change,760515,515 Miltonia Close,"515 Miltonia Close, Singapore 760515",Residential,31/12/2025,NIL,
Name Change,732591,591B Woodlands Drive 17,"591B Woodlands Drive 17, Singapore 732591",Residential,31/12/2025,NIL,
Name Change,690331,Parc Meadow @ Tengah,"331 Tengah Park Avenue Parc Meadow @ Tengah, Singapore 690331",Non-Residential,31/12/2025,PARK MEADOW @ TENGAH,
Name Change,461047,47A Bedok South Avenue 3,"47A Bedok South Avenue 3, Singapore 461047",Residential,31/12/2025,NIL,
Name Change,462048,48B Bedok South Avenue 3,"48B Bedok South Avenue 3, Singapore 462048",Residential,31/12/2025,NIL,
Name Change,213019,Farrer Park Arena,"19C Farrer Park Road Farrer Park Arena, Singapore 213019",Non-Residential,31/12/2025,NIL,
Name Change,651474,474A Bukit Batok West Avenue 5,"474A Bukit Batok West Avenue 5, Singapore 651474",Residential,31/12/2025,NIL,
Name Change,131065,65A Commonwealth Avenue West,"65A Commonwealth Avenue West, Singapore 131065",Residential,31/12/2025,NIL,
Name Change,650475,475 Bukit Batok West Avenue 5,"475 Bukit Batok West Avenue 5, Singapore 650475",Residential,31/12/2025,NIL,
Name Change,529703,79 Tampines Street 62,"79 Tampines Street 62, Singapore 529703",Residential,31/12/2025,TENET (U/C),
Name Change,207398,Macpherson Hotel,"41 Upper Weld Road Macpherson Hotel, Singapore 207398",Non-Residential,31/12/2025,NIL,
Name Change,486119,7 Changi South Lane,"7 Changi South Lane, Singapore 486119",Residential,31/12/2025,KIAN ANN BUILDING,
Name Change,271057,Ulu Pandan Banks,"57A Ghim Moh Link Ulu Pandan Banks, Singapore 271057",Non-Residential,31/12/2025,NIL,
Name Change,760524,524 Yishun Street 53,"524 Yishun Street 53, Singapore 760524",Residential,31/12/2025,NIL,
Name Change,210019,Farrer Park Arena,"19 Farrer Park Road Farrer Park Arena, Singapore 210019",Non-Residential,31/12/2025,NIL,
Name Change,138632,1 Fusionopolis Way,"1 Fusionopolis Way, Singapore 138632",Residential,31/12/2025,"AGENCY FOR SCIENCE, TECHNOLOGY AND RESEARCH (A*STAR)",
Name Change,788887,1 Lentor Central,"1 Lentor Central, Singapore 788887",Residential,31/12/2025,LENTOR MODERN (U/C),
Name Change,416214,Lock+store Kaki Bukit,"36 Kaki Bukit Place Lock+store Kaki Bukit, Singapore 416214",Non-Residential,31/12/2025,RAVAGO ASIA BUILDING,
Name Change,769059,Teong Siew Kuan Temple,"360 Yishun Avenue 3 Teong Siew Kuan Temple, Singapore 769059",Non-Residential,31/12/2025,DONG SHAN TEMPLE,
Name Change,596569,Bukit Timah Community Club,"20 Toh Yi Drive Bukit Timah Community Club, Singapore 596569",Non-Residential,31/12/2025,BUKIT TIMAH COMMUNITY CLUB (PENDING U/C),
Name Change,650458,458 Bukit Batok West Avenue 8,"458 Bukit Batok West Avenue 8, Singapore 650458",Residential,31/12/2025,NIL,
Name Change,388465,Jun Yuan Building,"50 Lorong 21 Geylang Jun Yuan Building, Singapore 388465",Non-Residential,31/12/2025,LE DAO BUILDING,
Name Change,791419,419A Fernvale Link,"419A Fernvale Link, Singapore 791419",Residential,31/12/2025,NIL,
Name Change,769299,35 Yishun Close,"35 Yishun Close, Singapore 769299",Residential,31/12/2025,NORTH GAIA (U/C),
Name Change,228170,105 Sophia Road,"105 Sophia Road, Singapore 228170",Residential,31/12/2025,SOPHIA REGENCY (U/C),
Name Change,641993,993A Jurong West Street 93,"993A Jurong West Street 93, Singapore 641993",Residential,31/12/2025,NIL,
Name Change,731194,Marsiling Ridge,"194A Woodlands Centre Road Marsiling Ridge, Singapore 731194",Non-Residential,31/12/2025,NIL,
Name Change,271058,Ulu Pandan Banks,"58A Ghim Moh Link Ulu Pandan Banks, Singapore 271058",Non-Residential,31/12/2025,NIL,
Name Change,462046,46B Bedok South Avenue 3,"46B Bedok South Avenue 3, Singapore 462046",Residential,31/12/2025,NIL,
Name Change,411117,117A Jalan Kembangan,"117A Jalan Kembangan, Singapore 411117",Residential,31/12/2025,NIL,
Name Change,212019,Farrer Park Arena,"19B Farrer Park Road Farrer Park Arena, Singapore 212019",Non-Residential,31/12/2025,NIL,
Name Change,828608,Digipen Institute Technology of Singapore,"1 Punggol Coast Road Digipen Institute Technology of Singapore, Singapore 828608",Non-Residential,31/12/2025,NIL,
Name Change,690100,100 Plantation Close,"100 Plantation Close, Singapore 690100",Residential,31/12/2025,NIL,
Name Change,699912,Copen Grand,"57 Tengah Garden Walk Copen Grand, Singapore 699912",Non-Residential,31/12/2025,COPEN GRAND (U/C),
Name Change,530401,401 Hougang Avenue 10,"401 Hougang Avenue 10, Singapore 530401",Residential,31/12/2025,HARMONY VIEW,
Name Change,131064,64A Commonwealth Avenue West,"64A Commonwealth Avenue West, Singapore 131064",Residential,31/12/2025,NIL,
Name Change,270058,Ulu Pandan Banks,"58 Ghim Moh Link Ulu Pandan Banks, Singapore 270058",Non-Residential,31/12/2025,NIL,
Name Change,651457,457A Bukit Batok West Avenue 8,"457A Bukit Batok West Avenue 8, Singapore 651457",Residential,31/12/2025,NIL,
Name Change,397630,Sport Singapore (sportsg),"3 Stadium Drive Sport Singapore (sportsg), Singapore 397630",Non-Residential,31/12/2025,SINGAPORE SPORTS HUB,
Name Change,650457,457 Bukit Batok West Avenue 8,"457 Bukit Batok West Avenue 8, Singapore 650457",Residential,31/12/2025,NIL,
Name Change,769301,39 Yishun Close,"39 Yishun Close, Singapore 769301",Residential,31/12/2025,NORTH GAIA (U/C),
Name Change,399738,223 Guillemard Road,"223 Guillemard Road, Singapore 399738",Residential,31/12/2025,NIL,
Name Change,619677,Greenphyto Innovation Centre,"13 Tukang Innovation Drive Greenphyto Innovation Centre, Singapore 619677",Non-Residential,31/12/2025,NIL,
Name Change,691330,Parc Meadow @ Tengah,"330A Tengah Park Avenue Parc Meadow @ Tengah, Singapore 691330",Non-Residential,31/12/2025,PARK MEADOW @ TENGAH,
Name Change,462047,47B Bedok South Avenue 3,"47B Bedok South Avenue 3, Singapore 462047",Residential,31/12/2025,NIL,
Name Change,207218,2 Crawford Street,"2 Crawford Street, Singapore 207218",Residential,31/12/2025,ICA SERVICES CENTRE,
Name Change,788890,7 Lentor Central,"7 Lentor Central, Singapore 788890",Residential,31/12/2025,LENTOR MODERN (U/C),
Name Change,769343,29 Yishun Close,"29 Yishun Close, Singapore 769343",Residential,31/12/2025,NORTH GAIA (U/C),
Name Change,161097,97A Havelock Road,"97A Havelock Road, Singapore 161097",Residential,31/12/2025,NIL,
Name Change,211016,Farrer Park Fields,"16A Farrer Park Road Farrer Park Fields, Singapore 211016",Non-Residential,31/12/2025,NIL,
Name Change,762517,517B Miltonia Close,"517B Miltonia Close, Singapore 762517",Residential,31/12/2025,NIL,
Name Change,769294,45 Yishun Close,"45 Yishun Close, Singapore 769294",Residential,31/12/2025,NORTH GAIA (U/C),
Name Change,680823,823 Keat Hong Link,"823 Keat Hong Link, Singapore 680823",Residential,31/12/2025,NIL,
Name Change,690327,Parc Meadow @ Tengah,"327 Tengah Park Avenue Parc Meadow @ Tengah, Singapore 690327",Non-Residential,31/12/2025,PARK MEADOW @ TENGAH,
Name Change,677738,Neighbourhood Police Post Bukit Panjang,"1 Segar Road Neighbourhood Police Post Bukit Panjang, Singapore 677738",Non-Residential,31/12/2025,NEIGHBOURHOOD POLICE CENTRE BUKIT PANJANG,
Name Change,761515,515A Miltonia Close,"515A Miltonia Close, Singapore 761515",Residential,31/12/2025,NIL,
Name Change,682822,822B Keat Hong Link,"822B Keat Hong Link, Singapore 682822",Residential,31/12/2025,NIL,
Name Change,321126,126A Jalan Rajah,"126A Jalan Rajah, Singapore 321126",Residential,31/12/2025,NIL,
Name Change,138531,NUS College,"24 College Avenue West NUS College, Singapore 138531",Non-Residential,31/12/2025,YALE-NUS COLLEGE CAMPUS,
Name Change,508899,Airport Fire Station 1,"2000 Upper Changi Road North Airport Fire Station 1, Singapore 508899",Non-Residential,31/12/2025,NIL,
Name Change,359590,15A Lynwood Grove,"15A Lynwood Grove, Singapore 359590",Residential,31/12/2025,NIL,
Name Change,211018,Farrer Park Fields,"18A Farrer Park Road Farrer Park Fields, Singapore 211018",Non-Residential,31/12/2025,NIL,
Name Change,307684,238A Thomson Road,"238A Thomson Road, Singapore 307684",Residential,31/12/2025,MDA CUSTOMER & LICENSING SERVICES (BROADCASTING),
Name Change,699887,Copen Grand,"73 Tengah Garden Walk Copen Grand, Singapore 699887",Non-Residential,31/12/2025,COPEN GRAND (U/C),
Name Change,48423,18 Cross Street,"18 Cross Street, Singapore 48423",Residential,31/12/2025,CROSS STREET EXCHANGE,
Name Change,238837,40 Orchard Road,"40 Orchard Road, Singapore 238837",Residential,31/12/2025,MACDONALD HSE,
Name Change,760522,522 Yishun Street 53,"522 Yishun Street 53, Singapore 760522",Residential,31/12/2025,NIL,
Name Change,681811,Brickland Community Centre,"811A Choa Chu Kang Avenue 7 Brickland Community Centre, Singapore 681811",Non-Residential,31/12/2025,KEAT HONG COLOURS,
Name Change,530406,406 Hougang Avenue 10,"406 Hougang Avenue 10, Singapore 530406",Residential,31/12/2025,NIL,
Name Change,507708,980 Upper Changi Road North,"980 Upper Changi Road North, Singapore 507708",Residential,31/12/2025,SINGAPORE CORPORATION OF REHABILITATIVE ENTERPRISES (SCORE),
Name Change,213018,Farrer Park Fields,"18C Farrer Park Road Farrer Park Fields, Singapore 213018",Non-Residential,31/12/2025,NIL,
Name Change,691327,Parc Meadow @ Tengah,"327A Tengah Park Avenue Parc Meadow @ Tengah, Singapore 691327",Non-Residential,31/12/2025,PARK MEADOW @ TENGAH,
Name Change,692326,Parc Meadow @ Tengah,"326B Tengah Park Avenue Parc Meadow @ Tengah, Singapore 692326",Non-Residential,31/12/2025,PARK MEADOW @ TENGAH,
Name Change,270052,52 Ghim Moh Link,"52 Ghim Moh Link, Singapore 270052",Residential,31/12/2025,NIL,
Name Change,733590,590C Woodlands Drive 17,"590C Woodlands Drive 17, Singapore 733590",Residential,31/12/2025,NIL,
Name Change,307685,238B Thomson Road,"238B Thomson Road, Singapore 307685",Residential,31/12/2025,CENTRAL PROVIDENT FUND BOARD (CPF),
Name Change,731590,590A Woodlands Drive 17,"590A Woodlands Drive 17, Singapore 731590",Residential,31/12/2025,NIL,
Name Change,578428,46 Jalan Chempedak,"46 Jalan Chempedak, Singapore 578428",Residential,31/12/2025,NIL,
Name Change,529452,89 Tampines Street 62,"89 Tampines Street 62, Singapore 529452",Residential,31/12/2025,TENET (U/C),
Name Change,59673,34 Hongkong Street,"34 Hongkong Street, Singapore 59673",Residential,31/12/2025,VINTAGE INN @ CLARKE QUAY,
Name Change,668385,85 Phoenix Avenue,"85 Phoenix Avenue, Singapore 668385",Residential,31/12/2025,PHOENIX RESIDENCES (U/C),
Name Change,640993,993 Jurong West Street 93,"993 Jurong West Street 93, Singapore 640993",Residential,31/12/2025,NIL,
Name Change,150110,110 Alexandra View,"110 Alexandra View, Singapore 150110",Residential,31/12/2025,NIL,
Name Change,691328,Parc Meadow @ Tengah,"328A Tengah Park Avenue Parc Meadow @ Tengah, Singapore 691328",Non-Residential,31/12/2025,PARK MEADOW @ TENGAH,
Name Change,651476,476A Bukit Batok West Avenue 5,"476A Bukit Batok West Avenue 5, Singapore 651476",Residential,31/12/2025,NIL,
Name Change,273057,Ulu Pandan Banks,"57C Ghim Moh Link Ulu Pandan Banks, Singapore 273057",Non-Residential,31/12/2025,NIL,
Name Change,399199,Z Hotel,"44 Lorong 6 Geylang Z Hotel, Singapore 399199",Non-Residential,31/12/2025,OH MY SUITES,
Name Change,461048,48A Bedok South Avenue 3,"48A Bedok South Avenue 3, Singapore 461048",Residential,31/12/2025,NIL,
Name Change,530405,405 Hougang Avenue 10,"405 Hougang Avenue 10, Singapore 530405",Residential,31/12/2025,NIL,
Name Change,138507,1 Stars Avenue,"1 Stars Avenue, Singapore 138507",Residential,31/12/2025,MEDIACORP CAMPUS,
Name Change,651459,459A Bukit Batok West Avenue 8,"459A Bukit Batok West Avenue 8, Singapore 651459",Residential,31/12/2025,NIL,
Name Change,690326,Parc Meadow @ Tengah,"326 Tengah Park Avenue Parc Meadow @ Tengah, Singapore 690326",Non-Residential,31/12/2025,PARK MEADOW @ TENGAH,
Name Change,288411,21 Shelford Road,"21 Shelford Road, Singapore 288411",Residential,31/12/2025,KELLET COURT,
Name Change,643404,404C Jurong West Street 42,"404C Jurong West Street 42, Singapore 643404",Residential,31/12/2025,NIL,
Name Change,730590,590 Woodlands Drive 17,"590 Woodlands Drive 17, Singapore 730590",Residential,31/12/2025,NIL,
Name Change,693102,102C Plantation Close,"102C Plantation Close, Singapore 693102",Residential,31/12/2025,NIL,
Name Change,560806,806 Ang Mo Kio Street 82,"806 Ang Mo Kio Street 82, Singapore 560806",Residential,31/12/2025,NIL,
Name Change,762523,523B Yishun Street 53,"523B Yishun Street 53, Singapore 762523",Residential,31/12/2025,NIL,
Name Change,761526,526A Yishun Street 53,"526A Yishun Street 53, Singapore 761526",Residential,31/12/2025,NIL,
Name Change,761517,517A Miltonia Close,"517A Miltonia Close, Singapore 761517",Residential,31/12/2025,NIL,
Name Change,651458,458A Bukit Batok West Avenue 8,"458A Bukit Batok West Avenue 8, Singapore 651458",Residential,31/12/2025,NIL,
Name Change,690330,Parc Meadow @ Tengah,"330 Tengah Park Avenue Parc Meadow @ Tengah, Singapore 690330",Non-Residential,31/12/2025,PARK MEADOW @ TENGAH,
Name Change,140205,205 Queen's Crescent,"205 Queen's Crescent, Singapore 140205",Residential,31/12/2025,NIL,
Name Change,609853,2A Penjuru Road,"2A Penjuru Road, Singapore 609853",Residential,31/12/2025,PRIME LODGE,
Name Change,169879,175A Chin Swee Road,"175A Chin Swee Road, Singapore 169879",Residential,31/12/2025,HOTEL RE! @ PEARL'S HILL,
Name Change,761518,518A Miltonia Close,"518A Miltonia Close, Singapore 761518",Residential,31/12/2025,NIL,
Name Change,693327,Parc Meadow @ Tengah,"327C Tengah Park Avenue Parc Meadow @ Tengah, Singapore 693327",Non-Residential,31/12/2025,PARK MEADOW @ TENGAH,
Name Change,249578,74 Grange Road,"74 Grange Road, Singapore 249578",Residential,31/12/2025,NIL,
Name Change,760126,Chong Pang Community Club (temp Office),"126 Yishun Street 11 Chong Pang Community Club (temp Office), Singapore 760126",Non-Residential,31/12/2025,CHONG PANG COMMUNITY CLUB (TEMPORARY OFFICE),
Name Change,699893,Copen Grand,"65 Tengah Garden Walk Copen Grand, Singapore 699893",Non-Residential,31/12/2025,COPEN GRAND (U/C),
Name Change,668384,83 Phoenix Avenue,"83 Phoenix Avenue, Singapore 668384",Residential,31/12/2025,PHOENIX RESIDENCES (U/C),
Name Change,769342,27 Yishun Close,"27 Yishun Close, Singapore 769342",Residential,31/12/2025,NORTH GAIA (U/C),
Name Change,460046,46 Bedok South Avenue 3,"46 Bedok South Avenue 3, Singapore 460046",Residential,31/12/2025,NIL,
Name Change,760523,523 Yishun Street 53,"523 Yishun Street 53, Singapore 760523",Residential,31/12/2025,NIL,
Name Change,544835,Nkf Dialysis Centre Sengkang Community Hospital,"1 Anchorvale Street Nkf Dialysis Centre Sengkang Community Hospital, Singapore 544835",Non-Residential,31/12/2025,SENGKANG COMMUNITY HOSPITAL,
Name Change,138683,10 Dover Drive,"10 Dover Drive, Singapore 138683",Residential,31/12/2025,SINGAPORE INSTITUTE OF TECHNOLOGY@DOVER,
Name Change,320125,125 Jalan Rajah,"125 Jalan Rajah, Singapore 320125",Residential,31/12/2025,NIL,
Name Change,691332,Parc Meadow @ Tengah,"332A Tengah Park Avenue Parc Meadow @ Tengah, Singapore 691332",Non-Residential,31/12/2025,PARK MEADOW @ TENGAH,
Name Change,130061,61 Commonwealth Avenue West,"61 Commonwealth Avenue West, Singapore 130061",Residential,31/12/2025,NIL,
Name Change,160098,98 Havelock Road,"98 Havelock Road, Singapore 160098",Residential,31/12/2025,NIL,
Name Change,463048,48C Bedok South Avenue 3,"48C Bedok South Avenue 3, Singapore 463048",Residential,31/12/2025,NIL,
Name Change,142205,205B Queen's Crescent,"205B Queen's Crescent, Singapore 142205",Residential,31/12/2025,NIL,
Name Change,757721,Mandai Lian Hup Tng,"19 Woodlands Industrial Park E4 Mandai Lian Hup Tng, Singapore 757721",Non-Residential,31/12/2025,NIL,
Name Change,259600,Singapore Botanic Gardens Seed Bank,"1D Cluny Road Singapore Botanic Gardens Seed Bank, Singapore 259600",Non-Residential,31/12/2025,NIL,
Name Change,553129,129C Serangoon North Avenue 1,"129C Serangoon North Avenue 1, Singapore 553129",Residential,31/12/2025,NIL,
Name Change,730591,591 Woodlands Drive 17,"591 Woodlands Drive 17, Singapore 730591",Residential,31/12/2025,NIL,
Name Change,530414,414 Hougang Avenue 10,"414 Hougang Avenue 10, Singapore 530414",Residential,31/12/2025,HARMONY VIEW,
Name Change,552129,129B Serangoon North Avenue 1,"129B Serangoon North Avenue 1, Singapore 552129",Residential,31/12/2025,NIL,
Name Change,438803,1 Haig Lane,"1 Haig Lane, Singapore 438803",Residential,31/12/2025,ROYAL HALLMARK (U/C),
Name Change,653474,474C Bukit Batok West Avenue 5,"474C Bukit Batok West Avenue 5, Singapore 653474",Residential,31/12/2025,NIL,
Name Change,760518,518 Miltonia Close,"518 Miltonia Close, Singapore 760518",Residential,31/12/2025,NIL,
Name Change,680824,824 Keat Hong Link,"824 Keat Hong Link, Singapore 680824",Residential,31/12/2025,NIL,
Name Change,529443,91 Tampines Street 62,"91 Tampines Street 62, Singapore 529443",Residential,31/12/2025,TENET (U/C),
Name Change,768039,Xcl World Academy,"2 Yishun Street 42 Xcl World Academy, Singapore 768039",Non-Residential,31/12/2025,NIL,
Name Change,319258,Toa Payoh South Community Club,"1999 Lorong 8 Toa Payoh Toa Payoh South Community Club, Singapore 319258",Non-Residential,31/12/2025,TOA PAYOH SOUTH COMMUNITY CLUB (PENDING RELOCATION),
Name Change,761522,522A Yishun Street 53,"522A Yishun Street 53, Singapore 761522",Residential,31/12/2025,NIL,
Name Change,550128,128 Serangoon North Avenue 1,"128 Serangoon North Avenue 1, Singapore 550128",Residential,31/12/2025,NIL,
Name Change,529701,75 Tampines Street 62,"75 Tampines Street 62, Singapore 529701",Residential,31/12/2025,TENET (U/C),
Name Change,762519,519B Miltonia Close,"519B Miltonia Close, Singapore 762519",Residential,31/12/2025,NIL,
Name Change,38982,2 Temasek Boulevard,"2 Temasek Boulevard, Singapore 38982",Residential,31/12/2025,CONRAD CENTENNIAL SINGAPORE,
Name Change,564809,809D Ang Mo Kio Street 82,"809D Ang Mo Kio Street 82, Singapore 564809",Residential,31/12/2025,NIL,
Name Change,58476,25 Trengganu Street,"25 Trengganu Street, Singapore 58476",Residential,31/12/2025,HOTEL CALMO CHINATOWN,
Name Change,763517,517C Miltonia Close,"517C Miltonia Close, Singapore 763517",Residential,31/12/2025,NIL,
Name Change,257699,766 Tyersall Avenue,"766 Tyersall Avenue, Singapore 257699",Residential,31/12/2025,NIL,
Name Change,427452,Hotel Sakura by Venue,"181 Joo Chiat Road Hotel Sakura by Venue, Singapore 427452",Non-Residential,31/12/2025,HOTEL 81 - SAKURA,
Name Change,699909,Copen Grand,"51 Tengah Garden Walk Copen Grand, Singapore 699909",Non-Residential,31/12/2025,COPEN GRAND (U/C),
Name Change,189876,261 Victoria Street,"261 Victoria Street, Singapore 189876",Residential,31/12/2025,BUGIS VILLAGE,
Name Change,569163,Yio Chu Kang Community Club,"50 Ang Mo Kio Street 61 Yio Chu Kang Community Club, Singapore 569163",Non-Residential,31/12/2025,YIO CHU KANG COMMUNITY CLUB (PENDING U/C),
Name Change,530468,468 Hougang Avenue 8,"468 Hougang Avenue 8, Singapore 530468",Residential,31/12/2025,NIL,
Name Change,69118,45 Maxwell Road,"45 Maxwell Road, Singapore 69118",Residential,31/12/2025,COMPETITION COMMISSION OF SINGAPORE (CCS),
Name Change,668159,6 Phoenix Road,"6 Phoenix Road, Singapore 668159",Residential,31/12/2025,THE ARDEN (U/C),
Name Change,730592,592 Woodlands Drive 17,"592 Woodlands Drive 17, Singapore 730592",Residential,31/12/2025,NIL,
Name Change,668383,81 Phoenix Avenue,"81 Phoenix Avenue, Singapore 668383",Residential,31/12/2025,PHOENIX RESIDENCES (U/C),
Name Change,388222,8 Lorong 25a Geylang,"8 Lorong 25a Geylang, Singapore 388222",Residential,31/12/2025,ZYANYA (U/C),
Name Change,530462,462 Hougang Avenue 10,"462 Hougang Avenue 10, Singapore 530462",Residential,31/12/2025,NIL,
Name Change,528907,Pathlight School (tampines),"4 Tampines Street 91 Pathlight School (tampines), Singapore 528907",Non-Residential,31/12/2025,NIL,
Name Change,737853,Bethesda Christian Centre,"11 Woodlands Close Bethesda Christian Centre, Singapore 737853",Non-Residential,31/12/2025,CALROSE ACADEMY PTE. LTD.,
Name Change,214016,Farrer Park Fields,"16D Farrer Park Road Farrer Park Fields, Singapore 214016",Non-Residential,31/12/2025,NIL,
Name Change,530404,404 Hougang Avenue 10,"404 Hougang Avenue 10, Singapore 530404",Residential,31/12/2025,NIL,
Name Change,530412,412 Hougang Avenue 10,"412 Hougang Avenue 10, Singapore 530412",Residential,31/12/2025,HARMONY VIEW,
Name Change,141204,204A Queen's Crescent,"204A Queen's Crescent, Singapore 141204",Residential,31/12/2025,NIL,
Name Change,651475,475A Bukit Batok West Avenue 5,"475A Bukit Batok West Avenue 5, Singapore 651475",Residential,31/12/2025,NIL,
Name Change,692330,Parc Meadow @ Tengah,"330B Tengah Park Avenue Parc Meadow @ Tengah, Singapore 692330",Non-Residential,31/12/2025,PARK MEADOW @ TENGAH,
Name Change,319392,301 Lorong 6 Toa Payoh,"301 Lorong 6 Toa Payoh, Singapore 319392",Residential,31/12/2025,TOA PAYOH SPORTS CENTRE,
Name Change,601291,291A Jurong East Street 24,"291A Jurong East Street 24, Singapore 601291",Residential,31/12/2025,NIL,
Name Change,257488,Singapore Botanic Gardens (the Garage),"50 Cluny Park Road Singapore Botanic Gardens (the Garage), Singapore 257488",Non-Residential,31/12/2025,THE GARAGE (SINGAPORE BOTANIC GARDENS),
Name Change,140206,206 Queen's Crescent,"206 Queen's Crescent, Singapore 140206",Residential,31/12/2025,NIL,
Name Change,130063,63 Commonwealth Avenue West,"63 Commonwealth Avenue West, Singapore 130063",Residential,31/12/2025,NIL,
Name Change,574551,20 Thomson Terrace,"20 Thomson Terrace, Singapore 574551",Residential,31/12/2025,THOMSON HILLS ESTATE (U/C),
Name Change,608549,50 Jurong Gateway Road,"50 Jurong Gateway Road, Singapore 608549",Residential,31/12/2025,CATHAY CINEPLEX JEM,
Name Change,38981,Dbs Foundation Outdoor Theatre,"1 Esplanade Drive Dbs Foundation Outdoor Theatre, Singapore 38981",Non-Residential,31/12/2025,ESPLANADE - THEATRES ON THE BAY,
Name Change,307583,43 Thomson Road,"43 Thomson Road, Singapore 307583",Residential,31/12/2025,KARTAR APARTMENTS,
Name Change,788888,3 Lentor Central,"3 Lentor Central, Singapore 788888",Residential,31/12/2025,LENTOR MODERN (U/C),
Name Change,270056,Ulu Pandan Banks,"56 Ghim Moh Link Ulu Pandan Banks, Singapore 270056",Non-Residential,31/12/2025,NIL,
Name Change,699886,Copen Grand,"71 Tengah Garden Walk Copen Grand, Singapore 699886",Non-Residential,31/12/2025,COPEN GRAND (U/C),
Name Change,768024,Nkf Dialysis Centre,"2 Yishun Central 2 Nkf Dialysis Centre, Singapore 768024",Non-Residential,31/12/2025,YISHUN COMMUNITY HOSPITAL,
Name Change,59293,37 North Canal Road,"37 North Canal Road, Singapore 59293",Residential,31/12/2025,CHAMPION HOTEL CITY,
Name Change,99114,2 Seah Im Road,"2 Seah Im Road, Singapore 99114",Residential,31/12/2025,SEAH IM FOOD CENTRE,
Name Change,271050,50A Ghim Moh Close,"50A Ghim Moh Close, Singapore 271050",Residential,31/12/2025,NIL,
Name Change,130065,65 Commonwealth Avenue West,"65 Commonwealth Avenue West, Singapore 130065",Residential,31/12/2025,NIL,
Name Change,668158,4 Phoenix Road,"4 Phoenix Road, Singapore 668158",Residential,31/12/2025,THE ARDEN (U/C),
Name Change,138533,NUS College,"28 College Avenue West NUS College, Singapore 138533",Non-Residential,31/12/2025,YALE-NUS COLLEGE CAMPUS,
Name Change,271053,53A Ghim Moh Link,"53A Ghim Moh Link, Singapore 271053",Residential,31/12/2025,NIL,
Name Change,820681,Nkf Dialysis Centre,"681 Punggol Drive Nkf Dialysis Centre, Singapore 820681",Non-Residential,31/12/2025,OASIS TERRACES,
Name Change,419231,Shinnyo-en Singapore Buddhist Centre,"2 Jalan Kechot Shinnyo-en Singapore Buddhist Centre, Singapore 419231",Non-Residential,31/12/2025,NIL,
Name Change,130064,64 Commonwealth Avenue West,"64 Commonwealth Avenue West, Singapore 130064",Residential,31/12/2025,NIL,
Name Change,530402,402 Hougang Avenue 10,"402 Hougang Avenue 10, Singapore 530402",Residential,31/12/2025,HARMONY VIEW,
Name Change,488626,35 Jalan Pari Dedap,"35 Jalan Pari Dedap, Singapore 488626",Residential,31/12/2025,NIL,
Name Change,138532,NUS College,"26 College Avenue West NUS College, Singapore 138532",Non-Residential,31/12/2025,YALE-NUS COLLEGE CAMPUS,
Name Change,792485,485B Fernvale Drive,"485B Fernvale Drive, Singapore 792485",Residential,31/12/2025,NIL,
Name Change,761529,529A Yishun Street 53,"529A Yishun Street 53, Singapore 761529",Residential,31/12/2025,NIL,
Name Change,602291,291B Jurong East Street 24,"291B Jurong East Street 24, Singapore 602291",Residential,31/12/2025,NIL,
Name Change,760845,845 Yishun Street 81,"845 Yishun Street 81, Singapore 760845",Residential,31/12/2025,KAHTIB CENTRAL,
Name Change,436884,6A Tanjong Rhu Road,"6A Tanjong Rhu Road, Singapore 436884",Residential,31/12/2025,DE CENTURIAN,
Name Change,210018,Farrer Park Fields,"18 Farrer Park Road Farrer Park Fields, Singapore 210018",Non-Residential,31/12/2025,NIL,
Name Change,690332,Parc Meadow @ Tengah,"332 Tengah Park Avenue Parc Meadow @ Tengah, Singapore 690332",Non-Residential,31/12/2025,PARK MEADOW @ TENGAH,
Name Change,530464,464 Upper Serangoon Road,"464 Upper Serangoon Road, Singapore 530464",Residential,31/12/2025,NIL,
Name Change,427373,"Stories Joo Chiat, a Hotel by Cove","51 Joo Chiat Road Stories Joo Chiat, a Hotel by Cove, Singapore 427373",Non-Residential,31/12/2025,AM HOTEL,
Name Change,641994,994A Jurong West Street 93,"994A Jurong West Street 93, Singapore 641994",Residential,31/12/2025,NIL,
Name Change,758200,12 Senoko Drive,"12 Senoko Drive, Singapore 758200",Residential,31/12/2025,SENOKO INDUSTRIAL ESTATE,
Name Change,272050,50B Ghim Moh Close,"50B Ghim Moh Close, Singapore 272050",Residential,31/12/2025,NIL,
Name Change,769345,33 Yishun Close,"33 Yishun Close, Singapore 769345",Residential,31/12/2025,NORTH GAIA (U/C),
Name Change,691331,Parc Meadow @ Tengah,"331A Tengah Park Avenue Parc Meadow @ Tengah, Singapore 691331",Non-Residential,31/12/2025,PARK MEADOW @ TENGAH,
Name Change,731592,592A Woodlands Drive 17,"592A Woodlands Drive 17, Singapore 731592",Residential,31/12/2025,NIL,
Name Change,738979,Rts Link Woodlands North Station,"1 Woodlands North Coast Road Rts Link Woodlands North Station, Singapore 738979",Non-Residential,31/12/2025,CIQ BUILDING,
Name Change,730194,Marsiling Ridge,"194 Woodlands Centre Road Marsiling Ridge, Singapore 730194",Non-Residential,31/12/2025,NIL,
Name Change,547255,28 Parry Avenue,"28 Parry Avenue, Singapore 547255",Residential,31/12/2025,PARRY HALL,
Name Change,600293,293 Jurong East Street 24,"293 Jurong East Street 24, Singapore 600293",Residential,31/12/2025,NIL,
Name Change,562809,809B Ang Mo Kio Street 82,"809B Ang Mo Kio Street 82, Singapore 562809",Residential,31/12/2025,NIL,
Name Change,762527,527B Yishun Street 53,"527B Yishun Street 53, Singapore 762527",Residential,31/12/2025,NIL,
Name Change,760517,517 Miltonia Close,"517 Miltonia Close, Singapore 760517",Residential,31/12/2025,NIL,
Name Change,229503,12 Upper Wilkie Road,"12 Upper Wilkie Road, Singapore 229503",Residential,31/12/2025,WILKIE HILLS (U/C),
Name Change,551129,129A Serangoon North Avenue 1,"129A Serangoon North Avenue 1, Singapore 551129",Residential,31/12/2025,NIL,
Name Change,589601,Beauty World Integrated Transport Hub,"5 Jalan Anak Bukit Beauty World Integrated Transport Hub, Singapore 589601",Non-Residential,31/12/2025,THE RESERVE RESIDENCES,
Name Change,651113,Nkf Dialysis Centre,"113A Bukit Batok West Avenue 6 Nkf Dialysis Centre, Singapore 651113",Non-Residential,31/12/2025,SKY VISTA @ BUKIT BATOK,
Name Change,539231,Defu Industrial Estate,"121 Defu Lane 10 Defu Industrial Estate, Singapore 539231",Non-Residential,31/12/2025,NIL,
Name Change,142204,204B Queen's Crescent,"204B Queen's Crescent, Singapore 142204",Residential,31/12/2025,NIL,
Name Change,691102,102A Plantation Close,"102A Plantation Close, Singapore 691102",Residential,31/12/2025,NIL,
Name Change,160097,97 Havelock Road,"97 Havelock Road, Singapore 160097",Residential,31/12/2025,NIL,
Name Change,761523,523A Yishun Street 53,"523A Yishun Street 53, Singapore 761523",Residential,31/12/2025,NIL,
Name Change,219528,Siddh Peeth Shree Lakshminarayan Temple,"5 Chander Road Siddh Peeth Shree Lakshminarayan Temple, Singapore 219528",Non-Residential,31/12/2025,NIL,
Name Change,692102,102B Plantation Close,"102B Plantation Close, Singapore 692102",Residential,31/12/2025,NIL,
Name Change,178892,61 Stamford Road,"61 Stamford Road, Singapore 178892",Residential,31/12/2025,NATIONAL HERITAGE BOARD (NHB),
Name Change,550267,Market,"267 Serangoon Avenue 3 Market, Singapore 550267",Non-Residential,31/12/2025,NIL,
Name Change,460105,Nkf Dialysis Centre,"105 Bedok North Avenue 4 Nkf Dialysis Centre, Singapore 460105",Non-Residential,31/12/2025,PEARL GARDEN,
Name Change,138527,NUS College,"16 College Avenue West NUS College, Singapore 138527",Non-Residential,31/12/2025,YALE-NUS COLLEGE,
Name Change,188976,141 Middle Road,"141 Middle Road, Singapore 188976",Residential,31/12/2025,GSM BUILDING,
Name Change,652458,458B Bukit Batok West Avenue 8,"458B Bukit Batok West Avenue 8, Singapore 652458",Residential,31/12/2025,NIL,
Name Change,732590,590B Woodlands Drive 17,"590B Woodlands Drive 17, Singapore 732590",Residential,31/12/2025,NIL,
Name Change,760527,527 Yishun Street 53,"527 Yishun Street 53, Singapore 760527",Residential,31/12/2025,NIL,
Name Change,529451,87 Tampines Street 62,"87 Tampines Street 62, Singapore 529451",Residential,31/12/2025,TENET (U/C),
Name Change,138610,NUS College,"12 College Avenue West NUS College, Singapore 138610",Non-Residential,31/12/2025,YALE-NUS COLLEGE CAMPUS,
Name Change,693326,Parc Meadow @ Tengah,"326C Tengah Park Avenue Parc Meadow @ Tengah, Singapore 693326",Non-Residential,31/12/2025,PARK MEADOW @ TENGAH,
Name Change,141205,205A Queen's Crescent,"205A Queen's Crescent, Singapore 141205",Residential,31/12/2025,NIL,
Name Change,319380,Toa Payoh East Community Club,"160 Lorong 6 Toa Payoh Toa Payoh East Community Club, Singapore 319380",Non-Residential,31/12/2025,TOA PAYOH EAST COMMUNITY CLUB (PENDING RELOCATION),
Name Change,219570,5 Northumberland Road,"5 Northumberland Road, Singapore 219570",Residential,31/12/2025,PICCADILLY GRAND (U/C),
Name Change,161098,98A Havelock Road,"98A Havelock Road, Singapore 161098",Residential,31/12/2025,NIL,
Name Change,691101,101A Plantation Close,"101A Plantation Close, Singapore 691101",Residential,31/12/2025,NIL,
Name Change,551128,128A Serangoon North Avenue 1,"128A Serangoon North Avenue 1, Singapore 551128",Residential,31/12/2025,NIL,
Name Change,763522,522C Yishun Street 53,"522C Yishun Street 53, Singapore 763522",Residential,31/12/2025,NIL,
Name Change,89067,21 Keppel Road,"21 Keppel Road, Singapore 89067",Residential,31/12/2025,CUSTOMS OPERATIONS CENTRE,
Name Change,530416,416 Hougang Avenue 10,"416 Hougang Avenue 10, Singapore 530416",Residential,31/12/2025,HARMONY VIEW,
Name Change,321125,125A Jalan Rajah,"125A Jalan Rajah, Singapore 321125",Residential,31/12/2025,NIL,
Name Change,449269,Marine Parade Post Office,"80 Marine Parade Road Marine Parade Post Office, Singapore 449269",Non-Residential,31/12/2025,CATHAY CINEPLEX PARKWAY PARADE,
Name Change,762516,516B Miltonia Close,"516B Miltonia Close, Singapore 762516",Residential,31/12/2025,NIL,
Name Change,461046,46A Bedok South Avenue 3,"46A Bedok South Avenue 3, Singapore 461046",Residential,31/12/2025,NIL,
Name Change,550129,129 Serangoon North Avenue 1,"129 Serangoon North Avenue 1, Singapore 550129",Residential,31/12/2025,NIL,
Name Change,530410,410 Hougang Avenue 10,"410 Hougang Avenue 10, Singapore 530410",Residential,31/12/2025,NIL,
Name Change,643406,406C Jurong West Street 42,"406C Jurong West Street 42, Singapore 643406",Residential,31/12/2025,NIL,
Name Change,629616,Dnv Technology Centre West,"158A Gul Circle Dnv Technology Centre West, Singapore 629616",Non-Residential,31/12/2025,DNV LABORATORY,
Name Change,138528,NUS College,"18 College Avenue West NUS College, Singapore 138528",Non-Residential,31/12/2025,YALE-NUS COLLEGE CAMPUS,
Name Change,228484,2 Mount Emily Road,"2 Mount Emily Road, Singapore 228484",Residential,31/12/2025,NIL,
Name Change,641402,402A Jurong West Street 42,"402A Jurong West Street 42, Singapore 641402",Residential,31/12/2025,NIL,
Name Change,681823,823A Keat Hong Link,"823A Keat Hong Link, Singapore 681823",Residential,31/12/2025,NIL,
Name Change,690107,107 Plantation Close,"107 Plantation Close, Singapore 690107",Residential,31/12/2025,NIL,
Name Change,829858,Punggol Coast Bus Interchange,"1 Sentul Walk Punggol Coast Bus Interchange, Singapore 829858",Non-Residential,31/12/2025,NIL,
Name Change,668156,2 Phoenix Road,"2 Phoenix Road, Singapore 668156",Residential,31/12/2025,THE ARDEN (U/C),
Name Change,239699,25 Grange Road,"25 Grange Road, Singapore 239699",Residential,31/12/2025,NIL,
Name Change,681822,822A Keat Hong Link,"822A Keat Hong Link, Singapore 681822",Residential,31/12/2025,NIL,
Name Change,600291,291 Jurong East Street 24,"291 Jurong East Street 24, Singapore 600291",Residential,31/12/2025,NIL,
Name Change,239549,110 Killiney Road,"110 Killiney Road, Singapore 239549",Residential,31/12/2025,JEWEL @ KILLINEY ORCHARD (U/C),
Name Change,130066,66 Commonwealth Avenue West,"66 Commonwealth Avenue West, Singapore 130066",Residential,31/12/2025,NIL,
Name Change,791484,484A Fernvale Drive,"484A Fernvale Drive, Singapore 791484",Residential,31/12/2025,NIL,
Name Change,530415,415 Hougang Avenue 10,"415 Hougang Avenue 10, Singapore 530415",Residential,31/12/2025,HARMONY VIEW,
Name Change,270057,Ulu Pandan Banks,"57 Ghim Moh Link Ulu Pandan Banks, Singapore 270057",Non-Residential,31/12/2025,NIL,
Name Change,278116,44 Jalan Merah Saga,"44 Jalan Merah Saga, Singapore 278116",Residential,31/12/2025,NIL,
Name Change,530407,407 Hougang Avenue 10,"407 Hougang Avenue 10, Singapore 530407",Residential,31/12/2025,NIL,
Name Change,692327,Parc Meadow @ Tengah,"327B Tengah Park Avenue Parc Meadow @ Tengah, Singapore 692327",Non-Residential,31/12/2025,PARK MEADOW @ TENGAH,
Name Change,69333,33 Erskine Road,"33 Erskine Road, Singapore 69333",Residential,31/12/2025,THE SCARLET HOTEL,
Name Change,762526,526B Yishun Street 53,"526B Yishun Street 53, Singapore 762526",Residential,31/12/2025,NIL,
Name Change,271054,54A Ghim Moh Link,"54A Ghim Moh Link, Singapore 271054",Residential,31/12/2025,NIL,
Name Change,59572,7 Magazine Road,"7 Magazine Road, Singapore 59572",Residential,31/12/2025,UNION SQUARE,
Name Change,790485,485 Fernvale Drive,"485 Fernvale Drive, Singapore 790485",Residential,31/12/2025,NIL,
Name Change,690328,Parc Meadow @ Tengah,"328 Tengah Park Avenue Parc Meadow @ Tengah, Singapore 690328",Non-Residential,31/12/2025,PARK MEADOW @ TENGAH,
Name Change,769344,31 Yishun Close,"31 Yishun Close, Singapore 769344",Residential,31/12/2025,NORTH GAIA (U/C),
Name Change,213016,Farrer Park Fields,"16C Farrer Park Road Farrer Park Fields, Singapore 213016",Non-Residential,31/12/2025,NIL,
Name Change,761516,516A Miltonia Close,"516A Miltonia Close, Singapore 761516",Residential,31/12/2025,NIL,
Name Change,387541,461 Sims Avenue,"461 Sims Avenue, Singapore 387541",Residential,31/12/2025,ORANGE VALLEY NURSING HOME (SIMS AVENUE),
Name Change,228675,11 Mackenzie Road,"11 Mackenzie Road, Singapore 228675",Residential,31/12/2025,G4 STATION BACKPACKERS HOSTEL,
Name Change,319389,297 Lorong 6 Toa Payoh,"297 Lorong 6 Toa Payoh, Singapore 319389",Residential,31/12/2025,TOA PAYOH SPORTS HALL,
Name Change,218067,The Quay Hotel Little India,"195 Serangoon Road The Quay Hotel Little India, Singapore 218067",Non-Residential,31/12/2025,BROADWAY HOTEL,
Name Change,209067,44 Horne Road,"44 Horne Road, Singapore 209067",Residential,31/12/2025,NETWORK COURIER BUILDING,
Name Change,209854,Nest Hotel,"26 Cavan Road Nest Hotel, Singapore 209854",Non-Residential,31/12/2025,HOTEL SNOW LAVENDER,
Name Change,59672,33 Hongkong Street,"33 Hongkong Street, Singapore 59672",Residential,31/12/2025,VINTAGE INN @ CLARKE QUAY,
Location Change,627877,50 Jurong Island Highway,"50 Jurong Island Highway, Singapore 627877",Residential,31/12/2025,NIL,347.98
Location Change,609142,59 Penjuru Road,"59 Penjuru Road, Singapore 609142",Residential,31/12/2025,NIL,355.39
Location Change,627832,51 Seraya Avenue,"51 Seraya Avenue, Singapore 627832",Residential,31/12/2025,NIL,475.93
Location Change,627807,61 Meranti Crescent,"61 Meranti Crescent, Singapore 627807",Residential,31/12/2025,NIL,626.44
Location Change,588398,601 Rifle Range Road,"601 Rifle Range Road, Singapore 588398",Residential,31/12/2025,NIL,659.55
Location Change,628277,100 Ayer Merbau Road,"100 Ayer Merbau Road, Singapore 628277",Residential,31/12/2025,NIL,956.69
Location Change,627869,5 Ayer Chawan Place,"5 Ayer Chawan Place, Singapore 627869",Residential,31/12/2025,NIL,568.44
Location Change,637607,60 Tuas South Avenue 9,"60 Tuas South Avenue 9, Singapore 637607",Residential,31/12/2025,NIL,707.97
Location Change,679525,201 Chestnut Avenue,"201 Chestnut Avenue, Singapore 679525",Residential,31/12/2025,NIL,698.18
Location Change,357875,Woodleigh Park,"65 Woodleigh Park, Singapore 357875",Non-Residential,31/12/2025,NIL,549.26
Location Change,627886,17 Sakra Road,"17 Sakra Road, Singapore 627886",Residential,31/12/2025,NIL,442.05
Location Change,118326,1 Pulau Sebarok,"1 Pulau Sebarok, Singapore 118326",Residential,31/12/2025,NIL,823.33
Name And Location Change,259569,Singapore Botanic Gardens (bandstand Gazebo),"1 Cluny Road Singapore Botanic Gardens (bandstand Gazebo), Singapore 259569",Non-Residential,31/12/2025,NATIONAL PARKS BOARD (NPARKS),589.70
Name And Location Change,68811,8 Shenton Way,"8 Shenton Way, Singapore 68811",Residential,31/12/2025,OUE DOWNTOWN,315.81
Name And Location Change,18953,Conservatory Cafe,"18 Marina Gardens Drive Conservatory Cafe, Singapore 18953",Non-Residential,31/12/2025,NIL,519.43
Name And Location Change,308433,Johns Hopkins Singapore International Medical Centre,"11 Jalan Tan Tock Seng Johns Hopkins Singapore International Medical Centre, Singapore 308433",Non-Residential,31/12/2025,NIL,490.22
Name And Location Change,729826,80 Mandai Lake Road,"80 Mandai Lake Road, Singapore 729826",Residential,31/12/2025,NIL,449.06
