Change Type,Postal Code,Building Name,Address,Building Type,Date Processed,Previous Name,Location Change (meters)
New Building,19964,59 Marina Coastal Drive,"59 Marina Coastal Drive, Singapore 19964",Residential,15/11/2025,,
New Building,48458,Amoy Hotel,"70 Telok Ayer Street Amoy Hotel, Singapore 48458",Non-Residential,15/11/2025,,
New Building,120437,437 Clementi Close,"437 Clementi Close, Singapore 120437",Residential,15/11/2025,,
New Building,120438,438 Clementi Close,"438 Clementi Close, Singapore 120438",Residential,15/11/2025,,
New Building,121437,437A Clementi Close,"437A Clementi Close, Singapore 121437",Residential,15/11/2025,,
New Building,121438,438A Clementi Close,"438A Clementi Close, Singapore 121438",Residential,15/11/2025,,
New Building,122437,437B Clementi Close,"437B Clementi Close, Singapore 122437",Residential,15/11/2025,,
New Building,122438,438B Clementi Close,"438B Clementi Close, Singapore 122438",Residential,15/11/2025,,
New Building,129634,Clementi Polyclinic,"2 Clementi Close Clementi Polyclinic, Singapore 129634",Non-Residential,15/11/2025,,
New Building,140185,185 Mei Chin Road,"185 Mei Chin Road, Singapore 140185",Residential,15/11/2025,,
New Building,140186,186 Mei Chin Road,"186 Mei Chin Road, Singapore 140186",Residential,15/11/2025,,
New Building,140187,187 Mei Chin Road,"187 Mei Chin Road, Singapore 140187",Residential,15/11/2025,,
New Building,140189,189 Mei Chin Road,"189 Mei Chin Road, Singapore 140189",Residential,15/11/2025,,
New Building,140190,190 Mei Chin Road,"190 Mei Chin Road, Singapore 140190",Residential,15/11/2025,,
New Building,141186,186A Mei Chin Road,"186A Mei Chin Road, Singapore 141186",Residential,15/11/2025,,
New Building,141187,187A Mei Chin Road,"187A Mei Chin Road, Singapore 141187",Residential,15/11/2025,,
New Building,142186,186B Mei Chin Road,"186B Mei Chin Road, Singapore 142186",Residential,15/11/2025,,
New Building,169556,7 Kim Seng Road,"7 Kim Seng Road, Singapore 169556",Residential,15/11/2025,,
New Building,188068,253 Victoria Street,"253 Victoria Street, Singapore 188068",Residential,15/11/2025,,
New Building,188544,65 Queen Street,"65 Queen Street, Singapore 188544",Residential,15/11/2025,,
New Building,188545,66 Queen Street,"66 Queen Street, Singapore 188545",Residential,15/11/2025,,
New Building,188546,67 Queen Street,"67 Queen Street, Singapore 188546",Residential,15/11/2025,,
New Building,190020,20 Crawford Street,"20 Crawford Street, Singapore 190020",Residential,15/11/2025,,
New Building,190021,21 Crawford Street,"21 Crawford Street, Singapore 190021",Residential,15/11/2025,,
New Building,191020,20A Crawford Street,"20A Crawford Street, Singapore 191020",Residential,15/11/2025,,
New Building,218210,598 Serangoon Road,"598 Serangoon Road, Singapore 218210",Residential,15/11/2025,,
New Building,219833,100A Norfolk Road,"100A Norfolk Road, Singapore 219833",Residential,15/11/2025,,
New Building,228683,29 Mackenzie Road,"29 Mackenzie Road, Singapore 228683",Residential,15/11/2025,,
New Building,239595,17 Unity Street,"17 Unity Street, Singapore 239595",Residential,15/11/2025,,
New Building,240111,111 Tanglin Road,"111 Tanglin Road, Singapore 240111",Residential,15/11/2025,,
New Building,240112,112 Tanglin Road,"112 Tanglin Road, Singapore 240112",Residential,15/11/2025,,
New Building,241111,111A Tanglin Road,"111A Tanglin Road, Singapore 241111",Residential,15/11/2025,,
New Building,241112,112A Tanglin Road,"112A Tanglin Road, Singapore 241112",Residential,15/11/2025,,
New Building,242111,111B Tanglin Road,"111B Tanglin Road, Singapore 242111",Residential,15/11/2025,,
New Building,247811,1 Zion Close,"1 Zion Close, Singapore 247811",Residential,15/11/2025,,
New Building,248042,7A Tanglin Hill,"7A Tanglin Hill, Singapore 248042",Residential,15/11/2025,,
New Building,259131,Ladyhill Park,"90 Fernhill Road Ladyhill Park, Singapore 259131",Non-Residential,15/11/2025,,
New Building,270067,67 Holland Village Way,"67 Holland Village Way, Singapore 270067",Residential,15/11/2025,,
New Building,270068,68 Holland Village Way,"68 Holland Village Way, Singapore 270068",Residential,15/11/2025,,
New Building,271068,68A Holland Village Way,"68A Holland Village Way, Singapore 271068",Residential,15/11/2025,,
New Building,278529,Eden Park,"23A Maple Avenue Eden Park, Singapore 278529",Non-Residential,15/11/2025,,
New Building,279216,Ban Guan Park,"444 Holland Road Ban Guan Park, Singapore 279216",Non-Residential,15/11/2025,,
New Building,289359,79A Hillcrest Road,"79A Hillcrest Road, Singapore 289359",Residential,15/11/2025,,
New Building,299061,Capitol Park (15),"15 Jalan Sejarah Capitol Park (15), Singapore 299061",Non-Residential,15/11/2025,,
New Building,299165,60A Kheam Hock Road,"60A Kheam Hock Road, Singapore 299165",Residential,15/11/2025,,
New Building,309297,2A Jalan Pasiran,"2A Jalan Pasiran, Singapore 309297",Residential,15/11/2025,,
New Building,309313,4 Jalan Pasir Ria,"4 Jalan Pasir Ria, Singapore 309313",Residential,15/11/2025,,
New Building,309314,4A Jalan Pasir Ria,"4A Jalan Pasir Ria, Singapore 309314",Residential,15/11/2025,,
New Building,309651,10 Chancery Hill Road,"10 Chancery Hill Road, Singapore 309651",Residential,15/11/2025,,
New Building,309652,10A Chancery Hill Road,"10A Chancery Hill Road, Singapore 309652",Residential,15/11/2025,,
New Building,309738,16 Dyson Road,"16 Dyson Road, Singapore 309738",Residential,15/11/2025,,
New Building,309831,8A Chancery Hill Road,"8A Chancery Hill Road, Singapore 309831",Residential,15/11/2025,,
New Building,338779,231 Lavender Street,"231 Lavender Street, Singapore 338779",Residential,15/11/2025,,
New Building,338780,233 Lavender Street,"233 Lavender Street, Singapore 338780",Residential,15/11/2025,,
New Building,338781,235 Lavender Street,"235 Lavender Street, Singapore 338781",Residential,15/11/2025,,
New Building,349994,51 Alkaff Crescent,"51 Alkaff Crescent, Singapore 349994",Residential,15/11/2025,,
New Building,359564,3A Melrose Drive,"3A Melrose Drive, Singapore 359564",Residential,15/11/2025,,
New Building,359575,3B Melrose Drive,"3B Melrose Drive, Singapore 359575",Residential,15/11/2025,,
New Building,367858,Bidadari Park Carpark,"115 Upper Aljunied Road Bidadari Park Carpark, Singapore 367858",Non-Residential,15/11/2025,,
New Building,370135,135 Merpati Road,"135 Merpati Road, Singapore 370135",Residential,15/11/2025,,
New Building,370136,136 Merpati Road,"136 Merpati Road, Singapore 370136",Residential,15/11/2025,,
New Building,371135,135A Merpati Road,"135A Merpati Road, Singapore 371135",Residential,15/11/2025,,
New Building,371136,136A Merpati Road,"136A Merpati Road, Singapore 371136",Residential,15/11/2025,,
New Building,419383,Kimnan Park,"68A Jalan Selamat Kimnan Park, Singapore 419383",Non-Residential,15/11/2025,,
New Building,426739,72 Langsat Road,"72 Langsat Road, Singapore 426739",Residential,15/11/2025,,
New Building,438584,92 Meyer Road,"92 Meyer Road, Singapore 438584",Residential,15/11/2025,,
New Building,438585,10 Founders Drive,"10 Founders Drive, Singapore 438585",Residential,15/11/2025,,
New Building,438661,13 Jalan Nuri,"13 Jalan Nuri, Singapore 438661",Residential,15/11/2025,,
New Building,438662,47 Meyer Road,"47 Meyer Road, Singapore 438662",Residential,15/11/2025,,
New Building,449972,101A Marine Parade Road,"101A Marine Parade Road, Singapore 449972",Residential,15/11/2025,,
New Building,456285,33B Woo Mon Chew Road,"33B Woo Mon Chew Road, Singapore 456285",Residential,15/11/2025,,
New Building,456341,133A Upper East Coast Road,"133A Upper East Coast Road, Singapore 456341",Residential,15/11/2025,,
New Building,456827,Marine Garden,"26C Siglap Road Marine Garden, Singapore 456827",Non-Residential,15/11/2025,,
New Building,460911,911 Bayshore Street,"911 Bayshore Street, Singapore 460911",Residential,15/11/2025,,
New Building,460912,912 Bayshore Street,"912 Bayshore Street, Singapore 460912",Residential,15/11/2025,,
New Building,460913,913 Bayshore Street,"913 Bayshore Street, Singapore 460913",Residential,15/11/2025,,
New Building,460914,914 Bayshore Street,"914 Bayshore Street, Singapore 460914",Residential,15/11/2025,,
New Building,460915,915 Bayshore Street,"915 Bayshore Street, Singapore 460915",Residential,15/11/2025,,
New Building,460916,916 Bayshore Street,"916 Bayshore Street, Singapore 460916",Residential,15/11/2025,,
New Building,461911,911A Bayshore Street,"911A Bayshore Street, Singapore 461911",Residential,15/11/2025,,
New Building,461912,912A Bayshore Street,"912A Bayshore Street, Singapore 461912",Residential,15/11/2025,,
New Building,461914,914A Bayshore Street,"914A Bayshore Street, Singapore 461914",Residential,15/11/2025,,
New Building,461915,915A Bayshore Street,"915A Bayshore Street, Singapore 461915",Residential,15/11/2025,,
New Building,461916,916A Bayshore Street,"916A Bayshore Street, Singapore 461916",Residential,15/11/2025,,
New Building,462911,911B Bayshore Street,"911B Bayshore Street, Singapore 462911",Residential,15/11/2025,,
New Building,462912,912B Bayshore Street,"912B Bayshore Street, Singapore 462912",Residential,15/11/2025,,
New Building,462915,915B Bayshore Street,"915B Bayshore Street, Singapore 462915",Residential,15/11/2025,,
New Building,462916,916B Bayshore Street,"916B Bayshore Street, Singapore 462916",Residential,15/11/2025,,
New Building,463911,911C Bayshore Street,"911C Bayshore Street, Singapore 463911",Residential,15/11/2025,,
New Building,463912,912C Bayshore Street,"912C Bayshore Street, Singapore 463912",Residential,15/11/2025,,
New Building,468466,109 Tanah Merah Kechil Road South,"109 Tanah Merah Kechil Road South, Singapore 468466",Residential,15/11/2025,,
New Building,468467,111 Tanah Merah Kechil Road South,"111 Tanah Merah Kechil Road South, Singapore 468467",Residential,15/11/2025,,
New Building,468468,113 Tanah Merah Kechil Road South,"113 Tanah Merah Kechil Road South, Singapore 468468",Residential,15/11/2025,,
New Building,488904,East View Garden,"58A Meragi Road East View Garden, Singapore 488904",Non-Residential,15/11/2025,,
New Building,489719,Changi Business Park Central 2,"89A Changi Business Park Central 2, Singapore 489719",Non-Residential,15/11/2025,,
New Building,508806,32 Jalan Loyang Besar,"32 Jalan Loyang Besar, Singapore 508806",Residential,15/11/2025,,
New Building,508826,22 Jalan Loyang Besar,"22 Jalan Loyang Besar, Singapore 508826",Residential,15/11/2025,,
New Building,508827,24 Jalan Loyang Besar,"24 Jalan Loyang Besar, Singapore 508827",Residential,15/11/2025,,
New Building,508828,26 Jalan Loyang Besar,"26 Jalan Loyang Besar, Singapore 508828",Residential,15/11/2025,,
New Building,508829,28 Jalan Loyang Besar,"28 Jalan Loyang Besar, Singapore 508829",Residential,15/11/2025,,
New Building,508830,30 Jalan Loyang Besar,"30 Jalan Loyang Besar, Singapore 508830",Residential,15/11/2025,,
New Building,508831,12 Jalan Loyang Besar,"12 Jalan Loyang Besar, Singapore 508831",Residential,15/11/2025,,
New Building,508832,14 Jalan Loyang Besar,"14 Jalan Loyang Besar, Singapore 508832",Residential,15/11/2025,,
New Building,508833,16 Jalan Loyang Besar,"16 Jalan Loyang Besar, Singapore 508833",Residential,15/11/2025,,
New Building,508834,18 Jalan Loyang Besar,"18 Jalan Loyang Besar, Singapore 508834",Residential,15/11/2025,,
New Building,508835,20 Jalan Loyang Besar,"20 Jalan Loyang Besar, Singapore 508835",Residential,15/11/2025,,
New Building,508855,2 Jalan Loyang Besar,"2 Jalan Loyang Besar, Singapore 508855",Residential,15/11/2025,,
New Building,508856,4 Jalan Loyang Besar,"4 Jalan Loyang Besar, Singapore 508856",Residential,15/11/2025,,
New Building,508857,6 Jalan Loyang Besar,"6 Jalan Loyang Besar, Singapore 508857",Residential,15/11/2025,,
New Building,508858,8 Jalan Loyang Besar,"8 Jalan Loyang Besar, Singapore 508858",Residential,15/11/2025,,
New Building,508859,10 Jalan Loyang Besar,"10 Jalan Loyang Besar, Singapore 508859",Residential,15/11/2025,,
New Building,508881,10 Changi Creek Way,"10 Changi Creek Way, Singapore 508881",Residential,15/11/2025,,
New Building,509970,Sree Ramar Temple,"49 Changi Village Road Sree Ramar Temple, Singapore 509970",Non-Residential,15/11/2025,,
New Building,510591,591 Pasir Ris Green,"591 Pasir Ris Green, Singapore 510591",Residential,15/11/2025,,
New Building,510592,592 Pasir Ris Green,"592 Pasir Ris Green, Singapore 510592",Residential,15/11/2025,,
New Building,510593,593 Pasir Ris Drive 3,"593 Pasir Ris Drive 3, Singapore 510593",Residential,15/11/2025,,
New Building,510594,594 Pasir Ris Drive 3,"594 Pasir Ris Drive 3, Singapore 510594",Residential,15/11/2025,,
New Building,511591,591A Pasir Ris Green,"591A Pasir Ris Green, Singapore 511591",Residential,15/11/2025,,
New Building,511592,592A Pasir Ris Green,"592A Pasir Ris Green, Singapore 511592",Residential,15/11/2025,,
New Building,511593,593A Pasir Ris Drive 3,"593A Pasir Ris Drive 3, Singapore 511593",Residential,15/11/2025,,
New Building,511594,594A Pasir Ris Drive 3,"594A Pasir Ris Drive 3, Singapore 511594",Residential,15/11/2025,,
New Building,512591,591B Pasir Ris Green,"591B Pasir Ris Green, Singapore 512591",Residential,15/11/2025,,
New Building,512592,592B Pasir Ris Green,"592B Pasir Ris Green, Singapore 512592",Residential,15/11/2025,,
New Building,512593,593B Pasir Ris Drive 3,"593B Pasir Ris Drive 3, Singapore 512593",Residential,15/11/2025,,
New Building,512594,594B Pasir Ris Drive 3,"594B Pasir Ris Drive 3, Singapore 512594",Residential,15/11/2025,,
New Building,513593,593C Pasir Ris Drive 3,"593C Pasir Ris Drive 3, Singapore 513593",Residential,15/11/2025,,
New Building,520169,169 Simei Road,"169 Simei Road, Singapore 520169",Residential,15/11/2025,,
New Building,520170,170 Simei Road,"170 Simei Road, Singapore 520170",Residential,15/11/2025,,
New Building,521169,169A Simei Road,"169A Simei Road, Singapore 521169",Residential,15/11/2025,,
New Building,521170,170A Simei Road,"170A Simei Road, Singapore 521170",Residential,15/11/2025,,
New Building,522169,169B Simei Road,"169B Simei Road, Singapore 522169",Residential,15/11/2025,,
New Building,522170,170B Simei Road,"170B Simei Road, Singapore 522170",Residential,15/11/2025,,
New Building,534554,545 Upper Serangoon Road,"545 Upper Serangoon Road, Singapore 534554",Residential,15/11/2025,,
New Building,536012,Defu MRT Station (cr07),"1 Serangoon River Road Defu MRT Station (cr07), Singapore 536012",Non-Residential,15/11/2025,,
New Building,536013,Kallang Paya Lebar Expressway,"600A Kallang Paya Lebar Expressway, Singapore 536013",Non-Residential,15/11/2025,,
New Building,537197,1 Lorong Low Koon,"1 Lorong Low Koon, Singapore 537197",Residential,15/11/2025,,
New Building,546388,12A Rosyth Road,"12A Rosyth Road, Singapore 546388",Residential,15/11/2025,,
New Building,548917,50 Hillside Drive,"50 Hillside Drive, Singapore 548917",Residential,15/11/2025,,
New Building,548918,50A Hillside Drive,"50A Hillside Drive, Singapore 548918",Residential,15/11/2025,,
New Building,548919,50B Hillside Drive,"50B Hillside Drive, Singapore 548919",Residential,15/11/2025,,
New Building,558032,Serangoon Garden Estate,"31 Cowdray Avenue Serangoon Garden Estate, Singapore 558032",Non-Residential,15/11/2025,,
New Building,559496,2G Burghley Drive,"2G Burghley Drive, Singapore 559496",Residential,15/11/2025,,
New Building,559592,8A Brighton Crescent,"8A Brighton Crescent, Singapore 559592",Residential,15/11/2025,,
New Building,559593,8B Brighton Crescent,"8B Brighton Crescent, Singapore 559593",Residential,15/11/2025,,
New Building,559890,Serangoon Garden Estate,"3B Berwick Drive Serangoon Garden Estate, Singapore 559890",Non-Residential,15/11/2025,,
New Building,559991,Serangoon Garden Estate,"3C Berwick Drive Serangoon Garden Estate, Singapore 559991",Non-Residential,15/11/2025,,
New Building,559992,Serangoon Garden Estate,"3D Berwick Drive Serangoon Garden Estate, Singapore 559992",Non-Residential,15/11/2025,,
New Building,559993,Serangoon Garden Estate,"3E Berwick Drive Serangoon Garden Estate, Singapore 559993",Non-Residential,15/11/2025,,
New Building,560733,733 Ang Mo Kio Central 3,"733 Ang Mo Kio Central 3, Singapore 560733",Residential,15/11/2025,,
New Building,560734,734 Ang Mo Kio Central 3,"734 Ang Mo Kio Central 3, Singapore 560734",Residential,15/11/2025,,
New Building,561733,733A Ang Mo Kio Central 3,"733A Ang Mo Kio Central 3, Singapore 561733",Residential,15/11/2025,,
New Building,561734,734A Ang Mo Kio Central 3,"734A Ang Mo Kio Central 3, Singapore 561734",Residential,15/11/2025,,
New Building,562733,733B Ang Mo Kio Central 3,"733B Ang Mo Kio Central 3, Singapore 562733",Residential,15/11/2025,,
New Building,568618,Mayflower Gardens,"29 Mayflower Road Mayflower Gardens, Singapore 568618",Non-Residential,15/11/2025,,
New Building,569942,Ang Mo Kio MRT Station (cr11),"80 Ang Mo Kio Avenue 3 Ang Mo Kio MRT Station (cr11), Singapore 569942",Non-Residential,15/11/2025,,
New Building,575557,51 Upper Thomson Road,"51 Upper Thomson Road, Singapore 575557",Residential,15/11/2025,,
New Building,578703,9L Jalan Berjaya,"9L Jalan Berjaya, Singapore 578703",Residential,15/11/2025,,
New Building,578970,Adelphi Park Estate,"13 Gardenia Road Adelphi Park Estate, Singapore 578970",Non-Residential,15/11/2025,,
New Building,589682,Beauty World Integrated Transport Hub,"100 Upper Bukit Timah Road Beauty World Integrated Transport Hub, Singapore 589682",Non-Residential,15/11/2025,,
New Building,601338,338A Jurong East Avenue 1,"338A Jurong East Avenue 1, Singapore 601338",Residential,15/11/2025,,
New Building,610133,133 Yung Ho Walk,"133 Yung Ho Walk, Singapore 610133",Residential,15/11/2025,,
New Building,610134,134 Yung Ho Walk,"134 Yung Ho Walk, Singapore 610134",Residential,15/11/2025,,
New Building,610135,135 Yung Ho Walk,"135 Yung Ho Walk, Singapore 610135",Residential,15/11/2025,,
New Building,610136,136 Yung Ho Walk,"136 Yung Ho Walk, Singapore 610136",Residential,15/11/2025,,
New Building,611066,66A Yung Kuang Road,"66A Yung Kuang Road, Singapore 611066",Residential,15/11/2025,,
New Building,611134,134A Yung Ho Walk,"134A Yung Ho Walk, Singapore 611134",Residential,15/11/2025,,
New Building,611135,135A Yung Ho Walk,"135A Yung Ho Walk, Singapore 611135",Residential,15/11/2025,,
New Building,611136,136A Yung Ho Walk,"136A Yung Ho Walk, Singapore 611136",Residential,15/11/2025,,
New Building,612134,134B Yung Ho Walk,"134B Yung Ho Walk, Singapore 612134",Residential,15/11/2025,,
New Building,612135,135B Yung Ho Walk,"135B Yung Ho Walk, Singapore 612135",Residential,15/11/2025,,
New Building,619657,Taman Jurong Polyclinic,"20 Yung Kuang Road Taman Jurong Polyclinic, Singapore 619657",Non-Residential,15/11/2025,,
New Building,619662,6A Yung Ho Road,"6A Yung Ho Road, Singapore 619662",Residential,15/11/2025,,
New Building,619794,21 Jalan Tukang,"21 Jalan Tukang, Singapore 619794",Residential,15/11/2025,,
New Building,619834,2G Jalan Papan,"2G Jalan Papan, Singapore 619834",Residential,15/11/2025,,
New Building,619835,2E Jalan Papan,"2E Jalan Papan, Singapore 619835",Residential,15/11/2025,,
New Building,628638,23 Lok Yang Way,"23 Lok Yang Way, Singapore 628638",Residential,15/11/2025,,
New Building,637132,10A Tuas South Avenue 12,"10A Tuas South Avenue 12, Singapore 637132",Residential,15/11/2025,,
New Building,639061,6 Tuas View Drive,"6 Tuas View Drive, Singapore 639061",Residential,15/11/2025,,
New Building,639064,24 Tuas South Avenue 10,"24 Tuas South Avenue 10, Singapore 639064",Residential,15/11/2025,,
New Building,641427,427A Jurong West Avenue 1,"427A Jurong West Avenue 1, Singapore 641427",Residential,15/11/2025,,
New Building,649920,500 Jalan Bahar,"500 Jalan Bahar, Singapore 649920",Residential,15/11/2025,,
New Building,659839,10 Bukit Batok West Avenue 9,"10 Bukit Batok West Avenue 9, Singapore 659839",Residential,15/11/2025,,
New Building,670027,27 Woodlands Road,"27 Woodlands Road, Singapore 670027",Residential,15/11/2025,,
New Building,670033,33 Woodlands Road,"33 Woodlands Road, Singapore 670033",Residential,15/11/2025,,
New Building,670489,489 Bukit Panjang Ring Road,"489 Bukit Panjang Ring Road, Singapore 670489",Residential,15/11/2025,,
New Building,670490,490 Bukit Panjang Ring Road,"490 Bukit Panjang Ring Road, Singapore 670490",Residential,15/11/2025,,
New Building,670491,491 Bukit Panjang Ring Road,"491 Bukit Panjang Ring Road, Singapore 670491",Residential,15/11/2025,,
New Building,671489,489A Bukit Panjang Ring Road,"489A Bukit Panjang Ring Road, Singapore 671489",Residential,15/11/2025,,
New Building,671490,490A Bukit Panjang Ring Road,"490A Bukit Panjang Ring Road, Singapore 671490",Residential,15/11/2025,,
New Building,671491,491A Bukit Panjang Ring Road,"491A Bukit Panjang Ring Road, Singapore 671491",Residential,15/11/2025,,
New Building,672490,490B Bukit Panjang Ring Road,"490B Bukit Panjang Ring Road, Singapore 672490",Residential,15/11/2025,,
New Building,672491,491B Bukit Panjang Ring Road,"491B Bukit Panjang Ring Road, Singapore 672491",Residential,15/11/2025,,
New Building,673491,491C Bukit Panjang Ring Road,"491C Bukit Panjang Ring Road, Singapore 673491",Residential,15/11/2025,,
New Building,679350,20A Segar Road,"20A Segar Road, Singapore 679350",Residential,15/11/2025,,
New Building,699853,Depot,"5 Tengah Close Depot, Singapore 699853",Non-Residential,15/11/2025,,
New Building,699859,Depot,"3 Tengah Close Depot, Singapore 699859",Non-Residential,15/11/2025,,
New Building,699929,Tengah Plantation MRT Station (je1),"21 Plantation Crescent Tengah Plantation MRT Station (je1), Singapore 699929",Non-Residential,15/11/2025,,
New Building,699930,3 Plantation Crescent,"3 Plantation Crescent, Singapore 699930",Residential,15/11/2025,,
New Building,719830,7 Neo Tiew Harvest Link,"7 Neo Tiew Harvest Link, Singapore 719830",Residential,15/11/2025,,
New Building,719969,103 Lim Chu Kang Lane 3,"103 Lim Chu Kang Lane 3, Singapore 719969",Residential,15/11/2025,,
New Building,730219,219 Marsiling Lane,"219 Marsiling Lane, Singapore 730219",Residential,15/11/2025,,
New Building,730220,220 Marsiling Lane,"220 Marsiling Lane, Singapore 730220",Residential,15/11/2025,,
New Building,730221,221 Marsiling Lane,"221 Marsiling Lane, Singapore 730221",Residential,15/11/2025,,
New Building,730223,223 Marsiling Lane,"223 Marsiling Lane, Singapore 730223",Residential,15/11/2025,,
New Building,730224,224 Marsiling Lane,"224 Marsiling Lane, Singapore 730224",Residential,15/11/2025,,
New Building,731219,219A Marsiling Lane,"219A Marsiling Lane, Singapore 731219",Residential,15/11/2025,,
New Building,731220,220A Marsiling Lane,"220A Marsiling Lane, Singapore 731220",Residential,15/11/2025,,
New Building,731221,221A Marsiling Lane,"221A Marsiling Lane, Singapore 731221",Residential,15/11/2025,,
New Building,731223,223A Marsiling Lane,"223A Marsiling Lane, Singapore 731223",Residential,15/11/2025,,
New Building,731224,224A Marsiling Lane,"224A Marsiling Lane, Singapore 731224",Residential,15/11/2025,,
New Building,732223,223B Marsiling Lane,"223B Marsiling Lane, Singapore 732223",Residential,15/11/2025,,
New Building,738950,Woodlands Centre Road,"30A Woodlands Centre Road, Singapore 738950",Non-Residential,15/11/2025,,
New Building,738951,80 Woodlands Drive 16,"80 Woodlands Drive 16, Singapore 738951",Residential,15/11/2025,,
New Building,739312,Woodlands Polyclinic ()annex Block),"10A Woodlands Street 31 Woodlands Polyclinic ()annex Block), Singapore 739312",Non-Residential,15/11/2025,,
New Building,739342,Woodlands Checkpoint Extension,"1 Woodlands Centre Road Woodlands Checkpoint Extension, Singapore 739342",Non-Residential,15/11/2025,,
New Building,758941,575 Sembawang Place,"575 Sembawang Place, Singapore 758941",Residential,15/11/2025,,
New Building,760962,962 Bah Soon Pah Road,"962 Bah Soon Pah Road, Singapore 760962",Residential,15/11/2025,,
New Building,760964,964 Bah Soon Pah Road,"964 Bah Soon Pah Road, Singapore 760964",Residential,15/11/2025,,
New Building,760965,965 Bah Soon Pah Road,"965 Bah Soon Pah Road, Singapore 760965",Residential,15/11/2025,,
New Building,760966,966 Bah Soon Pah Road,"966 Bah Soon Pah Road, Singapore 760966",Residential,15/11/2025,,
New Building,760967,967 Bah Soon Pah Road,"967 Bah Soon Pah Road, Singapore 760967",Residential,15/11/2025,,
New Building,760968,968 Bah Soon Pah Road,"968 Bah Soon Pah Road, Singapore 760968",Residential,15/11/2025,,
New Building,761962,962A Bah Soon Pah Road,"962A Bah Soon Pah Road, Singapore 761962",Residential,15/11/2025,,
New Building,761964,964A Bah Soon Pah Road,"964A Bah Soon Pah Road, Singapore 761964",Residential,15/11/2025,,
New Building,761965,965A Bah Soon Pah Road,"965A Bah Soon Pah Road, Singapore 761965",Residential,15/11/2025,,
New Building,761967,967A Bah Soon Pah Road,"967A Bah Soon Pah Road, Singapore 761967",Residential,15/11/2025,,
New Building,761968,968A Bah Soon Pah Road,"968A Bah Soon Pah Road, Singapore 761968",Residential,15/11/2025,,
New Building,762962,962B Bah Soon Pah Road,"962B Bah Soon Pah Road, Singapore 762962",Residential,15/11/2025,,
New Building,762964,964B Bah Soon Pah Road,"964B Bah Soon Pah Road, Singapore 762964",Residential,15/11/2025,,
New Building,762965,965B Bah Soon Pah Road,"965B Bah Soon Pah Road, Singapore 762965",Residential,15/11/2025,,
New Building,762967,967B Bah Soon Pah Road,"967B Bah Soon Pah Road, Singapore 762967",Residential,15/11/2025,,
New Building,762968,968B Bah Soon Pah Road,"968B Bah Soon Pah Road, Singapore 762968",Residential,15/11/2025,,
New Building,763965,965C Bah Soon Pah Road,"965C Bah Soon Pah Road, Singapore 763965",Residential,15/11/2025,,
New Building,798368,398 Piccadilly,"398 Piccadilly, Singapore 798368",Residential,15/11/2025,,
New Building,804198,54 Pollen Rise,"54 Pollen Rise, Singapore 804198",Residential,15/11/2025,,
New Building,804203,47 Pollen Rise,"47 Pollen Rise, Singapore 804203",Residential,15/11/2025,,
New Building,804204,48 Pollen Rise,"48 Pollen Rise, Singapore 804204",Residential,15/11/2025,,
New Building,804205,49 Pollen Rise,"49 Pollen Rise, Singapore 804205",Residential,15/11/2025,,
New Building,804206,50 Pollen Rise,"50 Pollen Rise, Singapore 804206",Residential,15/11/2025,,
New Building,804207,52 Pollen Rise,"52 Pollen Rise, Singapore 804207",Residential,15/11/2025,,
New Building,804208,42 Pollen Rise,"42 Pollen Rise, Singapore 804208",Residential,15/11/2025,,
New Building,804209,43 Pollen Rise,"43 Pollen Rise, Singapore 804209",Residential,15/11/2025,,
New Building,804210,44 Pollen Rise,"44 Pollen Rise, Singapore 804210",Residential,15/11/2025,,
New Building,804211,45 Pollen Rise,"45 Pollen Rise, Singapore 804211",Residential,15/11/2025,,
New Building,804212,46 Pollen Rise,"46 Pollen Rise, Singapore 804212",Residential,15/11/2025,,
New Building,804213,37 Pollen Rise,"37 Pollen Rise, Singapore 804213",Residential,15/11/2025,,
New Building,804214,38 Pollen Rise,"38 Pollen Rise, Singapore 804214",Residential,15/11/2025,,
New Building,804215,39 Pollen Rise,"39 Pollen Rise, Singapore 804215",Residential,15/11/2025,,
New Building,804216,40 Pollen Rise,"40 Pollen Rise, Singapore 804216",Residential,15/11/2025,,
New Building,804217,41 Pollen Rise,"41 Pollen Rise, Singapore 804217",Residential,15/11/2025,,
New Building,804218,32 Pollen Rise,"32 Pollen Rise, Singapore 804218",Residential,15/11/2025,,
New Building,804219,33 Pollen Rise,"33 Pollen Rise, Singapore 804219",Residential,15/11/2025,,
New Building,804220,34 Pollen Rise,"34 Pollen Rise, Singapore 804220",Residential,15/11/2025,,
New Building,804221,35 Pollen Rise,"35 Pollen Rise, Singapore 804221",Residential,15/11/2025,,
New Building,804222,36 Pollen Rise,"36 Pollen Rise, Singapore 804222",Residential,15/11/2025,,
New Building,804223,27 Pollen Rise,"27 Pollen Rise, Singapore 804223",Residential,15/11/2025,,
New Building,804224,28 Pollen Rise,"28 Pollen Rise, Singapore 804224",Residential,15/11/2025,,
New Building,804225,29 Pollen Rise,"29 Pollen Rise, Singapore 804225",Residential,15/11/2025,,
New Building,804226,30 Pollen Rise,"30 Pollen Rise, Singapore 804226",Residential,15/11/2025,,
New Building,804227,31 Pollen Rise,"31 Pollen Rise, Singapore 804227",Residential,15/11/2025,,
New Building,804228,22 Pollen Rise,"22 Pollen Rise, Singapore 804228",Residential,15/11/2025,,
New Building,804229,23 Pollen Rise,"23 Pollen Rise, Singapore 804229",Residential,15/11/2025,,
New Building,804230,24 Pollen Rise,"24 Pollen Rise, Singapore 804230",Residential,15/11/2025,,
New Building,804231,25 Pollen Rise,"25 Pollen Rise, Singapore 804231",Residential,15/11/2025,,
New Building,804232,26 Pollen Rise,"26 Pollen Rise, Singapore 804232",Residential,15/11/2025,,
New Building,804233,17 Pollen Rise,"17 Pollen Rise, Singapore 804233",Residential,15/11/2025,,
New Building,804234,18 Pollen Rise,"18 Pollen Rise, Singapore 804234",Residential,15/11/2025,,
New Building,804235,19 Pollen Rise,"19 Pollen Rise, Singapore 804235",Residential,15/11/2025,,
New Building,804236,20 Pollen Rise,"20 Pollen Rise, Singapore 804236",Residential,15/11/2025,,
New Building,804237,21 Pollen Rise,"21 Pollen Rise, Singapore 804237",Residential,15/11/2025,,
New Building,804238,12 Pollen Rise,"12 Pollen Rise, Singapore 804238",Residential,15/11/2025,,
New Building,804239,13 Pollen Rise,"13 Pollen Rise, Singapore 804239",Residential,15/11/2025,,
New Building,804240,14 Pollen Rise,"14 Pollen Rise, Singapore 804240",Residential,15/11/2025,,
New Building,804241,15 Pollen Rise,"15 Pollen Rise, Singapore 804241",Residential,15/11/2025,,
New Building,804242,16 Pollen Rise,"16 Pollen Rise, Singapore 804242",Residential,15/11/2025,,
New Building,804243,7 Pollen Rise,"7 Pollen Rise, Singapore 804243",Residential,15/11/2025,,
New Building,804244,8 Pollen Rise,"8 Pollen Rise, Singapore 804244",Residential,15/11/2025,,
New Building,804245,9 Pollen Rise,"9 Pollen Rise, Singapore 804245",Residential,15/11/2025,,
New Building,804246,10 Pollen Rise,"10 Pollen Rise, Singapore 804246",Residential,15/11/2025,,
New Building,804247,11 Pollen Rise,"11 Pollen Rise, Singapore 804247",Residential,15/11/2025,,
New Building,804248,2 Pollen Rise,"2 Pollen Rise, Singapore 804248",Residential,15/11/2025,,
New Building,804249,3 Pollen Rise,"3 Pollen Rise, Singapore 804249",Residential,15/11/2025,,
New Building,804250,4 Pollen Rise,"4 Pollen Rise, Singapore 804250",Residential,15/11/2025,,
New Building,804251,5 Pollen Rise,"5 Pollen Rise, Singapore 804251",Residential,15/11/2025,,
New Building,804252,6 Pollen Rise,"6 Pollen Rise, Singapore 804252",Residential,15/11/2025,,
New Building,804253,1 Pollen Rise,"1 Pollen Rise, Singapore 804253",Residential,15/11/2025,,
New Building,804254,58 Pollen Lane,"58 Pollen Lane, Singapore 804254",Residential,15/11/2025,,
New Building,804255,60 Pollen Lane,"60 Pollen Lane, Singapore 804255",Residential,15/11/2025,,
New Building,804259,52 Pollen Lane,"52 Pollen Lane, Singapore 804259",Residential,15/11/2025,,
New Building,804260,53 Pollen Lane,"53 Pollen Lane, Singapore 804260",Residential,15/11/2025,,
New Building,804261,54 Pollen Lane,"54 Pollen Lane, Singapore 804261",Residential,15/11/2025,,
New Building,804262,55 Pollen Lane,"55 Pollen Lane, Singapore 804262",Residential,15/11/2025,,
New Building,804263,56 Pollen Lane,"56 Pollen Lane, Singapore 804263",Residential,15/11/2025,,
New Building,804264,47 Pollen Lane,"47 Pollen Lane, Singapore 804264",Residential,15/11/2025,,
New Building,804265,48 Pollen Lane,"48 Pollen Lane, Singapore 804265",Residential,15/11/2025,,
New Building,804266,49 Pollen Lane,"49 Pollen Lane, Singapore 804266",Residential,15/11/2025,,
New Building,804267,50 Pollen Lane,"50 Pollen Lane, Singapore 804267",Residential,15/11/2025,,
New Building,804268,51 Pollen Lane,"51 Pollen Lane, Singapore 804268",Residential,15/11/2025,,
New Building,804269,42 Pollen Lane,"42 Pollen Lane, Singapore 804269",Residential,15/11/2025,,
New Building,804270,43 Pollen Lane,"43 Pollen Lane, Singapore 804270",Residential,15/11/2025,,
New Building,804271,44 Pollen Lane,"44 Pollen Lane, Singapore 804271",Residential,15/11/2025,,
New Building,804272,45 Pollen Lane,"45 Pollen Lane, Singapore 804272",Residential,15/11/2025,,
New Building,804273,46 Pollen Lane,"46 Pollen Lane, Singapore 804273",Residential,15/11/2025,,
New Building,804274,37 Pollen Lane,"37 Pollen Lane, Singapore 804274",Residential,15/11/2025,,
New Building,804275,38 Pollen Lane,"38 Pollen Lane, Singapore 804275",Residential,15/11/2025,,
New Building,804276,39 Pollen Lane,"39 Pollen Lane, Singapore 804276",Residential,15/11/2025,,
New Building,804277,40 Pollen Lane,"40 Pollen Lane, Singapore 804277",Residential,15/11/2025,,
New Building,804278,41 Pollen Lane,"41 Pollen Lane, Singapore 804278",Residential,15/11/2025,,
New Building,804413,36 Pollen Lane,"36 Pollen Lane, Singapore 804413",Residential,15/11/2025,,
New Building,804414,35 Pollen Lane,"35 Pollen Lane, Singapore 804414",Residential,15/11/2025,,
New Building,804415,30 Pollen Lane,"30 Pollen Lane, Singapore 804415",Residential,15/11/2025,,
New Building,804416,31 Pollen Lane,"31 Pollen Lane, Singapore 804416",Residential,15/11/2025,,
New Building,804417,32 Pollen Lane,"32 Pollen Lane, Singapore 804417",Residential,15/11/2025,,
New Building,804418,33 Pollen Lane,"33 Pollen Lane, Singapore 804418",Residential,15/11/2025,,
New Building,804419,34 Pollen Lane,"34 Pollen Lane, Singapore 804419",Residential,15/11/2025,,
New Building,804465,29 Pollen Lane,"29 Pollen Lane, Singapore 804465",Residential,15/11/2025,,
New Building,804466,28 Pollen Lane,"28 Pollen Lane, Singapore 804466",Residential,15/11/2025,,
New Building,804467,27 Pollen Lane,"27 Pollen Lane, Singapore 804467",Residential,15/11/2025,,
New Building,804468,26 Pollen Lane,"26 Pollen Lane, Singapore 804468",Residential,15/11/2025,,
New Building,804469,25 Pollen Lane,"25 Pollen Lane, Singapore 804469",Residential,15/11/2025,,
New Building,804481,24 Pollen Lane,"24 Pollen Lane, Singapore 804481",Residential,15/11/2025,,
New Building,804482,23 Pollen Lane,"23 Pollen Lane, Singapore 804482",Residential,15/11/2025,,
New Building,804483,22 Pollen Lane,"22 Pollen Lane, Singapore 804483",Residential,15/11/2025,,
New Building,804484,21 Pollen Lane,"21 Pollen Lane, Singapore 804484",Residential,15/11/2025,,
New Building,804485,16 Pollen Lane,"16 Pollen Lane, Singapore 804485",Residential,15/11/2025,,
New Building,804486,17 Pollen Lane,"17 Pollen Lane, Singapore 804486",Residential,15/11/2025,,
New Building,804487,18 Pollen Lane,"18 Pollen Lane, Singapore 804487",Residential,15/11/2025,,
New Building,804488,19 Pollen Lane,"19 Pollen Lane, Singapore 804488",Residential,15/11/2025,,
New Building,804489,20 Pollen Lane,"20 Pollen Lane, Singapore 804489",Residential,15/11/2025,,
New Building,804518,15 Pollen Lane,"15 Pollen Lane, Singapore 804518",Residential,15/11/2025,,
New Building,804519,14 Pollen Lane,"14 Pollen Lane, Singapore 804519",Residential,15/11/2025,,
New Building,804520,13 Pollen Lane,"13 Pollen Lane, Singapore 804520",Residential,15/11/2025,,
New Building,804521,8 Pollen Lane,"8 Pollen Lane, Singapore 804521",Residential,15/11/2025,,
New Building,804522,9 Pollen Lane,"9 Pollen Lane, Singapore 804522",Residential,15/11/2025,,
New Building,804523,10 Pollen Lane,"10 Pollen Lane, Singapore 804523",Residential,15/11/2025,,
New Building,804524,11 Pollen Lane,"11 Pollen Lane, Singapore 804524",Residential,15/11/2025,,
New Building,804525,12 Pollen Lane,"12 Pollen Lane, Singapore 804525",Residential,15/11/2025,,
New Building,804583,7 Pollen Lane,"7 Pollen Lane, Singapore 804583",Residential,15/11/2025,,
New Building,804584,2 Pollen Lane,"2 Pollen Lane, Singapore 804584",Residential,15/11/2025,,
New Building,804585,3 Pollen Lane,"3 Pollen Lane, Singapore 804585",Residential,15/11/2025,,
New Building,804586,4 Pollen Lane,"4 Pollen Lane, Singapore 804586",Residential,15/11/2025,,
New Building,804587,5 Pollen Lane,"5 Pollen Lane, Singapore 804587",Residential,15/11/2025,,
New Building,804588,6 Pollen Lane,"6 Pollen Lane, Singapore 804588",Residential,15/11/2025,,
New Building,804589,1 Pollen Lane,"1 Pollen Lane, Singapore 804589",Residential,15/11/2025,,
New Building,804590,60 Pollen Terrace,"60 Pollen Terrace, Singapore 804590",Residential,15/11/2025,,
New Building,804591,61 Pollen Terrace,"61 Pollen Terrace, Singapore 804591",Residential,15/11/2025,,
New Building,804592,62 Pollen Terrace,"62 Pollen Terrace, Singapore 804592",Residential,15/11/2025,,
New Building,804593,64 Pollen Terrace,"64 Pollen Terrace, Singapore 804593",Residential,15/11/2025,,
New Building,804595,55 Pollen Terrace,"55 Pollen Terrace, Singapore 804595",Residential,15/11/2025,,
New Building,804596,56 Pollen Terrace,"56 Pollen Terrace, Singapore 804596",Residential,15/11/2025,,
New Building,804597,57 Pollen Terrace,"57 Pollen Terrace, Singapore 804597",Residential,15/11/2025,,
New Building,804598,58 Pollen Terrace,"58 Pollen Terrace, Singapore 804598",Residential,15/11/2025,,
New Building,804599,59 Pollen Terrace,"59 Pollen Terrace, Singapore 804599",Residential,15/11/2025,,
New Building,804600,50 Pollen Terrace,"50 Pollen Terrace, Singapore 804600",Residential,15/11/2025,,
New Building,804601,51 Pollen Terrace,"51 Pollen Terrace, Singapore 804601",Residential,15/11/2025,,
New Building,804602,52 Pollen Terrace,"52 Pollen Terrace, Singapore 804602",Residential,15/11/2025,,
New Building,804603,53 Pollen Terrace,"53 Pollen Terrace, Singapore 804603",Residential,15/11/2025,,
New Building,804604,54 Pollen Terrace,"54 Pollen Terrace, Singapore 804604",Residential,15/11/2025,,
New Building,804798,49 Pollen Terrace,"49 Pollen Terrace, Singapore 804798",Residential,15/11/2025,,
New Building,804799,48 Pollen Terrace,"48 Pollen Terrace, Singapore 804799",Residential,15/11/2025,,
New Building,804800,37 Pollen Terrace,"37 Pollen Terrace, Singapore 804800",Residential,15/11/2025,,
New Building,804801,39 Pollen Terrace,"39 Pollen Terrace, Singapore 804801",Residential,15/11/2025,,
New Building,804802,41 Pollen Terrace,"41 Pollen Terrace, Singapore 804802",Residential,15/11/2025,,
New Building,804803,42 Pollen Terrace,"42 Pollen Terrace, Singapore 804803",Residential,15/11/2025,,
New Building,804804,43 Pollen Terrace,"43 Pollen Terrace, Singapore 804804",Residential,15/11/2025,,
New Building,804811,47 Pollen Terrace,"47 Pollen Terrace, Singapore 804811",Residential,15/11/2025,,
New Building,804812,46 Pollen Terrace,"46 Pollen Terrace, Singapore 804812",Residential,15/11/2025,,
New Building,804813,45 Pollen Terrace,"45 Pollen Terrace, Singapore 804813",Residential,15/11/2025,,
New Building,804814,44 Pollen Terrace,"44 Pollen Terrace, Singapore 804814",Residential,15/11/2025,,
New Building,804937,35 Pollen Terrace,"35 Pollen Terrace, Singapore 804937",Residential,15/11/2025,,
New Building,804938,33 Pollen Terrace,"33 Pollen Terrace, Singapore 804938",Residential,15/11/2025,,
New Building,804939,31 Pollen Terrace,"31 Pollen Terrace, Singapore 804939",Residential,15/11/2025,,
New Building,804940,9 Pollen Terrace,"9 Pollen Terrace, Singapore 804940",Residential,15/11/2025,,
New Building,804941,11 Pollen Terrace,"11 Pollen Terrace, Singapore 804941",Residential,15/11/2025,,
New Building,804942,13 Pollen Terrace,"13 Pollen Terrace, Singapore 804942",Residential,15/11/2025,,
New Building,804943,15 Pollen Terrace,"15 Pollen Terrace, Singapore 804943",Residential,15/11/2025,,
New Building,804944,17 Pollen Terrace,"17 Pollen Terrace, Singapore 804944",Residential,15/11/2025,,
New Building,804946,29 Pollen Terrace,"29 Pollen Terrace, Singapore 804946",Residential,15/11/2025,,
New Building,804947,27 Pollen Terrace,"27 Pollen Terrace, Singapore 804947",Residential,15/11/2025,,
New Building,804948,25 Pollen Terrace,"25 Pollen Terrace, Singapore 804948",Residential,15/11/2025,,
New Building,804949,23 Pollen Terrace,"23 Pollen Terrace, Singapore 804949",Residential,15/11/2025,,
New Building,804953,21 Pollen Terrace,"21 Pollen Terrace, Singapore 804953",Residential,15/11/2025,,
New Building,804954,19 Pollen Terrace,"19 Pollen Terrace, Singapore 804954",Residential,15/11/2025,,
New Building,804955,148 Pollen Crescent,"148 Pollen Crescent, Singapore 804955",Residential,15/11/2025,,
New Building,804956,150 Pollen Crescent,"150 Pollen Crescent, Singapore 804956",Residential,15/11/2025,,
New Building,804957,152 Pollen Crescent,"152 Pollen Crescent, Singapore 804957",Residential,15/11/2025,,
New Building,804958,154 Pollen Crescent,"154 Pollen Crescent, Singapore 804958",Residential,15/11/2025,,
New Building,805961,146 Pollen Crescent,"146 Pollen Crescent, Singapore 805961",Residential,15/11/2025,,
New Building,805962,144 Pollen Crescent,"144 Pollen Crescent, Singapore 805962",Residential,15/11/2025,,
New Building,805963,142 Pollen Crescent,"142 Pollen Crescent, Singapore 805963",Residential,15/11/2025,,
New Building,805964,140 Pollen Crescent,"140 Pollen Crescent, Singapore 805964",Residential,15/11/2025,,
New Building,805997,138 Pollen Crescent,"138 Pollen Crescent, Singapore 805997",Residential,15/11/2025,,
New Building,805998,136 Pollen Crescent,"136 Pollen Crescent, Singapore 805998",Residential,15/11/2025,,
New Building,805999,134 Pollen Crescent,"134 Pollen Crescent, Singapore 805999",Residential,15/11/2025,,
New Building,806000,132 Pollen Crescent,"132 Pollen Crescent, Singapore 806000",Residential,15/11/2025,,
New Building,806001,122 Pollen Crescent,"122 Pollen Crescent, Singapore 806001",Residential,15/11/2025,,
New Building,806002,124 Pollen Crescent,"124 Pollen Crescent, Singapore 806002",Residential,15/11/2025,,
New Building,806003,126 Pollen Crescent,"126 Pollen Crescent, Singapore 806003",Residential,15/11/2025,,
New Building,806004,128 Pollen Crescent,"128 Pollen Crescent, Singapore 806004",Residential,15/11/2025,,
New Building,806005,130 Pollen Crescent,"130 Pollen Crescent, Singapore 806005",Residential,15/11/2025,,
New Building,806006,112 Pollen Crescent,"112 Pollen Crescent, Singapore 806006",Residential,15/11/2025,,
New Building,806007,114 Pollen Crescent,"114 Pollen Crescent, Singapore 806007",Residential,15/11/2025,,
New Building,806008,116 Pollen Crescent,"116 Pollen Crescent, Singapore 806008",Residential,15/11/2025,,
New Building,806009,118 Pollen Crescent,"118 Pollen Crescent, Singapore 806009",Residential,15/11/2025,,
New Building,806010,120 Pollen Crescent,"120 Pollen Crescent, Singapore 806010",Residential,15/11/2025,,
New Building,806141,110 Pollen Crescent,"110 Pollen Crescent, Singapore 806141",Residential,15/11/2025,,
New Building,806142,100 Pollen Crescent,"100 Pollen Crescent, Singapore 806142",Residential,15/11/2025,,
New Building,806143,102 Pollen Crescent,"102 Pollen Crescent, Singapore 806143",Residential,15/11/2025,,
New Building,806144,104 Pollen Crescent,"104 Pollen Crescent, Singapore 806144",Residential,15/11/2025,,
New Building,806145,106 Pollen Crescent,"106 Pollen Crescent, Singapore 806145",Residential,15/11/2025,,
New Building,806146,108 Pollen Crescent,"108 Pollen Crescent, Singapore 806146",Residential,15/11/2025,,
New Building,806276,98 Pollen Crescent,"98 Pollen Crescent, Singapore 806276",Residential,15/11/2025,,
New Building,806335,96 Pollen Crescent,"96 Pollen Crescent, Singapore 806335",Residential,15/11/2025,,
New Building,806336,94 Pollen Crescent,"94 Pollen Crescent, Singapore 806336",Residential,15/11/2025,,
New Building,806337,92 Pollen Crescent,"92 Pollen Crescent, Singapore 806337",Residential,15/11/2025,,
New Building,806338,90 Pollen Crescent,"90 Pollen Crescent, Singapore 806338",Residential,15/11/2025,,
New Building,806339,95 Pollen Crescent,"95 Pollen Crescent, Singapore 806339",Residential,15/11/2025,,
New Building,806340,87 Pollen Crescent,"87 Pollen Crescent, Singapore 806340",Residential,15/11/2025,,
New Building,806341,88 Pollen Crescent,"88 Pollen Crescent, Singapore 806341",Residential,15/11/2025,,
New Building,806342,89 Pollen Crescent,"89 Pollen Crescent, Singapore 806342",Residential,15/11/2025,,
New Building,806343,91 Pollen Crescent,"91 Pollen Crescent, Singapore 806343",Residential,15/11/2025,,
New Building,806344,93 Pollen Crescent,"93 Pollen Crescent, Singapore 806344",Residential,15/11/2025,,
New Building,806448,86 Pollen Crescent,"86 Pollen Crescent, Singapore 806448",Residential,15/11/2025,,
New Building,806449,85 Pollen Crescent,"85 Pollen Crescent, Singapore 806449",Residential,15/11/2025,,
New Building,806450,84 Pollen Crescent,"84 Pollen Crescent, Singapore 806450",Residential,15/11/2025,,
New Building,806451,83 Pollen Crescent,"83 Pollen Crescent, Singapore 806451",Residential,15/11/2025,,
New Building,806452,78 Pollen Crescent,"78 Pollen Crescent, Singapore 806452",Residential,15/11/2025,,
New Building,806453,79 Pollen Crescent,"79 Pollen Crescent, Singapore 806453",Residential,15/11/2025,,
New Building,806454,80 Pollen Crescent,"80 Pollen Crescent, Singapore 806454",Residential,15/11/2025,,
New Building,806455,81 Pollen Crescent,"81 Pollen Crescent, Singapore 806455",Residential,15/11/2025,,
New Building,806456,82 Pollen Crescent,"82 Pollen Crescent, Singapore 806456",Residential,15/11/2025,,
New Building,806457,73 Pollen Crescent,"73 Pollen Crescent, Singapore 806457",Residential,15/11/2025,,
New Building,806458,74 Pollen Crescent,"74 Pollen Crescent, Singapore 806458",Residential,15/11/2025,,
New Building,806459,75 Pollen Crescent,"75 Pollen Crescent, Singapore 806459",Residential,15/11/2025,,
New Building,806460,76 Pollen Crescent,"76 Pollen Crescent, Singapore 806460",Residential,15/11/2025,,
New Building,806461,77 Pollen Crescent,"77 Pollen Crescent, Singapore 806461",Residential,15/11/2025,,
New Building,806490,72 Pollen Crescent,"72 Pollen Crescent, Singapore 806490",Residential,15/11/2025,,
New Building,806491,71 Pollen Crescent,"71 Pollen Crescent, Singapore 806491",Residential,15/11/2025,,
New Building,806492,70 Pollen Crescent,"70 Pollen Crescent, Singapore 806492",Residential,15/11/2025,,
New Building,806493,69 Pollen Crescent,"69 Pollen Crescent, Singapore 806493",Residential,15/11/2025,,
New Building,806494,64 Pollen Crescent,"64 Pollen Crescent, Singapore 806494",Residential,15/11/2025,,
New Building,806495,65 Pollen Crescent,"65 Pollen Crescent, Singapore 806495",Residential,15/11/2025,,
New Building,806496,66 Pollen Crescent,"66 Pollen Crescent, Singapore 806496",Residential,15/11/2025,,
New Building,806497,67 Pollen Crescent,"67 Pollen Crescent, Singapore 806497",Residential,15/11/2025,,
New Building,806498,68 Pollen Crescent,"68 Pollen Crescent, Singapore 806498",Residential,15/11/2025,,
New Building,806499,59 Pollen Crescent,"59 Pollen Crescent, Singapore 806499",Residential,15/11/2025,,
New Building,806500,60 Pollen Crescent,"60 Pollen Crescent, Singapore 806500",Residential,15/11/2025,,
New Building,806501,61 Pollen Crescent,"61 Pollen Crescent, Singapore 806501",Residential,15/11/2025,,
New Building,806502,62 Pollen Crescent,"62 Pollen Crescent, Singapore 806502",Residential,15/11/2025,,
New Building,806503,63 Pollen Crescent,"63 Pollen Crescent, Singapore 806503",Residential,15/11/2025,,
New Building,806584,58 Pollen Crescent,"58 Pollen Crescent, Singapore 806584",Residential,15/11/2025,,
New Building,806585,57 Pollen Crescent,"57 Pollen Crescent, Singapore 806585",Residential,15/11/2025,,
New Building,806586,56 Pollen Crescent,"56 Pollen Crescent, Singapore 806586",Residential,15/11/2025,,
New Building,806587,55 Pollen Crescent,"55 Pollen Crescent, Singapore 806587",Residential,15/11/2025,,
New Building,806588,50 Pollen Crescent,"50 Pollen Crescent, Singapore 806588",Residential,15/11/2025,,
New Building,806589,51 Pollen Crescent,"51 Pollen Crescent, Singapore 806589",Residential,15/11/2025,,
New Building,806590,52 Pollen Crescent,"52 Pollen Crescent, Singapore 806590",Residential,15/11/2025,,
New Building,806591,53 Pollen Crescent,"53 Pollen Crescent, Singapore 806591",Residential,15/11/2025,,
New Building,806592,54 Pollen Crescent,"54 Pollen Crescent, Singapore 806592",Residential,15/11/2025,,
New Building,806593,45 Pollen Crescent,"45 Pollen Crescent, Singapore 806593",Residential,15/11/2025,,
New Building,806594,46 Pollen Crescent,"46 Pollen Crescent, Singapore 806594",Residential,15/11/2025,,
New Building,806595,47 Pollen Crescent,"47 Pollen Crescent, Singapore 806595",Residential,15/11/2025,,
New Building,806596,48 Pollen Crescent,"48 Pollen Crescent, Singapore 806596",Residential,15/11/2025,,
New Building,806597,49 Pollen Crescent,"49 Pollen Crescent, Singapore 806597",Residential,15/11/2025,,
New Building,806651,40 Pollen Crescent,"40 Pollen Crescent, Singapore 806651",Residential,15/11/2025,,
New Building,806652,39 Pollen Crescent,"39 Pollen Crescent, Singapore 806652",Residential,15/11/2025,,
New Building,806653,38 Pollen Crescent,"38 Pollen Crescent, Singapore 806653",Residential,15/11/2025,,
New Building,806654,37 Pollen Crescent,"37 Pollen Crescent, Singapore 806654",Residential,15/11/2025,,
New Building,806655,36 Pollen Crescent,"36 Pollen Crescent, Singapore 806655",Residential,15/11/2025,,
New Building,806656,35 Pollen Crescent,"35 Pollen Crescent, Singapore 806656",Residential,15/11/2025,,
New Building,806657,34 Pollen Crescent,"34 Pollen Crescent, Singapore 806657",Residential,15/11/2025,,
New Building,806658,33 Pollen Crescent,"33 Pollen Crescent, Singapore 806658",Residential,15/11/2025,,
New Building,806659,32 Pollen Crescent,"32 Pollen Crescent, Singapore 806659",Residential,15/11/2025,,
New Building,806660,41 Pollen Crescent,"41 Pollen Crescent, Singapore 806660",Residential,15/11/2025,,
New Building,806661,42 Pollen Crescent,"42 Pollen Crescent, Singapore 806661",Residential,15/11/2025,,
New Building,806662,43 Pollen Crescent,"43 Pollen Crescent, Singapore 806662",Residential,15/11/2025,,
New Building,806663,44 Pollen Crescent,"44 Pollen Crescent, Singapore 806663",Residential,15/11/2025,,
New Building,806772,31 Pollen Crescent,"31 Pollen Crescent, Singapore 806772",Residential,15/11/2025,,
New Building,806773,30 Pollen Crescent,"30 Pollen Crescent, Singapore 806773",Residential,15/11/2025,,
New Building,806774,28 Pollen Crescent,"28 Pollen Crescent, Singapore 806774",Residential,15/11/2025,,
New Building,806775,26 Pollen Crescent,"26 Pollen Crescent, Singapore 806775",Residential,15/11/2025,,
New Building,806776,40 Pollen Terrace,"40 Pollen Terrace, Singapore 806776",Residential,15/11/2025,,
New Building,806777,1 Pollen Terrace,"1 Pollen Terrace, Singapore 806777",Residential,15/11/2025,,
New Building,806778,3 Pollen Terrace,"3 Pollen Terrace, Singapore 806778",Residential,15/11/2025,,
New Building,806779,5 Pollen Terrace,"5 Pollen Terrace, Singapore 806779",Residential,15/11/2025,,
New Building,806780,7 Pollen Terrace,"7 Pollen Terrace, Singapore 806780",Residential,15/11/2025,,
New Building,806781,30 Pollen Terrace,"30 Pollen Terrace, Singapore 806781",Residential,15/11/2025,,
New Building,806782,32 Pollen Terrace,"32 Pollen Terrace, Singapore 806782",Residential,15/11/2025,,
New Building,806783,34 Pollen Terrace,"34 Pollen Terrace, Singapore 806783",Residential,15/11/2025,,
New Building,806784,36 Pollen Terrace,"36 Pollen Terrace, Singapore 806784",Residential,15/11/2025,,
New Building,806785,38 Pollen Terrace,"38 Pollen Terrace, Singapore 806785",Residential,15/11/2025,,
New Building,806800,28 Pollen Terrace,"28 Pollen Terrace, Singapore 806800",Residential,15/11/2025,,
New Building,806801,26 Pollen Terrace,"26 Pollen Terrace, Singapore 806801",Residential,15/11/2025,,
New Building,806802,24 Pollen Terrace,"24 Pollen Terrace, Singapore 806802",Residential,15/11/2025,,
New Building,806803,14 Pollen Terrace,"14 Pollen Terrace, Singapore 806803",Residential,15/11/2025,,
New Building,806804,16 Pollen Terrace,"16 Pollen Terrace, Singapore 806804",Residential,15/11/2025,,
New Building,806805,18 Pollen Terrace,"18 Pollen Terrace, Singapore 806805",Residential,15/11/2025,,
New Building,806806,20 Pollen Terrace,"20 Pollen Terrace, Singapore 806806",Residential,15/11/2025,,
New Building,806807,22 Pollen Terrace,"22 Pollen Terrace, Singapore 806807",Residential,15/11/2025,,
New Building,806808,4 Pollen Terrace,"4 Pollen Terrace, Singapore 806808",Residential,15/11/2025,,
New Building,806809,6 Pollen Terrace,"6 Pollen Terrace, Singapore 806809",Residential,15/11/2025,,
New Building,806810,8 Pollen Terrace,"8 Pollen Terrace, Singapore 806810",Residential,15/11/2025,,
New Building,806811,10 Pollen Terrace,"10 Pollen Terrace, Singapore 806811",Residential,15/11/2025,,
New Building,806812,12 Pollen Terrace,"12 Pollen Terrace, Singapore 806812",Residential,15/11/2025,,
New Building,806813,2 Pollen Terrace,"2 Pollen Terrace, Singapore 806813",Residential,15/11/2025,,
New Building,808854,69A Neram Road,"69A Neram Road, Singapore 808854",Residential,15/11/2025,,
New Building,808855,69B Neram Road,"69B Neram Road, Singapore 808855",Residential,15/11/2025,,
New Building,308076,2 Moulmein Road,"2 Moulmein Road, Singapore 308076",Residential,15/11/2025,,
New Building,388309,43B Lorong 25 Geylang,"43B Lorong 25 Geylang, Singapore 388309",Residential,15/11/2025,,
New Building,418000,Kaki Bukit Polyclinic,"18 Jalan Damai Kaki Bukit Polyclinic, Singapore 418000",Non-Residential,15/11/2025,,
Name Change,449524,37 Marine Parade,"37 Marine Parade, Singapore 449524",Residential,15/11/2025,NIL,
Name Change,210018,Farrer Park Fields,"18 Farrer Park Road Farrer Park Fields, Singapore 210018",Non-Residential,15/11/2025,NIL,
Name Change,138507,1 Stars Avenue,"1 Stars Avenue, Singapore 138507",Residential,15/11/2025,MEDIACORP CAMPUS,
Name Change,272050,50B Ghim Moh Close,"50B Ghim Moh Close, Singapore 272050",Residential,15/11/2025,NIL,
Name Change,764524,524D Yishun Street 53,"524D Yishun Street 53, Singapore 764524",Residential,15/11/2025,NIL,
Name Change,762527,527B Yishun Street 53,"527B Yishun Street 53, Singapore 762527",Residential,15/11/2025,NIL,
Name Change,579646,Pro-teach Schoolcare (ai Tong),"100 Bright Hill Drive Pro-teach Schoolcare (ai Tong), Singapore 579646",Non-Residential,15/11/2025,AI TONG SCHOOL,
Name Change,257564,Woollerton Park,"20 Woollerton Drive Woollerton Park, Singapore 257564",Non-Residential,15/11/2025,NIL,
Name Change,271052,52A Ghim Moh Close,"52A Ghim Moh Close, Singapore 271052",Residential,15/11/2025,NIL,
Name Change,529448,81 Tampines Street 62,"81 Tampines Street 62, Singapore 529448",Residential,15/11/2025,TENET (U/C),
Name Change,670412,Pcf Sparkletots Preschool @ Bukit Panjang 412 (cc),"412 Saujana Road Pcf Sparkletots Preschool @ Bukit Panjang 412 (cc), Singapore 670412",Non-Residential,15/11/2025,NIL,
Name Change,699893,Copen Grand,"65 Tengah Garden Walk Copen Grand, Singapore 699893",Non-Residential,15/11/2025,COPEN GRAND (U/C),
Name Change,573955,Red Schoolhouse Pte Ltd,"34 Sin Ming Lane Red Schoolhouse Pte Ltd, Singapore 573955",Non-Residential,15/11/2025,MIDVIEW CITY,
Name Change,619101,Jurong Industrial Estate (blk 1),"27A Jurong Port Road Jurong Industrial Estate (blk 1), Singapore 619101",Non-Residential,15/11/2025,JURONG INDUSTRIAL ESTATE,
Name Change,271053,53A Ghim Moh Link,"53A Ghim Moh Link, Singapore 271053",Residential,15/11/2025,NIL,
Name Change,189656,Nanyang Academy of Fine Arts (campus 3),"151 Bencoolen Street Nanyang Academy of Fine Arts (campus 3), Singapore 189656",Non-Residential,15/11/2025,LEE FOUNDATION THEATRE,
Name Change,733886,886C Woodlands Drive 50,"886C Woodlands Drive 50, Singapore 733886",Residential,15/11/2025,SWEETLANDS CHILDCARE WOODLANDS 886C PTE. LTD.,
Name Change,439476,Mfc Kindergarten (broadrick Road),"11 Broadrick Road Mfc Kindergarten (broadrick Road), Singapore 439476",Non-Residential,15/11/2025,NIL,
Name Change,730194,Marsiling Ridge,"194 Woodlands Centre Road Marsiling Ridge, Singapore 730194",Non-Residential,15/11/2025,NIL,
Name Change,763516,516C Miltonia Close,"516C Miltonia Close, Singapore 763516",Residential,15/11/2025,NIL,
Name Change,642406,406B Jurong West Street 42,"406B Jurong West Street 42, Singapore 642406",Residential,15/11/2025,NIL,
Name Change,213018,Farrer Park Fields,"18C Farrer Park Road Farrer Park Fields, Singapore 213018",Non-Residential,15/11/2025,NIL,
Name Change,570246,246 Bishan Street 22,"246 Bishan Street 22, Singapore 570246",Residential,15/11/2025,NIL,
Name Change,457037,Modern Montessori Kindergarten,"12 Kee Sun Avenue Modern Montessori Kindergarten, Singapore 457037",Non-Residential,15/11/2025,NIL,
Name Change,117565,National University of Singapore (sde2),"2 Architecture Drive National University of Singapore (sde2), Singapore 117565",Non-Residential,15/11/2025,NATIONAL UNIVERSITY OF SINGAPORE,
Name Change,138530,NUS College,"22 College Avenue West NUS College, Singapore 138530",Non-Residential,15/11/2025,YALE-NUS COLLEGE CAMPUS,
Name Change,219528,Siddh Peeth Shree Lakshminarayan Temple,"5 Chander Road Siddh Peeth Shree Lakshminarayan Temple, Singapore 219528",Non-Residential,15/11/2025,NIL,
Name Change,761529,529A Yishun Street 53,"529A Yishun Street 53, Singapore 761529",Residential,15/11/2025,NIL,
Name Change,227988,Epworth Student Care (anglo-chinese School Junior),"16 Winstedt Road Epworth Student Care (anglo-chinese School Junior), Singapore 227988",Non-Residential,15/11/2025,ANGLO-CHINESE SCHOOL (JUNIOR),
Name Change,48624,Uob Plaza,"80 Raffles Place Uob Plaza, Singapore 48624",Non-Residential,15/11/2025,MASJID MOULANA MD ALI,
Name Change,569822,Nanyang Polytechnic (blk N),"164 Ang Mo Kio Avenue 8 Nanyang Polytechnic (blk N), Singapore 569822",Non-Residential,15/11/2025,NANYANG POLYTECHNIC,
Name Change,641404,404A Jurong West Street 42,"404A Jurong West Street 42, Singapore 641404",Residential,15/11/2025,NIL,
Name Change,752501,501B Wellington Circle,"501B Wellington Circle, Singapore 752501",Residential,15/11/2025,GLORY JOY CHILD DEVELOPMENT CENTRE,
Name Change,730590,590 Woodlands Drive 17,"590 Woodlands Drive 17, Singapore 730590",Residential,15/11/2025,NIL,
Name Change,699913,Copen Grand,"59 Tengah Garden Walk Copen Grand, Singapore 699913",Non-Residential,15/11/2025,COPEN GRAND (U/C),
Name Change,762516,516B Miltonia Close,"516B Miltonia Close, Singapore 762516",Residential,15/11/2025,NIL,
Name Change,651476,476A Bukit Batok West Avenue 5,"476A Bukit Batok West Avenue 5, Singapore 651476",Residential,15/11/2025,NIL,
Name Change,550129,129 Serangoon North Avenue 1,"129 Serangoon North Avenue 1, Singapore 550129",Residential,15/11/2025,NIL,
Name Change,760173,Kidz Meadow Childcare and Development Centre,"173 Yishun Avenue 7 Kidz Meadow Childcare and Development Centre, Singapore 760173",Non-Residential,15/11/2025,NIL,
Name Change,486975,Zion Presbyterian Church,"535 Upper Changi Road Zion Presbyterian Church, Singapore 486975",Non-Residential,15/11/2025,NIL,
Name Change,328836,Singapore Dental Council (sdc),"81 Kim Keat Road Singapore Dental Council (sdc), Singapore 328836",Non-Residential,15/11/2025,NKF CENTRE,
Name Change,321126,126A Jalan Rajah,"126A Jalan Rajah, Singapore 321126",Residential,15/11/2025,NIL,
Name Change,730101,Pcf Sparkletots Preschool @ Woodgrove 101 (cc),"101 Woodlands Street 13 Pcf Sparkletots Preschool @ Woodgrove 101 (cc), Singapore 730101",Non-Residential,15/11/2025,NIL,
Name Change,550141,Pcf Sparkletots Preschool @ Serangoon 141 (cc),"141 Serangoon North Avenue 2 Pcf Sparkletots Preschool @ Serangoon 141 (cc), Singapore 550141",Non-Residential,15/11/2025,NIL,
Name Change,677899,New Life Community Services,"1 Woodlands Road New Life Community Services, Singapore 677899",Non-Residential,15/11/2025,JUNCTION 10,
Name Change,574013,10 Bishan Street 21,"10 Bishan Street 21, Singapore 574013",Residential,15/11/2025,RAFFLES INSTITUTION (BLK A),
Name Change,692328,Parc Meadow @ Tengah,"328B Tengah Park Avenue Parc Meadow @ Tengah, Singapore 692328",Non-Residential,15/11/2025,PARK MEADOW @ TENGAH,
Name Change,308564,Eng Aun Park,"9 Jalan Novena Selatan Eng Aun Park, Singapore 308564",Non-Residential,15/11/2025,NIL,
Name Change,556082,Serangoon MRT Station (cc13),"21 Serangoon Central Serangoon MRT Station (cc13), Singapore 556082",Non-Residential,15/11/2025,SERANGOON MRT STATION,
Name Change,455341,Eastwood Gardens,"14 Tua Kong Terrace Eastwood Gardens, Singapore 455341",Non-Residential,15/11/2025,NIL,
Name Change,257699,766 Tyersall Avenue,"766 Tyersall Avenue, Singapore 257699",Residential,15/11/2025,NIL,
Name Change,510605,Sian Chay Medical Institution Pasir Ris West Branch,"605 Elias Road Sian Chay Medical Institution Pasir Ris West Branch, Singapore 510605",Non-Residential,15/11/2025,ELIAS VIEW,
Name Change,760517,517 Miltonia Close,"517 Miltonia Close, Singapore 760517",Residential,15/11/2025,NIL,
Name Change,238865,Tang Plaza,"320 Orchard Road Tang Plaza, Singapore 238865",Non-Residential,15/11/2025,SINGAPORE MARRIOTT TANG PLAZA HOTEL,
Name Change,640694,Pcf Sparkletots Preschool @ Pioneer 694 (cc),"694 Jurong West Central 1 Pcf Sparkletots Preschool @ Pioneer 694 (cc), Singapore 640694",Non-Residential,15/11/2025,NIL,
Name Change,668382,79 Phoenix Avenue,"79 Phoenix Avenue, Singapore 668382",Residential,15/11/2025,PHOENIX RESIDENCES (U/C),
Name Change,730592,592 Woodlands Drive 17,"592 Woodlands Drive 17, Singapore 730592",Residential,15/11/2025,NIL,
Name Change,59570,3 Magazine Road,"3 Magazine Road, Singapore 59570",Residential,15/11/2025,UNION SQUARE,
Name Change,440018,18 Marine Terrace,"18 Marine Terrace, Singapore 440018",Residential,15/11/2025,MARINE TERRACE BREEZE,
Name Change,762529,529B Yishun Street 53,"529B Yishun Street 53, Singapore 762529",Residential,15/11/2025,NIL,
Name Change,460108,Pcf Sparkletots Preschool @ Fengshan 108 (cc),"108 Bedok North Road Pcf Sparkletots Preschool @ Fengshan 108 (cc), Singapore 460108",Non-Residential,15/11/2025,FENGSHAN ESTATE,
Name Change,237995,11 Unity Street,"11 Unity Street, Singapore 237995",Residential,15/11/2025,CAMBRIDGE CDC @ TANGLIN PTE. LTD.,
Name Change,508652,4 Mariam Close,"4 Mariam Close, Singapore 508652",Residential,15/11/2025,NIL,
Name Change,569253,6 Ang Mo Kio Street 44,"6 Ang Mo Kio Street 44, Singapore 569253",Residential,15/11/2025,PATHLIGHT SCHOOL 2,
Name Change,438052,11 Margate Road,"11 Margate Road, Singapore 438052",Residential,15/11/2025,NIL,
Name Change,608549,50 Jurong Gateway Road,"50 Jurong Gateway Road, Singapore 608549",Residential,15/11/2025,CATHAY CINEPLEX JEM,
Name Change,691101,101A Plantation Close,"101A Plantation Close, Singapore 691101",Residential,15/11/2025,NIL,
Name Change,488047,Laguna National Golf & Country Club,"11 Laguna Golf Green Laguna National Golf & Country Club, Singapore 488047",Non-Residential,15/11/2025,DUSIT THANI LAGUNA SINGAPORE,
Name Change,650626,626 Bukit Batok Central,"626 Bukit Batok Central, Singapore 650626",Residential,15/11/2025,NIL,
Name Change,347588,46 Wan Tho Avenue,"46 Wan Tho Avenue, Singapore 347588",Residential,15/11/2025,NIL,
Name Change,640420,Little Talent Childcare & Development Centre,"420 Jurong West Street 42 Little Talent Childcare & Development Centre, Singapore 640420",Non-Residential,15/11/2025,NIL,
Name Change,643656,656C Jurong West Street 61,"656C Jurong West Street 61, Singapore 643656",Residential,15/11/2025,NIL,
Name Change,732591,591B Woodlands Drive 17,"591B Woodlands Drive 17, Singapore 732591",Residential,15/11/2025,NIL,
Name Change,601291,291A Jurong East Street 24,"291A Jurong East Street 24, Singapore 601291",Residential,15/11/2025,NIL,
Name Change,408826,Armorcoat Technologies Building,"152 Ubi Avenue 4 Armorcoat Technologies Building, Singapore 408826",Non-Residential,15/11/2025,NIL,
Name Change,692327,Parc Meadow @ Tengah,"327B Tengah Park Avenue Parc Meadow @ Tengah, Singapore 692327",Non-Residential,15/11/2025,PARK MEADOW @ TENGAH,
Name Change,650459,459 Bukit Batok West Avenue 8,"459 Bukit Batok West Avenue 8, Singapore 650459",Residential,15/11/2025,NIL,
Name Change,658072,4th Scdf Division Hq / Bukit Batok Fire Station,"80 Bukit Batok Road 4th Scdf Division Hq / Bukit Batok Fire Station, Singapore 658072",Non-Residential,15/11/2025,4TH SCDF DIVISION HQ,
Name Change,537948,Charlton Park,"24 Jalan Lepas Charlton Park, Singapore 537948",Non-Residential,15/11/2025,NIL,
Name Change,117542,National University of Singapore (s14),"2 Science Drive 2 National University of Singapore (s14), Singapore 117542",Non-Residential,15/11/2025,NATIONAL UNIVERSITY OF SINGAPORE,
Name Change,130061,61 Commonwealth Avenue West,"61 Commonwealth Avenue West, Singapore 130061",Residential,15/11/2025,NIL,
Name Change,59827,28 Carpenter Street,"28 Carpenter Street, Singapore 59827",Residential,15/11/2025,TRAVEL CURATORS HQ,
Name Change,460093,Sasco Child Care Centre (bedok),"93 Bedok North Avenue 4 Sasco Child Care Centre (bedok), Singapore 460093",Non-Residential,15/11/2025,NIL,
Name Change,699894,Copen Grand,"67 Tengah Garden Walk Copen Grand, Singapore 699894",Non-Residential,15/11/2025,COPEN GRAND (U/C),
Name Change,524201,Tampines 24-hr Family Clinic,"201D Tampines Street 21 Tampines 24-hr Family Clinic, Singapore 524201",Non-Residential,15/11/2025,NIL,
Name Change,486119,7 Changi South Lane,"7 Changi South Lane, Singapore 486119",Residential,15/11/2025,KIAN ANN BUILDING,
Name Change,760524,524 Yishun Street 53,"524 Yishun Street 53, Singapore 760524",Residential,15/11/2025,NIL,
Name Change,138632,1 Fusionopolis Way,"1 Fusionopolis Way, Singapore 138632",Residential,15/11/2025,"AGENCY FOR SCIENCE, TECHNOLOGY AND RESEARCH (A*STAR)",
Name Change,270056,Ulu Pandan Banks,"56 Ghim Moh Link Ulu Pandan Banks, Singapore 270056",Non-Residential,15/11/2025,NIL,
Name Change,271004,Pcf Sparkletots Preschool @ Buona Vista 4 (ds),"4 Holland Close Pcf Sparkletots Preschool @ Buona Vista 4 (ds), Singapore 271004",Non-Residential,15/11/2025,NIL,
Name Change,271051,51A Ghim Moh Close,"51A Ghim Moh Close, Singapore 271051",Residential,15/11/2025,NIL,
Name Change,679946,Pro-teach School Care (west Spring),"60 Bukit Panjang Ring Road Pro-teach School Care (west Spring), Singapore 679946",Non-Residential,15/11/2025,MOE KINDERGARTEN @ WEST SPRING,
Name Change,520443,Pcf Sparkletots Preschool @ Tampines North Blk 443 (kn),"443 Tampines Street 43 Pcf Sparkletots Preschool @ Tampines North Blk 443 (kn), Singapore 520443",Non-Residential,15/11/2025,NIL,
Name Change,589377,Greenbank Park,"16 Greenbank Park, Singapore 589377",Non-Residential,15/11/2025,NIL,
Name Change,564809,809D Ang Mo Kio Street 82,"809D Ang Mo Kio Street 82, Singapore 564809",Residential,15/11/2025,NIL,
Name Change,399199,Z Hotel,"44 Lorong 6 Geylang Z Hotel, Singapore 399199",Non-Residential,15/11/2025,OH MY SUITES,
Name Change,273057,Ulu Pandan Banks,"57C Ghim Moh Link Ulu Pandan Banks, Singapore 273057",Non-Residential,15/11/2025,NIL,
Name Change,560808,808 Ang Mo Kio Street 82,"808 Ang Mo Kio Street 82, Singapore 560808",Residential,15/11/2025,NIL,
Name Change,161098,98A Havelock Road,"98A Havelock Road, Singapore 161098",Residential,15/11/2025,NIL,
Name Change,762523,523B Yishun Street 53,"523B Yishun Street 53, Singapore 762523",Residential,15/11/2025,NIL,
Name Change,731896,Sweetlands Childcare Woodlands 896b Pte. Ltd.,"896B Woodlands Drive 50 Sweetlands Childcare Woodlands 896b Pte. Ltd., Singapore 731896",Non-Residential,15/11/2025,NIL,
Name Change,561808,808A Ang Mo Kio Street 82,"808A Ang Mo Kio Street 82, Singapore 561808",Residential,15/11/2025,NIL,
Name Change,599807,Cheng Soon Garden,"31 Cheng Soon Garden, Singapore 599807",Non-Residential,15/11/2025,NIL,
Name Change,89067,21 Keppel Road,"21 Keppel Road, Singapore 89067",Residential,15/11/2025,CUSTOMS OPERATIONS CENTRE,
Name Change,680610,610 Choa Chu Kang Street 62,"610 Choa Chu Kang Street 62, Singapore 680610",Residential,15/11/2025,NIL,
Name Change,88256,1 Cantonment Close,"1 Cantonment Close, Singapore 88256",Residential,15/11/2025,CANTONMENT PRIMARY SCHOOL,
Name Change,760277,Pcf Sparkletots Preschool @ Chong Pang 277 (cc),"277 Yishun Street 22 Pcf Sparkletots Preschool @ Chong Pang 277 (cc), Singapore 760277",Non-Residential,15/11/2025,FICUS VALE,
Name Change,140203,203 Queen's Crescent,"203 Queen's Crescent, Singapore 140203",Residential,15/11/2025,NIL,
Name Change,652474,474B Bukit Batok West Avenue 5,"474B Bukit Batok West Avenue 5, Singapore 652474",Residential,15/11/2025,NIL,
Name Change,562809,809B Ang Mo Kio Street 82,"809B Ang Mo Kio Street 82, Singapore 562809",Residential,15/11/2025,NIL,
Name Change,508723,Loyang Industrial Estate,"11 Loyang Way Loyang Industrial Estate, Singapore 508723",Non-Residential,15/11/2025,NIL,
Name Change,188994,210 Middle Road,"210 Middle Road, Singapore 188994",Residential,15/11/2025,SINGAPORE POOLS BUILDING,
Name Change,310206,206 Toa Payoh North,"206 Toa Payoh North, Singapore 310206",Residential,15/11/2025,AI ZI LEARNING CENTRE,
Name Change,699911,Copen Grand,"55 Tengah Garden Walk Copen Grand, Singapore 699911",Non-Residential,15/11/2025,COPEN GRAND (U/C),
Name Change,554360,Mindchamps Preschool @ Buangkok Pte Ltd,"15 Serangoon North Avenue 5 Mindchamps Preschool @ Buangkok Pte Ltd, Singapore 554360",Non-Residential,15/11/2025,NIL,
Name Change,768770,Sri Veeramuthu Muneeswarar Temple,"523 Yishun Industrial Park a Sri Veeramuthu Muneeswarar Temple, Singapore 768770",Non-Residential,15/11/2025,HOCK HUAT KENG TEMPLE,
Name Change,640688,Whispering Hearts Child Care Centre,"688 Jurong West Central 1 Whispering Hearts Child Care Centre, Singapore 640688",Non-Residential,15/11/2025,NIL,
Name Change,449971,Marine Parade MRT Station (te26),"101 Marine Parade Road Marine Parade MRT Station (te26), Singapore 449971",Non-Residential,15/11/2025,NIL,
Name Change,120353,Market & Hawker Centre (blk 353 Clementi Ave 2),"353 Clementi Avenue 2 Market & Hawker Centre (blk 353 Clementi Ave 2), Singapore 120353",Non-Residential,15/11/2025,CLEMENTI AVE 2 MARKET/COOKED FOOD CENTRE,
Name Change,462046,46B Bedok South Avenue 3,"46B Bedok South Avenue 3, Singapore 462046",Residential,15/11/2025,NIL,
Name Change,560502,Pcf Sparkletots Preschool @ Cheng San-seletar 502 (cc),"502 Ang Mo Kio Avenue 5 Pcf Sparkletots Preschool @ Cheng San-seletar 502 (cc), Singapore 560502",Non-Residential,15/11/2025,CHENG SAN CREST,
Name Change,109257,Koon Seng Ting Temple,"4 Telok Blangah Drive Koon Seng Ting Temple, Singapore 109257",Non-Residential,15/11/2025,NIL,
Name Change,259708,Camberley International Pre-school Private Limited,"271 Bukit Timah Road Camberley International Pre-school Private Limited, Singapore 259708",Non-Residential,15/11/2025,BALMORAL PLAZA,
Name Change,59572,7 Magazine Road,"7 Magazine Road, Singapore 59572",Residential,15/11/2025,UNION SQUARE,
Name Change,560806,806 Ang Mo Kio Street 82,"806 Ang Mo Kio Street 82, Singapore 560806",Residential,15/11/2025,NIL,
Name Change,761524,524A Yishun Street 53,"524A Yishun Street 53, Singapore 761524",Residential,15/11/2025,NIL,
Name Change,689336,Kuan Ti Temple,"15 Choa Chu Kang Street 51 Kuan Ti Temple, Singapore 689336",Non-Residential,15/11/2025,CHOA CHU KANG LIAN HE TEMPLE,
Name Change,643406,406C Jurong West Street 42,"406C Jurong West Street 42, Singapore 643406",Residential,15/11/2025,NIL,
Name Change,788282,Springleaf Garden,"34 Springleaf Drive Springleaf Garden, Singapore 788282",Non-Residential,15/11/2025,NIL,
Name Change,699887,Copen Grand,"73 Tengah Garden Walk Copen Grand, Singapore 699887",Non-Residential,15/11/2025,COPEN GRAND (U/C),
Name Change,461048,48A Bedok South Avenue 3,"48A Bedok South Avenue 3, Singapore 461048",Residential,15/11/2025,NIL,
Name Change,412117,117B Jalan Kembangan,"117B Jalan Kembangan, Singapore 412117",Residential,15/11/2025,NIL,
Name Change,460047,47 Bedok South Avenue 3,"47 Bedok South Avenue 3, Singapore 460047",Residential,15/11/2025,NIL,
Name Change,463047,47C Bedok South Avenue 3,"47C Bedok South Avenue 3, Singapore 463047",Residential,15/11/2025,NIL,
Name Change,179094,High Street Centre,"1 North Bridge Road High Street Centre, Singapore 179094",Non-Residential,15/11/2025,CONSULATE OF THE DEMOCRATIC REPUBLIC OF CONGO,
Name Change,591501,Trans Centre (bukit Timah),"1 Toh Yi Drive Trans Centre (bukit Timah), Singapore 591501",Non-Residential,15/11/2025,NEIGHBOURHOOD POLICE POST BUKIT TIMAH,
Name Change,668159,6 Phoenix Road,"6 Phoenix Road, Singapore 668159",Residential,15/11/2025,THE ARDEN (U/C),
Name Change,455468,32 Tosca Street,"32 Tosca Street, Singapore 455468",Residential,15/11/2025,NIL,
Name Change,650285,285 Bukit Batok East Avenue 3,"285 Bukit Batok East Avenue 3, Singapore 650285",Residential,15/11/2025,NIL,
Name Change,779105,Spiritual Grace Presbyterian Church,"109 Sembawang Road Spiritual Grace Presbyterian Church, Singapore 779105",Non-Residential,15/11/2025,SPIRITUAL GRACE MEMORIAL GARDEN,
Name Change,641993,993A Jurong West Street 93,"993A Jurong West Street 93, Singapore 641993",Residential,15/11/2025,NIL,
Name Change,738099,1 Woodlands Square,"1 Woodlands Square, Singapore 738099",Residential,15/11/2025,CATHAY CINEPLEX CAUSEWAY POINT,
Name Change,309917,Methodist Centre (anglo-chinese School (barker Road)),"48 Barker Road Methodist Centre (anglo-chinese School (barker Road)), Singapore 309917",Non-Residential,15/11/2025,BARKER ROAD METHODIST CHURCH,
Name Change,540208,Pcf Sparkletots Preschool @ Sengkang Central 208 (cc),"208 Compassvale Lane Pcf Sparkletots Preschool @ Sengkang Central 208 (cc), Singapore 540208",Non-Residential,15/11/2025,COMPASSVALE CREST,
Name Change,689286,Pcf Yew Tee Branch Student Care Centre,"20 Choa Chu Kang Street 52 Pcf Yew Tee Branch Student Care Centre, Singapore 689286",Non-Residential,15/11/2025,NEIGHBOURHOOD POLICE CENTRE CHOA CHU KANG,
Name Change,141204,204A Queen's Crescent,"204A Queen's Crescent, Singapore 141204",Residential,15/11/2025,NIL,
Name Change,828598,Punggol Soka Centre,"50 Sumang Walk Punggol Soka Centre, Singapore 828598",Non-Residential,15/11/2025,NIL,
Name Change,691332,Parc Meadow @ Tengah,"332A Tengah Park Avenue Parc Meadow @ Tengah, Singapore 691332",Non-Residential,15/11/2025,PARK MEADOW @ TENGAH,
Name Change,769301,39 Yishun Close,"39 Yishun Close, Singapore 769301",Residential,15/11/2025,NORTH GAIA (U/C),
Name Change,469645,5 Bedok North Street 2,"5 Bedok North Street 2, Singapore 469645",Residential,15/11/2025,BEDOK SPORTS CENTRE,
Name Change,650151,Promisedland Student Centre,"151 Bukit Batok Street 11 Promisedland Student Centre, Singapore 650151",Non-Residential,15/11/2025,NIL,
Name Change,768682,Hong San See Temple,"561 Yishun Ring Road Hong San See Temple, Singapore 768682",Non-Residential,15/11/2025,NIL,
Name Change,277550,Eden Park,"5 Maple Lane Eden Park, Singapore 277550",Non-Residential,15/11/2025,NIL,
Name Change,588998,Sherwood Towers,"3 Jalan Anak Bukit Sherwood Towers, Singapore 588998",Non-Residential,15/11/2025,BUKIT TIMAH PLAZA,
Name Change,288735,Nanyang Girls' Boarding School,"21 Linden Drive Nanyang Girls' Boarding School, Singapore 288735",Non-Residential,15/11/2025,NIL,
Name Change,168753,Singapore General Hospital (blk C),"31 Third Hospital Avenue Singapore General Hospital (blk C), Singapore 168753",Non-Residential,15/11/2025,BOWYER BLOCK,
Name Change,579080,Clover Park,"7 Clover Way Clover Park, Singapore 579080",Non-Residential,15/11/2025,NIL,
Name Change,287775,Safari House Preschool Vanda,"5 Vanda Road Safari House Preschool Vanda, Singapore 287775",Non-Residential,15/11/2025,ORCHID VILLAGE,
Name Change,602291,291B Jurong East Street 24,"291B Jurong East Street 24, Singapore 602291",Residential,15/11/2025,NIL,
Name Change,600294,294 Jurong East Street 24,"294 Jurong East Street 24, Singapore 600294",Residential,15/11/2025,NIL,
Name Change,160050,50 Havelock Road,"50 Havelock Road, Singapore 160050",Residential,15/11/2025,MY FIRST SKOOL,
Name Change,641406,406A Jurong West Street 42,"406A Jurong West Street 42, Singapore 641406",Residential,15/11/2025,NIL,
Name Change,59725,Former Ministry of Labour Building,"3 Havelock Square Former Ministry of Labour Building, Singapore 59725",Non-Residential,15/11/2025,FAMILY JUSTICE COURTS,
Name Change,680567,Pcf Sparkletots Preschool @ Limbang 567 (cc),"567 Choa Chu Kang Street 52 Pcf Sparkletots Preschool @ Limbang 567 (cc), Singapore 680567",Non-Residential,15/11/2025,NIL,
Name Change,681822,822A Keat Hong Link,"822A Keat Hong Link, Singapore 681822",Residential,15/11/2025,NIL,
Name Change,768443,Sembawang Presbyterian Church,"10B Jalan Jeruju Sembawang Presbyterian Church, Singapore 768443",Non-Residential,15/11/2025,EDELWEISS KINDERGARTEN SEMBAWANG PRESBYTERIAN CHURCH,
Name Change,212016,Farrer Park Fields,"16B Farrer Park Road Farrer Park Fields, Singapore 212016",Non-Residential,15/11/2025,NIL,
Name Change,419366,30 Jalan Ishak,"30 Jalan Ishak, Singapore 419366",Residential,15/11/2025,NIL,
Name Change,698928,Home Team Academy (blk 1),"501 Old Choa Chu Kang Road Home Team Academy (blk 1), Singapore 698928",Non-Residential,15/11/2025,HOME TEAM ACADEMY (BLK 10),
Name Change,277084,24 Mount Sinai Drive,"24 Mount Sinai Drive, Singapore 277084",Residential,15/11/2025,NIL,
Name Change,138532,NUS College,"26 College Avenue West NUS College, Singapore 138532",Non-Residential,15/11/2025,YALE-NUS COLLEGE CAMPUS,
Name Change,699891,Copen Grand,"61 Tengah Garden Walk Copen Grand, Singapore 699891",Non-Residential,15/11/2025,COPEN GRAND (U/C),
Name Change,238837,40 Orchard Road,"40 Orchard Road, Singapore 238837",Residential,15/11/2025,MACDONALD HSE,
Name Change,69333,33 Erskine Road,"33 Erskine Road, Singapore 69333",Residential,15/11/2025,THE SCARLET HOTEL,
Name Change,210019,Farrer Park Arena,"19 Farrer Park Road Farrer Park Arena, Singapore 210019",Non-Residential,15/11/2025,NIL,
Name Change,601223,Pcf Sparkletots Preschool @ Yuhua Blk 223a (kn),"223A Jurong East Street 21 Pcf Sparkletots Preschool @ Yuhua Blk 223a (kn), Singapore 601223",Non-Residential,15/11/2025,NIL,
Name Change,207218,2 Crawford Street,"2 Crawford Street, Singapore 207218",Residential,15/11/2025,ICA SERVICES CENTRE,
Name Change,520483,Pcf Sparkletots Preschool @ Tampines North Blk 483 (kn),"483 Tampines Street 43 Pcf Sparkletots Preschool @ Tampines North Blk 483 (kn), Singapore 520483",Non-Residential,15/11/2025,NIL,
Name Change,430013,Market & Hawker Centre (blks 13/14 Haig Road),"13 Haig Road Market & Hawker Centre (blks 13/14 Haig Road), Singapore 430013",Non-Residential,15/11/2025,HAIG ROAD MARKET AND COOKED FOOD CENTRE,
Name Change,550517,Pcf Sparkletots Preschool @ Jalan Kayu 517 (cc),"517 Serangoon North Avenue 4 Pcf Sparkletots Preschool @ Jalan Kayu 517 (cc), Singapore 550517",Non-Residential,15/11/2025,NIL,
Name Change,569816,Nanyang Polytechnic (blk F),"152 Ang Mo Kio Avenue 8 Nanyang Polytechnic (blk F), Singapore 569816",Non-Residential,15/11/2025,NANYANG POLYTECHNIC,
Name Change,570219,Pcf Sparkletots Preschool @ Bishan North 219 (cc),"219 Bishan Street 23 Pcf Sparkletots Preschool @ Bishan North 219 (cc), Singapore 570219",Non-Residential,15/11/2025,NIL,
Name Change,765524,524E Yishun Street 53,"524E Yishun Street 53, Singapore 765524",Residential,15/11/2025,NIL,
Name Change,436621,Look Out Tower,"50 Tanjong Rhu Place Look Out Tower, Singapore 436621",Non-Residential,15/11/2025,NIL,
Name Change,643402,402C Jurong West Street 42,"402C Jurong West Street 42, Singapore 643402",Residential,15/11/2025,NIL,
Name Change,651459,459A Bukit Batok West Avenue 8,"459A Bukit Batok West Avenue 8, Singapore 651459",Residential,15/11/2025,NIL,
Name Change,416672,Aces Montessori Kidz Child Care Pte. Ltd.,"10 Lorong Sarina Aces Montessori Kidz Child Care Pte. Ltd., Singapore 416672",Non-Residential,15/11/2025,NIL,
Name Change,59673,34 Hongkong Street,"34 Hongkong Street, Singapore 59673",Residential,15/11/2025,VINTAGE INN @ CLARKE QUAY,
Name Change,699892,Copen Grand,"63 Tengah Garden Walk Copen Grand, Singapore 699892",Non-Residential,15/11/2025,COPEN GRAND (U/C),
Name Change,463046,46C Bedok South Avenue 3,"46C Bedok South Avenue 3, Singapore 463046",Residential,15/11/2025,NIL,
Name Change,602418,Teban Breeze,"418B Teban Gardens Road Teban Breeze, Singapore 602418",Non-Residential,15/11/2025,NIL,
Name Change,553129,129C Serangoon North Avenue 1,"129C Serangoon North Avenue 1, Singapore 553129",Residential,15/11/2025,NIL,
Name Change,560161,Ang Mo Kio Town Council (kebun Baru Office),"161 Ang Mo Kio Avenue 4 Ang Mo Kio Town Council (kebun Baru Office), Singapore 560161",Non-Residential,15/11/2025,NIL,
Name Change,489948,"Taoist College, Singapore","21 Bedok North Avenue 4 Taoist College, Singapore, Singapore 489948",Non-Residential,15/11/2025,KOO CHYE BO SENG HONG TEMPLE SAN QING GONG,
Name Change,557459,Serangoon Garden Estate,"21 Jalan Chulek Serangoon Garden Estate, Singapore 557459",Non-Residential,15/11/2025,NIL,
Name Change,140021,21 Queen's Close,"21 Queen's Close, Singapore 140021",Residential,15/11/2025,NIL,
Name Change,117555,National University of Singapore (s1a),"10 Science Drive 4 National University of Singapore (s1a), Singapore 117555",Non-Residential,15/11/2025,NATIONAL UNIVERSITY OF SINGAPORE,
Name Change,690102,102 Plantation Close,"102 Plantation Close, Singapore 690102",Residential,15/11/2025,NIL,
Name Change,579917,Lauw and Sons Garden,"55 Binchang Rise Lauw and Sons Garden, Singapore 579917",Non-Residential,15/11/2025,NIL,
Name Change,238162,Somerset MRT Station (ns23),"1 Somerset Road Somerset MRT Station (ns23), Singapore 238162",Non-Residential,15/11/2025,SOMERSET MRT STATION,
Name Change,58479,Rest Chinatown Hotel,"20 Trengganu Street Rest Chinatown Hotel, Singapore 58479",Non-Residential,15/11/2025,NIL,
Name Change,130065,65 Commonwealth Avenue West,"65 Commonwealth Avenue West, Singapore 130065",Residential,15/11/2025,NIL,
Name Change,417731,My Prep School (childcare),"73 Lengkong Dua My Prep School (childcare), Singapore 417731",Non-Residential,15/11/2025,NIL,
Name Change,148959,503 Stirling Road,"503 Stirling Road, Singapore 148959",Residential,15/11/2025,MDIS AUDITORIUM,
Name Change,552128,128B Serangoon North Avenue 1,"128B Serangoon North Avenue 1, Singapore 552128",Residential,15/11/2025,NIL,
Name Change,828848,50 Edgedale Plains,"50 Edgedale Plains, Singapore 828848",Residential,15/11/2025,GREENDALE PRIMARY SCHOOL,
Name Change,688247,28 Hong San Terrace,"28 Hong San Terrace, Singapore 688247",Residential,15/11/2025,"EVERGREEN PLACE, HOME @ HONG SAN",
Name Change,757721,Mandai Lian Hup Tng,"19 Woodlands Industrial Park E4 Mandai Lian Hup Tng, Singapore 757721",Non-Residential,15/11/2025,NIL,
Name Change,609921,Creative O Preschoolers' Bay,"31 International Business Park Creative O Preschoolers' Bay, Singapore 609921",Non-Residential,15/11/2025,NIL,
Name Change,118261,Cherie Hearts @ Science Park I Pte. Ltd.,"89 Science Park Drive Cherie Hearts @ Science Park I Pte. Ltd., Singapore 118261",Non-Residential,15/11/2025,CHERIE HEARTS @ SCIENCE PARK I PTE LTD,
Name Change,270052,52 Ghim Moh Link,"52 Ghim Moh Link, Singapore 270052",Residential,15/11/2025,NIL,
Name Change,548651,School House Bythegarden @ Sengkang Pte. Ltd.,"2 Jalan Merdu School House Bythegarden @ Sengkang Pte. Ltd., Singapore 548651",Non-Residential,15/11/2025,BEAUTY GARDEN,
Name Change,499675,Changi Ferry Terminal Checkpoint,"30 Changi Ferry Road Changi Ferry Terminal Checkpoint, Singapore 499675",Non-Residential,15/11/2025,CHANGI FERRY TERMINAL,
Name Change,541262,Pcf Sparkletots Preschool @ Sengkang Central 262a (cc),"262A Compassvale Street Pcf Sparkletots Preschool @ Sengkang Central 262a (cc), Singapore 541262",Non-Residential,15/11/2025,COMPASSVALE NORTH GATE,
Name Change,680679,Kinderyears Childcare & Development Centre,"679 Choa Chu Kang Crescent Kinderyears Childcare & Development Centre, Singapore 680679",Non-Residential,15/11/2025,NIL,
Name Change,791419,419A Fernvale Link,"419A Fernvale Link, Singapore 791419",Residential,15/11/2025,NIL,
Name Change,132065,65B Commonwealth Avenue West,"65B Commonwealth Avenue West, Singapore 132065",Residential,15/11/2025,NIL,
Name Change,768039,Xcl World Academy,"2 Yishun Street 42 Xcl World Academy, Singapore 768039",Non-Residential,15/11/2025,NIL,
Name Change,160054,Jalan Besar Town Council (chin Swee Office),"54 Chin Swee Road Jalan Besar Town Council (chin Swee Office), Singapore 160054",Non-Residential,15/11/2025,NIL,
Name Change,99114,2 Seah Im Road,"2 Seah Im Road, Singapore 99114",Residential,15/11/2025,SEAH IM FOOD CENTRE,
Name Change,760529,529 Yishun Street 53,"529 Yishun Street 53, Singapore 760529",Residential,15/11/2025,NIL,
Name Change,828656,Punggol Sports Centre,"11 Sentul Crescent Punggol Sports Centre, Singapore 828656",Non-Residential,15/11/2025,PUNGGOL REGIONAL SPORTS CENTRE,
Name Change,529703,79 Tampines Street 62,"79 Tampines Street 62, Singapore 529703",Residential,15/11/2025,TENET (U/C),
Name Change,650475,475 Bukit Batok West Avenue 5,"475 Bukit Batok West Avenue 5, Singapore 650475",Residential,15/11/2025,NIL,
Name Change,469662,Singhealth Polyclinics (bedok Polyclinic),"11 Bedok North Street 1 Singhealth Polyclinics (bedok Polyclinic), Singapore 469662",Non-Residential,15/11/2025,BEDOK PUBLIC LIBRARY,
Name Change,769300,37 Yishun Close,"37 Yishun Close, Singapore 769300",Residential,15/11/2025,NORTH GAIA (U/C),
Name Change,681824,824A Keat Hong Link,"824A Keat Hong Link, Singapore 681824",Residential,15/11/2025,NIL,
Name Change,563809,809C Ang Mo Kio Street 82,"809C Ang Mo Kio Street 82, Singapore 563809",Residential,15/11/2025,NIL,
Name Change,541156,Sengkang Town Council (rivervale Office),"156A Rivervale Crescent Sengkang Town Council (rivervale Office), Singapore 541156",Non-Residential,15/11/2025,RIVERVALE GREEN,
Name Change,680229,Early Learning Centre Pte Ltd,"229 Choa Chu Kang Central Early Learning Centre Pte Ltd, Singapore 680229",Non-Residential,15/11/2025,NIL,
Name Change,462047,47B Bedok South Avenue 3,"47B Bedok South Avenue 3, Singapore 462047",Residential,15/11/2025,NIL,
Name Change,670126,Bukit Panjang Fire Post,"126 Pending Road Bukit Panjang Fire Post, Singapore 670126",Non-Residential,15/11/2025,NIL,
Name Change,649332,8 Jurong West Street 51,"8 Jurong West Street 51, Singapore 649332",Residential,15/11/2025,MOE KINDERGARTEN @ SHUQUN,
Name Change,729370,Sungei Kadut Industrial Estate,"68 Sungei Kadut Street 1 Sungei Kadut Industrial Estate, Singapore 729370",Non-Residential,15/11/2025,NIL,
Name Change,529067,Poi Ching School,"21 Tampines Street 71 Poi Ching School, Singapore 529067",Non-Residential,15/11/2025,NASCANS @ POI CHING,
Name Change,750337,Pcf Sparkletots Preschool @ Canberra 337 (cc),"337 Sembawang Crescent Pcf Sparkletots Preschool @ Canberra 337 (cc), Singapore 750337",Non-Residential,15/11/2025,NIL,
Name Change,699912,Copen Grand,"57 Tengah Garden Walk Copen Grand, Singapore 699912",Non-Residential,15/11/2025,COPEN GRAND (U/C),
Name Change,769303,43 Yishun Close,"43 Yishun Close, Singapore 769303",Residential,15/11/2025,NORTH GAIA (U/C),
Name Change,808064,116 Mimosa Crescent,"116 Mimosa Crescent, Singapore 808064",Residential,15/11/2025,NIL,
Name Change,680542,Chow & Chows Childcare & Early Learning Centre (cck 542) Ltd.,"542 Choa Chu Kang Street 52 Chow & Chows Childcare & Early Learning Centre (cck 542) Ltd., Singapore 680542",Non-Residential,15/11/2025,NIL,
Name Change,760845,845 Yishun Street 81,"845 Yishun Street 81, Singapore 760845",Residential,15/11/2025,KAHTIB CENTRAL,
Name Change,679696,Cashew MRT Station (dt2),"1 Cashew Road Cashew MRT Station (dt2), Singapore 679696",Non-Residential,15/11/2025,NIL,
Name Change,761518,518A Miltonia Close,"518A Miltonia Close, Singapore 761518",Residential,15/11/2025,NIL,
Name Change,307683,238 Thomson Road,"238 Thomson Road, Singapore 307683",Residential,15/11/2025,NOVENA SQUARE,
Name Change,545061,Buangkok MRT Station (ne15),"10 Sengkang Central Buangkok MRT Station (ne15), Singapore 545061",Non-Residential,15/11/2025,BUANGKOK MRT STATION,
Name Change,600293,293 Jurong East Street 24,"293 Jurong East Street 24, Singapore 600293",Residential,15/11/2025,NIL,
Name Change,560121,Pcf Sparkletots Preschool @ Yio Chu Kang Blk 121 (kn),"121 Ang Mo Kio Avenue 3 Pcf Sparkletots Preschool @ Yio Chu Kang Blk 121 (kn), Singapore 560121",Non-Residential,15/11/2025,NIL,
Name Change,677781,The Children's Campus,"25 Almond Crescent The Children's Campus, Singapore 677781",Non-Residential,15/11/2025,MERA GARDENS,
Name Change,787140,Springleaf MRT Station (te4),"825 Upper Thomson Road Springleaf MRT Station (te4), Singapore 787140",Non-Residential,15/11/2025,NIL,
Name Change,508898,Selarang Fire Training Ground,"2001A Upper Changi Road North Selarang Fire Training Ground, Singapore 508898",Non-Residential,15/11/2025,NIL,
Name Change,39594,Psb Academy City Campus,"6 Raffles Boulevard Psb Academy City Campus, Singapore 39594",Non-Residential,15/11/2025,MARINA SQUARE,
Name Change,692326,Parc Meadow @ Tengah,"326B Tengah Park Avenue Parc Meadow @ Tengah, Singapore 692326",Non-Residential,15/11/2025,PARK MEADOW @ TENGAH,
Name Change,459599,12 Coldstream Avenue,"12 Coldstream Avenue, Singapore 459599",Residential,15/11/2025,NIL,
Name Change,691330,Parc Meadow @ Tengah,"330A Tengah Park Avenue Parc Meadow @ Tengah, Singapore 691330",Non-Residential,15/11/2025,PARK MEADOW @ TENGAH,
Name Change,319390,299 Lorong 6 Toa Payoh,"299 Lorong 6 Toa Payoh, Singapore 319390",Residential,15/11/2025,TOA PAYOH SPORTS HALL,
Name Change,510446,Central 24-hr Clinic (pasir Ris),"446 Pasir Ris Drive 6 Central 24-hr Clinic (pasir Ris), Singapore 510446",Non-Residential,15/11/2025,NIL,
Name Change,249578,74 Grange Road,"74 Grange Road, Singapore 249578",Residential,15/11/2025,NIL,
Name Change,769302,41 Yishun Close,"41 Yishun Close, Singapore 769302",Residential,15/11/2025,NORTH GAIA (U/C),
Name Change,787069,582 Yio Chu Kang Road,"582 Yio Chu Kang Road, Singapore 787069",Residential,15/11/2025,NIL,
Name Change,469680,307 Bedok North Road,"307 Bedok North Road, Singapore 469680",Residential,15/11/2025,FENGSHAN PRIMARY SCHOOL,
Name Change,138527,NUS College,"16 College Avenue West NUS College, Singapore 138527",Non-Residential,15/11/2025,YALE-NUS COLLEGE,
Name Change,728650,Filling Station at Mandai Link,"1 Mandai Link Filling Station at Mandai Link, Singapore 728650",Non-Residential,15/11/2025,NIL,
Name Change,479312,Eunos Community Club (temp Office),"70A Bedok Reservoir Road Eunos Community Club (temp Office), Singapore 479312",Non-Residential,15/11/2025,TEMPORARY SITE OFFICE,
Name Change,380121,121 Geylang East Central,"121 Geylang East Central, Singapore 380121",Residential,15/11/2025,NIL,
Name Change,691102,102A Plantation Close,"102A Plantation Close, Singapore 691102",Residential,15/11/2025,NIL,
Name Change,510626,626 Pasir Ris Drive 3,"626 Pasir Ris Drive 3, Singapore 510626",Residential,15/11/2025,NIL,
Name Change,790483,483 Fernvale Drive,"483 Fernvale Drive, Singapore 790483",Residential,15/11/2025,NIL,
Name Change,378956,Macpherson MRT Station (dt26),"10 Circuit Link Macpherson MRT Station (dt26), Singapore 378956",Non-Residential,15/11/2025,NIL,
Name Change,693102,102C Plantation Close,"102C Plantation Close, Singapore 693102",Residential,15/11/2025,NIL,
Name Change,730736,Frobel Preschool Woodlands Pte. Ltd.,"736 Woodlands Circle Frobel Preschool Woodlands Pte. Ltd., Singapore 730736",Non-Residential,15/11/2025,NIL,
Name Change,651113,Nkf Dialysis Centre,"113A Bukit Batok West Avenue 6 Nkf Dialysis Centre, Singapore 651113",Non-Residential,15/11/2025,SKY VISTA @ BUKIT BATOK,
Name Change,641671,671A Jurong West Street 65,"671A Jurong West Street 65, Singapore 641671",Residential,15/11/2025,NIL,
Name Change,737853,Bethesda Christian Centre,"11 Woodlands Close Bethesda Christian Centre, Singapore 737853",Non-Residential,15/11/2025,CALROSE ACADEMY PTE. LTD.,
Name Change,640210,Neighbourhood Police Post Boon Lay,"210 Boon Lay Place Neighbourhood Police Post Boon Lay, Singapore 640210",Non-Residential,15/11/2025,BOON LAY PLACE,
Name Change,550201,Nkf Dialysis Centre Serangoon,"201 Serangoon Central Nkf Dialysis Centre Serangoon, Singapore 550201",Non-Residential,15/11/2025,NIL,
Name Change,278116,44 Jalan Merah Saga,"44 Jalan Merah Saga, Singapore 278116",Residential,15/11/2025,NIL,
Name Change,680823,823 Keat Hong Link,"823 Keat Hong Link, Singapore 680823",Residential,15/11/2025,NIL,
Name Change,554533,Lorong Chuan MRT Station (cc14),"150 Serangoon Avenue 3 Lorong Chuan MRT Station (cc14), Singapore 554533",Non-Residential,15/11/2025,LORONG CHUAN MRT STATION,
Name Change,578326,43 Jalan Chengam,"43 Jalan Chengam, Singapore 578326",Residential,15/11/2025,NIL,
Name Change,127253,West Coast Gardens,"46 West Coast Terrace West Coast Gardens, Singapore 127253",Non-Residential,15/11/2025,NIL,
Name Change,600041,Pcf Sparkletots Preschool @ Ayer Rajah 41 (cc),"41 Teban Gardens Road Pcf Sparkletots Preschool @ Ayer Rajah 41 (cc), Singapore 600041",Non-Residential,15/11/2025,NIL,
Name Change,681160,Multi Storey Car Park,"160A Jalan Teck Whye Multi Storey Car Park, Singapore 681160",Non-Residential,15/11/2025,FOODCOURT,
Name Change,680433,Sheffield Kidsworld (cck) Pte. Ltd.,"433 Choa Chu Kang Avenue 4 Sheffield Kidsworld (cck) Pte. Ltd., Singapore 680433",Non-Residential,15/11/2025,NIL,
Name Change,574551,20 Thomson Terrace,"20 Thomson Terrace, Singapore 574551",Residential,15/11/2025,THOMSON HILLS ESTATE (U/C),
Name Change,730591,591 Woodlands Drive 17,"591 Woodlands Drive 17, Singapore 730591",Residential,15/11/2025,NIL,
Name Change,760519,519 Miltonia Close,"519 Miltonia Close, Singapore 760519",Residential,15/11/2025,NIL,
Name Change,678213,Bukit Panjang MRT Station (dt1),"950 Upper Bukit Timah Road Bukit Panjang MRT Station (dt1), Singapore 678213",Non-Residential,15/11/2025,NIL,
Name Change,118283,4A Russels Road,"4A Russels Road, Singapore 118283",Residential,15/11/2025,NIL,
Name Change,388074,25 Lorong 29 Geylang,"25 Lorong 29 Geylang, Singapore 388074",Residential,15/11/2025,NIL,
Name Change,546654,431 Punggol Road,"431 Punggol Road, Singapore 546654",Residential,15/11/2025,BEAUTY GARDEN,
Name Change,761519,519A Miltonia Close,"519A Miltonia Close, Singapore 761519",Residential,15/11/2025,NIL,
Name Change,268748,Vereinigung Deutsches Haus (german Club),"12 First Avenue Vereinigung Deutsches Haus (german Club), Singapore 268748",Non-Residential,15/11/2025,NIL,
Name Change,117573,National University of Singapore (as1),"11 Arts Link National University of Singapore (as1), Singapore 117573",Non-Residential,15/11/2025,NATIONAL UNIVERSITY OF SINGAPORE,
Name Change,791485,485A Fernvale Drive,"485A Fernvale Drive, Singapore 791485",Residential,15/11/2025,NIL,
Name Change,456903,6 Lakme Street,"6 Lakme Street, Singapore 456903",Residential,15/11/2025,LEARNINGHILL EDUCARE PTE LTD,
Name Change,461032,Pcf Sparkletots Preschool @ Kembangan Chai Chee 32 (cc),"32 Chai Chee Avenue Pcf Sparkletots Preschool @ Kembangan Chai Chee 32 (cc), Singapore 461032",Non-Residential,15/11/2025,ANSAR GARDEN,
Name Change,48421,22 Cross Street,"22 Cross Street, Singapore 48421",Residential,15/11/2025,CROSS STREET EXCHANGE,
Name Change,259367,26 Evans Road,"26 Evans Road, Singapore 259367",Residential,15/11/2025,YO:HA @ EVANS,
Name Change,140145,Pcf Sparkletots Preschool @ Queenstown 145 (cc),"145 Mei Ling Street Pcf Sparkletots Preschool @ Queenstown 145 (cc), Singapore 140145",Non-Residential,15/11/2025,NIL,
Name Change,609337,Calvary Pandan Kindergarten,"201 Pandan Gardens Calvary Pandan Kindergarten, Singapore 609337",Non-Residential,15/11/2025,CALVARY PANDAN BIBLE-PRESBYTERIAN CHURCH,
Name Change,731590,590A Woodlands Drive 17,"590A Woodlands Drive 17, Singapore 731590",Residential,15/11/2025,NIL,
Name Change,540266,Sengkang Town Council (sengkang Office),"266 Compassvale Bow Sengkang Town Council (sengkang Office), Singapore 540266",Non-Residential,15/11/2025,NIL,
Name Change,117541,National University of Singapore (s15),"1 Science Drive 2 National University of Singapore (s15), Singapore 117541",Non-Residential,15/11/2025,NATIONAL UNIVERSITY OF SINGAPORE,
Name Change,758241,Senoko Industrial Estate,"74 Senoko Drive Senoko Industrial Estate, Singapore 758241",Non-Residential,15/11/2025,NIL,
Name Change,738343,Woodlands MRT Station (ns9),"30 Woodlands Avenue 2 Woodlands MRT Station (ns9), Singapore 738343",Non-Residential,15/11/2025,NIL,
Name Change,762519,519B Miltonia Close,"519B Miltonia Close, Singapore 762519",Residential,15/11/2025,NIL,
Name Change,330005,5 Boon Keng Road,"5 Boon Keng Road, Singapore 330005",Residential,15/11/2025,NIL,
Name Change,58476,25 Trengganu Street,"25 Trengganu Street, Singapore 58476",Residential,15/11/2025,HOTEL CALMO CHINATOWN,
Name Change,160137,137 Jalan Bukit Merah,"137 Jalan Bukit Merah, Singapore 160137",Residential,15/11/2025,NIL,
Name Change,610349,Ntuc Eldercare Centre Silver Circle (taman Jurong),"349 Corporation Drive Ntuc Eldercare Centre Silver Circle (taman Jurong), Singapore 610349",Non-Residential,15/11/2025,NIL,
Name Change,760516,516 Miltonia Close,"516 Miltonia Close, Singapore 760516",Residential,15/11/2025,NIL,
Name Change,138531,NUS College,"24 College Avenue West NUS College, Singapore 138531",Non-Residential,15/11/2025,YALE-NUS COLLEGE CAMPUS,
Name Change,576988,Faber Garden,"9 Jalan Rebana Faber Garden, Singapore 576988",Non-Residential,15/11/2025,NIL,
Name Change,680233,233 Choa Chu Kang Central,"233 Choa Chu Kang Central, Singapore 680233",Residential,15/11/2025,NIL,
Name Change,329681,126 Balestier Road,"126 Balestier Road, Singapore 329681",Residential,15/11/2025,NIL,
Name Change,649883,88 Boon Lay Place,"88 Boon Lay Place, Singapore 649883",Residential,15/11/2025,HOCKEY VILLAGE,
Name Change,596569,Bukit Timah Community Club,"20 Toh Yi Drive Bukit Timah Community Club, Singapore 596569",Non-Residential,15/11/2025,BUKIT TIMAH COMMUNITY CLUB (PENDING U/C),
Name Change,219569,3 Northumberland Road,"3 Northumberland Road, Singapore 219569",Residential,15/11/2025,PICCADILLY GRAND (U/C),
Name Change,100082,West Coast Town Council (telok Blangah Service Centre),"82 Telok Blangah Drive West Coast Town Council (telok Blangah Service Centre), Singapore 100082",Non-Residential,15/11/2025,TELOK BLANGAH MARKET,
Name Change,637472,41 Nanyang Crescent,"41 Nanyang Crescent, Singapore 637472",Residential,15/11/2025,ELECTROMAGNETIC EFFECTS RESEARCH LAB,
Name Change,640993,993 Jurong West Street 93,"993 Jurong West Street 93, Singapore 640993",Residential,15/11/2025,NIL,
Name Change,138529,NUS College,"20 College Avenue West NUS College, Singapore 138529",Non-Residential,15/11/2025,YALE-NUS COLLEGE CAMPUS,
Name Change,560633,Yio Chu Kang Community Club (temp Office),"633 Ang Mo Kio Avenue 6 Yio Chu Kang Community Club (temp Office), Singapore 560633",Non-Residential,15/11/2025,NKF DIALYSIS CENTRE ANG MO KIO,
Name Change,682822,822B Keat Hong Link,"822B Keat Hong Link, Singapore 682822",Residential,15/11/2025,NIL,
Name Change,678278,Pcf Sparkletots Preschool @ Cashew (cc),"17 Petir Road Pcf Sparkletots Preschool @ Cashew (cc), Singapore 678278",Non-Residential,15/11/2025,BUKIT PANJANG INTEGRATED TRANSPORT HUB,
Name Change,259600,Singapore Botanic Gardens Seed Bank,"1D Cluny Road Singapore Botanic Gardens Seed Bank, Singapore 259600",Non-Residential,15/11/2025,NIL,
Name Change,569878,Shg Student Care (mayflower Primary School),"200 Ang Mo Kio Avenue 5 Shg Student Care (mayflower Primary School), Singapore 569878",Non-Residential,15/11/2025,MAYFLOWER PRIMARY SCHOOL,
Name Change,98801,50 Telok Blangah Way,"50 Telok Blangah Way, Singapore 98801",Residential,15/11/2025,MASJID AL-AMIN,
Name Change,737878,90 Woodlands Drive 16,"90 Woodlands Drive 16, Singapore 737878",Residential,15/11/2025,COVENANT EVANGELICAL FREE CHURCH,
Name Change,550264,Ntuc Eldercare Centre Silver Circle (serangoon Central),"264 Serangoon Central Ntuc Eldercare Centre Silver Circle (serangoon Central), Singapore 550264",Non-Residential,15/11/2025,BRADDELL HEIGHTS COMMUNITY HUB,
Name Change,729332,Sungei Kadut Industrial Estate,"25D Sungei Kadut Street 1 Sungei Kadut Industrial Estate, Singapore 729332",Non-Residential,15/11/2025,NIL,
Name Change,760126,Chong Pang Community Club (temp Office),"126 Yishun Street 11 Chong Pang Community Club (temp Office), Singapore 760126",Non-Residential,15/11/2025,CHONG PANG COMMUNITY CLUB (TEMPORARY OFFICE),
Name Change,547255,28 Parry Avenue,"28 Parry Avenue, Singapore 547255",Residential,15/11/2025,PARRY HALL,
Name Change,210050,Pcf Sparkletots Preschool-tai Pei@moulmein-cairnhill 50,"50 Dorset Road Pcf Sparkletots Preschool-tai Pei@moulmein-cairnhill 50, Singapore 210050",Non-Residential,15/11/2025,FARRER PARK GARDENS,
Name Change,794419,419D Fernvale L,"419D Fernvale L, Singapore 794419",Residential,15/11/2025,NIL,
Name Change,760515,515 Miltonia Close,"515 Miltonia Close, Singapore 760515",Residential,15/11/2025,NIL,
Name Change,760526,526 Yishun Street 53,"526 Yishun Street 53, Singapore 760526",Residential,15/11/2025,NIL,
Name Change,731592,592A Woodlands Drive 17,"592A Woodlands Drive 17, Singapore 731592",Residential,15/11/2025,NIL,
Name Change,130066,66 Commonwealth Avenue West,"66 Commonwealth Avenue West, Singapore 130066",Residential,15/11/2025,NIL,
Name Change,690100,100 Plantation Close,"100 Plantation Close, Singapore 690100",Residential,15/11/2025,NIL,
Name Change,529151,Victory Family Centre (tampines Street 43),"20 Tampines Street 43 Victory Family Centre (tampines Street 43), Singapore 529151",Non-Residential,15/11/2025,NIL,
Name Change,551129,129A Serangoon North Avenue 1,"129A Serangoon North Avenue 1, Singapore 551129",Residential,15/11/2025,NIL,
Name Change,790419,419 Fernvale Link,"419 Fernvale Link, Singapore 790419",Residential,15/11/2025,NIL,
Name Change,651458,458A Bukit Batok West Avenue 8,"458A Bukit Batok West Avenue 8, Singapore 651458",Residential,15/11/2025,NIL,
Name Change,530123,Pro-teach Basc and Tuition Centre (paya Lebar),"123 Hougang Avenue 1 Pro-teach Basc and Tuition Centre (paya Lebar), Singapore 530123",Non-Residential,15/11/2025,NIL,
Name Change,544835,Nkf Dialysis Centre Sengkang Community Hospital,"1 Anchorvale Street Nkf Dialysis Centre Sengkang Community Hospital, Singapore 544835",Non-Residential,15/11/2025,SENGKANG COMMUNITY HOSPITAL,
Name Change,469627,Kaki Bukit Community Centre,"670 Bedok North Street 3 Kaki Bukit Community Centre, Singapore 469627",Non-Residential,15/11/2025,KAKI BUKIT COMMUNITY CENTRE (U/C),
Name Change,601418,Teban Breeze,"418A Teban Gardens Road Teban Breeze, Singapore 601418",Non-Residential,15/11/2025,NIL,
Name Change,257494,Botanic Gardens MRT Station (cc19),"100 Cluny Park Road Botanic Gardens MRT Station (cc19), Singapore 257494",Non-Residential,15/11/2025,BOTANIC GARDENS MRT STATION,
Name Change,159505,Moe School Cluster Centre,"5 Hoy Fatt Road Moe School Cluster Centre, Singapore 159505",Non-Residential,15/11/2025,MOE SCHOOL APPRAISAL BRANCH,
Name Change,460526,Pcf Sparkletots Preschool @ Kaki Bukit Blk 526 (kn),"526 Bedok North Street 3 Pcf Sparkletots Preschool @ Kaki Bukit Blk 526 (kn), Singapore 460526",Non-Residential,15/11/2025,NIL,
Name Change,462048,48B Bedok South Avenue 3,"48B Bedok South Avenue 3, Singapore 462048",Residential,15/11/2025,NIL,
Name Change,309007,The Learning Vine Childcare Pte Ltd,"9 Goldhill Avenue The Learning Vine Childcare Pte Ltd, Singapore 309007",Non-Residential,15/11/2025,GOLDHILL GARDENS,
Name Change,788888,3 Lentor Central,"3 Lentor Central, Singapore 788888",Residential,15/11/2025,LENTOR MODERN (U/C),
Name Change,461046,46A Bedok South Avenue 3,"46A Bedok South Avenue 3, Singapore 461046",Residential,15/11/2025,NIL,
Name Change,142204,204B Queen's Crescent,"204B Queen's Crescent, Singapore 142204",Residential,15/11/2025,NIL,
Name Change,692100,100B Plantation Close,"100B Plantation Close, Singapore 692100",Residential,15/11/2025,NIL,
Name Change,461047,47A Bedok South Avenue 3,"47A Bedok South Avenue 3, Singapore 461047",Residential,15/11/2025,NIL,
Name Change,763524,524C Yishun Street 53,"524C Yishun Street 53, Singapore 763524",Residential,15/11/2025,NIL,
Name Change,417841,Ruby Warehouse Complex,"8 Kaki Bukit Road 2 Ruby Warehouse Complex, Singapore 417841",Non-Residential,15/11/2025,RUBY WAREHOUSE,
Name Change,640517,Graceland Student Care Centre (jurong West),"517 Jurong West Street 52 Graceland Student Care Centre (jurong West), Singapore 640517",Non-Residential,15/11/2025,NIL,
Name Change,259601,Singapore Botanic Gardens (centre of Urban Greenery and Ecology),"1E Cluny Road Singapore Botanic Gardens (centre of Urban Greenery and Ecology), Singapore 259601",Non-Residential,15/11/2025,SINGAPORE ENVIRONMENT COUNCIL,
Name Change,557746,Grace Park,"36 Grace Walk Grace Park, Singapore 557746",Non-Residential,15/11/2025,NIL,
Name Change,29996,1 Marina East Drive,"1 Marina East Drive, Singapore 29996",Residential,15/11/2025,NIL,
Name Change,507879,27 Toh Drive,"27 Toh Drive, Singapore 507879",Residential,15/11/2025,NIL,
Name Change,117581,National University of Singapore (e3),"2 Engineering Drive 3 National University of Singapore (e3), Singapore 117581",Non-Residential,15/11/2025,NATIONAL UNIVERSITY OF SINGAPORE,
Name Change,643404,404C Jurong West Street 42,"404C Jurong West Street 42, Singapore 643404",Residential,15/11/2025,NIL,
Name Change,189654,Nanyang Academy of Fine Arts (campus 2),"38 Bencoolen Street Nanyang Academy of Fine Arts (campus 2), Singapore 189654",Non-Residential,15/11/2025,NAFA CAMPUS 2,
Name Change,141203,203A Queen's Crescent,"203A Queen's Crescent, Singapore 141203",Residential,15/11/2025,NIL,
Name Change,140205,205 Queen's Crescent,"205 Queen's Crescent, Singapore 140205",Residential,15/11/2025,NIL,
Name Change,760723,Pcf Sparkletots Preschool @ Nee Soon South 723 (cc),"723 Yishun Street 71 Pcf Sparkletots Preschool @ Nee Soon South 723 (cc), Singapore 760723",Non-Residential,15/11/2025,KHATIB SPRING,
Name Change,212018,Farrer Park Fields,"18B Farrer Park Road Farrer Park Fields, Singapore 212018",Non-Residential,15/11/2025,NIL,
Name Change,692330,Parc Meadow @ Tengah,"330B Tengah Park Avenue Parc Meadow @ Tengah, Singapore 692330",Non-Residential,15/11/2025,PARK MEADOW @ TENGAH,
Name Change,659441,Pro-teach Schoolcare (dazhong),"35 Bukit Batok Street 31 Pro-teach Schoolcare (dazhong), Singapore 659441",Non-Residential,15/11/2025,DAZHONG PRIMARY SCHOOL,
Name Change,208581,9 King George's Avenue,"9 King George's Avenue, Singapore 208581",Residential,15/11/2025,OUTWARD BOUND SINGAPORE,
Name Change,730604,Pcf Sparkletots Preschool @ Woodlands 604 (cc),"604 Woodlands Drive 42 Pcf Sparkletots Preschool @ Woodlands 604 (cc), Singapore 730604",Non-Residential,15/11/2025,NIL,
Name Change,792419,419B Fernvale L,"419B Fernvale L, Singapore 792419",Residential,15/11/2025,NIL,
Name Change,449761,Ymca Student Care Centre @ Tao Nan,"49 Marine Crescent Ymca Student Care Centre @ Tao Nan, Singapore 449761",Non-Residential,15/11/2025,TAO NAN SCHOOL,
Name Change,569163,Yio Chu Kang Community Club,"50 Ang Mo Kio Street 61 Yio Chu Kang Community Club, Singapore 569163",Non-Residential,15/11/2025,YIO CHU KANG COMMUNITY CLUB (PENDING U/C),
Name Change,690328,Parc Meadow @ Tengah,"328 Tengah Park Avenue Parc Meadow @ Tengah, Singapore 690328",Non-Residential,15/11/2025,PARK MEADOW @ TENGAH,
Name Change,309116,Novena Hall International Students' Hostel,"78 Gilstead Road Novena Hall International Students' Hostel, Singapore 309116",Non-Residential,15/11/2025,NEWTON GREEN,
Name Change,38982,2 Temasek Boulevard,"2 Temasek Boulevard, Singapore 38982",Residential,15/11/2025,CONRAD CENTENNIAL SINGAPORE,
Name Change,319641,Toa Payoh Tamil Methodist Church,"480 Lorong 2 Toa Payoh Toa Payoh Tamil Methodist Church, Singapore 319641",Non-Residential,15/11/2025,TOA PAYOH CHINESE METHODIST CHURCH,
Name Change,761527,527A Yishun Street 53,"527A Yishun Street 53, Singapore 761527",Residential,15/11/2025,NIL,
Name Change,510560,560 Pasir Ris Street 51,"560 Pasir Ris Street 51, Singapore 510560",Residential,15/11/2025,NIL,
Name Change,117758,24 Yew Siang Road,"24 Yew Siang Road, Singapore 117758",Residential,15/11/2025,BREAKTHROUGH MISSIONS,
Name Change,127369,Wu Tai Shan Buddhist Temple,"151 West Coast Road Wu Tai Shan Buddhist Temple, Singapore 127369",Non-Residential,15/11/2025,NIL,
Name Change,600308,Pcf Sparkletots Preschool @ Jurong Central 308 (cc),"308 Jurong East Street 32 Pcf Sparkletots Preschool @ Jurong Central 308 (cc), Singapore 600308",Non-Residential,15/11/2025,HONG KAH EAST PLACE,
Name Change,598112,Bukit Timah Primary School,"111 Lorong Kismis Bukit Timah Primary School, Singapore 598112",Non-Residential,15/11/2025,AFTERSCHOOL @ BUKIT TIMAH PRIMARY SCHOOL,
Name Change,550128,128 Serangoon North Avenue 1,"128 Serangoon North Avenue 1, Singapore 550128",Residential,15/11/2025,NIL,
Name Change,239699,25 Grange Road,"25 Grange Road, Singapore 239699",Residential,15/11/2025,NIL,
Name Change,793485,485C Fernvale Drive,"485C Fernvale Drive, Singapore 793485",Residential,15/11/2025,NIL,
Name Change,681811,Brickland Community Centre,"811A Choa Chu Kang Avenue 7 Brickland Community Centre, Singapore 681811",Non-Residential,15/11/2025,KEAT HONG COLOURS,
Name Change,788055,Springleaf Garden,"9 Springleaf Lane Springleaf Garden, Singapore 788055",Non-Residential,15/11/2025,NIL,
Name Change,529699,71 Tampines Street 62,"71 Tampines Street 62, Singapore 529699",Residential,15/11/2025,TENET (U/C),
Name Change,99958,39 Artillery Avenue,"39 Artillery Avenue, Singapore 99958",Residential,15/11/2025,SENTOSA DEVELOPMENT CORPORATION,
Name Change,319380,Toa Payoh East Community Club,"160 Lorong 6 Toa Payoh Toa Payoh East Community Club, Singapore 319380",Non-Residential,15/11/2025,TOA PAYOH EAST COMMUNITY CLUB (PENDING RELOCATION),
Name Change,312085,Jessin Student Care Centre (85b Toa Payoh),"85B Lorong 4 Toa Payoh Jessin Student Care Centre (85b Toa Payoh), Singapore 312085",Non-Residential,15/11/2025,NIL,
Name Change,528907,Pathlight School (tampines),"4 Tampines Street 91 Pathlight School (tampines), Singapore 528907",Non-Residential,15/11/2025,NIL,
Name Change,828608,Digipen Institute Technology of Singapore,"1 Punggol Coast Road Digipen Institute Technology of Singapore, Singapore 828608",Non-Residential,15/11/2025,NIL,
Name Change,650119,Bukit Batok Community Club (temp Office),"119 Bukit Batok West Avenue 6 Bukit Batok Community Club (temp Office), Singapore 650119",Non-Residential,15/11/2025,NIL,
Name Change,692101,101B Plantation Close,"101B Plantation Close, Singapore 692101",Residential,15/11/2025,NIL,
Name Change,141205,205A Queen's Crescent,"205A Queen's Crescent, Singapore 141205",Residential,15/11/2025,NIL,
Name Change,319392,301 Lorong 6 Toa Payoh,"301 Lorong 6 Toa Payoh, Singapore 319392",Residential,15/11/2025,TOA PAYOH SPORTS CENTRE,
Name Change,680707,Hanis Montessori Kindergarten (choa Chu Kang),"707 Choa Chu Kang Street 53 Hanis Montessori Kindergarten (choa Chu Kang), Singapore 680707",Non-Residential,15/11/2025,NIL,
Name Change,229004,Kimsia Park,"6 Jalan Jintan Kimsia Park, Singapore 229004",Non-Residential,15/11/2025,NIL,
Name Change,577084,Thomson Garden Estate,"23 Jalan Pintau Thomson Garden Estate, Singapore 577084",Non-Residential,15/11/2025,NIL,
Name Change,388222,8 Lorong 25a Geylang,"8 Lorong 25a Geylang, Singapore 388222",Residential,15/11/2025,ZYANYA (U/C),
Name Change,287727,4 Watten Close,"4 Watten Close, Singapore 287727",Residential,15/11/2025,NIL,
Name Change,180270,Albert Centre Market & Food Centre,"270 Queen Street Albert Centre Market & Food Centre, Singapore 180270",Non-Residential,15/11/2025,ALBERT CENTRE,
Name Change,349482,25 Genting Road,"25 Genting Road, Singapore 349482",Residential,15/11/2025,UNION ENERGY GROUP BUILDING,
Name Change,449269,Marine Parade Post Office,"80 Marine Parade Road Marine Parade Post Office, Singapore 449269",Non-Residential,15/11/2025,CATHAY CINEPLEX PARKWAY PARADE,
Name Change,732590,590B Woodlands Drive 17,"590B Woodlands Drive 17, Singapore 732590",Residential,15/11/2025,NIL,
Name Change,528777,2nd Scdf Division Hq / Tampines Fire Station,"1 Tampines Industrial Avenue 3 2nd Scdf Division Hq / Tampines Fire Station, Singapore 528777",Non-Residential,15/11/2025,2ND SCDF DIVISION HQ,
Name Change,138634,2 Fusionopolis Way,"2 Fusionopolis Way, Singapore 138634",Residential,15/11/2025,INNOVIS,
Name Change,680511,Amazing Star Montessori House (cck),"511 Choa Chu Kang Street 51 Amazing Star Montessori House (cck), Singapore 680511",Non-Residential,15/11/2025,NIL,
Name Change,718925,Sungei Buloh Wetland Reserve (research and Education Centre),"301 Neo Tiew Crescent Sungei Buloh Wetland Reserve (research and Education Centre), Singapore 718925",Non-Residential,15/11/2025,SUNGEI BULOH,
Name Change,560809,809 Ang Mo Kio Street 82,"809 Ang Mo Kio Street 82, Singapore 560809",Residential,15/11/2025,NIL,
Name Change,769342,27 Yishun Close,"27 Yishun Close, Singapore 769342",Residential,15/11/2025,NORTH GAIA (U/C),
Name Change,640994,994 Jurong West Street 93,"994 Jurong West Street 93, Singapore 640994",Residential,15/11/2025,NIL,
Name Change,668383,81 Phoenix Avenue,"81 Phoenix Avenue, Singapore 668383",Residential,15/11/2025,PHOENIX RESIDENCES (U/C),
Name Change,529451,87 Tampines Street 62,"87 Tampines Street 62, Singapore 529451",Residential,15/11/2025,TENET (U/C),
Name Change,360213,Nkf Dialysis Centre,"213 Bidadari Park Drive Nkf Dialysis Centre, Singapore 360213",Non-Residential,15/11/2025,WOODLEIGH HILLSIDE,
Name Change,408556,E-park@ubi,"2 Ubi View E-park@ubi, Singapore 408556",Non-Residential,15/11/2025,E-PARK @ UBI,
Name Change,680824,824 Keat Hong Link,"824 Keat Hong Link, Singapore 680824",Residential,15/11/2025,NIL,
Name Change,548714,Nanyang Park,"27 Jalan Limbok Nanyang Park, Singapore 548714",Non-Residential,15/11/2025,NIL,
Name Change,650511,New Horizon Centre (bukit Batok),"511 Bukit Batok Street 52 New Horizon Centre (bukit Batok), Singapore 650511",Non-Residential,15/11/2025,HILLGROVE GARDENS,
Name Change,762522,522B Yishun Street 53,"522B Yishun Street 53, Singapore 762522",Residential,15/11/2025,NIL,
Name Change,693330,Parc Meadow @ Tengah,"330C Tengah Park Avenue Parc Meadow @ Tengah, Singapore 693330",Non-Residential,15/11/2025,PARK MEADOW @ TENGAH,
Name Change,589601,Beauty World Integrated Transport Hub,"5 Jalan Anak Bukit Beauty World Integrated Transport Hub, Singapore 589601",Non-Residential,15/11/2025,THE RESERVE RESIDENCES,
Name Change,117559,National University of Singapore (s4),"18 Science Drive 4 National University of Singapore (s4), Singapore 117559",Non-Residential,15/11/2025,NATIONAL UNIVERSITY OF SINGAPORE,
Name Change,429063,Little Fairyland Child Care & Development Centre,"509 East Coast Road Little Fairyland Child Care & Development Centre, Singapore 429063",Non-Residential,15/11/2025,NIL,
Name Change,99982,Islander Pre-school Pte Ltd,"35 Allanbrooke Road Islander Pre-school Pte Ltd, Singapore 99982",Non-Residential,15/11/2025,ISLANDER PRE-SCHOOL,
Name Change,691331,Parc Meadow @ Tengah,"331A Tengah Park Avenue Parc Meadow @ Tengah, Singapore 691331",Non-Residential,15/11/2025,PARK MEADOW @ TENGAH,
Name Change,751504,Pcf Sparkletots Preschool @ Sembawang 504a (cc),"504A Montreal Drive Pcf Sparkletots Preschool @ Sembawang 504a (cc), Singapore 751504",Non-Residential,15/11/2025,MONTREAL SPRING,
Name Change,651474,474A Bukit Batok West Avenue 5,"474A Bukit Batok West Avenue 5, Singapore 651474",Residential,15/11/2025,NIL,
Name Change,599489,Ngee Ann Polytechnic (blk 16),"535 Clementi Road Ngee Ann Polytechnic (blk 16), Singapore 599489",Non-Residential,15/11/2025,NGEE ANN POLYTECHNIC (BLK 1),
Name Change,229901,Newton MRT Station (dt11),"235 Bukit Timah Road Newton MRT Station (dt11), Singapore 229901",Non-Residential,15/11/2025,NIL,
Name Change,529443,91 Tampines Street 62,"91 Tampines Street 62, Singapore 529443",Residential,15/11/2025,TENET (U/C),
Name Change,160098,98 Havelock Road,"98 Havelock Road, Singapore 160098",Residential,15/11/2025,NIL,
Name Change,629616,Dnv Technology Centre West,"158A Gul Circle Dnv Technology Centre West, Singapore 629616",Non-Residential,15/11/2025,DNV LABORATORY,
Name Change,821126,126A Edgedale Plains,"126A Edgedale Plains, Singapore 821126",Residential,15/11/2025,NIL,
Name Change,769344,31 Yishun Close,"31 Yishun Close, Singapore 769344",Residential,15/11/2025,NORTH GAIA (U/C),
Name Change,589888,Binjai Park,"102 Binjai Park, Singapore 589888",Non-Residential,15/11/2025,NIL,
Name Change,48423,18 Cross Street,"18 Cross Street, Singapore 48423",Residential,15/11/2025,CROSS STREET EXCHANGE,
Name Change,48422,20 Cross Street,"20 Cross Street, Singapore 48422",Residential,15/11/2025,CROSS STREET EXCHANGE,
Name Change,272057,Ulu Pandan Banks,"57B Ghim Moh Link Ulu Pandan Banks, Singapore 272057",Non-Residential,15/11/2025,NIL,
Name Change,460508,Morning Star Community Services (bedok North),"508 Bedok North Avenue 3 Morning Star Community Services (bedok North), Singapore 460508",Non-Residential,15/11/2025,KAKI BUKIT VILLE,
Name Change,120109,The Animal Clinic,"109 Clementi Street 11 The Animal Clinic, Singapore 120109",Non-Residential,15/11/2025,SUNSET WAY RESIDENCE,
Name Change,738346,Qcs Industrial Building,"6 Woodlands Loop Qcs Industrial Building, Singapore 738346",Non-Residential,15/11/2025,NIL,
Name Change,529702,77 Tampines Street 62,"77 Tampines Street 62, Singapore 529702",Residential,15/11/2025,TENET (U/C),
Name Change,460046,46 Bedok South Avenue 3,"46 Bedok South Avenue 3, Singapore 460046",Residential,15/11/2025,NIL,
Name Change,272058,Ulu Pandan Banks,"58B Ghim Moh Link Ulu Pandan Banks, Singapore 272058",Non-Residential,15/11/2025,NIL,
Name Change,640718,718 Jurong West Street 71,"718 Jurong West Street 71, Singapore 640718",Residential,15/11/2025,ENRICHMENT 718 PTE LTD,
Name Change,578428,46 Jalan Chempedak,"46 Jalan Chempedak, Singapore 578428",Residential,15/11/2025,NIL,
Name Change,229456,29A Cuppage Road,"29A Cuppage Road, Singapore 229456",Residential,15/11/2025,ARENA ESPORTS HOTEL @ ORCHARD CUPPAGE TERRACE,
Name Change,819458,Changi Nexus One,"75 Airport Cargo Road Changi Nexus One, Singapore 819458",Non-Residential,15/11/2025,DHL EXPRESS SOUTH EAST ASIA HUB,
Name Change,680287,Pcf Sparkletots Preschool @ Keat Hong 287 (cc),"287 Choa Chu Kang Avenue 2 Pcf Sparkletots Preschool @ Keat Hong 287 (cc), Singapore 680287",Non-Residential,15/11/2025,HDB PUBLIC SHELTERS,
Name Change,602417,Teban Breeze,"417B Teban Gardens Road Teban Breeze, Singapore 602417",Non-Residential,15/11/2025,NIL,
Name Change,508899,Airport Fire Station 1,"2000 Upper Changi Road North Airport Fire Station 1, Singapore 508899",Non-Residential,15/11/2025,NIL,
Name Change,267208,Shamrock Park,"64 Namly Place Shamrock Park, Singapore 267208",Non-Residential,15/11/2025,NIL,
Name Change,270054,54 Ghim Moh Link,"54 Ghim Moh Link, Singapore 270054",Residential,15/11/2025,NIL,
Name Change,757750,Hong Sun Tan Temple,"17 Woodlands Industrial Park E4 Hong Sun Tan Temple, Singapore 757750",Non-Residential,15/11/2025,NIL,
Name Change,510247,247 Pasir Ris Street 21,"247 Pasir Ris Street 21, Singapore 510247",Residential,15/11/2025,NIL,
Name Change,510575,My World Preschool Ltd.,"575 Pasir Ris Street 53 My World Preschool Ltd., Singapore 510575",Non-Residential,15/11/2025,NIL,
Name Change,322101,Towner Post Office,"101 Towner Road Towner Post Office, Singapore 322101",Non-Residential,15/11/2025,NIL,
Name Change,807376,30 Saraca Road,"30 Saraca Road, Singapore 807376",Residential,15/11/2025,NIL,
Name Change,380012,Pcf Sparkletots Preschool @ Kolam Ayer Blk 12 (kn),"12 Upper Boon Keng Road Pcf Sparkletots Preschool @ Kolam Ayer Blk 12 (kn), Singapore 380012",Non-Residential,15/11/2025,BOON KENG VILLE,
Name Change,797636,Pcf Sparkletots Kcare Centre @ Sengkang Green,"15 Fernvale Road Pcf Sparkletots Kcare Centre @ Sengkang Green, Singapore 797636",Non-Residential,15/11/2025,MOE KINDERGARTEN @ SENGKANG GREEN,
Name Change,560180,Pcf Sparkletots Preschool @ Kebun Baru 180 (cc),"180 Ang Mo Kio Avenue 5 Pcf Sparkletots Preschool @ Kebun Baru 180 (cc), Singapore 560180",Non-Residential,15/11/2025,KEBUN BARU LINK 2,
Name Change,259598,National Biodiversity Centre,"1B Cluny Road National Biodiversity Centre, Singapore 259598",Non-Residential,15/11/2025,NIL,
Name Change,429381,Crane Court,"38 Crane Road Crane Court, Singapore 429381",Non-Residential,15/11/2025,NIL,
Name Change,600233,Pcf Sparkletots Preschool @ Yuhua 233 (cc),"233 Jurong East Street 21 Pcf Sparkletots Preschool @ Yuhua 233 (cc), Singapore 600233",Non-Residential,15/11/2025,NIL,
Name Change,273058,Ulu Pandan Banks,"58C Ghim Moh Link Ulu Pandan Banks, Singapore 273058",Non-Residential,15/11/2025,NIL,
Name Change,691326,Parc Meadow @ Tengah,"326A Tengah Park Avenue Parc Meadow @ Tengah, Singapore 691326",Non-Residential,15/11/2025,PARK MEADOW @ TENGAH,
Name Change,238871,390 Orchard Road,"390 Orchard Road, Singapore 238871",Residential,15/11/2025,EMBASSY OF THE REPUBLIC OF PERU,
Name Change,552129,129B Serangoon North Avenue 1,"129B Serangoon North Avenue 1, Singapore 552129",Residential,15/11/2025,NIL,
Name Change,320125,125 Jalan Rajah,"125 Jalan Rajah, Singapore 320125",Residential,15/11/2025,NIL,
Name Change,210016,Farrer Park Fields,"16 Farrer Park Road Farrer Park Fields, Singapore 210016",Non-Residential,15/11/2025,NIL,
Name Change,551128,128A Serangoon North Avenue 1,"128A Serangoon North Avenue 1, Singapore 551128",Residential,15/11/2025,NIL,
Name Change,348941,1 Kee Choe Avenue,"1 Kee Choe Avenue, Singapore 348941",Residential,15/11/2025,NIL,
Name Change,640814,814 Jurong West Street 81,"814 Jurong West Street 81, Singapore 640814",Residential,15/11/2025,NIL,
Name Change,329706,Hoover Hotel,"246 Balestier Road Hoover Hotel, Singapore 329706",Non-Residential,15/11/2025,NIL,
Name Change,138533,NUS College,"28 College Avenue West NUS College, Singapore 138533",Non-Residential,15/11/2025,YALE-NUS COLLEGE CAMPUS,
Name Change,589240,Church of Singapore (bukit Timah),"2B Hindhede Road Church of Singapore (bukit Timah), Singapore 589240",Non-Residential,15/11/2025,NIL,
Name Change,609933,Safari House Babies & Toddlers,"1A International Business Park Safari House Babies & Toddlers, Singapore 609933",Non-Residential,15/11/2025,NIL,
Name Change,651457,457A Bukit Batok West Avenue 8,"457A Bukit Batok West Avenue 8, Singapore 651457",Residential,15/11/2025,NIL,
Name Change,730424,Hanis Montessori Kindergarten (woodlands),"424 Woodlands Street 41 Hanis Montessori Kindergarten (woodlands), Singapore 730424",Non-Residential,15/11/2025,NIL,
Name Change,596801,Toh Tuck Garden,"26 Toh Tuck Place Toh Tuck Garden, Singapore 596801",Non-Residential,15/11/2025,NIL,
Name Change,178881,The Legends Golf & Country Resort,"11 Canning Walk The Legends Golf & Country Resort, Singapore 178881",Non-Residential,15/11/2025,HOTEL FORT CANNING,
Name Change,730824,Pcf Sparkletots Preschool @ Woodlands 824 (cc),"824 Woodlands Street 81 Pcf Sparkletots Preschool @ Woodlands 824 (cc), Singapore 730824",Non-Residential,15/11/2025,NIL,
Name Change,142205,205B Queen's Crescent,"205B Queen's Crescent, Singapore 142205",Residential,15/11/2025,NIL,
Name Change,117551,National University of Singapore (s12),"2 Science Drive 3 National University of Singapore (s12), Singapore 117551",Non-Residential,15/11/2025,NATIONAL UNIVERSITY OF SINGAPORE,
Name Change,138609,NUS College,"10 College Avenue West NUS College, Singapore 138609",Non-Residential,15/11/2025,YALE-NUS COLLEGE CAMPUS,
Name Change,768684,601 Yishun Ring Road,"601 Yishun Ring Road, Singapore 768684",Residential,15/11/2025,NIL,
Name Change,758081,Senoko Industrial Estate,"25 Senoko South Road Senoko Industrial Estate, Singapore 758081",Non-Residential,15/11/2025,NIL,
Name Change,769343,29 Yishun Close,"29 Yishun Close, Singapore 769343",Residential,15/11/2025,NORTH GAIA (U/C),
Name Change,650474,474 Bukit Batok West Avenue 5,"474 Bukit Batok West Avenue 5, Singapore 650474",Residential,15/11/2025,NIL,
Name Change,668158,4 Phoenix Road,"4 Phoenix Road, Singapore 668158",Residential,15/11/2025,THE ARDEN (U/C),
Name Change,18962,Neighbourhood Police Centre Marina Bay,"70 Marina View Neighbourhood Police Centre Marina Bay, Singapore 18962",Non-Residential,15/11/2025,MARINA BAY FIRE STATION,
Name Change,599080,Eng Kong Park,"116 Eng Kong Road Eng Kong Park, Singapore 599080",Non-Residential,15/11/2025,NIL,
Name Change,457721,Seaside Park,"60 Jalan Buloh Perindu Seaside Park, Singapore 457721",Non-Residential,15/11/2025,NIL,
Name Change,89154,A Hotel Chinatown,"50 Keong Saik Road A Hotel Chinatown, Singapore 89154",Non-Residential,15/11/2025,HOTEL 1929,
Name Change,408649,Comfortdelgro Automotive Centre,"320 Ubi Road 3 Comfortdelgro Automotive Centre, Singapore 408649",Non-Residential,15/11/2025,NIL,
Name Change,349282,8 Kallang Sector,"8 Kallang Sector, Singapore 349282",Residential,15/11/2025,CHERIE HEARTS PRESCHOOL PTE. LTD.,
Name Change,229900,Little India MRT Station (ne7),"60 Bukit Timah Road Little India MRT Station (ne7), Singapore 229900",Non-Residential,15/11/2025,NIL,
Name Change,397693,Leisure Park Kallang,"5 Stadium Walk Leisure Park Kallang, Singapore 397693",Non-Residential,15/11/2025,FILMGARDE AT LEISURE PARK KALLANG,
Name Change,542292,Pcf Sparkletots Preschool @ Sengkang Central Blk 292b (kn),"292B Compassvale Street Pcf Sparkletots Preschool @ Sengkang Central Blk 292b (kn), Singapore 542292",Non-Residential,15/11/2025,COMPASSVALE LODGE,
Name Change,470620,Pcf Sparkletots Preschool @ Eunos 620 (cc),"620 Bedok Reservoir Road Pcf Sparkletots Preschool @ Eunos 620 (cc), Singapore 470620",Non-Residential,15/11/2025,EUNOS HEIGHTS,
Name Change,228170,105 Sophia Road,"105 Sophia Road, Singapore 228170",Residential,15/11/2025,SOPHIA REGENCY (U/C),
Name Change,199591,The Plaza,"7500A Beach Road The Plaza, Singapore 199591",Non-Residential,15/11/2025,EMBASSY OF THE REPUBLIC OF ZIMBABWE,
Name Change,668111,7 Phoenix Walk,"7 Phoenix Walk, Singapore 668111",Residential,15/11/2025,MONTESSORI @ GRACELAND PTE LTD,
Name Change,121441,West Coast Town Council (clementi Office),"441A Clementi Avenue 3 West Coast Town Council (clementi Office), Singapore 121441",Non-Residential,15/11/2025,CLEMENTI TOWERS,
Name Change,270053,53 Ghim Moh Link,"53 Ghim Moh Link, Singapore 270053",Residential,15/11/2025,NIL,
Name Change,679246,Chestnut Gardens,"21 Chestnut Gardens, Singapore 679246",Non-Residential,15/11/2025,NIL,
Name Change,461051,Neighbourhood Police Post Tanah Merah,"51 New Upper Changi Road Neighbourhood Police Post Tanah Merah, Singapore 461051",Non-Residential,15/11/2025,NIL,
Name Change,640642,Pcf Sparkletots Preschool @ Pioneer Blk 642 (kn),"642 Jurong West Street 61 Pcf Sparkletots Preschool @ Pioneer Blk 642 (kn), Singapore 640642",Non-Residential,15/11/2025,NIL,
Name Change,760523,523 Yishun Street 53,"523 Yishun Street 53, Singapore 760523",Residential,15/11/2025,NIL,
Name Change,544914,Modern Montessori Child Care & Development Centre Pte Ltd,"91 Kovan Road Modern Montessori Child Care & Development Centre Pte Ltd, Singapore 544914",Non-Residential,15/11/2025,NIL,
Name Change,788890,7 Lentor Central,"7 Lentor Central, Singapore 788890",Residential,15/11/2025,LENTOR MODERN (U/C),
Name Change,530311,Careland Student Care Centre (hougang),"311 Hougang Avenue 5 Careland Student Care Centre (hougang), Singapore 530311",Non-Residential,15/11/2025,NIL,
Name Change,690119,Tengah Community Centre,"119 Plantation Crescent Tengah Community Centre, Singapore 690119",Non-Residential,15/11/2025,PLANTATION GROVE,
Name Change,670124,Neighbourhood Police Post Bukit Panjang South,"124 Pending Road Neighbourhood Police Post Bukit Panjang South, Singapore 670124",Non-Residential,15/11/2025,NIL,
Name Change,807320,Saraca Gardens,"54 Saraca View Saraca Gardens, Singapore 807320",Non-Residential,15/11/2025,NIL,
Name Change,212019,Farrer Park Arena,"19B Farrer Park Road Farrer Park Arena, Singapore 212019",Non-Residential,15/11/2025,NIL,
Name Change,539231,Defu Industrial Estate,"121 Defu Lane 10 Defu Industrial Estate, Singapore 539231",Non-Residential,15/11/2025,NIL,
Name Change,178892,61 Stamford Road,"61 Stamford Road, Singapore 178892",Residential,15/11/2025,NATIONAL HERITAGE BOARD (NHB),
Name Change,140206,206 Queen's Crescent,"206 Queen's Crescent, Singapore 140206",Residential,15/11/2025,NIL,
Name Change,198783,North Bridge Road Market and Food Centre,"861 North Bridge Road North Bridge Road Market and Food Centre, Singapore 198783",Non-Residential,15/11/2025,NORTH BRIDGE ROAD MARKET,
Name Change,68608,Singapore 'yu Huang Gong' Temple of Heavenly Jade Emperor,"150 Telok Ayer Street Singapore 'yu Huang Gong' Temple of Heavenly Jade Emperor, Singapore 68608",Non-Residential,15/11/2025,FORMER KENG TECK WHAY BUILDING,
Name Change,397997,Mountbatten Vocational School,"225 Mountbatten Road Mountbatten Vocational School, Singapore 397997",Non-Residential,15/11/2025,NIL,
Name Change,188535,8 Queen Street,"8 Queen Street, Singapore 188535",Residential,15/11/2025,8Q,
Name Change,460045,45 Bedok South Avenue 3,"45 Bedok South Avenue 3, Singapore 460045",Residential,15/11/2025,NIL,
Name Change,388465,Jun Yuan Building,"50 Lorong 21 Geylang Jun Yuan Building, Singapore 388465",Non-Residential,15/11/2025,LE DAO BUILDING,
Name Change,673636,Skool4kidz Centre,"636C Senja Road Skool4kidz Centre, Singapore 673636",Non-Residential,15/11/2025,SENJA PARC VIEW,
Name Change,760527,527 Yishun Street 53,"527 Yishun Street 53, Singapore 760527",Residential,15/11/2025,NIL,
Name Change,123311,311C Clementi Avenue 4,"311C Clementi Avenue 4, Singapore 123311",Residential,15/11/2025,NOBLELAND ARTS N LEARNING PLACE @CLEMENTI PTE. LTD.,
Name Change,761515,515A Miltonia Close,"515A Miltonia Close, Singapore 761515",Residential,15/11/2025,NIL,
Name Change,150110,110 Alexandra View,"110 Alexandra View, Singapore 150110",Residential,15/11/2025,NIL,
Name Change,119377,50 Jambol Place,"50 Jambol Place, Singapore 119377",Residential,15/11/2025,NIL,
Name Change,677726,National University Polyclinics (bukit Panjang Polyclinic),"50 Woodlands Road National University Polyclinics (bukit Panjang Polyclinic), Singapore 677726",Non-Residential,15/11/2025,NIL,
Name Change,510517,Pcf Sparkletots Preschool @ Pasir Ris West Blk 517 (kn),"517 Pasir Ris Street 52 Pcf Sparkletots Preschool @ Pasir Ris West Blk 517 (kn), Singapore 510517",Non-Residential,15/11/2025,ELIAS PARKS ESTATE,
Name Change,188066,Central Arts Library,"98 Victoria Street Central Arts Library, Singapore 188066",Non-Residential,15/11/2025,INFORMATICS ACADEMY,
Name Change,694328,Parc Meadow @ Tengah,"328D Tengah Park Avenue Parc Meadow @ Tengah, Singapore 694328",Non-Residential,15/11/2025,PARK MEADOW @ TENGAH,
Name Change,761516,516A Miltonia Close,"516A Miltonia Close, Singapore 761516",Residential,15/11/2025,NIL,
Name Change,59815,Clarke Quay MRT Station (ne5),"10 Eu Tong Sen Street Clarke Quay MRT Station (ne5), Singapore 59815",Non-Residential,15/11/2025,CLARKE QUAY MRT STATION,
Name Change,638139,Ichiban (noble) Childcare Pte. Ltd.,"8 Yunnan Walk 2 Ichiban (noble) Childcare Pte. Ltd., Singapore 638139",Non-Residential,15/11/2025,NIL,
Name Change,440066,Ywca Marine Drive Child Development Centre,"66 Marine Drive Ywca Marine Drive Child Development Centre, Singapore 440066",Non-Residential,15/11/2025,MARINE DRIVE GARDENS,
Name Change,820670,Waterway Ridges,"670 Edgefield Plains Waterway Ridges, Singapore 820670",Non-Residential,15/11/2025,E-BRIDGE PRE-SCHOOL,
Name Change,388376,Singapore Buddhist Free Clinic Geylang Main Branch Clinic,"48 Lorong 23 Geylang Singapore Buddhist Free Clinic Geylang Main Branch Clinic, Singapore 388376",Non-Residential,15/11/2025,SINGAPORE BUDDHIST FREE CLINIC,
Name Change,536465,3 Tai Seng Avenue,"3 Tai Seng Avenue, Singapore 536465",Residential,15/11/2025,TAI SENG EXCHANGE,
Name Change,59829,26 Havelock Road,"26 Havelock Road, Singapore 59829",Residential,15/11/2025,UNION SQUARE,
Name Change,409048,Macpherson MRT Station (cc10),"171 Paya Lebar Road Macpherson MRT Station (cc10), Singapore 409048",Non-Residential,15/11/2025,MACPHERSON MRT STATION,
Name Change,271058,Ulu Pandan Banks,"58A Ghim Moh Link Ulu Pandan Banks, Singapore 271058",Non-Residential,15/11/2025,NIL,
Name Change,109100,Shg Student Care (blangah Rise Primary School),"91 Telok Blangah Heights Shg Student Care (blangah Rise Primary School), Singapore 109100",Non-Residential,15/11/2025,BLANGAH RISE PRIMARY SCHOOL,
Name Change,560435,Cheng San Community Club (temp Office),"435 Ang Mo Kio Avenue 10 Cheng San Community Club (temp Office), Singapore 560435",Non-Residential,15/11/2025,CHONG BOON RISE,
Name Change,689905,Ymca Scc @ Chua Chu Kang,"20 Choa Chu Kang Avenue 2 Ymca Scc @ Chua Chu Kang, Singapore 689905",Non-Residential,15/11/2025,CHUA CHU KANG PRIMARY SCHOOL,
Name Change,169053,Jubilee Presbyterian Church,"256 Outram Road Jubilee Presbyterian Church, Singapore 169053",Non-Residential,15/11/2025,CHINESE KINDERGARTEN,
Name Change,807505,Saraca Gardens,"1 Saraca Drive Saraca Gardens, Singapore 807505",Non-Residential,15/11/2025,NIL,
Name Change,790485,485 Fernvale Drive,"485 Fernvale Drive, Singapore 790485",Residential,15/11/2025,NIL,
Name Change,131065,65A Commonwealth Avenue West,"65A Commonwealth Avenue West, Singapore 131065",Residential,15/11/2025,NIL,
Name Change,652459,459B Bukit Batok West Avenue 8,"459B Bukit Batok West Avenue 8, Singapore 652459",Residential,15/11/2025,NIL,
Name Change,750480,Kidszone Childcare and Development Centre,"480 Sembawang Drive Kidszone Childcare and Development Centre, Singapore 750480",Non-Residential,15/11/2025,NIL,
Name Change,409962,Emmaus Evangelical Free Church,"18 Arumugam Road Emmaus Evangelical Free Church, Singapore 409962",Non-Residential,15/11/2025,ANTIOCH@MACPHERSON,
Name Change,681823,823A Keat Hong Link,"823A Keat Hong Link, Singapore 681823",Residential,15/11/2025,NIL,
Name Change,680280,Fei Yue Family Sevice Centre (choa Chu Kang),"280 Choa Chu Kang Avenue 3 Fei Yue Family Sevice Centre (choa Chu Kang), Singapore 680280",Non-Residential,15/11/2025,NIL,
Name Change,808840,22 Jalan Lakum,"22 Jalan Lakum, Singapore 808840",Residential,15/11/2025,NIL,
Name Change,329983,Hiap Hoe Building at Zhongshan Park,"18 Ah Hood Road Hiap Hoe Building at Zhongshan Park, Singapore 329983",Non-Residential,15/11/2025,ALOFT SINGAPORE NOVENA,
Name Change,642402,402B Jurong West Street 42,"402B Jurong West Street 42, Singapore 642402",Residential,15/11/2025,NIL,
Name Change,59567,1 Magazine Road,"1 Magazine Road, Singapore 59567",Residential,15/11/2025,NIL,
Name Change,644987,Pcf Sparkletots Preschool @ Pioneer 987d (cc),"987D Jurong West Street 93 Pcf Sparkletots Preschool @ Pioneer 987d (cc), Singapore 644987",Non-Residential,15/11/2025,NIL,
Name Change,207398,Macpherson Hotel,"41 Upper Weld Road Macpherson Hotel, Singapore 207398",Non-Residential,15/11/2025,NIL,
Name Change,419313,2 Jalan Ishak,"2 Jalan Ishak, Singapore 419313",Residential,15/11/2025,NIL,
Name Change,528882,Safra Clubhouse (tampines),"1A Tampines Street 92 Safra Clubhouse (tampines), Singapore 528882",Non-Residential,15/11/2025,NURTURESTARS PTE. LTD.,
Name Change,650476,476 Bukit Batok West Avenue 5,"476 Bukit Batok West Avenue 5, Singapore 650476",Residential,15/11/2025,NIL,
Name Change,762517,517B Miltonia Close,"517B Miltonia Close, Singapore 762517",Residential,15/11/2025,NIL,
Name Change,310045,Pcf Sparkletots Preschool @ Toa Payoh West-balestier 45 (ds),"45 Lorong 5 Toa Payoh Pcf Sparkletots Preschool @ Toa Payoh West-balestier 45 (ds), Singapore 310045",Non-Residential,15/11/2025,EAST PAYOH SPRING,
Name Change,270050,50 Ghim Moh Close,"50 Ghim Moh Close, Singapore 270050",Residential,15/11/2025,NIL,
Name Change,569341,2 Ang Mo Kio Street 23,"2 Ang Mo Kio Street 23, Singapore 569341",Residential,15/11/2025,SAINT LUKE'S ELDERCARE RESIDENCE @ ANG MO KIO,
Name Change,267211,Sunshine Kindergarten (watten),"66 Namly Place Sunshine Kindergarten (watten), Singapore 267211",Non-Residential,15/11/2025,SHAMROCK PARK,
Name Change,214016,Farrer Park Fields,"16D Farrer Park Road Farrer Park Fields, Singapore 214016",Non-Residential,15/11/2025,NIL,
Name Change,677738,Neighbourhood Police Post Bukit Panjang,"1 Segar Road Neighbourhood Police Post Bukit Panjang, Singapore 677738",Non-Residential,15/11/2025,NEIGHBOURHOOD POLICE CENTRE BUKIT PANJANG,
Name Change,229944,Cairnhill Fire Post,"1 Anthony Road Cairnhill Fire Post, Singapore 229944",Non-Residential,15/11/2025,CAIRNHILL COMMUNITY CLUB,
Name Change,270057,Ulu Pandan Banks,"57 Ghim Moh Link Ulu Pandan Banks, Singapore 270057",Non-Residential,15/11/2025,NIL,
Name Change,569250,Pathlight School (ang Mo Kio Campus 2),"2 Ang Mo Kio Street 44 Pathlight School (ang Mo Kio Campus 2), Singapore 569250",Non-Residential,15/11/2025,PATHLIGHT SCHOOL 3,
Name Change,828850,Kids' Kingdom Child Development and Learning Centre,"1 Edgefield Walk Kids' Kingdom Child Development and Learning Centre, Singapore 828850",Non-Residential,15/11/2025,CENTRAL CHRISTIAN CHURCH,
Name Change,460105,Nkf Dialysis Centre,"105 Bedok North Avenue 4 Nkf Dialysis Centre, Singapore 460105",Non-Residential,15/11/2025,PEARL GARDEN,
Name Change,487370,Singapore Expo (hall 10),"9 Somapah Road Singapore Expo (hall 10), Singapore 487370",Non-Residential,15/11/2025,CONNECT@CHANGI,
Name Change,611175,175A Yung Kuang Road,"175A Yung Kuang Road, Singapore 611175",Residential,15/11/2025,ACEKIDZ @ SG PTE. LTD.,
Name Change,698910,Choa Chu Kang Cemetery Office,"940 Old Choa Chu Kang Road Choa Chu Kang Cemetery Office, Singapore 698910",Non-Residential,15/11/2025,NIL,
Name Change,321125,125A Jalan Rajah,"125A Jalan Rajah, Singapore 321125",Residential,15/11/2025,NIL,
Name Change,760844,844 Yishun Street 81,"844 Yishun Street 81, Singapore 760844",Residential,15/11/2025,KAHTIB CENTRAL,
Name Change,274057,Ulu Pandan Banks,"57D Ghim Moh Link Ulu Pandan Banks, Singapore 274057",Non-Residential,15/11/2025,NIL,
Name Change,609789,Jurong Polyclinic and Econ Care Residence (jurong East),"200 Jurong East Avenue 1 Jurong Polyclinic and Econ Care Residence (jurong East), Singapore 609789",Non-Residential,15/11/2025,NIL,
Name Change,397639,Kallang Football Hub,"31 Stadium Crescent Kallang Football Hub, Singapore 397639",Non-Residential,15/11/2025,SINGAPORE CRICKET ASSOCIATION,
Name Change,18971,Tower 3 (marina Bay Sands Singapore),"1 Bayfront Avenue Tower 3 (marina Bay Sands Singapore), Singapore 18971",Non-Residential,15/11/2025,MARINA BAY SANDS,
Name Change,218115,355 Serangoon Road,"355 Serangoon Road, Singapore 218115",Residential,15/11/2025,NIL,
Name Change,598543,Jurong Park,"25 Jalan Kakatua Jurong Park, Singapore 598543",Non-Residential,15/11/2025,INNATE MONTESSORI PTE. LTD.,
Name Change,761517,517A Miltonia Close,"517A Miltonia Close, Singapore 761517",Residential,15/11/2025,NIL,
Name Change,319387,Safra Clubhouse (toa Payoh),"293 Lorong 6 Toa Payoh Safra Clubhouse (toa Payoh), Singapore 319387",Non-Residential,15/11/2025,NURTURESTARS CHILD CARE,
Name Change,218842,2 Owen Road,"2 Owen Road, Singapore 218842",Residential,15/11/2025,NIL,
Name Change,739565,Kranji Industrial Estate,"33 Kranji Loop Kranji Industrial Estate, Singapore 739565",Non-Residential,15/11/2025,CHEK CHAI LONG CHUEN TEMPLE,
Name Change,652458,458B Bukit Batok West Avenue 8,"458B Bukit Batok West Avenue 8, Singapore 652458",Residential,15/11/2025,NIL,
Name Change,239549,110 Killiney Road,"110 Killiney Road, Singapore 239549",Residential,15/11/2025,JEWEL @ KILLINEY ORCHARD (U/C),
Name Change,793419,419C Fernvale Link,"419C Fernvale Link, Singapore 793419",Residential,15/11/2025,NIL,
Name Change,319642,Nkf Dialysis Centre,"200 Lorong 2 Toa Payoh Nkf Dialysis Centre, Singapore 319642",Non-Residential,15/11/2025,TOA PAYOH WEST COMMUNITY CLUB,
Name Change,680822,822 Keat Hong Link,"822 Keat Hong Link, Singapore 680822",Residential,15/11/2025,NIL,
Name Change,89316,Sky Tower,"15 Hoe Chiang Road Sky Tower, Singapore 89316",Non-Residential,15/11/2025,SKY TOWER / SKY PLAZA,
Name Change,259602,Singapore Botanic Gardens (centre for Education and Outreach),"1F Cluny Road Singapore Botanic Gardens (centre for Education and Outreach), Singapore 259602",Non-Residential,15/11/2025,NIL,
Name Change,569933,53 Ang Mo Kio Avenue 3,"53 Ang Mo Kio Avenue 3, Singapore 569933",Residential,15/11/2025,ABUNDANT LIFE FAMILY CHURCH,
Name Change,610153,153 Yung Ho Road,"153 Yung Ho Road, Singapore 610153",Residential,15/11/2025,NIL,
Name Change,151124,Pcf Sparkletots Preschool @ Henderson-dawson Blk 124a (kn),"124A Bukit Merah View Pcf Sparkletots Preschool @ Henderson-dawson Blk 124a (kn), Singapore 151124",Non-Residential,15/11/2025,NIL,
Name Change,200806,Pcf Sparkletots Preschool @ Kampong Glam Blk 806 (kn),"806 King George's Avenue Pcf Sparkletots Preschool @ Kampong Glam Blk 806 (kn), Singapore 200806",Non-Residential,15/11/2025,NIL,
Name Change,545328,Park Villas,"99 Park Villas Rise, Singapore 545328",Non-Residential,15/11/2025,NIL,
Name Change,637066,Sin Chew Logistics Center,"2 Tuas Basin Lane Sin Chew Logistics Center, Singapore 637066",Non-Residential,15/11/2025,NIL,
Name Change,410650,Pcf Sparkletots Preschool @ Eunos Blk 650 (kn),"650 Jalan Tenaga Pcf Sparkletots Preschool @ Eunos Blk 650 (kn), Singapore 410650",Non-Residential,15/11/2025,EUNOS DAMAI VILLE,
Name Change,653474,474C Bukit Batok West Avenue 5,"474C Bukit Batok West Avenue 5, Singapore 653474",Residential,15/11/2025,NIL,
Name Change,99008,Mega Adventure Park,"10A Siloso Beach Walk Mega Adventure Park, Singapore 99008",Non-Residential,15/11/2025,NIL,
Name Change,529452,89 Tampines Street 62,"89 Tampines Street 62, Singapore 529452",Residential,15/11/2025,TENET (U/C),
Name Change,259770,National University of Singapore (bukit Timah Campus),"469A Bukit Timah Road National University of Singapore (bukit Timah Campus), Singapore 259770",Non-Residential,15/11/2025,FORMER RAFFLES COLLEGE,
Name Change,257854,Gospel Light Bible-presbyterian Church,"60 Stevens Road Gospel Light Bible-presbyterian Church, Singapore 257854",Non-Residential,15/11/2025,NIL,
Name Change,769299,35 Yishun Close,"35 Yishun Close, Singapore 769299",Residential,15/11/2025,NORTH GAIA (U/C),
Name Change,690332,Parc Meadow @ Tengah,"332 Tengah Park Avenue Parc Meadow @ Tengah, Singapore 690332",Non-Residential,15/11/2025,PARK MEADOW @ TENGAH,
Name Change,59724,Night Court - Court 25n & 26n,"1 Havelock Square Night Court - Court 25n & 26n, Singapore 59724",Non-Residential,15/11/2025,COMMUNITY JUSTICE CENTRE (CJC),
Name Change,600292,292 Jurong East Street 24,"292 Jurong East Street 24, Singapore 600292",Residential,15/11/2025,NIL,
Name Change,270058,Ulu Pandan Banks,"58 Ghim Moh Link Ulu Pandan Banks, Singapore 270058",Non-Residential,15/11/2025,NIL,
Name Change,69118,45 Maxwell Road,"45 Maxwell Road, Singapore 69118",Residential,15/11/2025,COMPETITION COMMISSION OF SINGAPORE (CCS),
Name Change,797653,The Seletar Mall,"33 Sengkang West Avenue The Seletar Mall, Singapore 797653",Non-Residential,15/11/2025,SHAW THEATRES SELETAR,
Name Change,458410,20 Fidelio Street,"20 Fidelio Street, Singapore 458410",Residential,15/11/2025,NIL,
Name Change,560541,541 Ang Mo Kio Avenue 10,"541 Ang Mo Kio Avenue 10, Singapore 560541",Residential,15/11/2025,CHENG SAN GREEN,
Name Change,760522,522 Yishun Street 53,"522 Yishun Street 53, Singapore 760522",Residential,15/11/2025,NIL,
Name Change,219494,101 Dorset Road,"101 Dorset Road, Singapore 219494",Residential,15/11/2025,NIL,
Name Change,211016,Farrer Park Fields,"16A Farrer Park Road Farrer Park Fields, Singapore 211016",Non-Residential,15/11/2025,NIL,
Name Change,543306,306C Anchorvale Link,"306C Anchorvale Link, Singapore 543306",Residential,15/11/2025,ANCHORVALE PLACE,
Name Change,668156,2 Phoenix Road,"2 Phoenix Road, Singapore 668156",Residential,15/11/2025,THE ARDEN (U/C),
Name Change,228484,2 Mount Emily Road,"2 Mount Emily Road, Singapore 228484",Residential,15/11/2025,NIL,
Name Change,640715,715 Jurong West Street 71,"715 Jurong West Street 71, Singapore 640715",Residential,15/11/2025,HDB PUBLIC SHELTERS,
Name Change,759218,Sembawang Park,"29 Jalan Lengkok Sembawang Sembawang Park, Singapore 759218",Non-Residential,15/11/2025,HIS LITTLE KINGDOM CHILD CARE AND DEVELOPMENT CENTRE,
Name Change,829858,Punggol Coast Bus Interchange,"1 Sentul Walk Punggol Coast Bus Interchange, Singapore 829858",Non-Residential,15/11/2025,NIL,
Name Change,693328,Parc Meadow @ Tengah,"328C Tengah Park Avenue Parc Meadow @ Tengah, Singapore 693328",Non-Residential,15/11/2025,PARK MEADOW @ TENGAH,
Name Change,682824,824B Keat Hong Link,"824B Keat Hong Link, Singapore 682824",Residential,15/11/2025,NIL,
Name Change,460048,48 Bedok South Avenue 3,"48 Bedok South Avenue 3, Singapore 460048",Residential,15/11/2025,NIL,
Name Change,140204,204 Queen's Crescent,"204 Queen's Crescent, Singapore 140204",Residential,15/11/2025,NIL,
Name Change,427452,Hotel Sakura by Venue,"181 Joo Chiat Road Hotel Sakura by Venue, Singapore 427452",Non-Residential,15/11/2025,HOTEL 81 - SAKURA,
Name Change,791484,484A Fernvale Drive,"484A Fernvale Drive, Singapore 791484",Residential,15/11/2025,NIL,
Name Change,457702,Seaside Park,"44 Jalan Buloh Perindu Seaside Park, Singapore 457702",Non-Residential,15/11/2025,NIL,
Name Change,267630,Shamrock Park,"59 Namly Avenue Shamrock Park, Singapore 267630",Non-Residential,15/11/2025,NIL,
Name Change,249076,278 Jervois Road,"278 Jervois Road, Singapore 249076",Residential,15/11/2025,NIL,
Name Change,792484,484B Fernvale Drive,"484B Fernvale Drive, Singapore 792484",Residential,15/11/2025,NIL,
Name Change,821665,665A Punggol Drive,"665A Punggol Drive, Singapore 821665",Residential,15/11/2025,NOBLELAND ARTS N LEARNING PLACE @WATERWAY PTE. LTD.,
Name Change,768090,Picket Fence @ Yishun Pte. Ltd.,"6 Yishun Industrial Street 1 Picket Fence @ Yishun Pte. Ltd., Singapore 768090",Non-Residential,15/11/2025,LITTLE PETALS PRESCHOOL PTE. LTD.,
Name Change,38980,Merlion Park (one Fullerton),"21 Esplanade Drive Merlion Park (one Fullerton), Singapore 38980",Non-Residential,15/11/2025,NIL,
Name Change,600418,Teban Breeze,"418 Teban Gardens Road Teban Breeze, Singapore 600418",Non-Residential,15/11/2025,NIL,
Name Change,398849,1 Lorong 16 Geylang,"1 Lorong 16 Geylang, Singapore 398849",Residential,15/11/2025,NIL,
Name Change,602288,288B Jurong East Street 21,"288B Jurong East Street 21, Singapore 602288",Residential,15/11/2025,NIL,
Name Change,823302,Pcf Sparkletots Preschool @ Punggol Coast 302c (cc),"302C Punggol Place Pcf Sparkletots Preschool @ Punggol Coast 302c (cc), Singapore 823302",Non-Residential,15/11/2025,CORALINUS,
Name Change,699910,Copen Grand,"53 Tengah Garden Walk Copen Grand, Singapore 699910",Non-Residential,15/11/2025,COPEN GRAND (U/C),
Name Change,257488,Singapore Botanic Gardens (the Garage),"50 Cluny Park Road Singapore Botanic Gardens (the Garage), Singapore 257488",Non-Residential,15/11/2025,THE GARAGE (SINGAPORE BOTANIC GARDENS),
Name Change,188976,141 Middle Road,"141 Middle Road, Singapore 188976",Residential,15/11/2025,GSM BUILDING,
Name Change,678211,Hillview MRT Station (dt3),"510 Upper Bukit Timah Road Hillview MRT Station (dt3), Singapore 678211",Non-Residential,15/11/2025,NIL,
Name Change,257504,Gallop Villas,"1A Woollerton Park Gallop Villas, Singapore 257504",Non-Residential,15/11/2025,NIL,
Name Change,550267,Market,"267 Serangoon Avenue 3 Market, Singapore 550267",Non-Residential,15/11/2025,NIL,
Name Change,761523,523A Yishun Street 53,"523A Yishun Street 53, Singapore 761523",Residential,15/11/2025,NIL,
Name Change,469958,Bayshore MRT Station (te29),"31 Bayshore Road Bayshore MRT Station (te29), Singapore 469958",Non-Residential,15/11/2025,NIL,
Name Change,680530,Iman Kindergarten (cck),"530 Choa Chu Kang Street 51 Iman Kindergarten (cck), Singapore 680530",Non-Residential,15/11/2025,NIL,
Name Change,498722,Tanah Merah Country Club (garden Course),"1 Tanah Merah Coast Road Tanah Merah Country Club (garden Course), Singapore 498722",Non-Residential,15/11/2025,TANAH MERAH COUNTRY CLUB,
Name Change,791470,Pcf Sparkletots Kcare Centre@sengkang West Blk 470a,"470A Fernvale Link Pcf Sparkletots Kcare Centre@sengkang West Blk 470a, Singapore 791470",Non-Residential,15/11/2025,FERNVALE RIVERGROVE,
Name Change,169043,Superland Pre-school (outram) Pte Ltd,"240 Outram Road Superland Pre-school (outram) Pte Ltd, Singapore 169043",Non-Residential,15/11/2025,NIL,
Name Change,690326,Parc Meadow @ Tengah,"326 Tengah Park Avenue Parc Meadow @ Tengah, Singapore 690326",Non-Residential,15/11/2025,PARK MEADOW @ TENGAH,
Name Change,537319,School House Bythegarden @ Hougang Pte. Ltd.,"23 Jalan Teliti School House Bythegarden @ Hougang Pte. Ltd., Singapore 537319",Non-Residential,15/11/2025,NIL,
Name Change,762524,524B Yishun Street 53,"524B Yishun Street 53, Singapore 762524",Residential,15/11/2025,NIL,
Name Change,389496,541 Geylang Road,"541 Geylang Road, Singapore 389496",Residential,15/11/2025,AMERICARE CHILD DEVELOPMENT CENTRE,
Name Change,460076,Pcf Sparkletots Preschool @ Fengshan 76 (cc),"76 Bedok North Road Pcf Sparkletots Preschool @ Fengshan 76 (cc), Singapore 460076",Non-Residential,15/11/2025,NIL,
Name Change,409075,Kampong Kembangan Community Club (temp Office),"10 Jalan Ubi Kampong Kembangan Community Club (temp Office), Singapore 409075",Non-Residential,15/11/2025,KAMPONG UBI COMMUNITY CENTRE,
Name Change,397804,Kallang Squash & Tennis Centre,"8 Stadium Boulevard Kallang Squash & Tennis Centre, Singapore 397804",Non-Residential,15/11/2025,NIL,
Name Change,651475,475A Bukit Batok West Avenue 5,"475A Bukit Batok West Avenue 5, Singapore 651475",Residential,15/11/2025,NIL,
Name Change,58288,1 Upper Pickering Street,"1 Upper Pickering Street, Singapore 58288",Residential,15/11/2025,ATTORNEY-GENERAL'S CHAMBERS,
Name Change,668331,Phoenix Heights,"81 Phoenix Garden Phoenix Heights, Singapore 668331",Non-Residential,15/11/2025,NIL,
Name Change,693326,Parc Meadow @ Tengah,"326C Tengah Park Avenue Parc Meadow @ Tengah, Singapore 693326",Non-Residential,15/11/2025,PARK MEADOW @ TENGAH,
Name Change,118815,Pasir Panjang Neighbourhood Police Post,"109A Pasir Panjang Road Pasir Panjang Neighbourhood Police Post, Singapore 118815",Non-Residential,15/11/2025,NEIGHBOURHOOD POLICE POST PASIR PANJANG,
Name Change,523491,491D Tampines Street 45,"491D Tampines Street 45, Singapore 523491",Residential,15/11/2025,NIL,
Name Change,59293,37 North Canal Road,"37 North Canal Road, Singapore 59293",Residential,15/11/2025,CHAMPION HOTEL CITY,
Name Change,690327,Parc Meadow @ Tengah,"327 Tengah Park Avenue Parc Meadow @ Tengah, Singapore 690327",Non-Residential,15/11/2025,PARK MEADOW @ TENGAH,
Name Change,557736,Grace Park,"16 Grace Walk Grace Park, Singapore 557736",Non-Residential,15/11/2025,NIL,
Name Change,542261,Morning Star Community Services - Sengkang,"261B Sengkang East Way Morning Star Community Services - Sengkang, Singapore 542261",Non-Residential,15/11/2025,COMPASSVALE NORTH GATE,
Name Change,270051,51 Ghim Moh Link,"51 Ghim Moh Link, Singapore 270051",Residential,15/11/2025,NIL,
Name Change,600251,Pcf Sparkletots Preschool @ Yuhua Blk 251 (kn),"251 Jurong East Street 24 Pcf Sparkletots Preschool @ Yuhua Blk 251 (kn), Singapore 600251",Non-Residential,15/11/2025,NIL,
Name Change,309458,NAFA Arts Kindergarten (derbyshire),"2 Derbyshire Road NAFA Arts Kindergarten (derbyshire), Singapore 309458",Non-Residential,15/11/2025,DERBYSHIRE KINDERGARTEN,
Name Change,575628,8 Sin Ming Road,"8 Sin Ming Road, Singapore 575628",Residential,15/11/2025,NIL,
Name Change,213016,Farrer Park Fields,"16C Farrer Park Road Farrer Park Fields, Singapore 213016",Non-Residential,15/11/2025,NIL,
Name Change,761526,526A Yishun Street 53,"526A Yishun Street 53, Singapore 761526",Residential,15/11/2025,NIL,
Name Change,678116,Saint Joseph's Church (bukit Timah),"620 Upper Bukit Timah Road Saint Joseph's Church (bukit Timah), Singapore 678116",Non-Residential,15/11/2025,SAINT JOSEPH CHURCH (BUKIT TIMAH),
Name Change,427373,"Stories Joo Chiat, a Hotel by Cove","51 Joo Chiat Road Stories Joo Chiat, a Hotel by Cove, Singapore 427373",Non-Residential,15/11/2025,AM HOTEL,
Name Change,668384,83 Phoenix Avenue,"83 Phoenix Avenue, Singapore 668384",Residential,15/11/2025,PHOENIX RESIDENCES (U/C),
Name Change,763517,517C Miltonia Close,"517C Miltonia Close, Singapore 763517",Residential,15/11/2025,NIL,
Name Change,120453,453 Clementi Avenue 3,"453 Clementi Avenue 3, Singapore 120453",Residential,15/11/2025,NIL,
Name Change,179100,City Hall MRT Station (ew13 / Ns25),"150 North Bridge Road City Hall MRT Station (ew13 / Ns25), Singapore 179100",Non-Residential,15/11/2025,CITY HALL MRT STATION,
Name Change,271054,54A Ghim Moh Link,"54A Ghim Moh Link, Singapore 271054",Residential,15/11/2025,NIL,
Name Change,117552,National University of Singapore (s8),"3 Science Drive 3 National University of Singapore (s8), Singapore 117552",Non-Residential,15/11/2025,NATIONAL UNIVERSITY OF SINGAPORE,
Name Change,119083,National University of Singapore (faculty of Dentistry),"11 Lower Kent Ridge Road National University of Singapore (faculty of Dentistry), Singapore 119083",Non-Residential,15/11/2025,MEDICINE+ SCIENCE LIBRARY,
Name Change,530929,Pcf Sparkletots Preschool @ Ang Mo Kio-hougang Blk 929 (kn),"929 Hougang Street 91 Pcf Sparkletots Preschool @ Ang Mo Kio-hougang Blk 929 (kn), Singapore 530929",Non-Residential,15/11/2025,NIL,
Name Change,213019,Farrer Park Arena,"19C Farrer Park Road Farrer Park Arena, Singapore 213019",Non-Residential,15/11/2025,NIL,
Name Change,307583,43 Thomson Road,"43 Thomson Road, Singapore 307583",Residential,15/11/2025,KARTAR APARTMENTS,
Name Change,529700,73 Tampines Street 62,"73 Tampines Street 62, Singapore 529700",Residential,15/11/2025,TENET (U/C),
Name Change,699895,Copen Grand,"69 Tengah Garden Walk Copen Grand, Singapore 699895",Non-Residential,15/11/2025,COPEN GRAND (U/C),
Name Change,828671,Northshore Primary School,"30 Northshore Drive Northshore Primary School, Singapore 828671",Non-Residential,15/11/2025,MOE KINDERGARTEN @ NORTHSHORE,
Name Change,730711,711 Woodlands Drive 70,"711 Woodlands Drive 70, Singapore 730711",Residential,15/11/2025,ADMIRALTY CLOVER,
Name Change,546636,Yen Pei Building (fo Hui),"105 Punggol Road Yen Pei Building (fo Hui), Singapore 546636",Non-Residential,15/11/2025,BUDDHIST CULTURAL CENTRE,
Name Change,820192,Bright Kids School House Pte Ltd,"192 Punggol Central Bright Kids School House Pte Ltd, Singapore 820192",Non-Residential,15/11/2025,NIL,
Name Change,668385,85 Phoenix Avenue,"85 Phoenix Avenue, Singapore 668385",Residential,15/11/2025,PHOENIX RESIDENCES (U/C),
Name Change,438803,1 Haig Lane,"1 Haig Lane, Singapore 438803",Residential,15/11/2025,ROYAL HALLMARK (U/C),
Name Change,637509,69H Tuas South Avenue 1,"69H Tuas South Avenue 1, Singapore 637509",Residential,15/11/2025,SEATOWN INDUSTRIAL CENTRE,
Name Change,238902,35 Orchard Road,"35 Orchard Road, Singapore 238902",Residential,15/11/2025,ISTANA HERITAGE GALLERY,
Name Change,619677,Greenphyto Innovation Centre,"13 Tukang Innovation Drive Greenphyto Innovation Centre, Singapore 619677",Non-Residential,15/11/2025,NIL,
Name Change,79904,Anson Centre / 51 Anson,"51 Anson Road Anson Centre / 51 Anson, Singapore 79904",Non-Residential,15/11/2025,ANSON CENTRE,
Name Change,529701,75 Tampines Street 62,"75 Tampines Street 62, Singapore 529701",Residential,15/11/2025,TENET (U/C),
Name Change,138528,NUS College,"18 College Avenue West NUS College, Singapore 138528",Non-Residential,15/11/2025,YALE-NUS COLLEGE CAMPUS,
Name Change,309437,Singapore Chinese Girls' School (primary),"190 Dunearn Road Singapore Chinese Girls' School (primary), Singapore 309437",Non-Residential,15/11/2025,SINGAPORE CHINESE GIRLS' SCHOOL,
Name Change,267551,36 Namly Crescent,"36 Namly Crescent, Singapore 267551",Residential,15/11/2025,SHAMROCK PARK,
Name Change,309254,51 Gentle Drive,"51 Gentle Drive, Singapore 309254",Residential,15/11/2025,GENTLE VILLAS,
Name Change,179620,Fort Canning Service Reservoir,"5 Cox Terrace Fort Canning Service Reservoir, Singapore 179620",Non-Residential,15/11/2025,NIL,
Name Change,689045,Comfort Garden,"55 Hong San Walk Comfort Garden, Singapore 689045",Non-Residential,15/11/2025,NIL,
Name Change,738853,Woodlands Primary School,"10 Woodlands Drive 50 Woodlands Primary School, Singapore 738853",Non-Residential,15/11/2025,COMMIT LEARNING SCHOOLHOUSE @ WOODLANDS PRIMARY SCHOOL,
Name Change,339780,Aumovio Building,"80 Boon Keng Road Aumovio Building, Singapore 339780",Non-Residential,15/11/2025,CONTINENTAL BUILDING,
Name Change,640516,Lakeside Family Service Centre (jurong West),"516 Jurong West Street 52 Lakeside Family Service Centre (jurong West), Singapore 640516",Non-Residential,15/11/2025,NIL,
Name Change,681628,628A Yew Tee Close,"628A Yew Tee Close, Singapore 681628",Residential,15/11/2025,NIL,
Name Change,321107,Asian Women's Welfare Association (awwa) Family Service Centre,"107 Towner Road Asian Women's Welfare Association (awwa) Family Service Centre, Singapore 321107",Non-Residential,15/11/2025,NIL,
Name Change,822208,208B Punggol Place,"208B Punggol Place, Singapore 822208",Residential,15/11/2025,MY FIRST SKOOL,
Name Change,211018,Farrer Park Fields,"18A Farrer Park Road Farrer Park Fields, Singapore 211018",Non-Residential,15/11/2025,NIL,
Name Change,668947,Hillview Garden Estate,"2 Jalan Dermawan Hillview Garden Estate, Singapore 668947",Non-Residential,15/11/2025,CHERIE HEARTS KIDZ LODGE PTE. LTD.,
Name Change,737668,Woodlands North MRT Station (te1),"20 Woodlands North Coast Road Woodlands North MRT Station (te1), Singapore 737668",Non-Residential,15/11/2025,NIL,
Name Change,529449,83 Tampines Street 62,"83 Tampines Street 62, Singapore 529449",Residential,15/11/2025,TENET (U/C),
Name Change,169634,Maple Bear Preschool Pte. Ltd.,"407 Havelock Road Maple Bear Preschool Pte. Ltd., Singapore 169634",Non-Residential,15/11/2025,FURAMA RIVERFRONT SINGAPORE,
Name Change,579757,Neighbourhood Police Centre Bishan,"20 Bishan Street 23 Neighbourhood Police Centre Bishan, Singapore 579757",Non-Residential,15/11/2025,BISHAN NEIGHBOURHOOD POLICE CENTRE,
Name Change,730581,Pcf Sparkletots Preschool @ Admiralty Blk 581 (kn),"581 Woodlands Drive 16 Pcf Sparkletots Preschool @ Admiralty Blk 581 (kn), Singapore 730581",Non-Residential,15/11/2025,NIL,
Name Change,738979,Rts Link Woodlands North Station,"1 Woodlands North Coast Road Rts Link Woodlands North Station, Singapore 738979",Non-Residential,15/11/2025,CIQ BUILDING,
Name Change,485985,Expo MRT Station (dt35),"2 Expo Drive Expo MRT Station (dt35), Singapore 485985",Non-Residential,15/11/2025,NIL,
Name Change,270036,Buona Vista Community Club Complex,"36 Holland Drive Buona Vista Community Club Complex, Singapore 270036",Non-Residential,15/11/2025,BUONA VISTA COMMUNITY CLUB,
Name Change,99891,Sofitel Hotel Sentosa Singapore,"2 Bukit Manis Road Sofitel Hotel Sentosa Singapore, Singapore 99891",Non-Residential,15/11/2025,SOFITEL SINGAPORE SENTOSA RESORT & SPA,
Name Change,150051,Waterfalls Student Care Centre,"51 Lengkok Bahru Waterfalls Student Care Centre, Singapore 150051",Non-Residential,15/11/2025,NIL,
Name Change,138683,10 Dover Drive,"10 Dover Drive, Singapore 138683",Residential,15/11/2025,SINGAPORE INSTITUTE OF TECHNOLOGY@DOVER,
Name Change,690101,101 Plantation Close,"101 Plantation Close, Singapore 690101",Residential,15/11/2025,NIL,
Name Change,699886,Copen Grand,"71 Tengah Garden Walk Copen Grand, Singapore 699886",Non-Residential,15/11/2025,COPEN GRAND (U/C),
Name Change,298824,60 Kheam Hock Road,"60 Kheam Hock Road, Singapore 298824",Residential,15/11/2025,NIL,
Name Change,400306,Bao Ta Student Care Centre (pte) Ltd,"306 Ubi Avenue 1 Bao Ta Student Care Centre (pte) Ltd, Singapore 400306",Non-Residential,15/11/2025,NIL,
Name Change,597053,Airview Park,"41 Tham Soong Avenue Airview Park, Singapore 597053",Non-Residential,15/11/2025,NIL,
Name Change,460411,Trans Centre (bedok),"411 Bedok North Avenue 2 Trans Centre (bedok), Singapore 460411",Non-Residential,15/11/2025,NIL,
Name Change,117566,National University of Singapore (sde1),"4 Architecture Drive National University of Singapore (sde1), Singapore 117566",Non-Residential,15/11/2025,NATIONAL UNIVERSITY OF SINGAPORE,
Name Change,438361,Sea View Park,"47 Jalan Seaview Sea View Park, Singapore 438361",Non-Residential,15/11/2025,NIL,
Name Change,731591,591A Woodlands Drive 17,"591A Woodlands Drive 17, Singapore 731591",Residential,15/11/2025,NIL,
Name Change,238274,Ue Square (park Wing),"205 River Valley Road Ue Square (park Wing), Singapore 238274",Non-Residential,15/11/2025,UE SQUARE,
Name Change,259887,House on the Hill Montessori Pre-school - Newton,"2H Balmoral Crescent House on the Hill Montessori Pre-school - Newton, Singapore 259887",Non-Residential,15/11/2025,NIL,
Name Change,693327,Parc Meadow @ Tengah,"327C Tengah Park Avenue Parc Meadow @ Tengah, Singapore 693327",Non-Residential,15/11/2025,PARK MEADOW @ TENGAH,
Name Change,119614,Iseas-yusof Ishak Institute (iseas),"30 Heng Mui Keng Terrace Iseas-yusof Ishak Institute (iseas), Singapore 119614",Non-Residential,15/11/2025,INSTITUTE OF SOUTH EAST ASIAN STUDIES BUILDING,
Name Change,600291,291 Jurong East Street 24,"291 Jurong East Street 24, Singapore 600291",Residential,15/11/2025,NIL,
Name Change,579939,Lauw and Sons Garden,"78 Binchang Rise Lauw and Sons Garden, Singapore 579939",Non-Residential,15/11/2025,NIL,
Name Change,267216,Shamrock Park,"69 Namly Place Shamrock Park, Singapore 267216",Non-Residential,15/11/2025,NIL,
Name Change,536950,People's Garden,"27 Lorong 1 Realty Park People's Garden, Singapore 536950",Non-Residential,15/11/2025,NIL,
Name Change,529450,85 Tampines Street 62,"85 Tampines Street 62, Singapore 529450",Residential,15/11/2025,TENET (U/C),
Name Change,398993,Gostay Hotel,"12 Lorong 12 Geylang Gostay Hotel, Singapore 398993",Non-Residential,15/11/2025,NIL,
Name Change,790484,484 Fernvale Drive,"484 Fernvale Drive, Singapore 790484",Residential,15/11/2025,NIL,
Name Change,718830,220 Neo Tiew Crescent,"220 Neo Tiew Crescent, Singapore 718830",Residential,15/11/2025,NIL,
Name Change,820681,Nkf Dialysis Centre,"681 Punggol Drive Nkf Dialysis Centre, Singapore 820681",Non-Residential,15/11/2025,OASIS TERRACES,
Name Change,651395,Pcf Sparkletots Preschool @ Bukit Gombak 395a (cc),"395A Bukit Batok West Avenue 5 Pcf Sparkletots Preschool @ Bukit Gombak 395a (cc), Singapore 651395",Non-Residential,15/11/2025,MULTI STOREY CAR PARK,
Name Change,642404,404B Jurong West Street 42,"404B Jurong West Street 42, Singapore 642404",Residential,15/11/2025,NIL,
Name Change,189876,261 Victoria Street,"261 Victoria Street, Singapore 189876",Residential,15/11/2025,BUGIS VILLAGE,
Name Change,138611,NUS College,"14 College Avenue West NUS College, Singapore 138611",Non-Residential,15/11/2025,YALE-NUS COLLEGE CAMPUS,
Name Change,161097,97A Havelock Road,"97A Havelock Road, Singapore 161097",Residential,15/11/2025,NIL,
Name Change,271057,Ulu Pandan Banks,"57A Ghim Moh Link Ulu Pandan Banks, Singapore 271057",Non-Residential,15/11/2025,NIL,
Name Change,719911,3 Lim Chu Kang Lane 9,"3 Lim Chu Kang Lane 9, Singapore 719911",Residential,15/11/2025,NIL,
Name Change,467159,11 Salam Walk,"11 Salam Walk, Singapore 467159",Residential,15/11/2025,NIL,
Name Change,659674,Saint Luke's Hospital-day Rehabilitation,"2 Bukit Batok Street 11 Saint Luke's Hospital-day Rehabilitation, Singapore 659674",Non-Residential,15/11/2025,SAINT LUKE'S ELDERCARE,
Name Change,788887,1 Lentor Central,"1 Lentor Central, Singapore 788887",Residential,15/11/2025,LENTOR MODERN (U/C),
Name Change,390087,Mountbatten Community Club,"87 Jalan Satu Mountbatten Community Club, Singapore 390087",Non-Residential,15/11/2025,MOUNTBATTEN COMMUNITY CLUB (U/C),
Name Change,760388,Little Footprints Schoolhouse (y388) Pte. Ltd.,"388 Yishun Ring Road Little Footprints Schoolhouse (y388) Pte. Ltd., Singapore 760388",Non-Residential,15/11/2025,NIL,
Name Change,507708,980 Upper Changi Road North,"980 Upper Changi Road North, Singapore 507708",Residential,15/11/2025,SINGAPORE CORPORATION OF REHABILITATIVE ENTERPRISES (SCORE),
Name Change,130063,63 Commonwealth Avenue West,"63 Commonwealth Avenue West, Singapore 130063",Residential,15/11/2025,NIL,
Name Change,698987,Hill View Nursery,"104 Sungei Tengah Road Hill View Nursery, Singapore 698987",Non-Residential,15/11/2025,NIL,
Name Change,463048,48C Bedok South Avenue 3,"48C Bedok South Avenue 3, Singapore 463048",Residential,15/11/2025,NIL,
Name Change,278342,Mcmahon Park,"18 Jalan Jelita Mcmahon Park, Singapore 278342",Non-Residential,15/11/2025,NIL,
Name Change,370017,17 Circuit Road,"17 Circuit Road, Singapore 370017",Residential,15/11/2025,E-BRIDGE PRE-SCHOOL PTE. LTD.,
Name Change,807943,33 Mimosa Vale,"33 Mimosa Vale, Singapore 807943",Residential,15/11/2025,NIL,
Name Change,731194,Marsiling Ridge,"194A Woodlands Centre Road Marsiling Ridge, Singapore 731194",Non-Residential,15/11/2025,NIL,
Name Change,319258,Toa Payoh South Community Club,"1999 Lorong 8 Toa Payoh Toa Payoh South Community Club, Singapore 319258",Non-Residential,15/11/2025,TOA PAYOH SOUTH COMMUNITY CLUB (PENDING RELOCATION),
Name Change,259603,Singapore Botanic Gardens (centre for Ethnobotany),"1G Cluny Road Singapore Botanic Gardens (centre for Ethnobotany), Singapore 259603",Non-Residential,15/11/2025,NIL,
Name Change,763522,522C Yishun Street 53,"522C Yishun Street 53, Singapore 763522",Residential,15/11/2025,NIL,
Name Change,555411,Tai Hwan Garden,"66 Tai Hwan Heights Tai Hwan Garden, Singapore 555411",Non-Residential,15/11/2025,NIL,
Name Change,59816,Outram Park MRT Station (ne3),"300 Eu Tong Sen Street Outram Park MRT Station (ne3), Singapore 59816",Non-Residential,15/11/2025,OUTRAM PARK MRT STATION,
Name Change,733590,590C Woodlands Drive 17,"590C Woodlands Drive 17, Singapore 733590",Residential,15/11/2025,NIL,
Name Change,130064,64 Commonwealth Avenue West,"64 Commonwealth Avenue West, Singapore 130064",Residential,15/11/2025,NIL,
Name Change,769294,45 Yishun Close,"45 Yishun Close, Singapore 769294",Residential,15/11/2025,NORTH GAIA (U/C),
Name Change,656289,Pcf Sparkletots Preschool @ Bukit Batok East Blk 289g (kn),"289G Bukit Batok Street 25 Pcf Sparkletots Preschool @ Bukit Batok East Blk 289g (kn), Singapore 656289",Non-Residential,15/11/2025,NATURE VIEW,
Name Change,561809,809A Ang Mo Kio Street 82,"809A Ang Mo Kio Street 82, Singapore 561809",Residential,15/11/2025,NIL,
Name Change,731306,Marsiling-yew Tee Town Council (main Office),"306A Woodlands Street 31 Marsiling-yew Tee Town Council (main Office), Singapore 731306",Non-Residential,15/11/2025,ACTIVE LEARNERS CHILD CARE PRIVATE LIMITED,
Name Change,131064,64A Commonwealth Avenue West,"64A Commonwealth Avenue West, Singapore 131064",Residential,15/11/2025,NIL,
Name Change,638366,511 Upper Jurong Road,"511 Upper Jurong Road, Singapore 638366",Residential,15/11/2025,ARENA COUNTRY CLUB,
Name Change,128973,45 Faber Walk,"45 Faber Walk, Singapore 128973",Residential,15/11/2025,NIL,
Name Change,439846,Tanjong Katong MRT Station (te25),"2 Amber Road Tanjong Katong MRT Station (te25), Singapore 439846",Non-Residential,15/11/2025,NIL,
Name Change,436884,6A Tanjong Rhu Road,"6A Tanjong Rhu Road, Singapore 436884",Residential,15/11/2025,DE CENTURIAN,
Name Change,758078,Senoko Industrial Estate,"19 Senoko South Road Senoko Industrial Estate, Singapore 758078",Non-Residential,15/11/2025,NIL,
Name Change,640492,492 Jurong West Street 41,"492 Jurong West Street 41, Singapore 640492",Residential,15/11/2025,NIL,
Name Change,762526,526B Yishun Street 53,"526B Yishun Street 53, Singapore 762526",Residential,15/11/2025,NIL,
Name Change,670141,Moral Student Care Centre (bt Panjang),"141 Petir Road Moral Student Care Centre (bt Panjang), Singapore 670141",Non-Residential,15/11/2025,NIL,
Name Change,469413,Church of God (evangelical),"166B Bedok Road Church of God (evangelical), Singapore 469413",Non-Residential,15/11/2025,NIL,
Name Change,486761,Changi South Industrial Estate,"46 Changi South Street 1 Changi South Industrial Estate, Singapore 486761",Non-Residential,15/11/2025,NIL,
Name Change,467360,Bedok Mall,"311 New Upper Changi Road Bedok Mall, Singapore 467360",Non-Residential,15/11/2025,BEDOK INTEGRATED TRANSPORT HUB,
Name Change,169879,175A Chin Swee Road,"175A Chin Swee Road, Singapore 169879",Residential,15/11/2025,HOTEL RE! @ PEARL'S HILL,
Name Change,267490,Shamrock Park,"85 Namly Drive Shamrock Park, Singapore 267490",Non-Residential,15/11/2025,NIL,
Name Change,538829,National Healthcare Group Polyclinics (hougang Polyclinic),"89 Hougang Avenue 4 National Healthcare Group Polyclinics (hougang Polyclinic), Singapore 538829",Non-Residential,15/11/2025,HOUGANG POLYCLINIC,
Name Change,411117,117A Jalan Kembangan,"117A Jalan Kembangan, Singapore 411117",Residential,15/11/2025,NIL,
Name Change,760879,Pcf Sparkletots Preschool @ Nee Soon South 879 (cc),"879 Yishun Street 81 Pcf Sparkletots Preschool @ Nee Soon South 879 (cc), Singapore 760879",Non-Residential,15/11/2025,NIL,
Name Change,690330,Parc Meadow @ Tengah,"330 Tengah Park Avenue Parc Meadow @ Tengah, Singapore 690330",Non-Residential,15/11/2025,PARK MEADOW @ TENGAH,
Name Change,369187,Macpherson Garden Estate,"108 Jalan Gembira Macpherson Garden Estate, Singapore 369187",Non-Residential,15/11/2025,NIL,
Name Change,38981,Dbs Foundation Outdoor Theatre,"1 Esplanade Drive Dbs Foundation Outdoor Theatre, Singapore 38981",Non-Residential,15/11/2025,ESPLANADE - THEATRES ON THE BAY,
Name Change,219570,5 Northumberland Road,"5 Northumberland Road, Singapore 219570",Residential,15/11/2025,PICCADILLY GRAND (U/C),
Name Change,769345,33 Yishun Close,"33 Yishun Close, Singapore 769345",Residential,15/11/2025,NORTH GAIA (U/C),
Name Change,788891,9 Lentor Central,"9 Lentor Central, Singapore 788891",Residential,15/11/2025,LENTOR MODERN (U/C),
Name Change,690331,Parc Meadow @ Tengah,"331 Tengah Park Avenue Parc Meadow @ Tengah, Singapore 690331",Non-Residential,15/11/2025,PARK MEADOW @ TENGAH,
Name Change,160097,97 Havelock Road,"97 Havelock Road, Singapore 160097",Residential,15/11/2025,NIL,
Name Change,541290,Pcf Sparkletots Preschool @ Sengkang Central 290a (cc),"290A Compassvale Crescent Pcf Sparkletots Preschool @ Sengkang Central 290a (cc), Singapore 541290",Non-Residential,15/11/2025,COMPASSVALE LODGE,
Name Change,760518,518 Miltonia Close,"518 Miltonia Close, Singapore 760518",Residential,15/11/2025,NIL,
Name Change,692102,102B Plantation Close,"102B Plantation Close, Singapore 692102",Residential,15/11/2025,NIL,
Name Change,458803,South Union Park,"49 Elite Terrace South Union Park, Singapore 458803",Non-Residential,15/11/2025,NIL,
Name Change,59443,Chinatown MRT Station (ne4),"151 New Bridge Road Chinatown MRT Station (ne4), Singapore 59443",Non-Residential,15/11/2025,CHINATOWN MRT STATION,
Name Change,769100,Yishun Bus Interchange,"920 Yishun Avenue 2 Yishun Bus Interchange, Singapore 769100",Non-Residential,15/11/2025,NORTHPOINT CITY,
Name Change,138610,NUS College,"12 College Avenue West NUS College, Singapore 138610",Non-Residential,15/11/2025,YALE-NUS COLLEGE CAMPUS,
Name Change,510570,Al - Amin Preschool (pasir Ris),"570 Pasir Ris Street 53 Al - Amin Preschool (pasir Ris), Singapore 510570",Non-Residential,15/11/2025,NIL,
Name Change,349924,55 Belimbing Avenue,"55 Belimbing Avenue, Singapore 349924",Residential,15/11/2025,NIL,
Name Change,359337,St Andrew's School (junior),"2 Francis Thomas Drive St Andrew's School (junior), Singapore 359337",Non-Residential,15/11/2025,SAINT ANDREW'S JUNIOR SCHOOL,
Name Change,368082,Macpherson Industrial Estate,"33 Mactaggart Road Macpherson Industrial Estate, Singapore 368082",Non-Residential,15/11/2025,LEE KAY HUAN BUILDING,
Name Change,270055,55 Ghim Moh Link,"55 Ghim Moh Link, Singapore 270055",Residential,15/11/2025,NIL,
Name Change,359342,St Andrew's School (secondary),"15 Francis Thomas Drive St Andrew's School (secondary), Singapore 359342",Non-Residential,15/11/2025,SAINT ANDREW'S SECONDARY SCHOOL,
Name Change,691327,Parc Meadow @ Tengah,"327A Tengah Park Avenue Parc Meadow @ Tengah, Singapore 691327",Non-Residential,15/11/2025,PARK MEADOW @ TENGAH,
Name Change,641402,402A Jurong West Street 42,"402A Jurong West Street 42, Singapore 641402",Residential,15/11/2025,NIL,
Name Change,120319,Pcf Sparkletots Preschool @ Bukit Timah Blk 319 (ey),"319 Clementi Avenue 4 Pcf Sparkletots Preschool @ Bukit Timah Blk 319 (ey), Singapore 120319",Non-Residential,15/11/2025,CLEMENTI MEADOWS,
Name Change,287982,Chiltern House Turf Club,"232 Turf Club Road Chiltern House Turf Club, Singapore 287982",Non-Residential,15/11/2025,NIL,
Name Change,670439,Noah's Ark Childcare & Development Centre,"439 Fajar Road Noah's Ark Childcare & Development Centre, Singapore 670439",Non-Residential,15/11/2025,NIL,
Name Change,601417,Teban Breeze,"417A Teban Gardens Road Teban Breeze, Singapore 601417",Non-Residential,15/11/2025,NIL,
Name Change,729334,Sungei Kadut Industrial Estate,"25J Sungei Kadut Street 1 Sungei Kadut Industrial Estate, Singapore 729334",Non-Residential,15/11/2025,NIL,
Name Change,466872,48 Sennett Place,"48 Sennett Place, Singapore 466872",Residential,15/11/2025,NIL,
Name Change,211019,Farrer Park Arena,"19A Farrer Park Road Farrer Park Arena, Singapore 211019",Non-Residential,15/11/2025,NIL,
Name Change,328182,Elim Kindergarten,"1079 Serangoon Road Elim Kindergarten, Singapore 328182",Non-Residential,15/11/2025,ELIM CHURCH,
Name Change,457964,Frankel Estate,"83 Greenfield Drive Frankel Estate, Singapore 457964",Non-Residential,15/11/2025,NIL,
Name Change,409387,27 Eunos Road 2,"27 Eunos Road 2, Singapore 409387",Residential,15/11/2025,EUNOS INDUSTRIAL ESTATE,
Name Change,466848,12 Sennett Place,"12 Sennett Place, Singapore 466848",Residential,15/11/2025,NIL,
Name Change,619939,Huber's Factory,"16 Chin Bee Avenue Huber's Factory, Singapore 619939",Non-Residential,15/11/2025,GHL BUILDING,
Name Change,809588,Seletar Garden,"22 Cactus Road Seletar Garden, Singapore 809588",Non-Residential,15/11/2025,NIL,
Name Change,788889,5 Lentor Central,"5 Lentor Central, Singapore 788889",Residential,15/11/2025,LENTOR MODERN (U/C),
Name Change,579711,277 Braddell Road,"277 Braddell Road, Singapore 579711",Residential,15/11/2025,MADRASAH IRSYAD ZUHRI AL-ISLAMIAH,
Name Change,690107,107 Plantation Close,"107 Plantation Close, Singapore 690107",Residential,15/11/2025,NIL,
Name Change,769341,25 Yishun Close,"25 Yishun Close, Singapore 769341",Residential,15/11/2025,NORTH GAIA (U/C),
Name Change,640720,720 Jurong West Avenue 5,"720 Jurong West Avenue 5, Singapore 640720",Residential,15/11/2025,ELITE LEARNING KINDERGARTEN PTE LTD,
Name Change,388189,67A Lorong 27 Geylang,"67A Lorong 27 Geylang, Singapore 388189",Residential,15/11/2025,NIL,
Name Change,409074,Minds - Eunos Training & Development Centre,"11 Jalan Ubi Minds - Eunos Training & Development Centre, Singapore 409074",Non-Residential,15/11/2025,KEMBANGAN-CHAI CHEE COMMUNITY HUB,
Name Change,809525,Dedap Gardens,"28 Dedap Place Dedap Gardens, Singapore 809525",Non-Residential,15/11/2025,NIL,
Name Change,598211,Cheng Soon Garden,"34 Kismis Avenue Cheng Soon Garden, Singapore 598211",Non-Residential,15/11/2025,NIL,
Name Change,669949,Little Kinder Montessori Llp,"55 Chu Lin Road Little Kinder Montessori Llp, Singapore 669949",Non-Residential,15/11/2025,HILLVIEW GARDEN ESTATE,
Name Change,561806,806A Ang Mo Kio Street 82,"806A Ang Mo Kio Street 82, Singapore 561806",Residential,15/11/2025,NIL,
Name Change,547944,Leith Park,"25 Leith Park, Singapore 547944",Non-Residential,15/11/2025,NIL,
Name Change,699909,Copen Grand,"51 Tengah Garden Walk Copen Grand, Singapore 699909",Non-Residential,15/11/2025,COPEN GRAND (U/C),
Name Change,539499,Defu Industrial Park a,"60 Defu Lane 1 Defu Industrial Park a, Singapore 539499",Non-Residential,15/11/2025,DEFU INDUSTRIAL ESTATE,
Name Change,120324,Jurong-clementi Town Council (clementi Office),"324 Clementi Avenue 5 Jurong-clementi Town Council (clementi Office), Singapore 120324",Non-Residential,15/11/2025,NIL,
Name Change,691328,Parc Meadow @ Tengah,"328A Tengah Park Avenue Parc Meadow @ Tengah, Singapore 691328",Non-Residential,15/11/2025,PARK MEADOW @ TENGAH,
Name Change,792485,485B Fernvale Drive,"485B Fernvale Drive, Singapore 792485",Residential,15/11/2025,NIL,
Name Change,758250,Senoko Industrial Estate,"63 Senoko Drive Senoko Industrial Estate, Singapore 758250",Non-Residential,15/11/2025,NIL,
Name Change,650457,457 Bukit Batok West Avenue 8,"457 Bukit Batok West Avenue 8, Singapore 650457",Residential,15/11/2025,NIL,
Name Change,520473,Loveshine Childcare Pte. Ltd.,"473 Tampines Street 43 Loveshine Childcare Pte. Ltd., Singapore 520473",Non-Residential,15/11/2025,NIL,
Name Change,641994,994A Jurong West Street 93,"994A Jurong West Street 93, Singapore 641994",Residential,15/11/2025,NIL,
Name Change,288411,21 Shelford Road,"21 Shelford Road, Singapore 288411",Residential,15/11/2025,KELLET COURT,
Name Change,488626,35 Jalan Pari Dedap,"35 Jalan Pari Dedap, Singapore 488626",Residential,15/11/2025,NIL,
Name Change,526497,497H Tampines Street 45,"497H Tampines Street 45, Singapore 526497",Residential,15/11/2025,NIL,
Name Change,271050,50A Ghim Moh Close,"50A Ghim Moh Close, Singapore 271050",Residential,15/11/2025,NIL,
Name Change,761522,522A Yishun Street 53,"522A Yishun Street 53, Singapore 761522",Residential,15/11/2025,NIL,
Name Change,399738,223 Guillemard Road,"223 Guillemard Road, Singapore 399738",Residential,15/11/2025,NIL,
Name Change,307685,238B Thomson Road,"238B Thomson Road, Singapore 307685",Residential,15/11/2025,CENTRAL PROVIDENT FUND BOARD (CPF),
Name Change,270003,Holland-bukit Panjang Town Council (ghim Moh Office),"3 Ghim Moh Road Holland-bukit Panjang Town Council (ghim Moh Office), Singapore 270003",Non-Residential,15/11/2025,GHIM MOH GREEN,
Name Change,229503,12 Upper Wilkie Road,"12 Upper Wilkie Road, Singapore 229503",Residential,15/11/2025,WILKIE HILLS (U/C),
Name Change,691100,100A Plantation Close,"100A Plantation Close, Singapore 691100",Residential,15/11/2025,NIL,
Name Change,650458,458 Bukit Batok West Avenue 8,"458 Bukit Batok West Avenue 8, Singapore 650458",Residential,15/11/2025,NIL,
Name Change,597152,Clementi Park Pump Sump,"120 Sunset Way Clementi Park Pump Sump, Singapore 597152",Non-Residential,15/11/2025,CLEMENTI PARK,
Name Change,320126,126 Jalan Rajah,"126 Jalan Rajah, Singapore 320126",Residential,15/11/2025,NIL,
Name Change,298333,Thomson Police Complex (blk 1),"1 Mount Pleasant Road Thomson Police Complex (blk 1), Singapore 298333",Non-Residential,15/11/2025,THOMSON POLICE COMPLEX (BLK 10 ANNEX),
Name Change,117439,Mindchamps Preschool @ Mbc Pte. Ltd.,"20 Pasir Panjang Road Mindchamps Preschool @ Mbc Pte. Ltd., Singapore 117439",Non-Residential,15/11/2025,MAPLETREE BUSINESS CITY,
Name Change,109683,Hewlett Packard (depot Road),"138 Depot Road Hewlett Packard (depot Road), Singapore 109683",Non-Residential,15/11/2025,NIL,
Name Change,228675,11 Mackenzie Road,"11 Mackenzie Road, Singapore 228675",Residential,15/11/2025,G4 STATION BACKPACKERS HOSTEL,
Name Change,59672,33 Hongkong Street,"33 Hongkong Street, Singapore 59672",Residential,15/11/2025,VINTAGE INN @ CLARKE QUAY,
Name Change,209854,Nest Hotel,"26 Cavan Road Nest Hotel, Singapore 209854",Non-Residential,15/11/2025,HOTEL SNOW LAVENDER,
Name Change,319389,297 Lorong 6 Toa Payoh,"297 Lorong 6 Toa Payoh, Singapore 319389",Residential,15/11/2025,TOA PAYOH SPORTS HALL,
Name Change,218067,The Quay Hotel Little India,"195 Serangoon Road The Quay Hotel Little India, Singapore 218067",Non-Residential,15/11/2025,BROADWAY HOTEL,
Name Change,209067,44 Horne Road,"44 Horne Road, Singapore 209067",Residential,15/11/2025,NETWORK COURIER BUILDING,
Location Change,797615,84 Seletar North Link,"84 Seletar North Link, Singapore 797615",Residential,15/11/2025,NIL,607.57
Location Change,628498,18 Pioneer Road,"18 Pioneer Road, Singapore 628498",Residential,15/11/2025,NIL,467.52
Location Change,628260,1 Merlimau Road,"1 Merlimau Road, Singapore 628260",Residential,15/11/2025,NIL,947.07
Location Change,629351,50 Gul Road,"50 Gul Road, Singapore 629351",Residential,15/11/2025,NIL,660.18
Location Change,357875,Woodleigh Park,"65 Woodleigh Park, Singapore 357875",Non-Residential,15/11/2025,NIL,549.26
Location Change,627877,50 Jurong Island Highway,"50 Jurong Island Highway, Singapore 627877",Residential,15/11/2025,NIL,347.98
Location Change,609142,59 Penjuru Road,"59 Penjuru Road, Singapore 609142",Residential,15/11/2025,NIL,355.39
Location Change,627621,2 Tembusu Drive,"2 Tembusu Drive, Singapore 627621",Residential,15/11/2025,NIL,359.78
Location Change,728635,Home Team Tactical Centre,"1 Mandai Quarry Road Home Team Tactical Centre, Singapore 728635",Non-Residential,15/11/2025,HOME TEAM TACTICAL CENTRE,399.03
Location Change,627867,100 Jurong Island Highway,"100 Jurong Island Highway, Singapore 627867",Residential,15/11/2025,NIL,2139.09
Name And Location Change,308433,Travellers' Health & Vaccination Centre,"11 Jalan Tan Tock Seng Travellers' Health & Vaccination Centre, Singapore 308433",Non-Residential,15/11/2025,NIL,474.28
Name And Location Change,506995,National Police Cadet Corps Campsite,"80 Jalan Noordin National Police Cadet Corps Campsite, Singapore 506995",Non-Residential,15/11/2025,NATIONAL POLICE CADET CORPS CAMP SITE,342.54
Name And Location Change,259569,Singapore Botanic Gardens (bandstand Gazebo),"1 Cluny Road Singapore Botanic Gardens (bandstand Gazebo), Singapore 259569",Non-Residential,15/11/2025,NATIONAL PARKS BOARD (NPARKS),589.70
Name And Location Change,729826,80 Mandai Lake Road,"80 Mandai Lake Road, Singapore 729826",Residential,15/11/2025,NIL,421.11
Name And Location Change,18953,Gardens by the Bay (cloud Forest),"18 Marina Gardens Drive Gardens by the Bay (cloud Forest), Singapore 18953",Non-Residential,15/11/2025,NIL,543.52
Name And Location Change,498721,Casualty Clearance Station 2 (rep Hut 2),"21 Tanah Merah Coast Road Casualty Clearance Station 2 (rep Hut 2), Singapore 498721",Non-Residential,15/11/2025,CASUALTY CLEARANCE STATION 2,628.27
