blk_no,street,postal_code,name,lat,lon,change_type,prev_name,prev_lat,prev_lon,location_change_meters,is_non_residential,name_formatted,address_formatted
59,MARINA COASTAL DRIVE,19964,NIL,1.26797299807086,103.859122035309,new_building,,,,,False,59 Marina Coastal Drive,"59 Marina Coastal Drive, Singapore 19964"
70,TELOK AYER STREET,48458,AMOY HOTEL,1.28303335965486,103.848666383796,new_building,,,,,True,Amoy Hotel,"70 Telok Ayer Street Amoy Hotel, Singapore 48458"
437,CLEMENTI CLOSE,120437,CLEMENTI EMERALD,1.31664918422922,103.762051682614,new_building,,,,,False,437 Clementi Close,"437 Clementi Close, Singapore 120437"
438,CLEMENTI CLOSE,120438,CLEMENTI EMERALD,1.31729073830566,103.762656171406,new_building,,,,,False,438 Clementi Close,"438 Clementi Close, Singapore 120438"
437A,CLEMENTI CLOSE,121437,CLEMENTI EMERALD,1.31647266685186,103.762961522245,new_building,,,,,False,437A Clementi Close,"437A Clementi Close, Singapore 121437"
438A,CLEMENTI CLOSE,121438,CLEMENTI EMERALD,1.31686971326399,103.762723628508,new_building,,,,,False,438A Clementi Close,"438A Clementi Close, Singapore 121438"
437B,CLEMENTI CLOSE,122437,CLEMENTI EMERALD,1.31662373060985,103.762393868662,new_building,,,,,False,437B Clementi Close,"437B Clementi Close, Singapore 122437"
438B,CLEMENTI CLOSE,122438,CLEMENTI EMERALD,1.31725205617556,103.762959005306,new_building,,,,,False,438B Clementi Close,"438B Clementi Close, Singapore 122438"
2,CLEMENTI CLOSE,129634,CLEMENTI POLYCLINIC,1.31703025735992,103.763480642855,new_building,,,,,True,Clementi Polyclinic,"2 Clementi Close Clementi Polyclinic, Singapore 129634"
185,MEI CHIN ROAD,140185,STIRLING HORIZON,1.29200741192021,103.800962553555,new_building,,,,,False,185 Mei Chin Road,"185 Mei Chin Road, Singapore 140185"
186,MEI CHIN ROAD,140186,STIRLING HORIZON,1.29166535542444,103.801236930997,new_building,,,,,False,186 Mei Chin Road,"186 Mei Chin Road, Singapore 140186"
187,MEI CHIN ROAD,140187,STIRLING HORIZON,1.29301990039928,103.801810807466,new_building,,,,,False,187 Mei Chin Road,"187 Mei Chin Road, Singapore 140187"
189,MEI CHIN ROAD,140189,STIRLING HORIZON,1.29381487720351,103.801889533735,new_building,,,,,False,189 Mei Chin Road,"189 Mei Chin Road, Singapore 140189"
190,MEI CHIN ROAD,140190,STIRLING HORIZON,1.29413953888947,103.802034176316,new_building,,,,,False,190 Mei Chin Road,"190 Mei Chin Road, Singapore 140190"
186A,MEI CHIN ROAD,141186,STIRLING HORIZON,1.29206919022228,103.801396859311,new_building,,,,,False,186A Mei Chin Road,"186A Mei Chin Road, Singapore 141186"
187A,MEI CHIN ROAD,141187,STIRLING HORIZON,1.29333044071733,103.801842672075,new_building,,,,,False,187A Mei Chin Road,"187A Mei Chin Road, Singapore 141187"
186B,MEI CHIN ROAD,142186,STIRLING HORIZON,1.29272711304594,103.801627215937,new_building,,,,,False,186B Mei Chin Road,"186B Mei Chin Road, Singapore 142186"
7,KIM SENG ROAD,169556,ZYON GALLERIA,1.29057222318949,103.833663072327,new_building,,,,,False,7 Kim Seng Road,"7 Kim Seng Road, Singapore 169556"
253,VICTORIA STREET,188068,BUGIS VILLAGE,1.30090252607461,103.855262679246,new_building,,,,,False,253 Victoria Street,"253 Victoria Street, Singapore 188068"
65,QUEEN STREET,188544,BUGIS VILLAGE,1.30089736824545,103.854869709434,new_building,,,,,False,65 Queen Street,"65 Queen Street, Singapore 188544"
66,QUEEN STREET,188545,BUGIS VILLAGE,1.30089736824545,103.854869709434,new_building,,,,,False,66 Queen Street,"66 Queen Street, Singapore 188545"
67,QUEEN STREET,188546,BUGIS VILLAGE,1.30089736824545,103.854869709434,new_building,,,,,False,67 Queen Street,"67 Queen Street, Singapore 188546"
20,CRAWFORD STREET,190020,CRAWFORD HEIGHTS,1.30563432294019,103.864739448575,new_building,,,,,False,20 Crawford Street,"20 Crawford Street, Singapore 190020"
21,CRAWFORD STREET,190021,CRAWFORD HEIGHTS,1.30501456390922,103.864674954432,new_building,,,,,False,21 Crawford Street,"21 Crawford Street, Singapore 190021"
20A,CRAWFORD STREET,191020,CRAWFORD HEIGHTS,1.30519457504196,103.864786099367,new_building,,,,,False,20A Crawford Street,"20A Crawford Street, Singapore 191020"
598,SERANGOON ROAD,218210,NIL,1.31522075766025,103.858397109361,new_building,,,,,False,598 Serangoon Road,"598 Serangoon Road, Singapore 218210"
100A,NORFOLK ROAD,219833,NIL,1.31570075546604,103.847354541269,new_building,,,,,False,100A Norfolk Road,"100A Norfolk Road, Singapore 219833"
29,MACKENZIE ROAD,228683,MACKENZIE REGENCY,1.30465722284432,103.849480361389,new_building,,,,,False,29 Mackenzie Road,"29 Mackenzie Road, Singapore 228683"
17,UNITY STREET,239595,ROBERTSON WALK,1.29173909592834,103.841194495006,new_building,,,,,False,17 Unity Street,"17 Unity Street, Singapore 239595"
111,TANGLIN ROAD,240111,ALEXANDRA VISTA,1.29343629413741,103.81622390245,new_building,,,,,False,111 Tanglin Road,"111 Tanglin Road, Singapore 240111"
112,TANGLIN ROAD,240112,ALEXANDRA VISTA,1.29304343218374,103.81674358779,new_building,,,,,False,112 Tanglin Road,"112 Tanglin Road, Singapore 240112"
111A,TANGLIN ROAD,241111,ALEXANDRA VISTA,1.29370691110386,103.816326985176,new_building,,,,,False,111A Tanglin Road,"111A Tanglin Road, Singapore 241111"
112A,TANGLIN ROAD,241112,ALEXANDRA VISTA,1.29292792023667,103.817179588292,new_building,,,,,False,112A Tanglin Road,"112A Tanglin Road, Singapore 241112"
111B,TANGLIN ROAD,242111,ALEXANDRA VISTA,1.29313079573355,103.816174023979,new_building,,,,,False,111B Tanglin Road,"111B Tanglin Road, Singapore 242111"
1,ZION CLOSE,247811,MILL POINT,1.29290709268773,103.830450365955,new_building,,,,,False,1 Zion Close,"1 Zion Close, Singapore 247811"
7A,TANGLIN HILL,248042,TANGLIN BRUNEI HOSTEL,1.30254320665962,103.813983453284,new_building,,,,,False,7A Tanglin Hill,"7A Tanglin Hill, Singapore 248042"
90,FERNHILL ROAD,259131,LADYHILL PARK,1.31181048077139,103.823534083764,new_building,,,,,True,Ladyhill Park,"90 Fernhill Road Ladyhill Park, Singapore 259131"
67,HOLLAND VILLAGE WAY,270067,HOLLAND VISTA,1.31049760838052,103.793732082564,new_building,,,,,False,67 Holland Village Way,"67 Holland Village Way, Singapore 270067"
68,HOLLAND VILLAGE WAY,270068,HOLLAND VISTA,1.31084413667355,103.793148897517,new_building,,,,,False,68 Holland Village Way,"68 Holland Village Way, Singapore 270068"
68A,HOLLAND VILLAGE WAY,271068,HOLLAND VISTA,1.31027378807376,103.793193787236,new_building,,,,,False,68A Holland Village Way,"68A Holland Village Way, Singapore 271068"
23A,MAPLE AVENUE,278529,EDEN PARK,1.33009079564825,103.791924874155,new_building,,,,,True,Eden Park,"23A Maple Avenue Eden Park, Singapore 278529"
444,HOLLAND ROAD,279216,BAN GUAN PARK,1.32276118629116,103.784007423333,new_building,,,,,True,Ban Guan Park,"444 Holland Road Ban Guan Park, Singapore 279216"
79A,HILLCREST ROAD,289359,NIL,1.33187850227672,103.807635780201,new_building,,,,,False,79A Hillcrest Road,"79A Hillcrest Road, Singapore 289359"
15,JALAN SEJARAH,299061,CAPITOL PARK (15),1.3291961824587,103.816887678573,new_building,,,,,True,Capitol Park (15),"15 Jalan Sejarah Capitol Park (15), Singapore 299061"
60A,KHEAM HOCK ROAD,299165,DUNEARN ESTATE,1.32978660619863,103.820134272782,new_building,,,,,False,60A Kheam Hock Road,"60A Kheam Hock Road, Singapore 299165"
2A,JALAN PASIRAN,309297,NIL,1.3189417872467,103.837371433601,new_building,,,,,False,2A Jalan Pasiran,"2A Jalan Pasiran, Singapore 309297"
4,JALAN PASIR RIA,309313,NIL,1.31889798544223,103.837464014124,new_building,,,,,False,4 Jalan Pasir Ria,"4 Jalan Pasir Ria, Singapore 309313"
4A,JALAN PASIR RIA,309314,NIL,1.31886099249219,103.837542202362,new_building,,,,,False,4A Jalan Pasir Ria,"4A Jalan Pasir Ria, Singapore 309314"
10,CHANCERY HILL ROAD,309651,NIL,1.32490441739295,103.839076136395,new_building,,,,,False,10 Chancery Hill Road,"10 Chancery Hill Road, Singapore 309651"
10A,CHANCERY HILL ROAD,309652,NIL,1.3249498477959,103.839057826928,new_building,,,,,False,10A Chancery Hill Road,"10A Chancery Hill Road, Singapore 309652"
16,DYSON ROAD,309738,NIL,1.32501772540441,103.839266824811,new_building,,,,,False,16 Dyson Road,"16 Dyson Road, Singapore 309738"
8A,CHANCERY HILL ROAD,309831,NIL,1.3248571981644,103.839086213472,new_building,,,,,False,8A Chancery Hill Road,"8A Chancery Hill Road, Singapore 309831"
231,LAVENDER STREET,338779,NIL,1.31484790720171,103.859425468029,new_building,,,,,False,231 Lavender Street,"231 Lavender Street, Singapore 338779"
233,LAVENDER STREET,338780,NIL,1.31488735518082,103.859394401775,new_building,,,,,False,233 Lavender Street,"233 Lavender Street, Singapore 338780"
235,LAVENDER STREET,338781,NIL,1.314919735322,103.859368414815,new_building,,,,,False,235 Lavender Street,"235 Lavender Street, Singapore 338781"
51,ALKAFF CRESCENT,349994,NIL,1.33695589269021,103.875100372666,new_building,,,,,False,51 Alkaff Crescent,"51 Alkaff Crescent, Singapore 349994"
3A,MELROSE DRIVE,359564,BRADDELL HEIGHTS ESTATE,1.34806665665648,103.864864201964,new_building,,,,,False,3A Melrose Drive,"3A Melrose Drive, Singapore 359564"
3B,MELROSE DRIVE,359575,BRADDELL HEIGHTS ESTATE,1.34817585944666,103.864773637043,new_building,,,,,False,3B Melrose Drive,"3B Melrose Drive, Singapore 359575"
115,UPPER ALJUNIED ROAD,367858,BIDADARI PARK CARPARK,1.33920313062044,103.875209943697,new_building,,,,,True,Bidadari Park Carpark,"115 Upper Aljunied Road Bidadari Park Carpark, Singapore 367858"
135,MERPATI ROAD,370135,MERPATI ALCOVE,1.32713410510961,103.881633808549,new_building,,,,,False,135 Merpati Road,"135 Merpati Road, Singapore 370135"
136,MERPATI ROAD,370136,MERPATI ALCOVE,1.32650957507866,103.883052663116,new_building,,,,,False,136 Merpati Road,"136 Merpati Road, Singapore 370136"
135A,MERPATI ROAD,371135,MERPATI ALCOVE,1.3272018308678,103.880966947637,new_building,,,,,False,135A Merpati Road,"135A Merpati Road, Singapore 371135"
136A,MERPATI ROAD,371136,MERPATI ALCOVE,1.32625125043468,103.88348222923,new_building,,,,,False,136A Merpati Road,"136A Merpati Road, Singapore 371136"
68A,JALAN SELAMAT,419383,KIMNAN PARK,1.32620464463369,103.915582646734,new_building,,,,,True,Kimnan Park,"68A Jalan Selamat Kimnan Park, Singapore 419383"
72,LANGSAT ROAD,426739,NIL,1.31521021329006,103.902842637265,new_building,,,,,False,72 Langsat Road,"72 Langsat Road, Singapore 426739"
92,MEYER ROAD,438584,NIL,1.29787324578686,103.893052280555,new_building,,,,,False,92 Meyer Road,"92 Meyer Road, Singapore 438584"
10,FOUNDERS DRIVE,438585,FOUNDERS' MEMORIAL,1.28899993874357,103.869656314982,new_building,,,,,False,10 Founders Drive,"10 Founders Drive, Singapore 438585"
13,JALAN NURI,438661,NIL,1.29823835644396,103.89290073566,new_building,,,,,False,13 Jalan Nuri,"13 Jalan Nuri, Singapore 438661"
47,MEYER ROAD,438662,NIL,1.29658357614391,103.885890481952,new_building,,,,,False,47 Meyer Road,"47 Meyer Road, Singapore 438662"
101A,MARINE PARADE ROAD,449972,NIL,1.3045710281472,103.908025722796,new_building,,,,,False,101A Marine Parade Road,"101A Marine Parade Road, Singapore 449972"
33B,WOO MON CHEW ROAD,456285,NIL,1.31647671504911,103.929276321192,new_building,,,,,False,33B Woo Mon Chew Road,"33B Woo Mon Chew Road, Singapore 456285"
133A,UPPER EAST COAST ROAD,456341,NIL,1.31397385040191,103.930134228373,new_building,,,,,False,133A Upper East Coast Road,"133A Upper East Coast Road, Singapore 456341"
26C,SIGLAP ROAD,456827,MARINE GARDEN,1.31122269638048,103.92548220895,new_building,,,,,True,Marine Garden,"26C Siglap Road Marine Garden, Singapore 456827"
911,BAYSHORE STREET,460911,BAYSHORE VISTA,1.31375126968076,103.946446622606,new_building,,,,,False,911 Bayshore Street,"911 Bayshore Street, Singapore 460911"
912,BAYSHORE STREET,460912,BAYSHORE VISTA,1.313392078507,103.946555481344,new_building,,,,,False,912 Bayshore Street,"912 Bayshore Street, Singapore 460912"
913,BAYSHORE STREET,460913,BAYSHORE VISTA,1.31275165877252,103.946555613266,new_building,,,,,False,913 Bayshore Street,"913 Bayshore Street, Singapore 460913"
914,BAYSHORE STREET,460914,BAYSHORE PALMS,1.31542551757733,103.945447380085,new_building,,,,,False,914 Bayshore Street,"914 Bayshore Street, Singapore 460914"
915,BAYSHORE STREET,460915,BAYSHORE PALMS,1.31491722522744,103.945972378629,new_building,,,,,False,915 Bayshore Street,"915 Bayshore Street, Singapore 460915"
916,BAYSHORE STREET,460916,BAYSHORE PALMS,1.31451801318179,103.944920954773,new_building,,,,,False,916 Bayshore Street,"916 Bayshore Street, Singapore 460916"
911A,BAYSHORE STREET,461911,BAYSHORE VISTA,1.31403525029124,103.946189815615,new_building,,,,,False,911A Bayshore Street,"911A Bayshore Street, Singapore 461911"
912A,BAYSHORE STREET,461912,BAYSHORE VISTA,1.31319171257396,103.946274938838,new_building,,,,,False,912A Bayshore Street,"912A Bayshore Street, Singapore 461912"
914A,BAYSHORE STREET,461914,BAYSHORE PALMS,1.31501908512726,103.94482207556,new_building,,,,,False,914A Bayshore Street,"914A Bayshore Street, Singapore 461914"
915A,BAYSHORE STREET,461915,BAYSHORE PALMS,1.31516443264412,103.945955700115,new_building,,,,,False,915A Bayshore Street,"915A Bayshore Street, Singapore 461915"
916A,BAYSHORE STREET,461916,BAYSHORE PALMS,1.31482300480407,103.945230110517,new_building,,,,,False,916A Bayshore Street,"916A Bayshore Street, Singapore 461916"
911B,BAYSHORE STREET,462911,BAYSHORE VISTA,1.31355090428618,103.946166080337,new_building,,,,,False,911B Bayshore Street,"911B Bayshore Street, Singapore 462911"
912B,BAYSHORE STREET,462912,BAYSHORE VISTA,1.31299426968515,103.945634034803,new_building,,,,,False,912B Bayshore Street,"912B Bayshore Street, Singapore 462912"
915B,BAYSHORE STREET,462915,BAYSHORE PALMS,1.31450986650245,103.946032257691,new_building,,,,,False,915B Bayshore Street,"915B Bayshore Street, Singapore 462915"
916B,BAYSHORE STREET,462916,BAYSHORE PALMS,1.31439316936174,103.945259803832,new_building,,,,,False,916B Bayshore Street,"916B Bayshore Street, Singapore 462916"
911C,BAYSHORE STREET,463911,BAYSHORE VISTA,1.31385449810468,103.94558812482,new_building,,,,,False,911C Bayshore Street,"911C Bayshore Street, Singapore 463911"
912C,BAYSHORE STREET,463912,BAYSHORE VISTA,1.31335221035622,103.945532644247,new_building,,,,,False,912C Bayshore Street,"912C Bayshore Street, Singapore 463912"
109,TANAH MERAH KECHIL ROAD SOUTH,468466,NIL,1.32297222834798,103.94612851111,new_building,,,,,False,109 Tanah Merah Kechil Road South,"109 Tanah Merah Kechil Road South, Singapore 468466"
111,TANAH MERAH KECHIL ROAD SOUTH,468467,NIL,1.32291688757794,103.946164747163,new_building,,,,,False,111 Tanah Merah Kechil Road South,"111 Tanah Merah Kechil Road South, Singapore 468467"
113,TANAH MERAH KECHIL ROAD SOUTH,468468,NIL,1.32285800909918,103.94620077989,new_building,,,,,False,113 Tanah Merah Kechil Road South,"113 Tanah Merah Kechil Road South, Singapore 468468"
58A,MERAGI ROAD,488904,EAST VIEW GARDEN,1.34343330444767,103.960253021787,new_building,,,,,True,East View Garden,"58A Meragi Road East View Garden, Singapore 488904"
89A,CHANGI BUSINESS PARK CENTRAL 2,489719,NIL,1.34252012769331,103.967479036134,new_building,,,,,True,Changi Business Park Central 2,"89A Changi Business Park Central 2, Singapore 489719"
32,JALAN LOYANG BESAR,508806,COASTAL CABANA,1.37610845711924,103.956614203743,new_building,,,,,False,32 Jalan Loyang Besar,"32 Jalan Loyang Besar, Singapore 508806"
22,JALAN LOYANG BESAR,508826,COASTAL CABANA,1.37637543146253,103.957117218296,new_building,,,,,False,22 Jalan Loyang Besar,"22 Jalan Loyang Besar, Singapore 508826"
24,JALAN LOYANG BESAR,508827,COASTAL CABANA,1.37638115760527,103.95732784366,new_building,,,,,False,24 Jalan Loyang Besar,"24 Jalan Loyang Besar, Singapore 508827"
26,JALAN LOYANG BESAR,508828,COASTAL CABANA,1.37612982472101,103.957337135905,new_building,,,,,False,26 Jalan Loyang Besar,"26 Jalan Loyang Besar, Singapore 508828"
28,JALAN LOYANG BESAR,508829,COASTAL CABANA,1.37612396417596,103.957126484446,new_building,,,,,False,28 Jalan Loyang Besar,"28 Jalan Loyang Besar, Singapore 508829"
30,JALAN LOYANG BESAR,508830,COASTAL CABANA,1.37611394638989,103.956832784466,new_building,,,,,False,30 Jalan Loyang Besar,"30 Jalan Loyang Besar, Singapore 508830"
12,JALAN LOYANG BESAR,508831,COASTAL CABANA,1.37662802951639,103.957108334064,new_building,,,,,False,12 Jalan Loyang Besar,"12 Jalan Loyang Besar, Singapore 508831"
14,JALAN LOYANG BESAR,508832,COASTAL CABANA,1.3766191992958,103.956817740086,new_building,,,,,False,14 Jalan Loyang Besar,"14 Jalan Loyang Besar, Singapore 508832"
16,JALAN LOYANG BESAR,508833,COASTAL CABANA,1.37661485259786,103.956598933361,new_building,,,,,False,16 Jalan Loyang Besar,"16 Jalan Loyang Besar, Singapore 508833"
18,JALAN LOYANG BESAR,508834,COASTAL CABANA,1.37636040774502,103.956606374702,new_building,,,,,False,18 Jalan Loyang Besar,"18 Jalan Loyang Besar, Singapore 508834"
20,JALAN LOYANG BESAR,508835,COASTAL CABANA,1.37636567446197,103.956825109921,new_building,,,,,False,20 Jalan Loyang Besar,"20 Jalan Loyang Besar, Singapore 508835"
2,JALAN LOYANG BESAR,508855,COASTAL CABANA,1.37686790443313,103.956591377718,new_building,,,,,False,2 Jalan Loyang Besar,"2 Jalan Loyang Besar, Singapore 508855"
4,JALAN LOYANG BESAR,508856,COASTAL CABANA,1.37687244109605,103.95681025655,new_building,,,,,False,4 Jalan Loyang Besar,"4 Jalan Loyang Besar, Singapore 508856"
6,JALAN LOYANG BESAR,508857,COASTAL CABANA,1.37688140443087,103.957099275806,new_building,,,,,False,6 Jalan Loyang Besar,"6 Jalan Loyang Besar, Singapore 508857"
8,JALAN LOYANG BESAR,508858,COASTAL CABANA,1.37688643037287,103.957309736087,new_building,,,,,False,8 Jalan Loyang Besar,"8 Jalan Loyang Besar, Singapore 508858"
10,JALAN LOYANG BESAR,508859,COASTAL CABANA,1.37663279102964,103.957318884334,new_building,,,,,False,10 Jalan Loyang Besar,"10 Jalan Loyang Besar, Singapore 508859"
10,CHANGI CREEK WAY,508881,NIL,1.38884572355937,103.997852990248,new_building,,,,,False,10 Changi Creek Way,"10 Changi Creek Way, Singapore 508881"
49,CHANGI VILLAGE ROAD,509970,SREE RAMAR TEMPLE,1.38712234075316,103.986879891682,new_building,,,,,True,Sree Ramar Temple,"49 Changi Village Road Sree Ramar Temple, Singapore 509970"
591,PASIR RIS GREEN,510591,COSTA RIVIERA I,1.37606820940475,103.949576838157,new_building,,,,,False,591 Pasir Ris Green,"591 Pasir Ris Green, Singapore 510591"
592,PASIR RIS GREEN,510592,COSTA RIVIERA I,1.37550455110335,103.949667480585,new_building,,,,,False,592 Pasir Ris Green,"592 Pasir Ris Green, Singapore 510592"
593,PASIR RIS DRIVE 3,510593,COSTA RIVIERA II,1.37545424274403,103.950466878593,new_building,,,,,False,593 Pasir Ris Drive 3,"593 Pasir Ris Drive 3, Singapore 510593"
594,PASIR RIS DRIVE 3,510594,COSTA RIVIERA II,1.37535196931972,103.952122333332,new_building,,,,,False,594 Pasir Ris Drive 3,"594 Pasir Ris Drive 3, Singapore 510594"
591A,PASIR RIS GREEN,511591,COSTA RIVIERA I,1.37644855305153,103.949402261353,new_building,,,,,False,591A Pasir Ris Green,"591A Pasir Ris Green, Singapore 511591"
592A,PASIR RIS GREEN,511592,COSTA RIVIERA I,1.37568294930619,103.949039878381,new_building,,,,,False,592A Pasir Ris Green,"592A Pasir Ris Green, Singapore 511592"
593A,PASIR RIS DRIVE 3,511593,COSTA RIVIERA II,1.37538248923577,103.950988231721,new_building,,,,,False,593A Pasir Ris Drive 3,"593A Pasir Ris Drive 3, Singapore 511593"
594A,PASIR RIS DRIVE 3,511594,COSTA RIVIERA II,1.37542761569179,103.95179003509,new_building,,,,,False,594A Pasir Ris Drive 3,"594A Pasir Ris Drive 3, Singapore 511594"
591B,PASIR RIS GREEN,512591,COSTA RIVIERA I,1.37650971575074,103.949648644396,new_building,,,,,False,591B Pasir Ris Green,"591B Pasir Ris Green, Singapore 512591"
592B,PASIR RIS GREEN,512592,COSTA RIVIERA I,1.37554909163641,103.949440198687,new_building,,,,,False,592B Pasir Ris Green,"592B Pasir Ris Green, Singapore 512592"
593B,PASIR RIS DRIVE 3,512593,COSTA RIVIERA II,1.37591377858228,103.950784460707,new_building,,,,,False,593B Pasir Ris Drive 3,"593B Pasir Ris Drive 3, Singapore 512593"
594B,PASIR RIS DRIVE 3,512594,COSTA RIVIERA II,1.37571951911138,103.952205360378,new_building,,,,,False,594B Pasir Ris Drive 3,"594B Pasir Ris Drive 3, Singapore 512594"
593C,PASIR RIS DRIVE 3,513593,COSTA RIVIERA II,1.37591376174844,103.951123776025,new_building,,,,,False,593C Pasir Ris Drive 3,"593C Pasir Ris Drive 3, Singapore 513593"
169,SIMEI ROAD,520169,SIMEI SYMPHONY,1.341616865871,103.959205220451,new_building,,,,,False,169 Simei Road,"169 Simei Road, Singapore 520169"
170,SIMEI ROAD,520170,SIMEI SYMPHONY,1.34038768799915,103.960620198556,new_building,,,,,False,170 Simei Road,"170 Simei Road, Singapore 520170"
169A,SIMEI ROAD,521169,SIMEI SYMPHONY,1.34084694038326,103.959684265762,new_building,,,,,False,169A Simei Road,"169A Simei Road, Singapore 521169"
170A,SIMEI ROAD,521170,SIMEI SYMPHONY,1.3404634899162,103.960300758915,new_building,,,,,False,170A Simei Road,"170A Simei Road, Singapore 521170"
169B,SIMEI ROAD,522169,SIMEI SYMPHONY,1.34108687225081,103.960040323594,new_building,,,,,False,169B Simei Road,"169B Simei Road, Singapore 522169"
170B,SIMEI ROAD,522170,SIMEI SYMPHONY,1.34093766551234,103.960317686332,new_building,,,,,False,170B Simei Road,"170B Simei Road, Singapore 522170"
545,UPPER SERANGOON ROAD,534554,NIL,1.34663246293281,103.871402999253,new_building,,,,,False,545 Upper Serangoon Road,"545 Upper Serangoon Road, Singapore 534554"
1,SERANGOON RIVER ROAD,536012,DEFU MRT STATION (CR07),1.362556148341,103.898195425088,new_building,,,,,True,Defu MRT Station (cr07),"1 Serangoon River Road Defu MRT Station (cr07), Singapore 536012"
600A,KALLANG PAYA LEBAR EXPRESSWAY,536013,NIL,1.35116277192592,103.898652410474,new_building,,,,,True,Kallang Paya Lebar Expressway,"600A Kallang Paya Lebar Expressway, Singapore 536013"
1,LORONG LOW KOON,537197,NIL,1.36697658244979,103.892719402463,new_building,,,,,False,1 Lorong Low Koon,"1 Lorong Low Koon, Singapore 537197"
12A,ROSYTH ROAD,546388,NIL,1.36254760582586,103.874791354897,new_building,,,,,False,12A Rosyth Road,"12A Rosyth Road, Singapore 546388"
50,HILLSIDE DRIVE,548917,NIL,1.35963047895657,103.87589273675,new_building,,,,,False,50 Hillside Drive,"50 Hillside Drive, Singapore 548917"
50A,HILLSIDE DRIVE,548918,NIL,1.35968033487656,103.875853564644,new_building,,,,,False,50A Hillside Drive,"50A Hillside Drive, Singapore 548918"
50B,HILLSIDE DRIVE,548919,NIL,1.35971843654824,103.875808082715,new_building,,,,,False,50B Hillside Drive,"50B Hillside Drive, Singapore 548919"
31,COWDRAY AVENUE,558032,SERANGOON GARDEN ESTATE,1.36677661259101,103.865047651374,new_building,,,,,True,Serangoon Garden Estate,"31 Cowdray Avenue Serangoon Garden Estate, Singapore 558032"
2G,BURGHLEY DRIVE,559496,NIL,1.35656003706181,103.865425454389,new_building,,,,,False,2G Burghley Drive,"2G Burghley Drive, Singapore 559496"
8A,BRIGHTON CRESCENT,559592,NIL,1.36265747015012,103.869703996872,new_building,,,,,False,8A Brighton Crescent,"8A Brighton Crescent, Singapore 559592"
8B,BRIGHTON CRESCENT,559593,NIL,1.36261678972016,103.869661630751,new_building,,,,,False,8B Brighton Crescent,"8B Brighton Crescent, Singapore 559593"
3B,BERWICK DRIVE,559890,SERANGOON GARDEN ESTATE,1.36526446637777,103.861920424021,new_building,,,,,True,Serangoon Garden Estate,"3B Berwick Drive Serangoon Garden Estate, Singapore 559890"
3C,BERWICK DRIVE,559991,SERANGOON GARDEN ESTATE,1.36521406405494,103.861866274939,new_building,,,,,True,Serangoon Garden Estate,"3C Berwick Drive Serangoon Garden Estate, Singapore 559991"
3D,BERWICK DRIVE,559992,SERANGOON GARDEN ESTATE,1.36516989243392,103.861812394103,new_building,,,,,True,Serangoon Garden Estate,"3D Berwick Drive Serangoon Garden Estate, Singapore 559992"
3E,BERWICK DRIVE,559993,SERANGOON GARDEN ESTATE,1.3651275476972,103.861759116811,new_building,,,,,True,Serangoon Garden Estate,"3E Berwick Drive Serangoon Garden Estate, Singapore 559993"
733,ANG MO KIO CENTRAL 3,560733,CENTRAL TRIO @ AMK,1.37546797775142,103.845991716704,new_building,,,,,False,733 Ang Mo Kio Central 3,"733 Ang Mo Kio Central 3, Singapore 560733"
734,ANG MO KIO CENTRAL 3,560734,CENTRAL TRIO @ AMK,1.37546770688654,103.845334776514,new_building,,,,,False,734 Ang Mo Kio Central 3,"734 Ang Mo Kio Central 3, Singapore 560734"
733A,ANG MO KIO CENTRAL 3,561733,CENTRAL TRIO @ AMK,1.3752785224134,103.845771330523,new_building,,,,,False,733A Ang Mo Kio Central 3,"733A Ang Mo Kio Central 3, Singapore 561733"
734A,ANG MO KIO CENTRAL 3,561734,CENTRAL TRIO @ AMK,1.37568331719343,103.845759740296,new_building,,,,,False,734A Ang Mo Kio Central 3,"734A Ang Mo Kio Central 3, Singapore 561734"
733B,ANG MO KIO CENTRAL 3,562733,CENTRAL TRIO @ AMK,1.37539266524954,103.846367383173,new_building,,,,,False,733B Ang Mo Kio Central 3,"733B Ang Mo Kio Central 3, Singapore 562733"
29,MAYFLOWER ROAD,568618,MAYFLOWER GARDENS,1.3706182493137,103.840620721798,new_building,,,,,True,Mayflower Gardens,"29 Mayflower Road Mayflower Gardens, Singapore 568618"
80,ANG MO KIO AVENUE 3,569942,ANG MO KIO MRT STATION (CR11),1.36929944845386,103.850774632986,new_building,,,,,True,Ang Mo Kio MRT Station (cr11),"80 Ang Mo Kio Avenue 3 Ang Mo Kio MRT Station (cr11), Singapore 569942"
51,UPPER THOMSON ROAD,575557,SAINT THERESA'S HOME,1.34657579426019,103.836068440682,new_building,,,,,False,51 Upper Thomson Road,"51 Upper Thomson Road, Singapore 575557"
9L,JALAN BERJAYA,578703,THOMSON RISE ESTATE,1.35366630255264,103.844560733627,new_building,,,,,False,9L Jalan Berjaya,"9L Jalan Berjaya, Singapore 578703"
13,GARDENIA ROAD,578970,ADELPHI PARK ESTATE,1.35594269693406,103.829158372991,new_building,,,,,True,Adelphi Park Estate,"13 Gardenia Road Adelphi Park Estate, Singapore 578970"
100,UPPER BUKIT TIMAH ROAD,589682,BEAUTY WORLD INTEGRATED TRANSPORT HUB,1.33955024942863,103.777099720073,new_building,,,,,True,Beauty World Integrated Transport Hub,"100 Upper Bukit Timah Road Beauty World Integrated Transport Hub, Singapore 589682"
338A,JURONG EAST AVENUE 1,601338,NIL,1.35048950673869,103.730974523701,new_building,,,,,False,338A Jurong East Avenue 1,"338A Jurong East Avenue 1, Singapore 601338"
133,YUNG HO WALK,610133,TAMAN JURONG SKYLINE,1.32747623308089,103.728564512384,new_building,,,,,False,133 Yung Ho Walk,"133 Yung Ho Walk, Singapore 610133"
134,YUNG HO WALK,610134,TAMAN JURONG SKYLINE,1.32633889947369,103.727908876713,new_building,,,,,False,134 Yung Ho Walk,"134 Yung Ho Walk, Singapore 610134"
135,YUNG HO WALK,610135,TAMAN JURONG SKYLINE,1.32682384134343,103.728021393275,new_building,,,,,False,135 Yung Ho Walk,"135 Yung Ho Walk, Singapore 610135"
136,YUNG HO WALK,610136,TAMAN JURONG SKYLINE,1.32703832995407,103.727132087974,new_building,,,,,False,136 Yung Ho Walk,"136 Yung Ho Walk, Singapore 610136"
66A,YUNG KUANG ROAD,611066,NIL,1.33178150391025,103.723126159943,new_building,,,,,False,66A Yung Kuang Road,"66A Yung Kuang Road, Singapore 611066"
134A,YUNG HO WALK,611134,TAMAN JURONG SKYLINE,1.32684262698942,103.729027928457,new_building,,,,,False,134A Yung Ho Walk,"134A Yung Ho Walk, Singapore 611134"
135A,YUNG HO WALK,611135,TAMAN JURONG SKYLINE,1.32708655370641,103.727908584787,new_building,,,,,False,135A Yung Ho Walk,"135A Yung Ho Walk, Singapore 611135"
136A,YUNG HO WALK,611136,TAMAN JURONG SKYLINE,1.32685900177839,103.72688479493,new_building,,,,,False,136A Yung Ho Walk,"136A Yung Ho Walk, Singapore 611136"
134B,YUNG HO WALK,612134,TAMAN JURONG SKYLINE,1.32709713106073,103.728479494873,new_building,,,,,False,134B Yung Ho Walk,"134B Yung Ho Walk, Singapore 612134"
135B,YUNG HO WALK,612135,TAMAN JURONG SKYLINE,1.32653390087073,103.727561450681,new_building,,,,,False,135B Yung Ho Walk,"135B Yung Ho Walk, Singapore 612135"
20,YUNG KUANG ROAD,619657,TAMAN JURONG POLYCLINIC,1.33123782264044,103.722986843748,new_building,,,,,True,Taman Jurong Polyclinic,"20 Yung Kuang Road Taman Jurong Polyclinic, Singapore 619657"
6A,YUNG HO ROAD,619662,NIL,1.32624862671464,103.721466445308,new_building,,,,,False,6A Yung Ho Road,"6A Yung Ho Road, Singapore 619662"
21,JALAN TUKANG,619794,NIL,1.32584264879262,103.713262562916,new_building,,,,,False,21 Jalan Tukang,"21 Jalan Tukang, Singapore 619794"
2G,JALAN PAPAN,619834,ASPRI-D WALL PAPAN,1.32198602299754,103.730623059032,new_building,,,,,False,2G Jalan Papan,"2G Jalan Papan, Singapore 619834"
2E,JALAN PAPAN,619835,NIL,1.32114360401159,103.7291442685,new_building,,,,,False,2E Jalan Papan,"2E Jalan Papan, Singapore 619835"
23,LOK YANG WAY,628638,LOK YANG CONNECTION,1.32412448011225,103.68577119539,new_building,,,,,False,23 Lok Yang Way,"23 Lok Yang Way, Singapore 628638"
10A,TUAS SOUTH AVENUE 12,637132,NIL,1.28354928936787,103.624116353552,new_building,,,,,False,10A Tuas South Avenue 12,"10A Tuas South Avenue 12, Singapore 637132"
6,TUAS VIEW DRIVE,639061,NIL,1.28831344686817,103.628522939619,new_building,,,,,False,6 Tuas View Drive,"6 Tuas View Drive, Singapore 639061"
24,TUAS SOUTH AVENUE 10,639064,NIL,1.28543533094931,103.624605189813,new_building,,,,,False,24 Tuas South Avenue 10,"24 Tuas South Avenue 10, Singapore 639064"
427A,JURONG WEST AVENUE 1,641427,NIL,1.35105663344621,103.725574691858,new_building,,,,,False,427A Jurong West Avenue 1,"427A Jurong West Avenue 1, Singapore 641427"
500,JALAN BAHAR,649920,NIL,1.37500619961016,103.697026181968,new_building,,,,,False,500 Jalan Bahar,"500 Jalan Bahar, Singapore 649920"
10,BUKIT BATOK WEST AVENUE 9,659839,NIL,1.35346842107271,103.741220066149,new_building,,,,,False,10 Bukit Batok West Avenue 9,"10 Bukit Batok West Avenue 9, Singapore 659839"
27,WOODLANDS ROAD,670027,RAIL GREEN II @ CCK,1.38126843472856,103.759167960002,new_building,,,,,False,27 Woodlands Road,"27 Woodlands Road, Singapore 670027"
33,WOODLANDS ROAD,670033,RAIL GREEN II @ CCK,1.38555907921528,103.756521386788,new_building,,,,,False,33 Woodlands Road,"33 Woodlands Road, Singapore 670033"
489,BUKIT PANJANG RING ROAD,670489,BANGKIT BREEZE,1.38194968634665,103.773496606598,new_building,,,,,False,489 Bukit Panjang Ring Road,"489 Bukit Panjang Ring Road, Singapore 670489"
490,BUKIT PANJANG RING ROAD,670490,BANGKIT BREEZE,1.38256871792332,103.773841247418,new_building,,,,,False,490 Bukit Panjang Ring Road,"490 Bukit Panjang Ring Road, Singapore 670490"
491,BUKIT PANJANG RING ROAD,670491,BANGKIT BREEZE,1.3831466872918,103.774139302434,new_building,,,,,False,491 Bukit Panjang Ring Road,"491 Bukit Panjang Ring Road, Singapore 670491"
489A,BUKIT PANJANG RING ROAD,671489,BANGKIT BREEZE,1.38184019106307,103.774157807153,new_building,,,,,False,489A Bukit Panjang Ring Road,"489A Bukit Panjang Ring Road, Singapore 671489"
490A,BUKIT PANJANG RING ROAD,671490,BANGKIT BREEZE,1.38244484000089,103.773368010842,new_building,,,,,False,490A Bukit Panjang Ring Road,"490A Bukit Panjang Ring Road, Singapore 671490"
491A,BUKIT PANJANG RING ROAD,671491,BANGKIT BREEZE,1.38284651167853,103.773657027595,new_building,,,,,False,491A Bukit Panjang Ring Road,"491A Bukit Panjang Ring Road, Singapore 671491"
490B,BUKIT PANJANG RING ROAD,672490,BANGKIT BREEZE,1.38225605196728,103.774101292117,new_building,,,,,False,490B Bukit Panjang Ring Road,"490B Bukit Panjang Ring Road, Singapore 672490"
491B,BUKIT PANJANG RING ROAD,672491,BANGKIT BREEZE,1.38277127481885,103.774045062077,new_building,,,,,False,491B Bukit Panjang Ring Road,"491B Bukit Panjang Ring Road, Singapore 672491"
491C,BUKIT PANJANG RING ROAD,673491,BANGKIT BREEZE,1.38340761352999,103.774123999512,new_building,,,,,False,491C Bukit Panjang Ring Road,"491C Bukit Panjang Ring Road, Singapore 673491"
20A,SEGAR ROAD,679350,NIL,1.39028896209381,103.772000468017,new_building,,,,,False,20A Segar Road,"20A Segar Road, Singapore 679350"
5,TENGAH CLOSE,699853,DEPOT,1.36454585288215,103.711710268206,new_building,,,,,True,Depot,"5 Tengah Close Depot, Singapore 699853"
3,TENGAH CLOSE,699859,DEPOT,1.36350947492623,103.7129205962,new_building,,,,,True,Depot,"3 Tengah Close Depot, Singapore 699859"
21,PLANTATION CRESCENT,699929,TENGAH PLANTATION MRT STATION (JE1),1.35732891143881,103.733467748962,new_building,,,,,True,Tengah Plantation MRT Station (je1),"21 Plantation Crescent Tengah Plantation MRT Station (je1), Singapore 699929"
3,PLANTATION CRESCENT,699930,NIL,1.35443671249018,103.735915712971,new_building,,,,,False,3 Plantation Crescent,"3 Plantation Crescent, Singapore 699930"
7,NEO TIEW HARVEST LINK,719830,NIL,1.42280894098719,103.721320803431,new_building,,,,,False,7 Neo Tiew Harvest Link,"7 Neo Tiew Harvest Link, Singapore 719830"
103,LIM CHU KANG LANE 3,719969,NIL,1.42920778250016,103.720733361025,new_building,,,,,False,103 Lim Chu Kang Lane 3,"103 Lim Chu Kang Lane 3, Singapore 719969"
219,MARSILING LANE,730219,MARSILING PEAK II,1.44530112419792,103.774606624503,new_building,,,,,False,219 Marsiling Lane,"219 Marsiling Lane, Singapore 730219"
220,MARSILING LANE,730220,MARSILING PEAK II,1.44512138766887,103.775169732351,new_building,,,,,False,220 Marsiling Lane,"220 Marsiling Lane, Singapore 730220"
221,MARSILING LANE,730221,MARSILING PEAK I,1.44454715542128,103.775939810348,new_building,,,,,False,221 Marsiling Lane,"221 Marsiling Lane, Singapore 730221"
223,MARSILING LANE,730223,MARSILING PEAK I,1.44375833929638,103.775917430872,new_building,,,,,False,223 Marsiling Lane,"223 Marsiling Lane, Singapore 730223"
224,MARSILING LANE,730224,MARSILING PEAK II,1.44455478033436,103.774654633986,new_building,,,,,False,224 Marsiling Lane,"224 Marsiling Lane, Singapore 730224"
219A,MARSILING LANE,731219,MARSILING PEAK II,1.44482959522918,103.774614130146,new_building,,,,,False,219A Marsiling Lane,"219A Marsiling Lane, Singapore 731219"
220A,MARSILING LANE,731220,MARSILING PEAK II,1.44474892258905,103.775447387109,new_building,,,,,False,220A Marsiling Lane,"220A Marsiling Lane, Singapore 731220"
221A,MARSILING LANE,731221,MARSILING PEAK I,1.44421869952438,103.775654970045,new_building,,,,,False,221A Marsiling Lane,"221A Marsiling Lane, Singapore 731221"
223A,MARSILING LANE,731223,MARSILING PEAK I,1.44340358002825,103.775723737336,new_building,,,,,False,223A Marsiling Lane,"223A Marsiling Lane, Singapore 731223"
224A,MARSILING LANE,731224,MARSILING PEAK II,1.44427310009469,103.775049640658,new_building,,,,,False,224A Marsiling Lane,"224A Marsiling Lane, Singapore 731224"
223B,MARSILING LANE,732223,MARSILING PEAK I,1.44370858698867,103.775486053342,new_building,,,,,False,223B Marsiling Lane,"223B Marsiling Lane, Singapore 732223"
30A,WOODLANDS CENTRE ROAD,738950,NIL,1.43530999000005,103.772047104776,new_building,,,,,True,Woodlands Centre Road,"30A Woodlands Centre Road, Singapore 738950"
80,WOODLANDS DRIVE 16,738951,NIL,1.43083316720505,103.794704217699,new_building,,,,,False,80 Woodlands Drive 16,"80 Woodlands Drive 16, Singapore 738951"
10A,WOODLANDS STREET 31,739312,WOODLANDS POLYCLINIC ()ANNEX BLOCK),1.43092682518551,103.77474488937,new_building,,,,,True,Woodlands Polyclinic ()annex Block),"10A Woodlands Street 31 Woodlands Polyclinic ()annex Block), Singapore 739312"
1,WOODLANDS CENTRE ROAD,739342,WOODLANDS CHECKPOINT EXTENSION,1.44065359314818,103.770136836671,new_building,,,,,True,Woodlands Checkpoint Extension,"1 Woodlands Centre Road Woodlands Checkpoint Extension, Singapore 739342"
575,SEMBAWANG PLACE,758941,COUNTRYVIEW,1.43801405262269,103.825129921829,new_building,,,,,False,575 Sembawang Place,"575 Sembawang Place, Singapore 758941"
962,BAH SOON PAH ROAD,760962,CHENCHARU VINES,1.42072583825548,103.825486479052,new_building,,,,,False,962 Bah Soon Pah Road,"962 Bah Soon Pah Road, Singapore 760962"
964,BAH SOON PAH ROAD,760964,CHENCHARU VINES,1.42106393776938,103.82604392398,new_building,,,,,False,964 Bah Soon Pah Road,"964 Bah Soon Pah Road, Singapore 760964"
965,BAH SOON PAH ROAD,760965,CHENCHARU VINES,1.42035426748298,103.827006178971,new_building,,,,,False,965 Bah Soon Pah Road,"965 Bah Soon Pah Road, Singapore 760965"
966,BAH SOON PAH ROAD,760966,CHENCHARU GREEN,1.4189978749557,103.827067592197,new_building,,,,,False,966 Bah Soon Pah Road,"966 Bah Soon Pah Road, Singapore 760966"
967,BAH SOON PAH ROAD,760967,CHENCHARU GREEN,1.41925311733324,103.828182030744,new_building,,,,,False,967 Bah Soon Pah Road,"967 Bah Soon Pah Road, Singapore 760967"
968,BAH SOON PAH ROAD,760968,CHENCHARU GREEN,1.41737004036313,103.827919722641,new_building,,,,,False,968 Bah Soon Pah Road,"968 Bah Soon Pah Road, Singapore 760968"
962A,BAH SOON PAH ROAD,761962,CHENCHARU VINES,1.42032575346907,103.825794763621,new_building,,,,,False,962A Bah Soon Pah Road,"962A Bah Soon Pah Road, Singapore 761962"
964A,BAH SOON PAH ROAD,761964,CHENCHARU VINES,1.42123219927695,103.826194232445,new_building,,,,,False,964A Bah Soon Pah Road,"964A Bah Soon Pah Road, Singapore 761964"
965A,BAH SOON PAH ROAD,761965,CHENCHARU VINES,1.42010087410372,103.826494005708,new_building,,,,,False,965A Bah Soon Pah Road,"965A Bah Soon Pah Road, Singapore 761965"
967A,BAH SOON PAH ROAD,761967,CHENCHARU GREEN,1.41904444531015,103.827565007353,new_building,,,,,False,967A Bah Soon Pah Road,"967A Bah Soon Pah Road, Singapore 761967"
968A,BAH SOON PAH ROAD,761968,CHENCHARU GREEN,1.4181146671519,103.827641784944,new_building,,,,,False,968A Bah Soon Pah Road,"968A Bah Soon Pah Road, Singapore 761968"
962B,BAH SOON PAH ROAD,762962,CHENCHARU VINES,1.4206955728468,103.82610762483,new_building,,,,,False,962B Bah Soon Pah Road,"962B Bah Soon Pah Road, Singapore 762962"
964B,BAH SOON PAH ROAD,762964,CHENCHARU VINES,1.42112704205061,103.826625719597,new_building,,,,,False,964B Bah Soon Pah Road,"964B Bah Soon Pah Road, Singapore 762964"
965B,BAH SOON PAH ROAD,762965,CHENCHARU VINES,1.42066241274882,103.826516999299,new_building,,,,,False,965B Bah Soon Pah Road,"965B Bah Soon Pah Road, Singapore 762965"
967B,BAH SOON PAH ROAD,762967,CHENCHARU GREEN,1.41860347567421,103.827491616631,new_building,,,,,False,967B Bah Soon Pah Road,"967B Bah Soon Pah Road, Singapore 762967"
968B,BAH SOON PAH ROAD,762968,CHENCHARU GREEN,1.41766486194769,103.827559452492,new_building,,,,,False,968B Bah Soon Pah Road,"968B Bah Soon Pah Road, Singapore 762968"
965C,BAH SOON PAH ROAD,763965,CHENCHARU VINES,1.42056422590844,103.827090915041,new_building,,,,,False,965C Bah Soon Pah Road,"965C Bah Soon Pah Road, Singapore 763965"
398,PICCADILLY,798368,NIL,1.40931006031432,103.872956345539,new_building,,,,,False,398 Piccadilly,"398 Piccadilly, Singapore 798368"
54,POLLEN RISE,804198,NIL,1.38011558937931,103.860203299332,new_building,,,,,False,54 Pollen Rise,"54 Pollen Rise, Singapore 804198"
47,POLLEN RISE,804203,NIL,1.38047588411531,103.860035555714,new_building,,,,,False,47 Pollen Rise,"47 Pollen Rise, Singapore 804203"
48,POLLEN RISE,804204,NIL,1.38008471563435,103.860031733564,new_building,,,,,False,48 Pollen Rise,"48 Pollen Rise, Singapore 804204"
49,POLLEN RISE,804205,NIL,1.38051180568898,103.860093269793,new_building,,,,,False,49 Pollen Rise,"49 Pollen Rise, Singapore 804205"
50,POLLEN RISE,804206,NIL,1.38009925026159,103.860083339262,new_building,,,,,False,50 Pollen Rise,"50 Pollen Rise, Singapore 804206"
52,POLLEN RISE,804207,NIL,1.38011620166876,103.860135443526,new_building,,,,,False,52 Pollen Rise,"52 Pollen Rise, Singapore 804207"
42,POLLEN RISE,804208,NIL,1.38004104714735,103.85987669318,new_building,,,,,False,42 Pollen Rise,"42 Pollen Rise, Singapore 804208"
43,POLLEN RISE,804209,NIL,1.38044871020287,103.859930648801,new_building,,,,,False,43 Pollen Rise,"43 Pollen Rise, Singapore 804209"
44,POLLEN RISE,804210,NIL,1.38005578843802,103.859929030776,new_building,,,,,False,44 Pollen Rise,"44 Pollen Rise, Singapore 804210"
45,POLLEN RISE,804211,NIL,1.38046320076102,103.859982266744,new_building,,,,,False,45 Pollen Rise,"45 Pollen Rise, Singapore 804211"
46,POLLEN RISE,804212,NIL,1.38007045992846,103.859981122231,new_building,,,,,False,46 Pollen Rise,"46 Pollen Rise, Singapore 804212"
37,POLLEN RISE,804213,NIL,1.38040517666046,103.859775571134,new_building,,,,,False,37 Pollen Rise,"37 Pollen Rise, Singapore 804213"
38,POLLEN RISE,804214,NIL,1.38001157469017,103.859772054434,new_building,,,,,False,38 Pollen Rise,"38 Pollen Rise, Singapore 804214"
39,POLLEN RISE,804215,NIL,1.3804198722397,103.859827921249,new_building,,,,,False,39 Pollen Rise,"39 Pollen Rise, Singapore 804215"
40,POLLEN RISE,804216,NIL,1.38002635047216,103.859824514965,new_building,,,,,False,40 Pollen Rise,"40 Pollen Rise, Singapore 804216"
41,POLLEN RISE,804217,NIL,1.38043449883984,103.859880024949,new_building,,,,,False,41 Pollen Rise,"41 Pollen Rise, Singapore 804217"
32,POLLEN RISE,804218,NIL,1.37996797406897,103.859617253946,new_building,,,,,False,32 Pollen Rise,"32 Pollen Rise, Singapore 804218"
33,POLLEN RISE,804219,NIL,1.38037579562621,103.85967090708,new_building,,,,,False,33 Pollen Rise,"33 Pollen Rise, Singapore 804219"
34,POLLEN RISE,804220,NIL,1.37998263297516,103.859669299703,new_building,,,,,False,34 Pollen Rise,"34 Pollen Rise, Singapore 804220"
35,POLLEN RISE,804221,NIL,1.38039052569674,103.859723380129,new_building,,,,,False,35 Pollen Rise,"35 Pollen Rise, Singapore 804221"
36,POLLEN RISE,804222,NIL,1.37999709890623,103.859720659253,new_building,,,,,False,36 Pollen Rise,"36 Pollen Rise, Singapore 804222"
27,POLLEN RISE,804223,NIL,1.38033232940215,103.859516069038,new_building,,,,,False,27 Pollen Rise,"27 Pollen Rise, Singapore 804223"
28,POLLEN RISE,804224,NIL,1.37992193226827,103.859464290119,new_building,,,,,False,28 Pollen Rise,"28 Pollen Rise, Singapore 804224"
29,POLLEN RISE,804225,NIL,1.3803469428706,103.859568127586,new_building,,,,,False,29 Pollen Rise,"29 Pollen Rise, Singapore 804225"
30,POLLEN RISE,804226,NIL,1.37994908656575,103.859562670838,new_building,,,,,False,30 Pollen Rise,"30 Pollen Rise, Singapore 804226"
31,POLLEN RISE,804227,NIL,1.38036136418512,103.859619499654,new_building,,,,,False,31 Pollen Rise,"31 Pollen Rise, Singapore 804227"
22,POLLEN RISE,804228,NIL,1.37988065922303,103.85930525711,new_building,,,,,False,22 Pollen Rise,"22 Pollen Rise, Singapore 804228"
23,POLLEN RISE,804229,NIL,1.38029190816788,103.859361544628,new_building,,,,,False,23 Pollen Rise,"23 Pollen Rise, Singapore 804229"
24,POLLEN RISE,804230,NIL,1.37989500718693,103.859356284839,new_building,,,,,False,24 Pollen Rise,"24 Pollen Rise, Singapore 804230"
25,POLLEN RISE,804231,NIL,1.38032000821894,103.859459663183,new_building,,,,,False,25 Pollen Rise,"25 Pollen Rise, Singapore 804231"
26,POLLEN RISE,804232,NIL,1.37990967184616,103.859408436666,new_building,,,,,False,26 Pollen Rise,"26 Pollen Rise, Singapore 804232"
17,POLLEN RISE,804233,NIL,1.38024424343639,103.859204285927,new_building,,,,,False,17 Pollen Rise,"17 Pollen Rise, Singapore 804233"
18,POLLEN RISE,804234,NIL,1.37985143528191,103.85920132281,new_building,,,,,False,18 Pollen Rise,"18 Pollen Rise, Singapore 804234"
19,POLLEN RISE,804235,NIL,1.3802585924972,103.859255313935,new_building,,,,,False,19 Pollen Rise,"19 Pollen Rise, Singapore 804235"
20,POLLEN RISE,804236,NIL,1.37986607339353,103.859253382161,new_building,,,,,False,20 Pollen Rise,"20 Pollen Rise, Singapore 804236"
21,POLLEN RISE,804237,NIL,1.38027325743221,103.859307465225,new_building,,,,,False,21 Pollen Rise,"21 Pollen Rise, Singapore 804237"
12,POLLEN RISE,804238,NIL,1.37980739393305,103.859044690278,new_building,,,,,False,12 Pollen Rise,"12 Pollen Rise, Singapore 804238"
13,POLLEN RISE,804239,NIL,1.38021501730132,103.859100352427,new_building,,,,,False,13 Pollen Rise,"13 Pollen Rise, Singapore 804239"
14,POLLEN RISE,804240,NIL,1.37982214235819,103.859097142096,new_building,,,,,False,14 Pollen Rise,"14 Pollen Rise, Singapore 804240"
15,POLLEN RISE,804241,NIL,1.38022965623618,103.859152411514,new_building,,,,,False,15 Pollen Rise,"15 Pollen Rise, Singapore 804241"
16,POLLEN RISE,804242,NIL,1.37983684123838,103.859149421208,new_building,,,,,False,16 Pollen Rise,"16 Pollen Rise, Singapore 804242"
7,POLLEN RISE,804243,NIL,1.38017097211403,103.858943720961,new_building,,,,,False,7 Pollen Rise,"7 Pollen Rise, Singapore 804243"
8,POLLEN RISE,804244,NIL,1.37977806815566,103.858940391801,new_building,,,,,False,8 Pollen Rise,"8 Pollen Rise, Singapore 804244"
9,POLLEN RISE,804245,NIL,1.38018572163616,103.858996172787,new_building,,,,,False,9 Pollen Rise,"9 Pollen Rise, Singapore 804245"
10,POLLEN RISE,804246,NIL,1.37979266849942,103.85899231815,new_building,,,,,False,10 Pollen Rise,"10 Pollen Rise, Singapore 804246"
11,POLLEN RISE,804247,NIL,1.38020042243456,103.85904845109,new_building,,,,,False,11 Pollen Rise,"11 Pollen Rise, Singapore 804247"
2,POLLEN RISE,804248,NIL,1.37972955783572,103.858783028692,new_building,,,,,False,2 Pollen Rise,"2 Pollen Rise, Singapore 804248"
3,POLLEN RISE,804249,NIL,1.3801416433215,103.858839423285,new_building,,,,,False,3 Pollen Rise,"3 Pollen Rise, Singapore 804249"
4,POLLEN RISE,804250,NIL,1.3797486638153,103.858835817537,new_building,,,,,False,4 Pollen Rise,"4 Pollen Rise, Singapore 804250"
5,POLLEN RISE,804251,NIL,1.38015624530968,103.85889134937,new_building,,,,,False,5 Pollen Rise,"5 Pollen Rise, Singapore 804251"
6,POLLEN RISE,804252,NIL,1.37976333888757,103.858888006891,new_building,,,,,False,6 Pollen Rise,"6 Pollen Rise, Singapore 804252"
1,POLLEN RISE,804253,NIL,1.3801294617146,103.858784044709,new_building,,,,,False,1 Pollen Rise,"1 Pollen Rise, Singapore 804253"
58,POLLEN LANE,804254,NIL,1.37954657181474,103.860292808975,new_building,,,,,False,58 Pollen Lane,"58 Pollen Lane, Singapore 804254"
60,POLLEN LANE,804255,NIL,1.3795459595211,103.860360664492,new_building,,,,,False,60 Pollen Lane,"60 Pollen Lane, Singapore 804255"
52,POLLEN LANE,804259,NIL,1.37950082981009,103.860138487713,new_building,,,,,False,52 Pollen Lane,"52 Pollen Lane, Singapore 804259"
53,POLLEN LANE,804260,NIL,1.37990618172003,103.860193758907,new_building,,,,,False,53 Pollen Lane,"53 Pollen Lane, Singapore 804260"
54,POLLEN LANE,804261,NIL,1.37951508551288,103.860189099035,new_building,,,,,False,54 Pollen Lane,"54 Pollen Lane, Singapore 804261"
55,POLLEN LANE,804262,NIL,1.37994210164782,103.860251474062,new_building,,,,,False,55 Pollen Lane,"55 Pollen Lane, Singapore 804262"
56,POLLEN LANE,804263,NIL,1.37952962041074,103.860240704721,new_building,,,,,False,56 Pollen Lane,"56 Pollen Lane, Singapore 804263"
47,POLLEN LANE,804264,NIL,1.37986480028637,103.860038227088,new_building,,,,,False,47 Pollen Lane,"47 Pollen Lane, Singapore 804264"
48,POLLEN LANE,804265,NIL,1.37947141703535,103.860034058685,new_building,,,,,False,48 Pollen Lane,"48 Pollen Lane, Singapore 804265"
49,POLLEN LANE,804266,NIL,1.37987900890896,103.860088851744,new_building,,,,,False,49 Pollen Lane,"49 Pollen Lane, Singapore 804266"
50,POLLEN LANE,804267,NIL,1.37948615859657,103.860086395998,new_building,,,,,False,50 Pollen Lane,"50 Pollen Lane, Singapore 804267"
51,POLLEN LANE,804268,NIL,1.379893498369,103.860140469948,new_building,,,,,False,51 Pollen Lane,"51 Pollen Lane, Singapore 804268"
42,POLLEN LANE,804269,NIL,1.37942746907747,103.859878024794,new_building,,,,,False,42 Pollen Lane,"42 Pollen Lane, Singapore 804269"
43,POLLEN LANE,804270,NIL,1.3798354789346,103.859933772752,new_building,,,,,False,43 Pollen Lane,"43 Pollen Lane, Singapore 804270"
44,POLLEN LANE,804271,NIL,1.37944194458453,103.859929419962,new_building,,,,,False,44 Pollen Lane,"44 Pollen Lane, Singapore 804271"
45,POLLEN LANE,804272,NIL,1.37985017396314,103.859986123127,new_building,,,,,False,45 Pollen Lane,"45 Pollen Lane, Singapore 804272"
46,POLLEN LANE,804273,NIL,1.37945672063705,103.85998188021,new_building,,,,,False,46 Pollen Lane,"46 Pollen Lane, Singapore 804273"
37,POLLEN LANE,804274,NIL,1.37979166975361,103.859777700219,new_building,,,,,False,37 Pollen Lane,"37 Pollen Lane, Singapore 804274"
38,POLLEN LANE,804275,NIL,1.37939834397279,103.859774619509,new_building,,,,,False,38 Pollen Lane,"38 Pollen Lane, Singapore 804275"
39,POLLEN LANE,804276,NIL,1.37980610009662,103.85982910845,new_building,,,,,False,39 Pollen Lane,"39 Pollen Lane, Singapore 804276"
40,POLLEN LANE,804277,NIL,1.37941300314954,103.859826665255,new_building,,,,,False,40 Pollen Lane,"40 Pollen Lane, Singapore 804277"
41,POLLEN LANE,804278,NIL,1.37982082906901,103.859881581487,new_building,,,,,False,41 Pollen Lane,"41 Pollen Lane, Singapore 804278"
36,POLLEN LANE,804413,NIL,1.37937945647287,103.859720036413,new_building,,,,,False,36 Pollen Lane,"36 Pollen Lane, Singapore 804413"
35,POLLEN LANE,804414,NIL,1.37977724953721,103.859726328163,new_building,,,,,False,35 Pollen Lane,"35 Pollen Lane, Singapore 804414"
30,POLLEN LANE,804415,NIL,1.3793286817069,103.859529514012,new_building,,,,,False,30 Pollen Lane,"30 Pollen Lane, Singapore 804415"
31,POLLEN LANE,804416,NIL,1.37975031653461,103.85961786324,new_building,,,,,False,31 Pollen Lane,"31 Pollen Lane, Singapore 804416"
32,POLLEN LANE,804417,NIL,1.37934334608887,103.859581665556,new_building,,,,,False,32 Pollen Lane,"32 Pollen Lane, Singapore 804417"
33,POLLEN LANE,804418,NIL,1.37976263716688,103.859674269626,new_building,,,,,False,33 Pollen Lane,"33 Pollen Lane, Singapore 804418"
34,POLLEN LANE,804419,NIL,1.37935560678091,103.859637518996,new_building,,,,,False,34 Pollen Lane,"34 Pollen Lane, Singapore 804419"
29,POLLEN LANE,804465,NIL,1.37972428361259,103.859529400299,new_building,,,,,False,29 Pollen Lane,"29 Pollen Lane, Singapore 804465"
28,POLLEN LANE,804466,NIL,1.37931433347274,103.859478486022,new_building,,,,,False,28 Pollen Lane,"28 Pollen Lane, Singapore 804466"
27,POLLEN LANE,804467,NIL,1.37970563370165,103.859475320364,new_building,,,,,False,27 Pollen Lane,"27 Pollen Lane, Singapore 804467"
26,POLLEN LANE,804468,NIL,1.37929974792048,103.859426611085,new_building,,,,,False,26 Pollen Lane,"26 Pollen Lane, Singapore 804468"
25,POLLEN LANE,804469,NIL,1.37969097150741,103.859423167997,new_building,,,,,False,25 Pollen Lane,"25 Pollen Lane, Singapore 804469"
24,POLLEN LANE,804481,NIL,1.37928510981239,103.859374551472,new_building,,,,,False,24 Pollen Lane,"24 Pollen Lane, Singapore 804481"
23,POLLEN LANE,804482,NIL,1.37967662491353,103.859372139729,new_building,,,,,False,23 Pollen Lane,"23 Pollen Lane, Singapore 804482"
22,POLLEN LANE,804483,NIL,1.37927051577239,103.859322650154,new_building,,,,,False,22 Pollen Lane,"22 Pollen Lane, Singapore 804483"
21,POLLEN LANE,804484,NIL,1.37966203908538,103.859320264784,new_building,,,,,False,21 Pollen Lane,"21 Pollen Lane, Singapore 804484"
16,POLLEN LANE,804485,NIL,1.37922634277033,103.859165547403,new_building,,,,,False,16 Pollen Lane,"16 Pollen Lane, Singapore 804485"
17,POLLEN LANE,804486,NIL,1.37963280994404,103.859216303294,new_building,,,,,False,17 Pollen Lane,"17 Pollen Lane, Singapore 804486"
18,POLLEN LANE,804487,NIL,1.37924106820041,103.859217919247,new_building,,,,,False,18 Pollen Lane,"18 Pollen Lane, Singapore 804487"
19,POLLEN LANE,804488,NIL,1.37964740179632,103.859268205164,new_building,,,,,False,19 Pollen Lane,"19 Pollen Lane, Singapore 804488"
20,POLLEN LANE,804489,NIL,1.37925581689572,103.859270371326,new_building,,,,,False,20 Pollen Lane,"20 Pollen Lane, Singapore 804489"
15,POLLEN LANE,804518,NIL,1.37961811051774,103.859164024459,new_building,,,,,False,15 Pollen Lane,"15 Pollen Lane, Singapore 804518"
14,POLLEN LANE,804519,NIL,1.37921174270383,103.859113620793,new_building,,,,,False,14 Pollen Lane,"14 Pollen Lane, Singapore 804519"
13,POLLEN LANE,804520,NIL,1.37960336346267,103.859111571829,new_building,,,,,False,13 Pollen Lane,"13 Pollen Lane, Singapore 804520"
8,POLLEN LANE,804521,NIL,1.3791679156726,103.858957753115,new_building,,,,,False,8 Pollen Lane,"8 Pollen Lane, Singapore 804521"
9,POLLEN LANE,804522,NIL,1.37957403823548,103.85900727336,new_building,,,,,False,9 Pollen Lane,"9 Pollen Lane, Singapore 804522"
10,POLLEN LANE,804523,NIL,1.37918233809683,103.859009046552,new_building,,,,,False,10 Pollen Lane,"10 Pollen Lane, Singapore 804523"
11,POLLEN LANE,804524,NIL,1.37958863803042,103.859059199977,new_building,,,,,False,11 Pollen Lane,"11 Pollen Lane, Singapore 804524"
12,POLLEN LANE,804525,NIL,1.37919701343929,103.859061236167,new_building,,,,,False,12 Pollen Lane,"12 Pollen Lane, Singapore 804525"
7,POLLEN LANE,804583,NIL,1.3795593100637,103.858954888182,new_building,,,,,False,7 Pollen Lane,"7 Pollen Lane, Singapore 804583"
2,POLLEN LANE,804584,NIL,1.37911880011581,103.858801672154,new_building,,,,,False,2 Pollen Lane,"2 Pollen Lane, Singapore 804584"
3,POLLEN LANE,804585,NIL,1.37953021503005,103.858851404028,new_building,,,,,False,3 Pollen Lane,"3 Pollen Lane, Singapore 804585"
4,POLLEN LANE,804586,NIL,1.37913920686064,103.858855652001,new_building,,,,,False,4 Pollen Lane,"4 Pollen Lane, Singapore 804586"
5,POLLEN LANE,804587,NIL,1.37954463636149,103.858902698288,new_building,,,,,False,5 Pollen Lane,"5 Pollen Lane, Singapore 804587"
6,POLLEN LANE,804588,NIL,1.37915356167779,103.858906702558,new_building,,,,,False,6 Pollen Lane,"6 Pollen Lane, Singapore 804588"
1,POLLEN LANE,804589,NIL,1.37951885243491,103.858795720041,new_building,,,,,False,1 Pollen Lane,"1 Pollen Lane, Singapore 804589"
60,POLLEN TERRACE,804590,NIL,1.3789591868442,103.860400208135,new_building,,,,,False,60 Pollen Terrace,"60 Pollen Terrace, Singapore 804590"
61,POLLEN TERRACE,804591,NIL,1.37937247151227,103.8604088392,new_building,,,,,False,61 Pollen Terrace,"61 Pollen Terrace, Singapore 804591"
62,POLLEN TERRACE,804592,NIL,1.37897452212879,103.860452129044,new_building,,,,,False,62 Pollen Terrace,"62 Pollen Terrace, Singapore 804592"
64,POLLEN TERRACE,804593,NIL,1.37897426102912,103.860520067231,new_building,,,,,False,64 Pollen Terrace,"64 Pollen Terrace, Singapore 804593"
55,POLLEN TERRACE,804595,NIL,1.37930937878323,103.860246216917,new_building,,,,,False,55 Pollen Terrace,"55 Pollen Terrace, Singapore 804595"
56,POLLEN TERRACE,804596,NIL,1.37893025966278,103.860297505391,new_building,,,,,False,56 Pollen Terrace,"56 Pollen Terrace, Singapore 804596"
57,POLLEN TERRACE,804597,NIL,1.37932386851389,103.860297835381,new_building,,,,,False,57 Pollen Terrace,"57 Pollen Terrace, Singapore 804597"
58,POLLEN TERRACE,804598,NIL,1.37894493114566,103.860349596823,new_building,,,,,False,58 Pollen Terrace,"58 Pollen Terrace, Singapore 804598"
59,POLLEN TERRACE,804599,NIL,1.37933655186167,103.860351124328,new_building,,,,,False,59 Pollen Terrace,"59 Pollen Terrace, Singapore 804599"
50,POLLEN TERRACE,804600,NIL,1.37888604593763,103.860140529117,new_building,,,,,False,50 Pollen Terrace,"50 Pollen Terrace, Singapore 804600"
51,POLLEN TERRACE,804601,NIL,1.37928054411743,103.860143488595,new_building,,,,,False,51 Pollen Terrace,"51 Pollen Terrace, Singapore 804601"
52,POLLEN TERRACE,804602,NIL,1.37890082171203,103.860192989625,new_building,,,,,False,52 Pollen Terrace,"52 Pollen Terrace, Singapore 804602"
53,POLLEN TERRACE,804603,NIL,1.37929517016374,103.860195592544,new_building,,,,,False,53 Pollen Terrace,"53 Pollen Terrace, Singapore 804603"
54,POLLEN TERRACE,804604,NIL,1.37891551837969,103.860245167817,new_building,,,,,False,54 Pollen Terrace,"54 Pollen Terrace, Singapore 804604"
49,POLLEN TERRACE,804798,NIL,1.37926584881834,103.860091138232,new_building,,,,,False,49 Pollen Terrace,"49 Pollen Terrace, Singapore 804798"
48,POLLEN TERRACE,804799,NIL,1.37887157016115,103.860089133959,new_building,,,,,False,48 Pollen Terrace,"48 Pollen Terrace, Singapore 804799"
37,POLLEN TERRACE,804800,NIL,1.37918068671134,103.85977522879,new_building,,,,,False,37 Pollen Terrace,"37 Pollen Terrace, Singapore 804800"
39,POLLEN TERRACE,804801,NIL,1.37919300734018,103.859831634891,new_building,,,,,False,39 Pollen Terrace,"39 Pollen Terrace, Singapore 804801"
41,POLLEN TERRACE,804802,NIL,1.3792076197073,103.859883693688,new_building,,,,,False,41 Pollen Terrace,"41 Pollen Terrace, Singapore 804802"
42,POLLEN TERRACE,804803,NIL,1.37882355784353,103.859931145611,new_building,,,,,False,42 Pollen Terrace,"42 Pollen Terrace, Singapore 804803"
43,POLLEN TERRACE,804804,NIL,1.3792220399206,103.859935065733,new_building,,,,,False,43 Pollen Terrace,"43 Pollen Terrace, Singapore 804804"
47,POLLEN TERRACE,804811,NIL,1.37925119895594,103.860038946978,new_building,,,,,False,47 Pollen Terrace,"47 Pollen Terrace, Singapore 804811"
46,POLLEN TERRACE,804812,NIL,1.37885710451125,103.860037774431,new_building,,,,,False,46 Pollen Terrace,"46 Pollen Terrace, Singapore 804812"
45,POLLEN TERRACE,804813,NIL,1.37923647026046,103.85998647368,new_building,,,,,False,45 Pollen Terrace,"45 Pollen Terrace, Singapore 804813"
44,POLLEN TERRACE,804814,NIL,1.37884244533889,103.859985728695,new_building,,,,,False,44 Pollen Terrace,"44 Pollen Terrace, Singapore 804814"
35,POLLEN TERRACE,804937,NIL,1.37915763356113,103.859694721865,new_building,,,,,False,35 Pollen Terrace,"35 Pollen Terrace, Singapore 804937"
33,POLLEN TERRACE,804938,NIL,1.37913898365369,103.859640641669,new_building,,,,,False,33 Pollen Terrace,"33 Pollen Terrace, Singapore 804938"
31,POLLEN TERRACE,804939,NIL,1.37912432118907,103.859588489586,new_building,,,,,False,31 Pollen Terrace,"31 Pollen Terrace, Singapore 804939"
9,POLLEN TERRACE,804940,NIL,1.37896356474855,103.859016725742,new_building,,,,,False,9 Pollen Terrace,"9 Pollen Terrace, Singapore 804940"
11,POLLEN TERRACE,804941,NIL,1.3789779863504,103.859068019991,new_building,,,,,False,11 Pollen Terrace,"11 Pollen Terrace, Singapore 804941"
13,POLLEN TERRACE,804942,NIL,1.37899265977553,103.859120209874,new_building,,,,,False,13 Pollen Terrace,"13 Pollen Terrace, Singapore 804942"
15,POLLEN TERRACE,804943,NIL,1.37900738794393,103.85917259504,new_building,,,,,False,15 Pollen Terrace,"15 Pollen Terrace, Singapore 804943"
17,POLLEN TERRACE,804944,NIL,1.37902198773552,103.859224521374,new_building,,,,,False,17 Pollen Terrace,"17 Pollen Terrace, Singapore 804944"
29,POLLEN TERRACE,804946,NIL,1.37910997459846,103.859537461328,new_building,,,,,False,29 Pollen Terrace,"29 Pollen Terrace, Singapore 804946"
27,POLLEN TERRACE,804947,NIL,1.37909538904741,103.859485586395,new_building,,,,,False,27 Pollen Terrace,"27 Pollen Terrace, Singapore 804947"
25,POLLEN TERRACE,804948,NIL,1.3790807517617,103.859433526787,new_building,,,,,False,25 Pollen Terrace,"25 Pollen Terrace, Singapore 804948"
23,POLLEN TERRACE,804949,NIL,1.37906615991273,103.859381624928,new_building,,,,,False,23 Pollen Terrace,"23 Pollen Terrace, Singapore 804949"
21,POLLEN TERRACE,804953,NIL,1.37905146021609,103.859329345833,new_building,,,,,False,21 Pollen Terrace,"21 Pollen Terrace, Singapore 804953"
19,POLLEN TERRACE,804954,NIL,1.37903671343812,103.859276893486,new_building,,,,,False,19 Pollen Terrace,"19 Pollen Terrace, Singapore 804954"
148,POLLEN CRESCENT,804955,NIL,1.37892463938267,103.862445310089,new_building,,,,,False,148 Pollen Crescent,"148 Pollen Crescent, Singapore 804955"
150,POLLEN CRESCENT,804956,NIL,1.37893923527345,103.862496937806,new_building,,,,,False,150 Pollen Crescent,"150 Pollen Crescent, Singapore 804956"
152,POLLEN CRESCENT,804957,NIL,1.37895392504933,103.862548899788,new_building,,,,,False,152 Pollen Crescent,"152 Pollen Crescent, Singapore 804957"
154,POLLEN CRESCENT,804958,NIL,1.37896549204435,103.862603782528,new_building,,,,,False,154 Pollen Crescent,"154 Pollen Crescent, Singapore 804958"
146,POLLEN CRESCENT,805961,NIL,1.37890993701332,103.862393303232,new_building,,,,,False,146 Pollen Crescent,"146 Pollen Crescent, Singapore 805961"
144,POLLEN CRESCENT,805962,NIL,1.3788952371063,103.862341307798,new_building,,,,,False,144 Pollen Crescent,"144 Pollen Crescent, Singapore 805962"
142,POLLEN CRESCENT,805963,NIL,1.37888056484396,103.86228940647,new_building,,,,,False,142 Pollen Crescent,"142 Pollen Crescent, Singapore 805963"
140,POLLEN CRESCENT,805964,NIL,1.37886586192368,103.862237399614,new_building,,,,,False,140 Pollen Crescent,"140 Pollen Crescent, Singapore 805964"
138,POLLEN CRESCENT,805997,NIL,1.3788512400237,103.862185676163,new_building,,,,,False,138 Pollen Crescent,"138 Pollen Crescent, Singapore 805997"
136,POLLEN CRESCENT,805998,NIL,1.37883654777628,103.862133704121,new_building,,,,,False,136 Pollen Crescent,"136 Pollen Crescent, Singapore 805998"
134,POLLEN CRESCENT,805999,NIL,1.37882185415908,103.862081728273,new_building,,,,,False,134 Pollen Crescent,"134 Pollen Crescent, Singapore 805999"
132,POLLEN CRESCENT,806000,NIL,1.37880725825913,103.862030097841,new_building,,,,,False,132 Pollen Crescent,"132 Pollen Crescent, Singapore 806000"
122,POLLEN CRESCENT,806001,NIL,1.3787191939707,103.861718483744,new_building,,,,,False,122 Pollen Crescent,"122 Pollen Crescent, Singapore 806001"
124,POLLEN CRESCENT,806002,NIL,1.37873122195192,103.861773309636,new_building,,,,,False,124 Pollen Crescent,"124 Pollen Crescent, Singapore 806002"
126,POLLEN CRESCENT,806003,NIL,1.37875938949637,103.861873055138,new_building,,,,,False,126 Pollen Crescent,"126 Pollen Crescent, Singapore 806003"
128,POLLEN CRESCENT,806004,NIL,1.37877785350079,103.861926084952,new_building,,,,,False,128 Pollen Crescent,"128 Pollen Crescent, Singapore 806004"
130,POLLEN CRESCENT,806005,NIL,1.37879255204845,103.861978079021,new_building,,,,,False,130 Pollen Crescent,"130 Pollen Crescent, Singapore 806005"
112,POLLEN CRESCENT,806006,NIL,1.37864580301612,103.861458893921,new_building,,,,,False,112 Pollen Crescent,"112 Pollen Crescent, Singapore 806006"
114,POLLEN CRESCENT,806007,NIL,1.37866049664725,103.86151086541,new_building,,,,,False,114 Pollen Crescent,"114 Pollen Crescent, Singapore 806007"
116,POLLEN CRESCENT,806008,NIL,1.37867519137207,103.861562840979,new_building,,,,,False,116 Pollen Crescent,"116 Pollen Crescent, Singapore 806008"
118,POLLEN CRESCENT,806009,NIL,1.37868978810355,103.861614471134,new_building,,,,,False,118 Pollen Crescent,"118 Pollen Crescent, Singapore 806009"
120,POLLEN CRESCENT,806010,NIL,1.37870449486981,103.861666490222,new_building,,,,,False,120 Pollen Crescent,"120 Pollen Crescent, Singapore 806010"
110,POLLEN CRESCENT,806141,NIL,1.37863117973024,103.861407170479,new_building,,,,,False,110 Pollen Crescent,"110 Pollen Crescent, Singapore 806141"
100,POLLEN CRESCENT,806142,NIL,1.37855780489066,103.861147632895,new_building,,,,,False,100 Pollen Crescent,"100 Pollen Crescent, Singapore 806142"
102,POLLEN CRESCENT,806143,NIL,1.37857240081015,103.861199260596,new_building,,,,,False,102 Pollen Crescent,"102 Pollen Crescent, Singapore 806143"
104,POLLEN CRESCENT,806144,NIL,1.37858710375356,103.86125126744,new_building,,,,,False,104 Pollen Crescent,"104 Pollen Crescent, Singapore 806144"
106,POLLEN CRESCENT,806145,NIL,1.37860180368486,103.861303262861,new_building,,,,,False,106 Pollen Crescent,"106 Pollen Crescent, Singapore 806145"
108,POLLEN CRESCENT,806146,NIL,1.37861647679033,103.861355163633,new_building,,,,,False,108 Pollen Crescent,"108 Pollen Crescent, Singapore 806146"
98,POLLEN CRESCENT,806276,NIL,1.37854311453614,103.861095671201,new_building,,,,,False,98 Pollen Crescent,"98 Pollen Crescent, Singapore 806276"
96,POLLEN CRESCENT,806335,NIL,1.37852841788488,103.861043686933,new_building,,,,,False,96 Pollen Crescent,"96 Pollen Crescent, Singapore 806335"
94,POLLEN CRESCENT,806336,NIL,1.37851381840356,103.860992046995,new_building,,,,,False,94 Pollen Crescent,"94 Pollen Crescent, Singapore 806336"
92,POLLEN CRESCENT,806337,NIL,1.37849910395808,103.860940000989,new_building,,,,,False,92 Pollen Crescent,"92 Pollen Crescent, Singapore 806337"
90,POLLEN CRESCENT,806338,NIL,1.3784832417648,103.86088667476,new_building,,,,,False,90 Pollen Crescent,"90 Pollen Crescent, Singapore 806338"
95,POLLEN CRESCENT,806339,NIL,1.37875931526037,103.860624866616,new_building,,,,,False,95 Pollen Crescent,"95 Pollen Crescent, Singapore 806339"
87,POLLEN CRESCENT,806340,NIL,1.37869968281222,103.86041349932,new_building,,,,,False,87 Pollen Crescent,"87 Pollen Crescent, Singapore 806340"
88,POLLEN CRESCENT,806341,NIL,1.37843327502535,103.860730643026,new_building,,,,,False,88 Pollen Crescent,"88 Pollen Crescent, Singapore 806341"
89,POLLEN CRESCENT,806342,NIL,1.37871442956502,103.860465951665,new_building,,,,,False,89 Pollen Crescent,"89 Pollen Crescent, Singapore 806342"
91,POLLEN CRESCENT,806343,NIL,1.37872962933432,103.860519283873,new_building,,,,,False,91 Pollen Crescent,"91 Pollen Crescent, Singapore 806343"
93,POLLEN CRESCENT,806344,NIL,1.37874447216106,103.860572075108,new_building,,,,,False,93 Pollen Crescent,"93 Pollen Crescent, Singapore 806344"
86,POLLEN CRESCENT,806448,NIL,1.37841843192825,103.860677851524,new_building,,,,,False,86 Pollen Crescent,"86 Pollen Crescent, Singapore 806448"
85,POLLEN CRESCENT,806449,NIL,1.3786849571347,103.860361127209,new_building,,,,,False,85 Pollen Crescent,"85 Pollen Crescent, Singapore 806449"
84,POLLEN CRESCENT,806450,NIL,1.37840358910367,103.860625060295,new_building,,,,,False,84 Pollen Crescent,"84 Pollen Crescent, Singapore 806450"
83,POLLEN CRESCENT,806451,NIL,1.37867035736803,103.860309200875,new_building,,,,,False,83 Pollen Crescent,"83 Pollen Crescent, Singapore 806451"
78,POLLEN CRESCENT,806452,NIL,1.37835891691062,103.860466903651,new_building,,,,,False,78 Pollen Crescent,"78 Pollen Crescent, Singapore 806452"
79,POLLEN CRESCENT,806453,NIL,1.37864095582464,103.860204625829,new_building,,,,,False,79 Pollen Crescent,"79 Pollen Crescent, Singapore 806453"
80,POLLEN CRESCENT,806454,NIL,1.37837364258594,103.860519275755,new_building,,,,,False,80 Pollen Crescent,"80 Pollen Crescent, Singapore 806454"
81,POLLEN CRESCENT,806455,NIL,1.37865562922475,103.860256815711,new_building,,,,,False,81 Pollen Crescent,"81 Pollen Crescent, Singapore 806455"
82,POLLEN CRESCENT,806456,NIL,1.37838838933659,103.860571728095,new_building,,,,,False,82 Pollen Crescent,"82 Pollen Crescent, Singapore 806456"
73,POLLEN CRESCENT,806457,NIL,1.37859709245983,103.860048619188,new_building,,,,,False,73 Pollen Crescent,"73 Pollen Crescent, Singapore 806457"
74,POLLEN CRESCENT,806458,NIL,1.378329589005,103.860362592166,new_building,,,,,False,74 Pollen Crescent,"74 Pollen Crescent, Singapore 806458"
75,POLLEN CRESCENT,806459,NIL,1.37861193557097,103.860101410689,new_building,,,,,False,75 Pollen Crescent,"75 Pollen Crescent, Singapore 806459"
76,POLLEN CRESCENT,806460,NIL,1.37834431714609,103.860414977324,new_building,,,,,False,76 Pollen Crescent,"76 Pollen Crescent, Singapore 806460"
77,POLLEN CRESCENT,806461,NIL,1.37862653424737,103.860153331581,new_building,,,,,False,77 Pollen Crescent,"77 Pollen Crescent, Singapore 806461"
72,POLLEN CRESCENT,806490,NIL,1.37831491560704,103.860310402291,new_building,,,,,False,72 Pollen Crescent,"72 Pollen Crescent, Singapore 806490"
71,POLLEN CRESCENT,806491,NIL,1.37858224962126,103.859995827958,new_building,,,,,False,71 Pollen Crescent,"71 Pollen Crescent, Singapore 806491"
70,POLLEN CRESCENT,806492,NIL,1.37830049403192,103.860259108049,new_building,,,,,False,70 Pollen Crescent,"70 Pollen Crescent, Singapore 806492"
69,POLLEN CRESCENT,806493,NIL,1.37856607087117,103.859927077467,new_building,,,,,False,69 Pollen Crescent,"69 Pollen Crescent, Singapore 806493"
64,POLLEN CRESCENT,806494,NIL,1.37825620941233,103.860101604447,new_building,,,,,False,64 Pollen Crescent,"64 Pollen Crescent, Singapore 806494"
65,POLLEN CRESCENT,806495,NIL,1.37853659841668,103.859822253023,new_building,,,,,False,65 Pollen Crescent,"65 Pollen Crescent, Singapore 806495"
66,POLLEN CRESCENT,806496,NIL,1.37827105224871,103.860154395669,new_building,,,,,False,66 Pollen Crescent,"66 Pollen Crescent, Singapore 806496"
67,POLLEN CRESCENT,806497,NIL,1.37855132410626,103.859874625128,new_building,,,,,False,67 Pollen Crescent,"67 Pollen Crescent, Singapore 806497"
68,POLLEN CRESCENT,806498,NIL,1.37828589535766,103.860207187164,new_building,,,,,False,68 Pollen Crescent,"68 Pollen Crescent, Singapore 806498"
59,POLLEN CRESCENT,806499,NIL,1.37849259707055,103.859665751662,new_building,,,,,False,59 Pollen Crescent,"59 Pollen Crescent, Singapore 806499"
60,POLLEN CRESCENT,806500,NIL,1.37821055780611,103.859964391362,new_building,,,,,False,60 Pollen Crescent,"60 Pollen Crescent, Singapore 806500"
61,POLLEN CRESCENT,806501,NIL,1.37850727048268,103.859717941538,new_building,,,,,False,61 Pollen Crescent,"61 Pollen Crescent, Singapore 806501"
62,POLLEN CRESCENT,806502,NIL,1.37822528349272,103.86001676346,new_building,,,,,False,62 Pollen Crescent,"62 Pollen Crescent, Singapore 806502"
63,POLLEN CRESCENT,806503,NIL,1.37852199863803,103.859770326696,new_building,,,,,False,63 Pollen Crescent,"63 Pollen Crescent, Singapore 806503"
58,POLLEN CRESCENT,806584,NIL,1.37819595803044,103.859912465041,new_building,,,,,False,58 Pollen Crescent,"58 Pollen Crescent, Singapore 806584"
57,POLLEN CRESCENT,806585,NIL,1.37847817548146,103.859614457421,new_building,,,,,False,57 Pollen Crescent,"57 Pollen Crescent, Singapore 806585"
56,POLLEN CRESCENT,806586,NIL,1.37818122987807,103.859860079889,new_building,,,,,False,56 Pollen Crescent,"56 Pollen Crescent, Singapore 806586"
55,POLLEN CRESCENT,806587,NIL,1.37846357679306,103.859562536535,new_building,,,,,False,55 Pollen Crescent,"55 Pollen Crescent, Singapore 806587"
50,POLLEN CRESCENT,806588,NIL,1.3781375361973,103.859704674906,new_building,,,,,False,50 Pollen Crescent,"50 Pollen Crescent, Singapore 806588"
51,POLLEN CRESCENT,806589,NIL,1.37843389081903,103.859456953817,new_building,,,,,False,51 Pollen Crescent,"51 Pollen Crescent, Singapore 806589"
52,POLLEN CRESCENT,806590,NIL,1.37815213488272,103.859756595784,new_building,,,,,False,52 Pollen Crescent,"52 Pollen Crescent, Singapore 806590"
53,POLLEN CRESCENT,806591,NIL,1.37844873366977,103.85950974504,new_building,,,,,False,53 Pollen Crescent,"53 Pollen Crescent, Singapore 806591"
54,POLLEN CRESCENT,806592,NIL,1.37816655646891,103.85980789002,new_building,,,,,False,54 Pollen Crescent,"54 Pollen Crescent, Singapore 806592"
45,POLLEN CRESCENT,806593,NIL,1.37838921854755,103.859298797191,new_building,,,,,False,45 Pollen Crescent,"45 Pollen Crescent, Singapore 806593"
46,POLLEN CRESCENT,806594,NIL,1.37810785022929,103.8595990922,new_building,,,,,False,46 Pollen Crescent,"46 Pollen Crescent, Singapore 806594"
47,POLLEN CRESCENT,806595,NIL,1.37840394424881,103.859351169289,new_building,,,,,False,47 Pollen Crescent,"47 Pollen Crescent, Singapore 806595"
48,POLLEN CRESCENT,806596,NIL,1.37812269307702,103.859651883417,new_building,,,,,False,48 Pollen Crescent,"48 Pollen Crescent, Singapore 806596"
49,POLLEN CRESCENT,806597,NIL,1.3784186910255,103.859403621623,new_building,,,,,False,49 Pollen Crescent,"49 Pollen Crescent, Singapore 806597"
40,POLLEN CRESCENT,806651,NIL,1.3780631779668,103.859440935593,new_building,,,,,False,40 Pollen Crescent,"40 Pollen Crescent, Singapore 806651"
39,POLLEN CRESCENT,806652,NIL,1.37834521716635,103.859142295849,new_building,,,,,False,39 Pollen Crescent,"39 Pollen Crescent, Singapore 806652"
38,POLLEN CRESCENT,806653,NIL,1.37804857817949,103.859389009279,new_building,,,,,False,38 Pollen Crescent,"38 Pollen Crescent, Singapore 806653"
37,POLLEN CRESCENT,806654,NIL,1.37833079556577,103.859091001613,new_building,,,,,False,37 Pollen Crescent,"37 Pollen Crescent, Singapore 806654"
36,POLLEN CRESCENT,806655,NIL,1.3780338500154,103.859336624133,new_building,,,,,False,36 Pollen Crescent,"36 Pollen Crescent, Singapore 806655"
35,POLLEN CRESCENT,806656,NIL,1.37831619686577,103.859039080734,new_building,,,,,False,35 Pollen Crescent,"35 Pollen Crescent, Singapore 806656"
34,POLLEN CRESCENT,806657,NIL,1.37801917659452,103.85928443427,new_building,,,,,False,34 Pollen Crescent,"34 Pollen Crescent, Singapore 806657"
33,POLLEN CRESCENT,806658,NIL,1.37830135373066,103.858986289245,new_building,,,,,False,33 Pollen Crescent,"33 Pollen Crescent, Singapore 806658"
32,POLLEN CRESCENT,806659,NIL,1.3780047549969,103.859233140041,new_building,,,,,False,32 Pollen Crescent,"32 Pollen Crescent, Singapore 806659"
41,POLLEN CRESCENT,806660,NIL,1.37835989059019,103.859194485718,new_building,,,,,False,41 Pollen Crescent,"41 Pollen Crescent, Singapore 806660"
42,POLLEN CRESCENT,806661,NIL,1.37807790366511,103.859493307685,new_building,,,,,False,42 Pollen Crescent,"42 Pollen Crescent, Singapore 806661"
43,POLLEN CRESCENT,806662,NIL,1.37837461875728,103.85924687087,new_building,,,,,False,43 Pollen Crescent,"43 Pollen Crescent, Singapore 806662"
44,POLLEN CRESCENT,806663,NIL,1.37809265043879,103.859545760012,new_building,,,,,False,44 Pollen Crescent,"44 Pollen Crescent, Singapore 806663"
31,POLLEN CRESCENT,806772,NIL,1.37828651086812,103.858933498029,new_building,,,,,False,31 Pollen Crescent,"31 Pollen Crescent, Singapore 806772"
30,POLLEN CRESCENT,806773,NIL,1.37799015629984,103.859181219168,new_building,,,,,False,30 Pollen Crescent,"30 Pollen Crescent, Singapore 806773"
28,POLLEN CRESCENT,806774,NIL,1.37797531316774,103.859128427685,new_building,,,,,False,28 Pollen Crescent,"28 Pollen Crescent, Singapore 806774"
26,POLLEN CRESCENT,806775,NIL,1.37796047030819,103.859075636475,new_building,,,,,False,26 Pollen Crescent,"26 Pollen Crescent, Singapore 806775"
40,POLLEN TERRACE,806776,NIL,1.37880236092294,103.859846840243,new_building,,,,,False,40 Pollen Terrace,"40 Pollen Terrace, Singapore 806776"
1,POLLEN TERRACE,806777,NIL,1.37890734425993,103.858803095626,new_building,,,,,False,1 Pollen Terrace,"1 Pollen Terrace, Singapore 806777"
3,POLLEN TERRACE,806778,NIL,1.3789192800469,103.858859222117,new_building,,,,,False,3 Pollen Terrace,"3 Pollen Terrace, Singapore 806778"
5,POLLEN TERRACE,806779,NIL,1.37893412291079,103.858912013347,new_building,,,,,False,5 Pollen Terrace,"5 Pollen Terrace, Singapore 806779"
7,POLLEN TERRACE,806780,NIL,1.37894896604723,103.85896480485,new_building,,,,,False,7 Pollen Terrace,"7 Pollen Terrace, Singapore 806780"
30,POLLEN TERRACE,806781,NIL,1.37872888711405,103.859585514414,new_building,,,,,False,30 Pollen Terrace,"30 Pollen Terrace, Singapore 806781"
32,POLLEN TERRACE,806782,NIL,1.37874356052785,103.859637704295,new_building,,,,,False,32 Pollen Terrace,"32 Pollen Terrace, Singapore 806782"
34,POLLEN TERRACE,806783,NIL,1.37875828868486,103.859690089458,new_building,,,,,False,34 Pollen Terrace,"34 Pollen Terrace, Singapore 806783"
36,POLLEN TERRACE,806784,NIL,1.37877288846515,103.85974201579,new_building,,,,,False,36 Pollen Terrace,"36 Pollen Terrace, Singapore 806784"
38,POLLEN TERRACE,806785,NIL,1.37878761415637,103.859794387899,new_building,,,,,False,38 Pollen Terrace,"38 Pollen Terrace, Singapore 806785"
28,POLLEN TERRACE,806800,NIL,1.37871446552334,103.859534220168,new_building,,,,,False,28 Pollen Terrace,"28 Pollen Terrace, Singapore 806800"
26,POLLEN TERRACE,806801,NIL,1.37869986683331,103.859482299278,new_building,,,,,False,26 Pollen Terrace,"26 Pollen Terrace, Singapore 806801"
24,POLLEN TERRACE,806802,NIL,1.37868502370836,103.859429507778,new_building,,,,,False,24 Pollen Terrace,"24 Pollen Terrace, Singapore 806802"
14,POLLEN TERRACE,806803,NIL,1.37861090878754,103.859166633585,new_building,,,,,False,14 Pollen Terrace,"14 Pollen Terrace, Singapore 806803"
16,POLLEN TERRACE,806804,NIL,1.37862550857943,103.85921855991,new_building,,,,,False,16 Pollen Terrace,"16 Pollen Terrace, Singapore 806804"
18,POLLEN TERRACE,806805,NIL,1.37864023428239,103.859270932013,new_building,,,,,False,18 Pollen Terrace,"18 Pollen Terrace, Singapore 806805"
20,POLLEN TERRACE,806806,NIL,1.3786549810607,103.859323384351,new_building,,,,,False,20 Pollen Terrace,"20 Pollen Terrace, Singapore 806806"
22,POLLEN TERRACE,806807,NIL,1.37867018085593,103.859376716551,new_building,,,,,False,22 Pollen Terrace,"22 Pollen Terrace, Singapore 806807"
4,POLLEN TERRACE,806808,NIL,1.37853764375266,103.858906051936,new_building,,,,,False,4 Pollen Terrace,"4 Pollen Terrace, Singapore 806808"
6,POLLEN TERRACE,806809,NIL,1.37855248688945,103.85895884343,new_building,,,,,False,6 Pollen Terrace,"6 Pollen Terrace, Singapore 806809"
8,POLLEN TERRACE,806810,NIL,1.3785670855911,103.859010764314,new_building,,,,,False,8 Pollen Terrace,"8 Pollen Terrace, Singapore 806810"
10,POLLEN TERRACE,806811,NIL,1.3785815071933,103.859062058554,new_building,,,,,False,10 Pollen Terrace,"10 Pollen Terrace, Singapore 806811"
12,POLLEN TERRACE,806812,NIL,1.37859618061879,103.859114248428,new_building,,,,,False,12 Pollen Terrace,"12 Pollen Terrace, Singapore 806812"
2,POLLEN TERRACE,806813,NIL,1.37852280088842,103.858853260715,new_building,,,,,False,2 Pollen Terrace,"2 Pollen Terrace, Singapore 806813"
69A,NERAM ROAD,808854,SELETAR HILLS ESTATE,1.38533178698621,103.868179489844,new_building,,,,,False,69A Neram Road,"69A Neram Road, Singapore 808854"
69B,NERAM ROAD,808855,SELETAR HILLS ESTATE,1.38539267734881,103.868187504649,new_building,,,,,False,69B Neram Road,"69B Neram Road, Singapore 808855"
37,MARINE PARADE,449524,CHOA BUNGALOW,1.30257558516761,103.90390892855,name_change,NIL,1.3026236120344,103.903873487916,,False,37 Marine Parade,"37 Marine Parade, Singapore 449524"
18,FARRER PARK ROAD,210018,FARRER PARK FIELDS,1.30964145284649,103.851166603031,name_change,NIL,1.30964145284649,103.851166603031,,True,Farrer Park Fields,"18 Farrer Park Road Farrer Park Fields, Singapore 210018"
1,STARS AVENUE,138507,HOME TEAM SCIENCE AND TECHNOLOGY AGENCY (HTX),1.29590891610673,103.792311644301,name_change,MEDIACORP CAMPUS,1.29555838785737,103.792222006423,,False,1 Stars Avenue,"1 Stars Avenue, Singapore 138507"
50B,GHIM MOH CLOSE,272050,GHIM MOH NATURA,1.30990540281286,103.789998545172,name_change,NIL,1.30990540281286,103.789998545172,,False,50B Ghim Moh Close,"50B Ghim Moh Close, Singapore 272050"
524D,YISHUN STREET 53,764524,VANDA BREEZE @ YISHUN,1.42171209105192,103.850788460024,name_change,NIL,1.42171209105192,103.850788460024,,False,524D Yishun Street 53,"524D Yishun Street 53, Singapore 764524"
527B,YISHUN STREET 53,762527,ARANDA BREEZE @ YISHUN,1.42375220583707,103.853266697579,name_change,NIL,1.42375220583707,103.853266697579,,False,527B Yishun Street 53,"527B Yishun Street 53, Singapore 762527"
100,BRIGHT HILL DRIVE,579646,PRO-TEACH SCHOOLCARE (AI TONG),1.36058343005814,103.83302033725,name_change,AI TONG SCHOOL,1.3605834338904,103.833020333986,,True,Pro-teach Schoolcare (ai Tong),"100 Bright Hill Drive Pro-teach Schoolcare (ai Tong), Singapore 579646"
20,WOOLLERTON DRIVE,257564,WOOLLERTON PARK,1.31605594743493,103.809089642925,name_change,NIL,1.3160079420537,103.809032121882,,True,Woollerton Park,"20 Woollerton Drive Woollerton Park, Singapore 257564"
52A,GHIM MOH CLOSE,271052,GHIM MOH NATURA,1.30897179808792,103.790674903663,name_change,NIL,1.30897179808792,103.790674903663,,False,52A Ghim Moh Close,"52A Ghim Moh Close, Singapore 271052"
81,TAMPINES STREET 62,529448,TENET,1.36887931708119,103.941980406333,name_change,TENET (U/C),1.36887931708119,103.941980406333,,False,81 Tampines Street 62,"81 Tampines Street 62, Singapore 529448"
412,SAUJANA ROAD,670412,PCF SPARKLETOTS PRESCHOOL @ BUKIT PANJANG 412 (CC),1.38289761651831,103.768275128592,name_change,NIL,1.38289762281394,103.768275120432,,True,Pcf Sparkletots Preschool @ Bukit Panjang 412 (cc),"412 Saujana Road Pcf Sparkletots Preschool @ Bukit Panjang 412 (cc), Singapore 670412"
65,TENGAH GARDEN WALK,699893,COPEN GRAND,1.36192301424331,103.730200840655,name_change,COPEN GRAND (U/C),1.36192301424331,103.730200840655,,True,Copen Grand,"65 Tengah Garden Walk Copen Grand, Singapore 699893"
34,SIN MING LANE,573955,RED SCHOOLHOUSE PTE LTD,1.36012941316953,103.833738087631,name_change,MIDVIEW CITY,1.36013479804725,103.83370753933,,True,Red Schoolhouse Pte Ltd,"34 Sin Ming Lane Red Schoolhouse Pte Ltd, Singapore 573955"
27A,JURONG PORT ROAD,619101,JURONG INDUSTRIAL ESTATE (BLK 1),1.31614521980581,103.720591653263,name_change,JURONG INDUSTRIAL ESTATE,1.31568941891919,103.720033316124,,True,Jurong Industrial Estate (blk 1),"27A Jurong Port Road Jurong Industrial Estate (blk 1), Singapore 619101"
53A,GHIM MOH LINK,271053,ULU PANDAN GLADES,1.31049306848932,103.783505715028,name_change,NIL,1.31049306848932,103.783505715028,,False,53A Ghim Moh Link,"53A Ghim Moh Link, Singapore 271053"
151,BENCOOLEN STREET,189656,NANYANG ACADEMY OF FINE ARTS (CAMPUS 3),1.30128402109438,103.851951940692,name_change,LEE FOUNDATION THEATRE,1.30134244089363,103.851991217081,,True,Nanyang Academy of Fine Arts (campus 3),"151 Bencoolen Street Nanyang Academy of Fine Arts (campus 3), Singapore 189656"
886C,WOODLANDS DRIVE 50,733886,TREEGROVE@WOODLANDS,1.43781872979632,103.794144768156,name_change,SWEETLANDS CHILDCARE WOODLANDS 886C PTE. LTD.,1.43773146039956,103.794135764157,,False,886C Woodlands Drive 50,"886C Woodlands Drive 50, Singapore 733886"
11,BROADRICK ROAD,439476,MFC KINDERGARTEN (BROADRICK ROAD),1.29979211214306,103.890672255582,name_change,NIL,1.29978606556682,103.890676249344,,True,Mfc Kindergarten (broadrick Road),"11 Broadrick Road Mfc Kindergarten (broadrick Road), Singapore 439476"
194,WOODLANDS CENTRE ROAD,730194,MARSILING RIDGE,1.43541449197441,103.773057763485,name_change,NIL,1.43541449197441,103.773057763485,,True,Marsiling Ridge,"194 Woodlands Centre Road Marsiling Ridge, Singapore 730194"
516C,MILTONIA CLOSE,763516,MILTONIA BREEZE @ YISHUN,1.41893271775295,103.849254615958,name_change,NIL,1.41893271775295,103.849254615958,,False,516C Miltonia Close,"516C Miltonia Close, Singapore 763516"
406B,JURONG WEST STREET 42,642406,JURONG ARCADIA,1.35436169953039,103.724549192298,name_change,NIL,1.35436169953039,103.724549192298,,False,406B Jurong West Street 42,"406B Jurong West Street 42, Singapore 642406"
18C,FARRER PARK ROAD,213018,FARRER PARK FIELDS,1.31024838394802,103.851916620299,name_change,NIL,1.31024838394802,103.851916620299,,True,Farrer Park Fields,"18C Farrer Park Road Farrer Park Fields, Singapore 213018"
246,BISHAN STREET 22,570246,HDB PUBLIC SHELTERS,1.36066100742125,103.843366622934,name_change,NIL,1.36067416170778,103.843353629778,,False,246 Bishan Street 22,"246 Bishan Street 22, Singapore 570246"
12,KEE SUN AVENUE,457037,MODERN MONTESSORI KINDERGARTEN,1.31141604877566,103.929290143671,name_change,NIL,1.31141604111144,103.929290136327,,True,Modern Montessori Kindergarten,"12 Kee Sun Avenue Modern Montessori Kindergarten, Singapore 457037"
2,ARCHITECTURE DRIVE,117565,NATIONAL UNIVERSITY OF SINGAPORE (SDE2),1.29739542983749,103.771122173375,name_change,NATIONAL UNIVERSITY OF SINGAPORE,1.29745660325612,103.770918476734,,True,National University of Singapore (sde2),"2 Architecture Drive National University of Singapore (sde2), Singapore 117565"
84,SELETAR NORTH LINK,797615,NIL,1.4242714099209,103.889735912434,location_change,NIL,1.42155562012161,103.894478622843,607.5655206769762,False,84 Seletar North Link,"84 Seletar North Link, Singapore 797615"
22,COLLEGE AVENUE WEST,138530,NUS COLLEGE,1.30756333329947,103.77262245701,name_change,YALE-NUS COLLEGE CAMPUS,1.30756333329947,103.77262245701,,True,NUS College,"22 College Avenue West NUS College, Singapore 138530"
5,CHANDER ROAD,219528,SIDDH PEETH SHREE LAKSHMINARAYAN TEMPLE,1.30775967850112,103.850915055091,name_change,NIL,1.30774014690879,103.850826426805,,True,Siddh Peeth Shree Lakshminarayan Temple,"5 Chander Road Siddh Peeth Shree Lakshminarayan Temple, Singapore 219528"
529A,YISHUN STREET 53,761529,ARANDA BREEZE @ YISHUN,1.42432273945436,103.853145277598,name_change,NIL,1.42432273945436,103.853145277598,,False,529A Yishun Street 53,"529A Yishun Street 53, Singapore 761529"
16,WINSTEDT ROAD,227988,EPWORTH STUDENT CARE (ANGLO-CHINESE SCHOOL JUNIOR),1.30932252730174,103.841552127373,name_change,ANGLO-CHINESE SCHOOL (JUNIOR),1.30935041274966,103.840950265464,,True,Epworth Student Care (anglo-chinese School Junior),"16 Winstedt Road Epworth Student Care (anglo-chinese School Junior), Singapore 227988"
80,RAFFLES PLACE,48624,UOB PLAZA,1.28540656780796,103.850567541206,name_change,MASJID MOULANA MD ALI,1.28547360879559,103.850332786212,,True,Uob Plaza,"80 Raffles Place Uob Plaza, Singapore 48624"
164,ANG MO KIO AVENUE 8,569822,NANYANG POLYTECHNIC (BLK N),1.3780712040726,103.849986822329,name_change,NANYANG POLYTECHNIC,1.37781903081584,103.848423445675,,True,Nanyang Polytechnic (blk N),"164 Ang Mo Kio Avenue 8 Nanyang Polytechnic (blk N), Singapore 569822"
18,PIONEER ROAD,628498,NIL,1.31196599484918,103.686973622172,location_change,NIL,1.30776649760434,103.687179207763,467.5217164920828,False,18 Pioneer Road,"18 Pioneer Road, Singapore 628498"
404A,JURONG WEST STREET 42,641404,JURONG ARCADIA,1.35408471473791,103.72368130198,name_change,NIL,1.35408471473791,103.72368130198,,False,404A Jurong West Street 42,"404A Jurong West Street 42, Singapore 641404"
501B,WELLINGTON CIRCLE,752501,MONTREAL SPRING,1.45218571400211,103.82136988326,name_change,GLORY JOY CHILD DEVELOPMENT CENTRE,1.45218571290718,103.821369887884,,False,501B Wellington Circle,"501B Wellington Circle, Singapore 752501"
590,WOODLANDS DRIVE 17,730590,WOODLANDS SOUTH PLAINS,1.42706342071295,103.795954395848,name_change,NIL,1.42706342071295,103.795954395848,,False,590 Woodlands Drive 17,"590 Woodlands Drive 17, Singapore 730590"
59,TENGAH GARDEN WALK,699913,COPEN GRAND,1.36150164949926,103.730169909399,name_change,COPEN GRAND (U/C),1.36150164949926,103.730169909399,,True,Copen Grand,"59 Tengah Garden Walk Copen Grand, Singapore 699913"
11,JALAN TAN TOCK SENG,308433,TRAVELLERS' HEALTH & VACCINATION CENTRE,1.32122164173383,103.845997101992,name_and_location_change,NIL,1.3194999277015,103.849900554786,474.2845252499234,True,Travellers' Health & Vaccination Centre,"11 Jalan Tan Tock Seng Travellers' Health & Vaccination Centre, Singapore 308433"
516B,MILTONIA CLOSE,762516,MILTONIA BREEZE @ YISHUN,1.41954282954133,103.849581475992,name_change,NIL,1.41954282954133,103.849581475992,,False,516B Miltonia Close,"516B Miltonia Close, Singapore 762516"
476A,BUKIT BATOK WEST AVENUE 5,651476,WEST GLADES @ BUKIT BATOK,1.35736141009041,103.745399703544,name_change,NIL,1.35736141009041,103.745399703544,,False,476A Bukit Batok West Avenue 5,"476A Bukit Batok West Avenue 5, Singapore 651476"
129,SERANGOON NORTH AVENUE 1,550129,SERANGOON NORTH VISTA,1.36517363038702,103.872747377491,name_change,NIL,1.36517363038702,103.872747377491,,False,129 Serangoon North Avenue 1,"129 Serangoon North Avenue 1, Singapore 550129"
173,YISHUN AVENUE 7,760173,KIDZ MEADOW CHILDCARE AND DEVELOPMENT CENTRE,1.43705724393546,103.831120696919,name_change,NIL,1.43706628176725,103.831120689838,,True,Kidz Meadow Childcare and Development Centre,"173 Yishun Avenue 7 Kidz Meadow Childcare and Development Centre, Singapore 760173"
535,UPPER CHANGI ROAD,486975,ZION PRESBYTERIAN CHURCH,1.33615958899646,103.954035885246,name_change,NIL,1.33647490036584,103.954147470688,,True,Zion Presbyterian Church,"535 Upper Changi Road Zion Presbyterian Church, Singapore 486975"
81,KIM KEAT ROAD,328836,SINGAPORE DENTAL COUNCIL (SDC),1.32645447144908,103.854428813685,name_change,NKF CENTRE,1.32648059531275,103.854441721262,,True,Singapore Dental Council (sdc),"81 Kim Keat Road Singapore Dental Council (sdc), Singapore 328836"
126A,JALAN RAJAH,321126,RAJAH SUMMIT,1.32832894790916,103.852314037132,name_change,NIL,1.32832894790916,103.852314037132,,False,126A Jalan Rajah,"126A Jalan Rajah, Singapore 321126"
101,WOODLANDS STREET 13,730101,PCF SPARKLETOTS PRESCHOOL @ WOODGROVE 101 (CC),1.43598159724925,103.781929846478,name_change,NIL,1.43598268540185,103.781932747463,,True,Pcf Sparkletots Preschool @ Woodgrove 101 (cc),"101 Woodlands Street 13 Pcf Sparkletots Preschool @ Woodgrove 101 (cc), Singapore 730101"
141,SERANGOON NORTH AVENUE 2,550141,PCF SPARKLETOTS PRESCHOOL @ SERANGOON 141 (CC),1.36859420920975,103.874523249204,name_change,NIL,1.36859421304209,103.874523243764,,True,Pcf Sparkletots Preschool @ Serangoon 141 (cc),"141 Serangoon North Avenue 2 Pcf Sparkletots Preschool @ Serangoon 141 (cc), Singapore 550141"
1,WOODLANDS ROAD,677899,NEW LIFE COMMUNITY SERVICES,1.38052136831842,103.760059425997,name_change,JUNCTION 10,1.38033681049385,103.760167883439,,True,New Life Community Services,"1 Woodlands Road New Life Community Services, Singapore 677899"
10,BISHAN STREET 21,574013,RAFFLES INSTITUTION (BLK B),1.3466262961274,103.842995850898,name_change,RAFFLES INSTITUTION (BLK A),1.34632503952747,103.843168636926,,False,10 Bishan Street 21,"10 Bishan Street 21, Singapore 574013"
328B,TENGAH PARK AVENUE,692328,PARC MEADOW @ TENGAH,1.3667778999161,103.735128814983,name_change,PARK MEADOW @ TENGAH,1.3667778999161,103.735128814983,,True,Parc Meadow @ Tengah,"328B Tengah Park Avenue Parc Meadow @ Tengah, Singapore 692328"
9,JALAN NOVENA SELATAN,308564,ENG AUN PARK,1.32261702011799,103.84355560295,name_change,NIL,1.32259537897008,103.843644337336,,True,Eng Aun Park,"9 Jalan Novena Selatan Eng Aun Park, Singapore 308564"
21,SERANGOON CENTRAL,556082,SERANGOON MRT STATION (CC13),1.35063361526525,103.872771660431,name_change,SERANGOON MRT STATION,1.3510482896351,103.871070417199,,True,Serangoon MRT Station (cc13),"21 Serangoon Central Serangoon MRT Station (cc13), Singapore 556082"
14,TUA KONG TERRACE,455341,EASTWOOD GARDENS,1.31723319870161,103.925818551914,name_change,NIL,1.31714224439687,103.925850021815,,True,Eastwood Gardens,"14 Tua Kong Terrace Eastwood Gardens, Singapore 455341"
766,TYERSALL AVENUE,257699,ISTANA WOODNEUK,1.30878410262394,103.812274294115,name_change,NIL,1.30880176827531,103.812244460773,,False,766 Tyersall Avenue,"766 Tyersall Avenue, Singapore 257699"
605,ELIAS ROAD,510605,SIAN CHAY MEDICAL INSTITUTION PASIR RIS WEST BRANCH,1.37705236053642,103.942928679986,name_change,ELIAS VIEW,1.37714407371089,103.94300000834,,True,Sian Chay Medical Institution Pasir Ris West Branch,"605 Elias Road Sian Chay Medical Institution Pasir Ris West Branch, Singapore 510605"
517,MILTONIA CLOSE,760517,MILTONIA BREEZE @ YISHUN,1.4187086581309,103.848908310956,name_change,NIL,1.4187086581309,103.848908310956,,False,517 Miltonia Close,"517 Miltonia Close, Singapore 760517"
320,ORCHARD ROAD,238865,TANG PLAZA,1.30505783090374,103.833060656222,name_change,SINGAPORE MARRIOTT TANG PLAZA HOTEL,1.30502562565776,103.832957478209,,True,Tang Plaza,"320 Orchard Road Tang Plaza, Singapore 238865"
694,JURONG WEST CENTRAL 1,640694,PCF SPARKLETOTS PRESCHOOL @ PIONEER 694 (CC),1.34302581073029,103.706879612056,name_change,NIL,1.34312102349205,103.707051960202,,True,Pcf Sparkletots Preschool @ Pioneer 694 (cc),"694 Jurong West Central 1 Pcf Sparkletots Preschool @ Pioneer 694 (cc), Singapore 640694"
79,PHOENIX AVENUE,668382,PHOENIX RESIDENCES,1.37525459469413,103.757531008357,name_change,PHOENIX RESIDENCES (U/C),1.37525459469413,103.757531008357,,False,79 Phoenix Avenue,"79 Phoenix Avenue, Singapore 668382"
592,WOODLANDS DRIVE 17,730592,WOODLANDS SOUTH PLAINS,1.42676254776941,103.794849928283,name_change,NIL,1.42676254776941,103.794849928283,,False,592 Woodlands Drive 17,"592 Woodlands Drive 17, Singapore 730592"
3,MAGAZINE ROAD,59570,UNION SQUARE THREE,1.2887536712464,103.842484418198,name_change,UNION SQUARE,1.2887536712464,103.842484418198,,False,3 Magazine Road,"3 Magazine Road, Singapore 59570"
18,MARINE TERRACE,440018,MY FIRST SKOOL,1.30320859297139,103.914300755195,name_change,MARINE TERRACE BREEZE,1.30320858339073,103.914300755467,,False,18 Marine Terrace,"18 Marine Terrace, Singapore 440018"
529B,YISHUN STREET 53,762529,ARANDA BREEZE @ YISHUN,1.42387472864082,103.853758201685,name_change,NIL,1.42387472864082,103.853758201685,,False,529B Yishun Street 53,"529B Yishun Street 53, Singapore 762529"
108,BEDOK NORTH ROAD,460108,PCF SPARKLETOTS PRESCHOOL @ FENGSHAN 108 (CC),1.3327400821369,103.936223521869,name_change,FENGSHAN ESTATE,1.33274009226511,103.936223519694,,True,Pcf Sparkletots Preschool @ Fengshan 108 (cc),"108 Bedok North Road Pcf Sparkletots Preschool @ Fengshan 108 (cc), Singapore 460108"
11,UNITY STREET,237995,ROBERTSON WALK,1.29186333652408,103.841359786872,name_change,CAMBRIDGE CDC @ TANGLIN PTE. LTD.,1.2919705093805,103.841157123421,,False,11 Unity Street,"11 Unity Street, Singapore 237995"
4,MARIAM CLOSE,508652,CHANGI GROVE,1.36183545718037,103.969165438588,name_change,NIL,1.36182135141267,103.969084760307,,False,4 Mariam Close,"4 Mariam Close, Singapore 508652"
6,ANG MO KIO STREET 44,569253,NIL,1.36500301580801,103.859092846726,name_change,PATHLIGHT SCHOOL 2,1.36500301580801,103.859092846726,,False,6 Ang Mo Kio Street 44,"6 Ang Mo Kio Street 44, Singapore 569253"
11,MARGATE ROAD,438052,PEOPLEHAUS PTE. LTD.,1.29847423168796,103.889075418723,name_change,NIL,1.29847422183563,103.889075325437,,False,11 Margate Road,"11 Margate Road, Singapore 438052"
50,JURONG GATEWAY ROAD,608549,JEM,1.33329334473462,103.743278742341,name_change,CATHAY CINEPLEX JEM,1.33332819303974,103.743359442234,,False,50 Jurong Gateway Road,"50 Jurong Gateway Road, Singapore 608549"
101A,PLANTATION CLOSE,691101,PLANTATION VERGE,1.34998941183508,103.735711599188,name_change,NIL,1.34998941183508,103.735711599188,,False,101A Plantation Close,"101A Plantation Close, Singapore 691101"
11,LAGUNA GOLF GREEN,488047,LAGUNA NATIONAL GOLF & COUNTRY CLUB,1.32397332034066,103.962657078821,name_change,DUSIT THANI LAGUNA SINGAPORE,1.32351781357882,103.962978101208,,True,Laguna National Golf & Country Club,"11 Laguna Golf Green Laguna National Golf & Country Club, Singapore 488047"
626,BUKIT BATOK CENTRAL,650626,CARPE DIEM KINDERACE PTE. LTD.,1.35175349601751,103.748972264353,name_change,NIL,1.35171974901975,103.749022783849,,False,626 Bukit Batok Central,"626 Bukit Batok Central, Singapore 650626"
46,WAN THO AVENUE,347588,SENNETT ESTATE,1.33256706599324,103.873607345078,name_change,NIL,1.33265731756329,103.873628061514,,False,46 Wan Tho Avenue,"46 Wan Tho Avenue, Singapore 347588"
420,JURONG WEST STREET 42,640420,LITTLE TALENT CHILDCARE & DEVELOPMENT CENTRE,1.35057174649766,103.727172770969,name_change,NIL,1.35057175087713,103.72717276553,,True,Little Talent Childcare & Development Centre,"420 Jurong West Street 42 Little Talent Childcare & Development Centre, Singapore 640420"
656C,JURONG WEST STREET 61,643656,MY FIRST SKOOL,1.33598954989667,103.699974206512,name_change,NIL,1.33598955071785,103.69997420624,,False,656C Jurong West Street 61,"656C Jurong West Street 61, Singapore 643656"
591B,WOODLANDS DRIVE 17,732591,WOODLANDS SOUTH PLAINS,1.42675388312019,103.79567696626,name_change,NIL,1.42675388312019,103.79567696626,,False,591B Woodlands Drive 17,"591B Woodlands Drive 17, Singapore 732591"
291A,JURONG EAST STREET 24,601291,JURONG EAST BREEZE,1.3429629430227,103.74381221645,name_change,NIL,1.3429629430227,103.74381221645,,False,291A Jurong East Street 24,"291A Jurong East Street 24, Singapore 601291"
152,UBI AVENUE 4,408826,ARMORCOAT TECHNOLOGIES BUILDING,1.33481103639653,103.896724954466,name_change,NIL,1.3348628856513,103.897118293484,,True,Armorcoat Technologies Building,"152 Ubi Avenue 4 Armorcoat Technologies Building, Singapore 408826"
327B,TENGAH PARK AVENUE,692327,PARC MEADOW @ TENGAH,1.36669380883049,103.73441451235,name_change,PARK MEADOW @ TENGAH,1.36669380883049,103.73441451235,,True,Parc Meadow @ Tengah,"327B Tengah Park Avenue Parc Meadow @ Tengah, Singapore 692327"
459,BUKIT BATOK WEST AVENUE 8,650459,WEST BRICKVILLE @ BUKIT BATOK,1.35471115217407,103.738741505774,name_change,NIL,1.35471115217407,103.738741505774,,False,459 Bukit Batok West Avenue 8,"459 Bukit Batok West Avenue 8, Singapore 650459"
80,BUKIT BATOK ROAD,658072,4TH SCDF DIVISION HQ / BUKIT BATOK FIRE STATION,1.37345849790283,103.752898593565,name_change,4TH SCDF DIVISION HQ,1.37342679854226,103.752792529782,,True,4th Scdf Division Hq / Bukit Batok Fire Station,"80 Bukit Batok Road 4th Scdf Division Hq / Bukit Batok Fire Station, Singapore 658072"
24,JALAN LEPAS,537948,CHARLTON PARK,1.35569533456956,103.88780685704,name_change,NIL,1.35561651042429,103.887845970798,,True,Charlton Park,"24 Jalan Lepas Charlton Park, Singapore 537948"
2,SCIENCE DRIVE 2,117542,NATIONAL UNIVERSITY OF SINGAPORE (S14),1.29688897920589,103.779692049438,name_change,NATIONAL UNIVERSITY OF SINGAPORE,1.29546718144446,103.779773950198,,True,National University of Singapore (s14),"2 Science Drive 2 National University of Singapore (s14), Singapore 117542"
61,COMMONWEALTH AVENUE WEST,130061,ULU PANDAN VISTA,1.31120951222812,103.780005837853,name_change,NIL,1.31120951222812,103.780005837853,,False,61 Commonwealth Avenue West,"61 Commonwealth Avenue West, Singapore 130061"
28,CARPENTER STREET,59827,NIL,1.28833377741415,103.847231504686,name_change,TRAVEL CURATORS HQ,1.28833377741415,103.847231504686,,False,28 Carpenter Street,"28 Carpenter Street, Singapore 59827"
93,BEDOK NORTH AVENUE 4,460093,SASCO CHILD CARE CENTRE (BEDOK),1.33288899767094,103.94130973733,name_change,NIL,1.33288899931346,103.941309734338,,True,Sasco Child Care Centre (bedok),"93 Bedok North Avenue 4 Sasco Child Care Centre (bedok), Singapore 460093"
67,TENGAH GARDEN WALK,699894,COPEN GRAND,1.36192145614213,103.730461439514,name_change,COPEN GRAND (U/C),1.36192145614213,103.730461439514,,True,Copen Grand,"67 Tengah Garden Walk Copen Grand, Singapore 699894"
201D,TAMPINES STREET 21,524201,TAMPINES 24-HR FAMILY CLINIC,1.35214194752099,103.954010279015,name_change,NIL,1.35226231425316,103.953586491358,,True,Tampines 24-hr Family Clinic,"201D Tampines Street 21 Tampines 24-hr Family Clinic, Singapore 524201"
7,CHANGI SOUTH LANE,486119,NIL,1.33236014165715,103.953372767457,name_change,KIAN ANN BUILDING,1.33245703746953,103.953917658931,,False,7 Changi South Lane,"7 Changi South Lane, Singapore 486119"
524,YISHUN STREET 53,760524,VANDA BREEZE @ YISHUN,1.42180603372916,103.851449357571,name_change,NIL,1.42180603372916,103.851449357571,,False,524 Yishun Street 53,"524 Yishun Street 53, Singapore 760524"
1,FUSIONOPOLIS WAY,138632,CONNEXIS,1.29943736719293,103.787576666868,name_change,"AGENCY FOR SCIENCE, TECHNOLOGY AND RESEARCH (A*STAR)",1.2995985718601,103.787640882653,,False,1 Fusionopolis Way,"1 Fusionopolis Way, Singapore 138632"
56,GHIM MOH LINK,270056,ULU PANDAN BANKS,1.31047570363015,103.781282011023,name_change,NIL,1.31047570363015,103.781282011023,,True,Ulu Pandan Banks,"56 Ghim Moh Link Ulu Pandan Banks, Singapore 270056"
4,HOLLAND CLOSE,271004,PCF SPARKLETOTS PRESCHOOL @ BUONA VISTA 4 (DS),1.30796826743788,103.795646469655,name_change,NIL,1.30796826360553,103.795646462312,,True,Pcf Sparkletots Preschool @ Buona Vista 4 (ds),"4 Holland Close Pcf Sparkletots Preschool @ Buona Vista 4 (ds), Singapore 271004"
51A,GHIM MOH CLOSE,271051,GHIM MOH NATURA,1.30921750061077,103.79011181444,name_change,NIL,1.30921750061077,103.79011181444,,False,51A Ghim Moh Close,"51A Ghim Moh Close, Singapore 271051"
60,BUKIT PANJANG RING ROAD,679946,PRO-TEACH SCHOOL CARE (WEST SPRING),1.38896618016838,103.766256126816,name_change,MOE KINDERGARTEN @ WEST SPRING,1.38917971808454,103.76639772288,,True,Pro-teach School Care (west Spring),"60 Bukit Panjang Ring Road Pro-teach School Care (west Spring), Singapore 679946"
443,TAMPINES STREET 43,520443,PCF SPARKLETOTS PRESCHOOL @ TAMPINES NORTH BLK 443 (KN),1.35885506890602,103.951898883289,name_change,NIL,1.35883952253242,103.951899349516,,True,Pcf Sparkletots Preschool @ Tampines North Blk 443 (kn),"443 Tampines Street 43 Pcf Sparkletots Preschool @ Tampines North Blk 443 (kn), Singapore 520443"
16,GREENBANK PARK,589377,GREENBANK PARK,1.34819766623771,103.788362690865,name_change,NIL,1.34819727136327,103.788413466189,,True,Greenbank Park,"16 Greenbank Park, Singapore 589377"
809D,ANG MO KIO STREET 82,564809,PINE VILLE @ AMK,1.37643575044041,103.853480556055,name_change,NIL,1.37643575044041,103.853480556055,,False,809D Ang Mo Kio Street 82,"809D Ang Mo Kio Street 82, Singapore 564809"
44,LORONG 6 GEYLANG,399199,Z HOTEL,1.30999425446286,103.8765022671,name_change,OH MY SUITES,1.30999425446286,103.8765022671,,True,Z Hotel,"44 Lorong 6 Geylang Z Hotel, Singapore 399199"
57C,GHIM MOH LINK,273057,ULU PANDAN BANKS,1.31128978222781,103.78210444114,name_change,NIL,1.31128978222781,103.78210444114,,True,Ulu Pandan Banks,"57C Ghim Moh Link Ulu Pandan Banks, Singapore 273057"
808,ANG MO KIO STREET 82,560808,PINE VILLE @ AMK,1.37767118132803,103.854142332118,name_change,NIL,1.37767118132803,103.854142332118,,False,808 Ang Mo Kio Street 82,"808 Ang Mo Kio Street 82, Singapore 560808"
98A,HAVELOCK ROAD,161098,HAVELOCK HILLSIDE,1.2886000256343,103.830505948469,name_change,NIL,1.2886000256343,103.830505948469,,False,98A Havelock Road,"98A Havelock Road, Singapore 161098"
523B,YISHUN STREET 53,762523,VANDA BREEZE @ YISHUN,1.42160037981637,103.852548064657,name_change,NIL,1.42160037981637,103.852548064657,,False,523B Yishun Street 53,"523B Yishun Street 53, Singapore 762523"
896B,WOODLANDS DRIVE 50,731896,SWEETLANDS CHILDCARE WOODLANDS 896B PTE. LTD.,1.4369244159593,103.792568797689,name_change,NIL,1.43692442499246,103.792568796601,,True,Sweetlands Childcare Woodlands 896b Pte. Ltd.,"896B Woodlands Drive 50 Sweetlands Childcare Woodlands 896b Pte. Ltd., Singapore 731896"
808A,ANG MO KIO STREET 82,561808,PINE VILLE @ AMK,1.37745537179795,103.854075345114,name_change,NIL,1.37745537179795,103.854075345114,,False,808A Ang Mo Kio Street 82,"808A Ang Mo Kio Street 82, Singapore 561808"
31,CHENG SOON GARDEN,599807,CHENG SOON GARDEN,1.33472642366258,103.771858740875,name_change,NIL,1.33480063733043,103.771850411971,,True,Cheng Soon Garden,"31 Cheng Soon Garden, Singapore 599807"
21,KEPPEL ROAD,89067,BEYONDX,1.27280474510421,103.841112448783,name_change,CUSTOMS OPERATIONS CENTRE,1.27280474510421,103.841112448783,,False,21 Keppel Road,"21 Keppel Road, Singapore 89067"
610,CHOA CHU KANG STREET 62,680610,HDB PUBLIC SHELTERS,1.3994268495544,103.743786296472,name_change,NIL,1.39942410073335,103.743786296577,,False,610 Choa Chu Kang Street 62,"610 Choa Chu Kang Street 62, Singapore 680610"
1,CANTONMENT CLOSE,88256,KIDZ TREEHOUSE @ CANTONMENT,1.27546534984202,103.840041087946,name_change,CANTONMENT PRIMARY SCHOOL,1.27547252623201,103.839962631748,,False,1 Cantonment Close,"1 Cantonment Close, Singapore 88256"
277,YISHUN STREET 22,760277,PCF SPARKLETOTS PRESCHOOL @ CHONG PANG 277 (CC),1.4379184368119,103.836994609459,name_change,FICUS VALE,1.43791843653816,103.836994608643,,True,Pcf Sparkletots Preschool @ Chong Pang 277 (cc),"277 Yishun Street 22 Pcf Sparkletots Preschool @ Chong Pang 277 (cc), Singapore 760277"
203,QUEEN'S CRESCENT,140203,QUEENSWAY CANOPY,1.2892815975358,103.799551519768,name_change,NIL,1.2892815975358,103.799551519768,,False,203 Queen's Crescent,"203 Queen's Crescent, Singapore 140203"
474B,BUKIT BATOK WEST AVENUE 5,652474,WEST GLADES @ BUKIT BATOK,1.3568090806143,103.746449139943,name_change,NIL,1.3568090806143,103.746449139943,,False,474B Bukit Batok West Avenue 5,"474B Bukit Batok West Avenue 5, Singapore 652474"
809B,ANG MO KIO STREET 82,562809,PINE VILLE @ AMK,1.37689630873617,103.85422541254,name_change,NIL,1.37689630873617,103.85422541254,,False,809B Ang Mo Kio Street 82,"809B Ang Mo Kio Street 82, Singapore 562809"
11,LOYANG WAY,508723,LOYANG INDUSTRIAL ESTATE,1.37259934062018,103.970556609285,name_change,NIL,1.37327576568862,103.97083452091,,True,Loyang Industrial Estate,"11 Loyang Way Loyang Industrial Estate, Singapore 508723"
210,MIDDLE ROAD,188994,TOTE BOARD (TOTE BOARD),1.30108996302321,103.85131529736,name_change,SINGAPORE POOLS BUILDING,1.30117342723628,103.851274599853,,False,210 Middle Road,"210 Middle Road, Singapore 188994"
206,TOA PAYOH NORTH,310206,CREATIVO LEARNERS STUDENT CARE SERVICES,1.34231481416805,103.84650890023,name_change,AI ZI LEARNING CENTRE,1.34231481416805,103.84650890023,,False,206 Toa Payoh North,"206 Toa Payoh North, Singapore 310206"
55,TENGAH GARDEN WALK,699911,COPEN GRAND,1.36114965205812,103.73064131967,name_change,COPEN GRAND (U/C),1.36114965205812,103.73064131967,,True,Copen Grand,"55 Tengah Garden Walk Copen Grand, Singapore 699911"
15,SERANGOON NORTH AVENUE 5,554360,MINDCHAMPS PRESCHOOL @ BUANGKOK PTE LTD,1.37598330733968,103.870647306069,name_change,NIL,1.37598331035084,103.870647299542,,True,Mindchamps Preschool @ Buangkok Pte Ltd,"15 Serangoon North Avenue 5 Mindchamps Preschool @ Buangkok Pte Ltd, Singapore 554360"
523,YISHUN INDUSTRIAL PARK A,768770,SRI VEERAMUTHU MUNEESWARAR TEMPLE,1.44330894181859,103.835954194088,name_change,HOCK HUAT KENG TEMPLE,1.44333598246484,103.835984005053,,True,Sri Veeramuthu Muneeswarar Temple,"523 Yishun Industrial Park a Sri Veeramuthu Muneeswarar Temple, Singapore 768770"
688,JURONG WEST CENTRAL 1,640688,WHISPERING HEARTS CHILD CARE CENTRE,1.34110457354081,103.705352925978,name_change,NIL,1.34110457956279,103.705352923802,,True,Whispering Hearts Child Care Centre,"688 Jurong West Central 1 Whispering Hearts Child Care Centre, Singapore 640688"
101,MARINE PARADE ROAD,449971,MARINE PARADE MRT STATION (TE26),1.30261163483383,103.904983086812,name_change,NIL,1.30262288569836,103.904727813023,,True,Marine Parade MRT Station (te26),"101 Marine Parade Road Marine Parade MRT Station (te26), Singapore 449971"
353,CLEMENTI AVENUE 2,120353,MARKET & HAWKER CENTRE (BLK 353 CLEMENTI AVE 2),1.31437917978956,103.770919561136,name_change,CLEMENTI AVE 2 MARKET/COOKED FOOD CENTRE,1.31437328536733,103.770805494512,,True,Market & Hawker Centre (blk 353 Clementi Ave 2),"353 Clementi Avenue 2 Market & Hawker Centre (blk 353 Clementi Ave 2), Singapore 120353"
46B,BEDOK SOUTH AVENUE 3,462046,BEDOK SOUTH BLOSSOMS,1.32126567349011,103.942746344884,name_change,NIL,1.32126567349011,103.942746344884,,False,46B Bedok South Avenue 3,"46B Bedok South Avenue 3, Singapore 462046"
502,ANG MO KIO AVENUE 5,560502,PCF SPARKLETOTS PRESCHOOL @ CHENG SAN-SELETAR 502 (CC),1.37572474108554,103.849934308508,name_change,CHENG SAN CREST,1.37572474765516,103.849934305516,,True,Pcf Sparkletots Preschool @ Cheng San-seletar 502 (cc),"502 Ang Mo Kio Avenue 5 Pcf Sparkletots Preschool @ Cheng San-seletar 502 (cc), Singapore 560502"
4,TELOK BLANGAH DRIVE,109257,KOON SENG TING TEMPLE,1.27306171572322,103.811638010718,name_change,NIL,1.27297338665759,103.811532951355,,True,Koon Seng Ting Temple,"4 Telok Blangah Drive Koon Seng Ting Temple, Singapore 109257"
271,BUKIT TIMAH ROAD,259708,CAMBERLEY INTERNATIONAL PRE-SCHOOL PRIVATE LIMITED,1.3164396325472,103.835487586609,name_change,BALMORAL PLAZA,1.31643963008359,103.835487584433,,True,Camberley International Pre-school Private Limited,"271 Bukit Timah Road Camberley International Pre-school Private Limited, Singapore 259708"
7,MAGAZINE ROAD,59572,UNION SQUARE SEVEN,1.28856558091833,103.842678965997,name_change,UNION SQUARE,1.28856558091833,103.842678965997,,False,7 Magazine Road,"7 Magazine Road, Singapore 59572"
806,ANG MO KIO STREET 82,560806,PINE VILLE @ AMK,1.3775465009548,103.853607072248,name_change,NIL,1.3775465009548,103.853607072248,,False,806 Ang Mo Kio Street 82,"806 Ang Mo Kio Street 82, Singapore 560806"
524A,YISHUN STREET 53,761524,VANDA BREEZE @ YISHUN,1.42113426546265,103.852431654212,name_change,NIL,1.42113426546265,103.852431654212,,False,524A Yishun Street 53,"524A Yishun Street 53, Singapore 761524"
15,CHOA CHU KANG STREET 51,689336,KUAN TI TEMPLE,1.39170021570687,103.742886711164,name_change,CHOA CHU KANG LIAN HE TEMPLE,1.39166432349481,103.742868881167,,True,Kuan Ti Temple,"15 Choa Chu Kang Street 51 Kuan Ti Temple, Singapore 689336"
406C,JURONG WEST STREET 42,643406,JURONG ARCADIA,1.35478098120653,103.723363207795,name_change,NIL,1.35478098120653,103.723363207795,,False,406C Jurong West Street 42,"406C Jurong West Street 42, Singapore 643406"
34,SPRINGLEAF DRIVE,788282,SPRINGLEAF GARDEN,1.39938790947496,103.824640851663,name_change,NIL,1.39949749040668,103.824629637965,,True,Springleaf Garden,"34 Springleaf Drive Springleaf Garden, Singapore 788282"
73,TENGAH GARDEN WALK,699887,COPEN GRAND,1.36191143783474,103.731287512954,name_change,COPEN GRAND (U/C),1.36191143783474,103.731287512954,,True,Copen Grand,"73 Tengah Garden Walk Copen Grand, Singapore 699887"
48A,BEDOK SOUTH AVENUE 3,461048,BEDOK SOUTH BLOSSOMS,1.32317828263286,103.943617153822,name_change,NIL,1.32317828263286,103.943617153822,,False,48A Bedok South Avenue 3,"48A Bedok South Avenue 3, Singapore 461048"
117B,JALAN KEMBANGAN,412117,KEMBANGAN WAVE,1.32233228825057,103.913094031136,name_change,NIL,1.32233228825057,103.913094031136,,False,117B Jalan Kembangan,"117B Jalan Kembangan, Singapore 412117"
47,BEDOK SOUTH AVENUE 3,460047,BEDOK SOUTH BLOSSOMS,1.32188497949521,103.942399124062,name_change,NIL,1.32188497949521,103.942399124062,,False,47 Bedok South Avenue 3,"47 Bedok South Avenue 3, Singapore 460047"
80,JALAN NOORDIN,506995,NATIONAL POLICE CADET CORPS CAMPSITE,1.41814769314274,103.968376724015,name_and_location_change,NATIONAL POLICE CADET CORPS CAMP SITE,1.41844644820699,103.971443646032,342.5363787592505,True,National Police Cadet Corps Campsite,"80 Jalan Noordin National Police Cadet Corps Campsite, Singapore 506995"
47C,BEDOK SOUTH AVENUE 3,463047,BEDOK SOUTH BLOSSOMS,1.32264967954622,103.943538252214,name_change,NIL,1.32264967954622,103.943538252214,,False,47C Bedok South Avenue 3,"47C Bedok South Avenue 3, Singapore 463047"
1,NORTH BRIDGE ROAD,179094,HIGH STREET CENTRE,1.28998869553165,103.84921712944,name_change,CONSULATE OF THE DEMOCRATIC REPUBLIC OF CONGO,1.28999676915058,103.849282222609,,True,High Street Centre,"1 North Bridge Road High Street Centre, Singapore 179094"
1,TOH YI DRIVE,591501,TRANS CENTRE (BUKIT TIMAH),1.33957916725744,103.774635452485,name_change,NEIGHBOURHOOD POLICE POST BUKIT TIMAH,1.33958155877064,103.774586318946,,True,Trans Centre (bukit Timah),"1 Toh Yi Drive Trans Centre (bukit Timah), Singapore 591501"
6,PHOENIX ROAD,668159,THE ARDEN,1.3765865450876,103.756984005168,name_change,THE ARDEN (U/C),1.3765865450876,103.756984005168,,False,6 Phoenix Road,"6 Phoenix Road, Singapore 668159"
32,TOSCA STREET,455468,OPERA ESTATE,1.31900577982409,103.92734347391,name_change,NIL,1.31898003605631,103.927423701211,,False,32 Tosca Street,"32 Tosca Street, Singapore 455468"
285,BUKIT BATOK EAST AVENUE 3,650285,HDB PUBLIC SHELTERS,1.34617496464412,103.757832392184,name_change,NIL,1.34617606948582,103.757834213031,,False,285 Bukit Batok East Avenue 3,"285 Bukit Batok East Avenue 3, Singapore 650285"
109,SEMBAWANG ROAD,779105,SPIRITUAL GRACE PRESBYTERIAN CHURCH,1.40550626696102,103.82017820434,name_change,SPIRITUAL GRACE MEMORIAL GARDEN,1.40542679356895,103.820175256215,,True,Spiritual Grace Presbyterian Church,"109 Sembawang Road Spiritual Grace Presbyterian Church, Singapore 779105"
993A,JURONG WEST STREET 93,641993,JURONG WEST CRYSTAL,1.33614413321084,103.693763197376,name_change,NIL,1.33614413321084,103.693763197376,,False,993A Jurong West Street 93,"993A Jurong West Street 93, Singapore 641993"
1,WOODLANDS SQUARE,738099,CAUSEWAY POINT,1.4360700650803,103.785981524253,name_change,CATHAY CINEPLEX CAUSEWAY POINT,1.43600784474269,103.78568873405,,False,1 Woodlands Square,"1 Woodlands Square, Singapore 738099"
48,BARKER ROAD,309917,METHODIST CENTRE (ANGLO-CHINESE SCHOOL (BARKER ROAD)),1.31908928371585,103.834802703002,name_change,BARKER ROAD METHODIST CHURCH,1.31908514678643,103.834808333396,,True,Methodist Centre (anglo-chinese School (barker Road)),"48 Barker Road Methodist Centre (anglo-chinese School (barker Road)), Singapore 309917"
208,COMPASSVALE LANE,540208,PCF SPARKLETOTS PRESCHOOL @ SENGKANG CENTRAL 208 (CC),1.38402863973162,103.898104536867,name_change,COMPASSVALE CREST,1.38402864110053,103.898104527891,,True,Pcf Sparkletots Preschool @ Sengkang Central 208 (cc),"208 Compassvale Lane Pcf Sparkletots Preschool @ Sengkang Central 208 (cc), Singapore 540208"
20,CHOA CHU KANG STREET 52,689286,PCF YEW TEE BRANCH STUDENT CARE CENTRE,1.39491758725976,103.74472784522,name_change,NEIGHBOURHOOD POLICE CENTRE CHOA CHU KANG,1.39480564592115,103.744971294739,,True,Pcf Yew Tee Branch Student Care Centre,"20 Choa Chu Kang Street 52 Pcf Yew Tee Branch Student Care Centre, Singapore 689286"
204A,QUEEN'S CRESCENT,141204,QUEENSWAY CANOPY,1.29024177695335,103.799818760424,name_change,NIL,1.29024177695335,103.799818760424,,False,204A Queen's Crescent,"204A Queen's Crescent, Singapore 141204"
50,SUMANG WALK,828598,PUNGGOL SOKA CENTRE,1.41100261671728,103.898192966338,name_change,NIL,1.41096645808783,103.898190348309,,True,Punggol Soka Centre,"50 Sumang Walk Punggol Soka Centre, Singapore 828598"
332A,TENGAH PARK AVENUE,691332,PARC MEADOW @ TENGAH,1.36515757135033,103.736192450729,name_change,PARK MEADOW @ TENGAH,1.36515757135033,103.736192450729,,True,Parc Meadow @ Tengah,"332A Tengah Park Avenue Parc Meadow @ Tengah, Singapore 691332"
39,YISHUN CLOSE,769301,NORTH GAIA,1.43604987107528,103.845378373899,name_change,NORTH GAIA (U/C),1.43603394374403,103.845363635668,,False,39 Yishun Close,"39 Yishun Close, Singapore 769301"
5,BEDOK NORTH STREET 2,469645,NIL,1.32585711804408,103.938328168425,name_change,BEDOK SPORTS CENTRE,1.32585711804408,103.938328168425,,False,5 Bedok North Street 2,"5 Bedok North Street 2, Singapore 469645"
151,BUKIT BATOK STREET 11,650151,PROMISEDLAND STUDENT CENTRE,1.34883220300872,103.744202213575,name_change,NIL,1.34874703502592,103.744211483999,,True,Promisedland Student Centre,"151 Bukit Batok Street 11 Promisedland Student Centre, Singapore 650151"
561,YISHUN RING ROAD,768682,HONG SAN SEE TEMPLE,1.43487914001384,103.832639927171,name_change,NIL,1.43474652635984,103.832566332526,,True,Hong San See Temple,"561 Yishun Ring Road Hong San See Temple, Singapore 768682"
5,MAPLE LANE,277550,EDEN PARK,1.32998285151222,103.792165878659,name_change,NIL,1.33003644460253,103.792249274171,,True,Eden Park,"5 Maple Lane Eden Park, Singapore 277550"
3,JALAN ANAK BUKIT,588998,SHERWOOD TOWERS,1.33950014743524,103.778815124223,name_change,BUKIT TIMAH PLAZA,1.3386316527745,103.778585430975,,True,Sherwood Towers,"3 Jalan Anak Bukit Sherwood Towers, Singapore 588998"
21,LINDEN DRIVE,288735,NANYANG GIRLS' BOARDING SCHOOL,1.3318569515616,103.801004029961,name_change,NIL,1.33232529985715,103.800763950511,,True,Nanyang Girls' Boarding School,"21 Linden Drive Nanyang Girls' Boarding School, Singapore 288735"
31,THIRD HOSPITAL AVENUE,168753,SINGAPORE GENERAL HOSPITAL (BLK C),1.28110898766809,103.83668802115,name_change,BOWYER BLOCK,1.28057756670391,103.836273492049,,True,Singapore General Hospital (blk C),"31 Third Hospital Avenue Singapore General Hospital (blk C), Singapore 168753"
7,CLOVER WAY,579080,CLOVER PARK,1.35020526386262,103.843103760162,name_change,NIL,1.35028900311037,103.843175793861,,True,Clover Park,"7 Clover Way Clover Park, Singapore 579080"
5,VANDA ROAD,287775,SAFARI HOUSE PRESCHOOL VANDA,1.33167641576664,103.798359116141,name_change,ORCHID VILLAGE,1.33167641001812,103.798359106894,,True,Safari House Preschool Vanda,"5 Vanda Road Safari House Preschool Vanda, Singapore 287775"
291B,JURONG EAST STREET 24,602291,JURONG EAST BREEZE,1.34341583048324,103.744086035589,name_change,NIL,1.34341583048324,103.744086035589,,False,291B Jurong East Street 24,"291B Jurong East Street 24, Singapore 602291"
294,JURONG EAST STREET 24,600294,JURONG EAST BREEZE,1.34319388383525,103.74446926302,name_change,NIL,1.34319388383525,103.74446926302,,False,294 Jurong East Street 24,"294 Jurong East Street 24, Singapore 600294"
50,HAVELOCK ROAD,160050,THE BEO CRESCENT,1.28977813910144,103.826793749912,name_change,MY FIRST SKOOL,1.28977813992267,103.826793758887,,False,50 Havelock Road,"50 Havelock Road, Singapore 160050"
406A,JURONG WEST STREET 42,641406,JURONG ARCADIA,1.35451437287806,103.72379293844,name_change,NIL,1.35451437287806,103.72379293844,,False,406A Jurong West Street 42,"406A Jurong West Street 42, Singapore 641406"
3,HAVELOCK SQUARE,59725,FORMER MINISTRY OF LABOUR BUILDING,1.2869367338449,103.844094902575,name_change,FAMILY JUSTICE COURTS,1.28685478364567,103.842938908745,,True,Former Ministry of Labour Building,"3 Havelock Square Former Ministry of Labour Building, Singapore 59725"
567,CHOA CHU KANG STREET 52,680567,PCF SPARKLETOTS PRESCHOOL @ LIMBANG 567 (CC),1.39513213185951,103.74587529176,name_change,NIL,1.39513213569157,103.745875286592,,True,Pcf Sparkletots Preschool @ Limbang 567 (cc),"567 Choa Chu Kang Street 52 Pcf Sparkletots Preschool @ Limbang 567 (cc), Singapore 680567"
822A,KEAT HONG LINK,681822,KEAT HONG GRANGE,1.3754343404318,103.749102914537,name_change,NIL,1.3754343404318,103.749102914537,,False,822A Keat Hong Link,"822A Keat Hong Link, Singapore 681822"
10B,JALAN JERUJU,768443,SEMBAWANG PRESBYTERIAN CHURCH,1.44126627416175,103.825640146587,name_change,EDELWEISS KINDERGARTEN SEMBAWANG PRESBYTERIAN CHURCH,1.44124434372684,103.825619949965,,True,Sembawang Presbyterian Church,"10B Jalan Jeruju Sembawang Presbyterian Church, Singapore 768443"
16B,FARRER PARK ROAD,212016,FARRER PARK FIELDS,1.31015510098029,103.850141870986,name_change,NIL,1.31015510098029,103.850141870986,,True,Farrer Park Fields,"16B Farrer Park Road Farrer Park Fields, Singapore 212016"
30,JALAN ISHAK,419366,KEMBANGAN ESTATE,1.32555129952016,103.909023722654,name_change,NIL,1.3254550878903,103.909016845863,,False,30 Jalan Ishak,"30 Jalan Ishak, Singapore 419366"
501,OLD CHOA CHU KANG ROAD,698928,HOME TEAM ACADEMY (BLK 1),1.3728276965341,103.722414544985,name_change,HOME TEAM ACADEMY (BLK 10),1.37187204750828,103.720870792771,,True,Home Team Academy (blk 1),"501 Old Choa Chu Kang Road Home Team Academy (blk 1), Singapore 698928"
24,MOUNT SINAI DRIVE,277084,MOUNT SINAI,1.31647904005557,103.78195333351,name_change,NIL,1.31652385980937,103.78201130448,,False,24 Mount Sinai Drive,"24 Mount Sinai Drive, Singapore 277084"
26,COLLEGE AVENUE WEST,138532,NUS COLLEGE,1.30789140001494,103.772683674139,name_change,YALE-NUS COLLEGE CAMPUS,1.30789140001494,103.772683674139,,True,NUS College,"26 College Avenue West NUS College, Singapore 138532"
61,TENGAH GARDEN WALK,699891,COPEN GRAND,1.36192865449978,103.729712493673,name_change,COPEN GRAND (U/C),1.36192865449978,103.729712493673,,True,Copen Grand,"61 Tengah Garden Walk Copen Grand, Singapore 699891"
40,ORCHARD ROAD,238837,MACDONALD HOUSE,1.29922058109912,103.846140168396,name_change,MACDONALD HSE,1.29922058109912,103.846140168396,,False,40 Orchard Road,"40 Orchard Road, Singapore 238837"
33,ERSKINE ROAD,69333,NIL,1.28082650192656,103.845399433815,name_change,THE SCARLET HOTEL,1.28082650192656,103.845399433815,,False,33 Erskine Road,"33 Erskine Road, Singapore 69333"
19,FARRER PARK ROAD,210019,FARRER PARK ARENA,1.31120173506295,103.849818361057,name_change,NIL,1.31120173506295,103.849818361057,,True,Farrer Park Arena,"19 Farrer Park Road Farrer Park Arena, Singapore 210019"
223A,JURONG EAST STREET 21,601223,PCF SPARKLETOTS PRESCHOOL @ YUHUA BLK 223A (KN),1.34137214991107,103.736754205444,name_change,NIL,1.3413721526482,103.736754200548,,True,Pcf Sparkletots Preschool @ Yuhua Blk 223a (kn),"223A Jurong East Street 21 Pcf Sparkletots Preschool @ Yuhua Blk 223a (kn), Singapore 601223"
2,CRAWFORD STREET,207218,GAMBLING REGULATORY AUTHORITY OF SINGAPORE (GRA),1.30714378604945,103.863559614173,name_change,ICA SERVICES CENTRE,1.3072198606128,103.863508256942,,False,2 Crawford Street,"2 Crawford Street, Singapore 207218"
483,TAMPINES STREET 43,520483,PCF SPARKLETOTS PRESCHOOL @ TAMPINES NORTH BLK 483 (KN),1.36143339782532,103.952685917828,name_change,NIL,1.36143340439515,103.952685912661,,True,Pcf Sparkletots Preschool @ Tampines North Blk 483 (kn),"483 Tampines Street 43 Pcf Sparkletots Preschool @ Tampines North Blk 483 (kn), Singapore 520483"
13,HAIG ROAD,430013,MARKET & HAWKER CENTRE (BLKS 13/14 HAIG ROAD),1.31514204972284,103.895609544204,name_change,HAIG ROAD MARKET AND COOKED FOOD CENTRE,1.31510752106275,103.895587944619,,True,Market & Hawker Centre (blks 13/14 Haig Road),"13 Haig Road Market & Hawker Centre (blks 13/14 Haig Road), Singapore 430013"
517,SERANGOON NORTH AVENUE 4,550517,PCF SPARKLETOTS PRESCHOOL @ JALAN KAYU 517 (CC),1.37132342574468,103.874085637987,name_change,NIL,1.37132342766086,103.874085635267,,True,Pcf Sparkletots Preschool @ Jalan Kayu 517 (cc),"517 Serangoon North Avenue 4 Pcf Sparkletots Preschool @ Jalan Kayu 517 (cc), Singapore 550517"
152,ANG MO KIO AVENUE 8,569816,NANYANG POLYTECHNIC (BLK F),1.38271339743167,103.849492901449,name_change,NANYANG POLYTECHNIC,1.38111875111583,103.849736066442,,True,Nanyang Polytechnic (blk F),"152 Ang Mo Kio Avenue 8 Nanyang Polytechnic (blk F), Singapore 569816"
219,BISHAN STREET 23,570219,PCF SPARKLETOTS PRESCHOOL @ BISHAN NORTH 219 (CC),1.3573972751367,103.849430248207,name_change,NIL,1.35739727896901,103.849430241136,,True,Pcf Sparkletots Preschool @ Bishan North 219 (cc),"219 Bishan Street 23 Pcf Sparkletots Preschool @ Bishan North 219 (cc), Singapore 570219"
524E,YISHUN STREET 53,765524,VANDA BREEZE @ YISHUN,1.42209525533145,103.851133183103,name_change,NIL,1.42209525533145,103.851133183103,,False,524E Yishun Street 53,"524E Yishun Street 53, Singapore 765524"
50,TANJONG RHU PLACE,436621,LOOK OUT TOWER,1.29901043177707,103.872882724991,name_change,NIL,1.29889515732433,103.873162515552,,True,Look Out Tower,"50 Tanjong Rhu Place Look Out Tower, Singapore 436621"
402C,JURONG WEST STREET 42,643402,JURONG ARCADIA,1.3534995821915,103.723818724691,name_change,NIL,1.3534995821915,103.723818724691,,False,402C Jurong West Street 42,"402C Jurong West Street 42, Singapore 643402"
459A,BUKIT BATOK WEST AVENUE 8,651459,WEST BRICKVILLE @ BUKIT BATOK,1.3546900383292,103.737446382588,name_change,NIL,1.3546900383292,103.737446382588,,False,459A Bukit Batok West Avenue 8,"459A Bukit Batok West Avenue 8, Singapore 651459"
10,LORONG SARINA,416672,ACES MONTESSORI KIDZ CHILD CARE PTE. LTD.,1.31918790944868,103.908056022724,name_change,NIL,1.31918790014122,103.908056040946,,True,Aces Montessori Kidz Child Care Pte. Ltd.,"10 Lorong Sarina Aces Montessori Kidz Child Care Pte. Ltd., Singapore 416672"
34,HONGKONG STREET,59673,NIL,1.28743955901693,103.847130213821,name_change,VINTAGE INN @ CLARKE QUAY,1.28743955901693,103.847130213821,,False,34 Hongkong Street,"34 Hongkong Street, Singapore 59673"
63,TENGAH GARDEN WALK,699892,COPEN GRAND,1.36192349991236,103.729948432183,name_change,COPEN GRAND (U/C),1.36192349991236,103.729948432183,,True,Copen Grand,"63 Tengah Garden Walk Copen Grand, Singapore 699892"
46C,BEDOK SOUTH AVENUE 3,463046,BEDOK SOUTH BLOSSOMS,1.32167825408843,103.942632612009,name_change,NIL,1.32167825408843,103.942632612009,,False,46C Bedok South Avenue 3,"46C Bedok South Avenue 3, Singapore 463046"
418B,TEBAN GARDENS ROAD,602418,TEBAN BREEZE,1.32159822364492,103.744665382326,name_change,NIL,1.32159822364492,103.744665382326,,True,Teban Breeze,"418B Teban Gardens Road Teban Breeze, Singapore 602418"
129C,SERANGOON NORTH AVENUE 1,553129,SERANGOON NORTH VISTA,1.36482075946204,103.873508497326,name_change,NIL,1.36482075946204,103.873508497326,,False,129C Serangoon North Avenue 1,"129C Serangoon North Avenue 1, Singapore 553129"
161,ANG MO KIO AVENUE 4,560161,ANG MO KIO TOWN COUNCIL (KEBUN BARU OFFICE),1.3741402146495,103.839673303433,name_change,NIL,1.37416445374568,103.839549130658,,True,Ang Mo Kio Town Council (kebun Baru Office),"161 Ang Mo Kio Avenue 4 Ang Mo Kio Town Council (kebun Baru Office), Singapore 560161"
21,BEDOK NORTH AVENUE 4,489948,"TAOIST COLLEGE, SINGAPORE",1.33497991918563,103.949579950322,name_change,KOO CHYE BO SENG HONG TEMPLE SAN QING GONG,1.3349764000777,103.949580053235,,True,"Taoist College, Singapore","21 Bedok North Avenue 4 Taoist College, Singapore, Singapore 489948"
21,JALAN CHULEK,557459,SERANGOON GARDEN ESTATE,1.36622477629889,103.86767931392,name_change,NIL,1.36612405166083,103.867679523273,,True,Serangoon Garden Estate,"21 Jalan Chulek Serangoon Garden Estate, Singapore 557459"
21,QUEEN'S CLOSE,140021,HDB PUBLIC SHELTERS,1.29327264538796,103.799914659737,name_change,NIL,1.2932777500051,103.799918049241,,False,21 Queen's Close,"21 Queen's Close, Singapore 140021"
10,SCIENCE DRIVE 4,117555,NATIONAL UNIVERSITY OF SINGAPORE (S1A),1.29597617870529,103.778252055321,name_change,NATIONAL UNIVERSITY OF SINGAPORE,1.29608888038316,103.778256889617,,True,National University of Singapore (s1a),"10 Science Drive 4 National University of Singapore (s1a), Singapore 117555"
102,PLANTATION CLOSE,690102,PLANTATION VERGE,1.35087280870057,103.734634565953,name_change,NIL,1.35087280870057,103.734634565953,,False,102 Plantation Close,"102 Plantation Close, Singapore 690102"
55,BINCHANG RISE,579917,LAUW AND SONS GARDEN,1.35089219222028,103.846883709109,name_change,NIL,1.35083806729891,103.846833865217,,True,Lauw and Sons Garden,"55 Binchang Rise Lauw and Sons Garden, Singapore 579917"
1,SOMERSET ROAD,238162,SOMERSET MRT STATION (NS23),1.30026416739006,103.839085753124,name_change,SOMERSET MRT STATION,1.30025287710542,103.839158336848,,True,Somerset MRT Station (ns23),"1 Somerset Road Somerset MRT Station (ns23), Singapore 238162"
20,TRENGGANU STREET,58479,REST CHINATOWN HOTEL,1.28285932778062,103.843899634979,name_change,NIL,1.28289140330993,103.843955467485,,True,Rest Chinatown Hotel,"20 Trengganu Street Rest Chinatown Hotel, Singapore 58479"
65,COMMONWEALTH AVENUE WEST,130065,ULU PANDAN VISTA,1.31244451597778,103.777890907325,name_change,NIL,1.31244451597778,103.777890907325,,False,65 Commonwealth Avenue West,"65 Commonwealth Avenue West, Singapore 130065"
73,LENGKONG DUA,417731,MY PREP SCHOOL (CHILDCARE),1.32536006899602,103.911864589473,name_change,NIL,1.32536023447887,103.911825615884,,True,My Prep School (childcare),"73 Lengkong Dua My Prep School (childcare), Singapore 417731"
503,STIRLING ROAD,148959,MDIS RESIDENCES @ STIRLING,1.29677202648703,103.800712927589,name_change,MDIS AUDITORIUM,1.29675041361959,103.800860376435,,False,503 Stirling Road,"503 Stirling Road, Singapore 148959"
128B,SERANGOON NORTH AVENUE 1,552128,SERANGOON NORTH VISTA,1.36494045551144,103.872796280055,name_change,NIL,1.36494045551144,103.872796280055,,False,128B Serangoon North Avenue 1,"128B Serangoon North Avenue 1, Singapore 552128"
50,EDGEDALE PLAINS,828848,QSF - THE ENABLERS PTE LTD (STUDENT CARE @ GREENDALE PRI),1.39646367174598,103.912450421018,name_change,GREENDALE PRIMARY SCHOOL,1.39648195114256,103.91233462071,,False,50 Edgedale Plains,"50 Edgedale Plains, Singapore 828848"
28,HONG SAN TERRACE,688247,HOME @ HONG SAN,1.37805819344637,103.745489388933,name_change,"EVERGREEN PLACE, HOME @ HONG SAN",1.37802603889771,103.745466887052,,False,28 Hong San Terrace,"28 Hong San Terrace, Singapore 688247"
1,MERLIMAU ROAD,628260,NIL,1.29012463967714,103.71324832038,location_change,NIL,1.28163643468789,103.713951107482,947.0732745152792,False,1 Merlimau Road,"1 Merlimau Road, Singapore 628260"
19,WOODLANDS INDUSTRIAL PARK E4,757721,MANDAI LIAN HUP TNG,1.45091645902879,103.795640242996,name_change,NIL,1.45093434540778,103.795420907376,,True,Mandai Lian Hup Tng,"19 Woodlands Industrial Park E4 Mandai Lian Hup Tng, Singapore 757721"
31,INTERNATIONAL BUSINESS PARK,609921,CREATIVE O PRESCHOOLERS' BAY,1.32880462855507,103.745882872825,name_change,NIL,1.32910540395565,103.746173268778,,True,Creative O Preschoolers' Bay,"31 International Business Park Creative O Preschoolers' Bay, Singapore 609921"
89,SCIENCE PARK DRIVE,118261,CHERIE HEARTS @ SCIENCE PARK I PTE. LTD.,1.28797949416507,103.791337056727,name_change,CHERIE HEARTS @ SCIENCE PARK I PTE LTD,1.28797949416507,103.791337056727,,True,Cherie Hearts @ Science Park I Pte. Ltd.,"89 Science Park Drive Cherie Hearts @ Science Park I Pte. Ltd., Singapore 118261"
52,GHIM MOH LINK,270052,GHIM MOH NATURA,1.30877894086919,103.790177581593,name_change,NIL,1.30877894086919,103.790177581593,,False,52 Ghim Moh Link,"52 Ghim Moh Link, Singapore 270052"
2,JALAN MERDU,548651,SCHOOL HOUSE BYTHEGARDEN @ SENGKANG PTE. LTD.,1.39167651775815,103.900382210559,name_change,BEAUTY GARDEN,1.39168887721389,103.900386351553,,True,School House Bythegarden @ Sengkang Pte. Ltd.,"2 Jalan Merdu School House Bythegarden @ Sengkang Pte. Ltd., Singapore 548651"
30,CHANGI FERRY ROAD,499675,CHANGI FERRY TERMINAL CHECKPOINT,1.37308982284355,104.007842093391,name_change,CHANGI FERRY TERMINAL,1.37307142144945,104.007775878413,,True,Changi Ferry Terminal Checkpoint,"30 Changi Ferry Road Changi Ferry Terminal Checkpoint, Singapore 499675"
262A,COMPASSVALE STREET,541262,PCF SPARKLETOTS PRESCHOOL @ SENGKANG CENTRAL 262A (CC),1.39554139258566,103.894940561242,name_change,COMPASSVALE NORTH GATE,1.39554139723917,103.894940558522,,True,Pcf Sparkletots Preschool @ Sengkang Central 262a (cc),"262A Compassvale Street Pcf Sparkletots Preschool @ Sengkang Central 262a (cc), Singapore 541262"
679,CHOA CHU KANG CRESCENT,680679,KINDERYEARS CHILDCARE & DEVELOPMENT CENTRE,1.40248288767082,103.744473228702,name_change,NIL,1.40262029061291,103.744715544736,,True,Kinderyears Childcare & Development Centre,"679 Choa Chu Kang Crescent Kinderyears Childcare & Development Centre, Singapore 680679"
419A,FERNVALE LINK,791419,FERNVALE SAILS,1.39326531101486,103.879449859785,name_change,NIL,1.39326531101486,103.879449859785,,False,419A Fernvale Link,"419A Fernvale Link, Singapore 791419"
65B,COMMONWEALTH AVENUE WEST,132065,ULU PANDAN VISTA,1.31245649651275,103.778288140825,name_change,NIL,1.31245649651275,103.778288140825,,False,65B Commonwealth Avenue West,"65B Commonwealth Avenue West, Singapore 132065"
2,YISHUN STREET 42,768039,XCL WORLD ACADEMY,1.42417897859263,103.850354892277,name_change,NIL,1.42515128796705,103.851089615155,,True,Xcl World Academy,"2 Yishun Street 42 Xcl World Academy, Singapore 768039"
54,CHIN SWEE ROAD,160054,JALAN BESAR TOWN COUNCIL (CHIN SWEE OFFICE),1.28743429136508,103.84123302078,name_change,NIL,1.28743641379469,103.841175875514,,True,Jalan Besar Town Council (chin Swee Office),"54 Chin Swee Road Jalan Besar Town Council (chin Swee Office), Singapore 160054"
2,SEAH IM ROAD,99114,"WOK ""N"" ROLL",1.26653552438031,103.819154137931,name_change,SEAH IM FOOD CENTRE,1.26656813225079,103.819248035765,,False,2 Seah Im Road,"2 Seah Im Road, Singapore 99114"
529,YISHUN STREET 53,760529,ARANDA BREEZE @ YISHUN,1.4241643729817,103.852962218674,name_change,NIL,1.4241643729817,103.852962218674,,False,529 Yishun Street 53,"529 Yishun Street 53, Singapore 760529"
11,SENTUL CRESCENT,828656,PUNGGOL SPORTS CENTRE,1.40856028299114,103.906845295414,name_change,PUNGGOL REGIONAL SPORTS CENTRE,1.40856028299114,103.906845295414,,True,Punggol Sports Centre,"11 Sentul Crescent Punggol Sports Centre, Singapore 828656"
79,TAMPINES STREET 62,529703,TENET,1.36870241487034,103.942183216283,name_change,TENET (U/C),1.36870241487034,103.942183216283,,False,79 Tampines Street 62,"79 Tampines Street 62, Singapore 529703"
475,BUKIT BATOK WEST AVENUE 5,650475,WEST GLADES @ BUKIT BATOK,1.35710168292617,103.746177231805,name_change,NIL,1.35710168292617,103.746177231805,,False,475 Bukit Batok West Avenue 5,"475 Bukit Batok West Avenue 5, Singapore 650475"
11,BEDOK NORTH STREET 1,469662,SINGHEALTH POLYCLINICS (BEDOK POLYCLINIC),1.32671219591036,103.932029527683,name_change,BEDOK PUBLIC LIBRARY,1.32662388643563,103.931806159881,,True,Singhealth Polyclinics (bedok Polyclinic),"11 Bedok North Street 1 Singhealth Polyclinics (bedok Polyclinic), Singapore 469662"
37,YISHUN CLOSE,769300,NORTH GAIA,1.43616087275784,103.845103477164,name_change,NORTH GAIA (U/C),1.43615956710933,103.84509259687,,False,37 Yishun Close,"37 Yishun Close, Singapore 769300"
824A,KEAT HONG LINK,681824,KEAT HONG GRANGE,1.37392459380546,103.748455592259,name_change,NIL,1.37392459380546,103.748455592259,,False,824A Keat Hong Link,"824A Keat Hong Link, Singapore 681824"
809C,ANG MO KIO STREET 82,563809,PINE VILLE @ AMK,1.37649304220001,103.854110966702,name_change,NIL,1.37649304220001,103.854110966702,,False,809C Ang Mo Kio Street 82,"809C Ang Mo Kio Street 82, Singapore 563809"
156A,RIVERVALE CRESCENT,541156,SENGKANG TOWN COUNCIL (RIVERVALE OFFICE),1.39155979848419,103.907028572529,name_change,RIVERVALE GREEN,1.39166448563591,103.906957251108,,True,Sengkang Town Council (rivervale Office),"156A Rivervale Crescent Sengkang Town Council (rivervale Office), Singapore 541156"
229,CHOA CHU KANG CENTRAL,680229,EARLY LEARNING CENTRE PTE LTD,1.38065374616798,103.746367294001,name_change,NIL,1.38065374945261,103.746367289377,,True,Early Learning Centre Pte Ltd,"229 Choa Chu Kang Central Early Learning Centre Pte Ltd, Singapore 680229"
47B,BEDOK SOUTH AVENUE 3,462047,BEDOK SOUTH BLOSSOMS,1.32267640653852,103.943083310429,name_change,NIL,1.32267640653852,103.943083310429,,False,47B Bedok South Avenue 3,"47B Bedok South Avenue 3, Singapore 462047"
126,PENDING ROAD,670126,BUKIT PANJANG FIRE POST,1.37621716161119,103.77012332087,name_change,NIL,1.37636193636024,103.769918847342,,True,Bukit Panjang Fire Post,"126 Pending Road Bukit Panjang Fire Post, Singapore 670126"
8,JURONG WEST STREET 51,649332,NASCANS @ SHUQUN,1.34760285244673,103.721459527674,name_change,MOE KINDERGARTEN @ SHUQUN,1.34686967259067,103.721559387203,,False,8 Jurong West Street 51,"8 Jurong West Street 51, Singapore 649332"
68,SUNGEI KADUT STREET 1,729370,SUNGEI KADUT INDUSTRIAL ESTATE,1.42435330316999,103.751654695634,name_change,NIL,1.42394953663221,103.750776960165,,True,Sungei Kadut Industrial Estate,"68 Sungei Kadut Street 1 Sungei Kadut Industrial Estate, Singapore 729370"
21,TAMPINES STREET 71,529067,POI CHING SCHOOL,1.35765122315688,103.935246477199,name_change,NASCANS @ POI CHING,1.35765121877679,103.935246486174,,True,Poi Ching School,"21 Tampines Street 71 Poi Ching School, Singapore 529067"
337,SEMBAWANG CRESCENT,750337,PCF SPARKLETOTS PRESCHOOL @ CANBERRA 337 (CC),1.44615096523652,103.815651974178,name_change,NIL,1.44615096906869,103.815651965202,,True,Pcf Sparkletots Preschool @ Canberra 337 (cc),"337 Sembawang Crescent Pcf Sparkletots Preschool @ Canberra 337 (cc), Singapore 750337"
57,TENGAH GARDEN WALK,699912,COPEN GRAND,1.36149804974031,103.73043949934,name_change,COPEN GRAND (U/C),1.36149804974031,103.73043949934,,True,Copen Grand,"57 Tengah Garden Walk Copen Grand, Singapore 699912"
43,YISHUN CLOSE,769303,NORTH GAIA,1.43548696726371,103.845673344342,name_change,NORTH GAIA (U/C),1.43548103497262,103.845665343006,,False,43 Yishun Close,"43 Yishun Close, Singapore 769303"
116,MIMOSA CRESCENT,808064,SELETAR HILLS ESTATE,1.38494588019627,103.863498621737,name_change,NIL,1.38501287393818,103.863511248205,,False,116 Mimosa Crescent,"116 Mimosa Crescent, Singapore 808064"
542,CHOA CHU KANG STREET 52,680542,CHOW & CHOWS CHILDCARE & EARLY LEARNING CENTRE (CCK 542) LTD.,1.39360500894625,103.744792623445,name_change,NIL,1.39360501825299,103.744792619365,,True,Chow & Chows Childcare & Early Learning Centre (cck 542) Ltd.,"542 Choa Chu Kang Street 52 Chow & Chows Childcare & Early Learning Centre (cck 542) Ltd., Singapore 680542"
845,YISHUN STREET 81,760845,KHATIB CENTRAL,1.4160188050375,103.835000766612,name_change,KAHTIB CENTRAL,1.4160188050375,103.835000766612,,False,845 Yishun Street 81,"845 Yishun Street 81, Singapore 760845"
1,CASHEW ROAD,679696,CASHEW MRT STATION (DT2),1.36981544925552,103.76443921414,name_change,NIL,1.37002390815881,103.764505614295,,True,Cashew MRT Station (dt2),"1 Cashew Road Cashew MRT Station (dt2), Singapore 679696"
518A,MILTONIA CLOSE,761518,MILTONIA BREEZE @ YISHUN,1.41821317149286,103.85030757168,name_change,NIL,1.41821317149286,103.85030757168,,False,518A Miltonia Close,"518A Miltonia Close, Singapore 761518"
238,THOMSON ROAD,307683,VELOCITY @ NOVENA SQUARE,1.31978949204523,103.844033569199,name_change,NOVENA SQUARE,1.31996748439185,103.843850630993,,False,238 Thomson Road,"238 Thomson Road, Singapore 307683"
10,SENGKANG CENTRAL,545061,BUANGKOK MRT STATION (NE15),1.38287001971672,103.893122569706,name_change,BUANGKOK MRT STATION,1.38369417199994,103.893049981318,,True,Buangkok MRT Station (ne15),"10 Sengkang Central Buangkok MRT Station (ne15), Singapore 545061"
293,JURONG EAST STREET 24,600293,JURONG EAST BREEZE,1.3435002948629,103.74443924567,name_change,NIL,1.3435002948629,103.74443924567,,False,293 Jurong East Street 24,"293 Jurong East Street 24, Singapore 600293"
121,ANG MO KIO AVENUE 3,560121,PCF SPARKLETOTS PRESCHOOL @ YIO CHU KANG BLK 121 (KN),1.36970226464475,103.84343759746,name_change,NIL,1.36970563478325,103.843515981311,,True,Pcf Sparkletots Preschool @ Yio Chu Kang Blk 121 (kn),"121 Ang Mo Kio Avenue 3 Pcf Sparkletots Preschool @ Yio Chu Kang Blk 121 (kn), Singapore 560121"
25,ALMOND CRESCENT,677781,THE CHILDREN'S CAMPUS,1.37328301559037,103.772967400818,name_change,MERA GARDENS,1.37328302243363,103.772967398098,,True,The Children's Campus,"25 Almond Crescent The Children's Campus, Singapore 677781"
825,UPPER THOMSON ROAD,787140,SPRINGLEAF MRT STATION (TE4),1.39758106126824,103.817856949947,name_change,NIL,1.39877233345994,103.817994545939,,True,Springleaf MRT Station (te4),"825 Upper Thomson Road Springleaf MRT Station (te4), Singapore 787140"
2001A,UPPER CHANGI ROAD NORTH,508898,SELARANG FIRE TRAINING GROUND,1.37074735498996,103.981658138174,name_change,NIL,1.37062214569753,103.981287709616,,True,Selarang Fire Training Ground,"2001A Upper Changi Road North Selarang Fire Training Ground, Singapore 508898"
6,RAFFLES BOULEVARD,39594,PSB ACADEMY CITY CAMPUS,1.29120773882285,103.857540736886,name_change,MARINA SQUARE,1.29185533273026,103.85857808906,,True,Psb Academy City Campus,"6 Raffles Boulevard Psb Academy City Campus, Singapore 39594"
326B,TENGAH PARK AVENUE,692326,PARC MEADOW @ TENGAH,1.36457562719055,103.735523137227,name_change,PARK MEADOW @ TENGAH,1.36457562719055,103.735523137227,,True,Parc Meadow @ Tengah,"326B Tengah Park Avenue Parc Meadow @ Tengah, Singapore 692326"
12,COLDSTREAM AVENUE,459599,FRANKEL ESTATE,1.31119762957532,103.918364507641,name_change,NIL,1.31118121892624,103.918303404961,,False,12 Coldstream Avenue,"12 Coldstream Avenue, Singapore 459599"
330A,TENGAH PARK AVENUE,691330,PARC MEADOW @ TENGAH,1.36668728839636,103.736419863319,name_change,PARK MEADOW @ TENGAH,1.36668728839636,103.736419863319,,True,Parc Meadow @ Tengah,"330A Tengah Park Avenue Parc Meadow @ Tengah, Singapore 691330"
299,LORONG 6 TOA PAYOH,319390,NIL,1.33028857436685,103.851567502968,name_change,TOA PAYOH SPORTS HALL,1.33028857436685,103.851567502968,,False,299 Lorong 6 Toa Payoh,"299 Lorong 6 Toa Payoh, Singapore 319390"
446,PASIR RIS DRIVE 6,510446,CENTRAL 24-HR CLINIC (PASIR RIS),1.37031157066559,103.957565573283,name_change,NIL,1.37030619298608,103.95772686444,,True,Central 24-hr Clinic (pasir Ris),"446 Pasir Ris Drive 6 Central 24-hr Clinic (pasir Ris), Singapore 510446"
74,GRANGE ROAD,249578,GRANGE 1866,1.2998826225442,103.828975333714,name_change,NIL,1.2998826225442,103.828975333714,,False,74 Grange Road,"74 Grange Road, Singapore 249578"
41,YISHUN CLOSE,769302,NORTH GAIA,1.43580016101414,103.84556329937,name_change,NORTH GAIA (U/C),1.43580423395908,103.845549082372,,False,41 Yishun Close,"41 Yishun Close, Singapore 769302"
582,YIO CHU KANG ROAD,787069,THOMSON GROVE,1.38409287437266,103.836216324745,name_change,NIL,1.38413839872397,103.836337214261,,False,582 Yio Chu Kang Road,"582 Yio Chu Kang Road, Singapore 787069"
307,BEDOK NORTH ROAD,469680,KIDS' LOFT STUDENT CARE @ FENGSHAN,1.3297844580718,103.931824413157,name_change,FENGSHAN PRIMARY SCHOOL,1.32980598760785,103.931710293058,,False,307 Bedok North Road,"307 Bedok North Road, Singapore 469680"
16,COLLEGE AVENUE WEST,138527,NUS COLLEGE,1.30642273791527,103.771795452114,name_change,YALE-NUS COLLEGE,1.30630452078538,103.771789872765,,True,NUS College,"16 College Avenue West NUS College, Singapore 138527"
1,MANDAI LINK,728650,FILLING STATION AT MANDAI LINK,1.41118971496271,103.757754240314,name_change,NIL,1.41103060893885,103.758162469457,,True,Filling Station at Mandai Link,"1 Mandai Link Filling Station at Mandai Link, Singapore 728650"
70A,BEDOK RESERVOIR ROAD,479312,EUNOS COMMUNITY CLUB (TEMP OFFICE),1.33230754120576,103.913455267951,name_change,TEMPORARY SITE OFFICE,1.33242605678847,103.913396070774,,True,Eunos Community Club (temp Office),"70A Bedok Reservoir Road Eunos Community Club (temp Office), Singapore 479312"
121,GEYLANG EAST CENTRAL,380121,FC,1.31804549523722,103.885311479882,name_change,NIL,1.3179301794665,103.885314531751,,False,121 Geylang East Central,"121 Geylang East Central, Singapore 380121"
102A,PLANTATION CLOSE,691102,PLANTATION VERGE,1.35104929333639,103.734755311012,name_change,NIL,1.35104929333639,103.734755311012,,False,102A Plantation Close,"102A Plantation Close, Singapore 691102"
626,PASIR RIS DRIVE 3,510626,HDB PUBLIC SHELTERS,1.37979337993307,103.940918757328,name_change,NIL,1.37980085474172,103.940918757392,,False,626 Pasir Ris Drive 3,"626 Pasir Ris Drive 3, Singapore 510626"
483,FERNVALE DRIVE,790483,FERNVALE OASIS,1.40020312640826,103.876313235962,name_change,NIL,1.40020312640826,103.876313235962,,False,483 Fernvale Drive,"483 Fernvale Drive, Singapore 790483"
10,CIRCUIT LINK,378956,MACPHERSON MRT STATION (DT26),1.32615024457361,103.889298600376,name_change,NIL,1.32628415319164,103.888527791868,,True,Macpherson MRT Station (dt26),"10 Circuit Link Macpherson MRT Station (dt26), Singapore 378956"
102C,PLANTATION CLOSE,693102,PLANTATION VERGE,1.35101964240157,103.73390179655,name_change,NIL,1.35101964240157,103.73390179655,,False,102C Plantation Close,"102C Plantation Close, Singapore 693102"
736,WOODLANDS CIRCLE,730736,FROBEL PRESCHOOL WOODLANDS PTE. LTD.,1.44283764127033,103.796814125448,name_change,NIL,1.44283764811354,103.79681411892,,True,Frobel Preschool Woodlands Pte. Ltd.,"736 Woodlands Circle Frobel Preschool Woodlands Pte. Ltd., Singapore 730736"
113A,BUKIT BATOK WEST AVENUE 6,651113,NKF DIALYSIS CENTRE,1.34985034118806,103.745279954109,name_change,SKY VISTA @ BUKIT BATOK,1.34995908935029,103.745361698743,,True,Nkf Dialysis Centre,"113A Bukit Batok West Avenue 6 Nkf Dialysis Centre, Singapore 651113"
671A,JURONG WEST STREET 65,641671,MY FIRST SKOOL,1.3439721914708,103.702307667142,name_change,NIL,1.34404660790141,103.702361146078,,False,671A Jurong West Street 65,"671A Jurong West Street 65, Singapore 641671"
11,WOODLANDS CLOSE,737853,BETHESDA CHRISTIAN CENTRE,1.43482603452741,103.802773360648,name_change,CALROSE ACADEMY PTE. LTD.,1.43475840297332,103.802721060156,,True,Bethesda Christian Centre,"11 Woodlands Close Bethesda Christian Centre, Singapore 737853"
210,BOON LAY PLACE,640210,NEIGHBOURHOOD POLICE POST BOON LAY,1.34764040805997,103.712965004525,name_change,BOON LAY PLACE,1.3477905271577,103.713134476591,,True,Neighbourhood Police Post Boon Lay,"210 Boon Lay Place Neighbourhood Police Post Boon Lay, Singapore 640210"
201,SERANGOON CENTRAL,550201,NKF DIALYSIS CENTRE SERANGOON,1.35106789029169,103.873396887806,name_change,NIL,1.35097779933054,103.873595480638,,True,Nkf Dialysis Centre Serangoon,"201 Serangoon Central Nkf Dialysis Centre Serangoon, Singapore 550201"
44,JALAN MERAH SAGA,278116,% ARABICA,1.31156943730169,103.796647802546,name_change,NIL,1.31192195425084,103.796844037126,,False,44 Jalan Merah Saga,"44 Jalan Merah Saga, Singapore 278116"
823,KEAT HONG LINK,680823,KEAT HONG GRANGE,1.37430732894525,103.748566632809,name_change,NIL,1.37430732894525,103.748566632809,,False,823 Keat Hong Link,"823 Keat Hong Link, Singapore 680823"
150,SERANGOON AVENUE 3,554533,LORONG CHUAN MRT STATION (CC14),1.35161217074555,103.864151938651,name_change,LORONG CHUAN MRT STATION,1.35153128621585,103.864812169514,,True,Lorong Chuan MRT Station (cc14),"150 Serangoon Avenue 3 Lorong Chuan MRT Station (cc14), Singapore 554533"
43,JALAN CHENGAM,578326,SEMBAWANG HILLS ESTATE,1.37340372238288,103.831969558161,name_change,NIL,1.37343665922397,103.831866676443,,False,43 Jalan Chengam,"43 Jalan Chengam, Singapore 578326"
46,WEST COAST TERRACE,127253,WEST COAST GARDENS,1.3136425881728,103.758021266008,name_change,NIL,1.31369657569422,103.758103775196,,True,West Coast Gardens,"46 West Coast Terrace West Coast Gardens, Singapore 127253"
41,TEBAN GARDENS ROAD,600041,PCF SPARKLETOTS PRESCHOOL @ AYER RAJAH 41 (CC),1.32158738006702,103.740986923629,name_change,NIL,1.32158737897173,103.740986913838,,True,Pcf Sparkletots Preschool @ Ayer Rajah 41 (cc),"41 Teban Gardens Road Pcf Sparkletots Preschool @ Ayer Rajah 41 (cc), Singapore 600041"
160A,JALAN TECK WHYE,681160,MULTI STOREY CAR PARK,1.38041525424501,103.757295587899,name_change,FOODCOURT,1.38049639723272,103.757079964941,,True,Multi Storey Car Park,"160A Jalan Teck Whye Multi Storey Car Park, Singapore 681160"
433,CHOA CHU KANG AVENUE 4,680433,SHEFFIELD KIDSWORLD (CCK) PTE. LTD.,1.38489827735796,103.741651454193,name_change,NIL,1.38493078338858,103.741771823351,,True,Sheffield Kidsworld (cck) Pte. Ltd.,"433 Choa Chu Kang Avenue 4 Sheffield Kidsworld (cck) Pte. Ltd., Singapore 680433"
20,THOMSON TERRACE,574551,THOMSON HILLS ESTATE,1.37898257055972,103.830958460565,name_change,THOMSON HILLS ESTATE (U/C),1.37898423951944,103.830969206228,,False,20 Thomson Terrace,"20 Thomson Terrace, Singapore 574551"
591,WOODLANDS DRIVE 17,730591,WOODLANDS SOUTH PLAINS,1.42639164403187,103.795515770647,name_change,NIL,1.42639164403187,103.795515770647,,False,591 Woodlands Drive 17,"591 Woodlands Drive 17, Singapore 730591"
519,MILTONIA CLOSE,760519,MILTONIA BREEZE @ YISHUN,1.41877206919692,103.850586731094,name_change,NIL,1.41877206919692,103.850586731094,,False,519 Miltonia Close,"519 Miltonia Close, Singapore 760519"
950,UPPER BUKIT TIMAH ROAD,678213,BUKIT PANJANG MRT STATION (DT1),1.37900211641036,103.761535114929,name_change,NIL,1.37820897327993,103.762263555981,,True,Bukit Panjang MRT Station (dt1),"950 Upper Bukit Timah Road Bukit Panjang MRT Station (dt1), Singapore 678213"
4A,RUSSELS ROAD,118283,CANTERBURY BABY COVE PTE. LTD.,1.28494407458368,103.796267783508,name_change,NIL,1.28494406993013,103.796267778341,,False,4A Russels Road,"4A Russels Road, Singapore 118283"
25,LORONG 29 GEYLANG,388074,ATHENA VILLE,1.31507946592972,103.885668313079,name_change,NIL,1.31500363716868,103.885816035788,,False,25 Lorong 29 Geylang,"25 Lorong 29 Geylang, Singapore 388074"
431,PUNGGOL ROAD,546654,THE LITTLE KIDS HOUSE - VEGETARIAN,1.39219326293479,103.901014104505,name_change,BEAUTY GARDEN,1.39219339624406,103.90101405256,,False,431 Punggol Road,"431 Punggol Road, Singapore 546654"
519A,MILTONIA CLOSE,761519,MILTONIA BREEZE @ YISHUN,1.41928906498783,103.850240361199,name_change,NIL,1.41928906498783,103.850240361199,,False,519A Miltonia Close,"519A Miltonia Close, Singapore 761519"
12,FIRST AVENUE,268748,VEREINIGUNG DEUTSCHES HAUS (GERMAN CLUB),1.32806945688319,103.800116938843,name_change,NIL,1.32814470412176,103.800115841509,,True,Vereinigung Deutsches Haus (german Club),"12 First Avenue Vereinigung Deutsches Haus (german Club), Singapore 268748"
11,ARTS LINK,117573,NATIONAL UNIVERSITY OF SINGAPORE (AS1),1.29519412875683,103.772142591322,name_change,NATIONAL UNIVERSITY OF SINGAPORE,1.29496551328462,103.77122156673,,True,National University of Singapore (as1),"11 Arts Link National University of Singapore (as1), Singapore 117573"
485A,FERNVALE DRIVE,791485,FERNVALE OASIS,1.39945056434308,103.876976641799,name_change,NIL,1.39945056434308,103.876976641799,,False,485A Fernvale Drive,"485A Fernvale Drive, Singapore 791485"
6,LAKME STREET,456903,OPERA ESTATE,1.31679911104955,103.927713798947,name_change,LEARNINGHILL EDUCARE PTE LTD,1.31676040440232,103.927664517091,,False,6 Lakme Street,"6 Lakme Street, Singapore 456903"
32,CHAI CHEE AVENUE,461032,PCF SPARKLETOTS PRESCHOOL @ KEMBANGAN CHAI CHEE 32 (CC),1.32371729072048,103.925001092941,name_change,ANSAR GARDEN,1.32371728387748,103.92500108451,,True,Pcf Sparkletots Preschool @ Kembangan Chai Chee 32 (cc),"32 Chai Chee Avenue Pcf Sparkletots Preschool @ Kembangan Chai Chee 32 (cc), Singapore 461032"
50,GUL ROAD,629351,NIL,1.28789604261493,103.665469812875,location_change,NIL,1.29275911265389,103.668876550303,660.1779135635131,False,50 Gul Road,"50 Gul Road, Singapore 629351"
22,CROSS STREET,48421,NIL,1.28423869111672,103.846705363258,name_change,CROSS STREET EXCHANGE,1.28423869111672,103.846705363258,,False,22 Cross Street,"22 Cross Street, Singapore 48421"
26,EVANS ROAD,259367,THE INITIAL SAMA,1.31874454303372,103.820233186205,name_change,YO:HA @ EVANS,1.31874454303372,103.820233186205,,False,26 Evans Road,"26 Evans Road, Singapore 259367"
145,MEI LING STREET,140145,PCF SPARKLETOTS PRESCHOOL @ QUEENSTOWN 145 (CC),1.29381815215672,103.804886574515,name_change,NIL,1.2938137291276,103.805027900908,,True,Pcf Sparkletots Preschool @ Queenstown 145 (cc),"145 Mei Ling Street Pcf Sparkletots Preschool @ Queenstown 145 (cc), Singapore 140145"
201,PANDAN GARDENS,609337,CALVARY PANDAN KINDERGARTEN,1.3212126380475,103.74598371945,name_change,CALVARY PANDAN BIBLE-PRESBYTERIAN CHURCH,1.32103078825939,103.746110493966,,True,Calvary Pandan Kindergarten,"201 Pandan Gardens Calvary Pandan Kindergarten, Singapore 609337"
590A,WOODLANDS DRIVE 17,731590,WOODLANDS SOUTH PLAINS,1.42721261855993,103.796861349272,name_change,NIL,1.42721261855993,103.796861349272,,False,590A Woodlands Drive 17,"590A Woodlands Drive 17, Singapore 731590"
266,COMPASSVALE BOW,540266,SENGKANG TOWN COUNCIL (SENGKANG OFFICE),1.38199703112006,103.897031077664,name_change,NIL,1.38187771301641,103.897039857818,,True,Sengkang Town Council (sengkang Office),"266 Compassvale Bow Sengkang Town Council (sengkang Office), Singapore 540266"
1,SCIENCE DRIVE 2,117541,NATIONAL UNIVERSITY OF SINGAPORE (S15),1.2971588489482,103.780197588142,name_change,NATIONAL UNIVERSITY OF SINGAPORE,1.29546718144446,103.779773950198,,True,National University of Singapore (s15),"1 Science Drive 2 National University of Singapore (s15), Singapore 117541"
74,SENOKO DRIVE,758241,SENOKO INDUSTRIAL ESTATE,1.46584943646188,103.80893473528,name_change,NIL,1.46572898227664,103.809102955239,,True,Senoko Industrial Estate,"74 Senoko Drive Senoko Industrial Estate, Singapore 758241"
30,WOODLANDS AVENUE 2,738343,WOODLANDS MRT STATION (NS9),1.43681962961519,103.786066799253,name_change,NIL,1.43681436169078,103.785325969402,,True,Woodlands MRT Station (ns9),"30 Woodlands Avenue 2 Woodlands MRT Station (ns9), Singapore 738343"
519B,MILTONIA CLOSE,762519,MILTONIA BREEZE @ YISHUN,1.41899222992341,103.850807774197,name_change,NIL,1.41899222992341,103.850807774197,,False,519B Miltonia Close,"519B Miltonia Close, Singapore 762519"
5,BOON KENG ROAD,330005,STAR LEARNERS @ BOON KENG PTE. LTD.,1.31629996756972,103.860397464414,name_change,NIL,1.31629995826281,103.860397463054,,False,5 Boon Keng Road,"5 Boon Keng Road, Singapore 330005"
25,TRENGGANU STREET,58476,NIL,1.28256767941304,103.844175159658,name_change,HOTEL CALMO CHINATOWN,1.28256767941304,103.844175159658,,False,25 Trengganu Street,"25 Trengganu Street, Singapore 58476"
137,JALAN BUKIT MERAH,160137,MY FIRST SKOOL,1.27814726246793,103.826958974609,name_change,NIL,1.27814726027803,103.826958969986,,False,137 Jalan Bukit Merah,"137 Jalan Bukit Merah, Singapore 160137"
349,CORPORATION DRIVE,610349,NTUC ELDERCARE CENTRE SILVER CIRCLE (TAMAN JURONG),1.3395790060402,103.719356718857,name_change,NIL,1.33953419646662,103.719166865639,,True,Ntuc Eldercare Centre Silver Circle (taman Jurong),"349 Corporation Drive Ntuc Eldercare Centre Silver Circle (taman Jurong), Singapore 610349"
516,MILTONIA CLOSE,760516,MILTONIA BREEZE @ YISHUN,1.41929218803885,103.848959084357,name_change,NIL,1.41929218803885,103.848959084357,,False,516 Miltonia Close,"516 Miltonia Close, Singapore 760516"
24,COLLEGE AVENUE WEST,138531,NUS COLLEGE,1.30769533190976,103.7726333349,name_change,YALE-NUS COLLEGE CAMPUS,1.30769533190976,103.7726333349,,True,NUS College,"24 College Avenue West NUS College, Singapore 138531"
9,JALAN REBANA,576988,FABER GARDEN,1.36346249831146,103.828482621271,name_change,NIL,1.36350426265164,103.828531312668,,True,Faber Garden,"9 Jalan Rebana Faber Garden, Singapore 576988"
233,CHOA CHU KANG CENTRAL,680233,HDB PUBLIC SHELTERS,1.38017230456915,103.747390682986,name_change,NIL,1.3803055953649,103.747293951775,,False,233 Choa Chu Kang Central,"233 Choa Chu Kang Central, Singapore 680233"
126,BALESTIER ROAD,329681,THE SALVATION ARMY BALESTIER CORPS,1.31944221179283,103.854024104073,name_change,NIL,1.31940607066815,103.853945651921,,False,126 Balestier Road,"126 Balestier Road, Singapore 329681"
88,BOON LAY PLACE,649883,LITTLE EXPLORERS COVE @ BOON LAY,1.34775854852227,103.711179883377,name_change,HOCKEY VILLAGE,1.34749841015121,103.71119757097,,False,88 Boon Lay Place,"88 Boon Lay Place, Singapore 649883"
20,TOH YI DRIVE,596569,BUKIT TIMAH COMMUNITY CLUB,1.34044437484729,103.771709459352,name_change,BUKIT TIMAH COMMUNITY CLUB (PENDING U/C),1.34044437484729,103.771709459352,,True,Bukit Timah Community Club,"20 Toh Yi Drive Bukit Timah Community Club, Singapore 596569"
1,CLUNY ROAD,259569,SINGAPORE BOTANIC GARDENS (BANDSTAND GAZEBO),1.31038657419727,103.816319662593,name_and_location_change,NATIONAL PARKS BOARD (NPARKS),1.31568827087057,103.816190606231,589.6963173309879,True,Singapore Botanic Gardens (bandstand Gazebo),"1 Cluny Road Singapore Botanic Gardens (bandstand Gazebo), Singapore 259569"
3,NORTHUMBERLAND ROAD,219569,PICCADILLY GRAND,1.311250279155,103.852455288833,name_change,PICCADILLY GRAND (U/C),1.311250279155,103.852455288833,,False,3 Northumberland Road,"3 Northumberland Road, Singapore 219569"
82,TELOK BLANGAH DRIVE,100082,WEST COAST TOWN COUNCIL (TELOK BLANGAH SERVICE CENTRE),1.27368227268844,103.807651779829,name_change,TELOK BLANGAH MARKET,1.27389076775628,103.807900337544,,True,West Coast Town Council (telok Blangah Service Centre),"82 Telok Blangah Drive West Coast Town Council (telok Blangah Service Centre), Singapore 100082"
41,NANYANG CRESCENT,637472,ELECTROMAGNETIC EFFECTS RESEARCH LAB (EMERL),1.35177695241311,103.679018165262,name_change,ELECTROMAGNETIC EFFECTS RESEARCH LAB,1.3517529647242,103.679009338976,,False,41 Nanyang Crescent,"41 Nanyang Crescent, Singapore 637472"
993,JURONG WEST STREET 93,640993,JURONG WEST CRYSTAL,1.33666121249097,103.693455495264,name_change,NIL,1.33666121249097,103.693455495264,,False,993 Jurong West Street 93,"993 Jurong West Street 93, Singapore 640993"
20,COLLEGE AVENUE WEST,138529,NUS COLLEGE,1.30705741093022,103.772529916797,name_change,YALE-NUS COLLEGE CAMPUS,1.30705741093022,103.772529916797,,True,NUS College,"20 College Avenue West NUS College, Singapore 138529"
633,ANG MO KIO AVENUE 6,560633,YIO CHU KANG COMMUNITY CLUB (TEMP OFFICE),1.38116903440473,103.842162414128,name_change,NKF DIALYSIS CENTRE ANG MO KIO,1.38120447407275,103.842513754208,,True,Yio Chu Kang Community Club (temp Office),"633 Ang Mo Kio Avenue 6 Yio Chu Kang Community Club (temp Office), Singapore 560633"
822B,KEAT HONG LINK,682822,KEAT HONG GRANGE,1.37499091145406,103.748249200839,name_change,NIL,1.37499091145406,103.748249200839,,False,822B Keat Hong Link,"822B Keat Hong Link, Singapore 682822"
17,PETIR ROAD,678278,PCF SPARKLETOTS PRESCHOOL @ CASHEW (CC),1.37834972034942,103.76274117487,name_change,BUKIT PANJANG INTEGRATED TRANSPORT HUB,1.37843100800213,103.762842789877,,True,Pcf Sparkletots Preschool @ Cashew (cc),"17 Petir Road Pcf Sparkletots Preschool @ Cashew (cc), Singapore 678278"
1D,CLUNY ROAD,259600,SINGAPORE BOTANIC GARDENS SEED BANK,1.31790843581655,103.816189656291,name_change,NIL,1.31790843581655,103.816189656291,,True,Singapore Botanic Gardens Seed Bank,"1D Cluny Road Singapore Botanic Gardens Seed Bank, Singapore 259600"
200,ANG MO KIO AVENUE 5,569878,SHG STUDENT CARE (MAYFLOWER PRIMARY SCHOOL),1.37639873282244,103.843165756947,name_change,MAYFLOWER PRIMARY SCHOOL,1.37637683547682,103.843252803742,,True,Shg Student Care (mayflower Primary School),"200 Ang Mo Kio Avenue 5 Shg Student Care (mayflower Primary School), Singapore 569878"
50,TELOK BLANGAH WAY,98801,SEKOLAH UGAMA RADIN MAS,1.27513200175593,103.819357659438,name_change,MASJID AL-AMIN,1.27520461393923,103.81927883949,,False,50 Telok Blangah Way,"50 Telok Blangah Way, Singapore 98801"
90,WOODLANDS DRIVE 16,737878,NEW LIFE CHILDREN & STUDENT CARE,1.43012344966325,103.794238188873,name_change,COVENANT EVANGELICAL FREE CHURCH,1.43017235457067,103.794292529493,,False,90 Woodlands Drive 16,"90 Woodlands Drive 16, Singapore 737878"
264,SERANGOON CENTRAL,550264,NTUC ELDERCARE CENTRE SILVER CIRCLE (SERANGOON CENTRAL),1.35246731376429,103.87210276228,name_change,BRADDELL HEIGHTS COMMUNITY HUB,1.35227408330171,103.872103199544,,True,Ntuc Eldercare Centre Silver Circle (serangoon Central),"264 Serangoon Central Ntuc Eldercare Centre Silver Circle (serangoon Central), Singapore 550264"
25D,SUNGEI KADUT STREET 1,729332,SUNGEI KADUT INDUSTRIAL ESTATE,1.41024630299154,103.750349868017,name_change,NIL,1.40998304427806,103.750492610169,,True,Sungei Kadut Industrial Estate,"25D Sungei Kadut Street 1 Sungei Kadut Industrial Estate, Singapore 729332"
126,YISHUN STREET 11,760126,CHONG PANG COMMUNITY CLUB (TEMP OFFICE),1.43350905989816,103.830011887888,name_change,CHONG PANG COMMUNITY CLUB (TEMPORARY OFFICE),1.43350905989816,103.830011887888,,True,Chong Pang Community Club (temp Office),"126 Yishun Street 11 Chong Pang Community Club (temp Office), Singapore 760126"
28,PARRY AVENUE,547255,PERENNIAL LIVING,1.36533280009365,103.879891629619,name_change,PARRY HALL,1.36557058536117,103.87995189186,,False,28 Parry Avenue,"28 Parry Avenue, Singapore 547255"
50,DORSET ROAD,210050,PCF SPARKLETOTS PRESCHOOL-TAI PEI@MOULMEIN-CAIRNHILL 50,1.31313099307775,103.850867852489,name_change,FARRER PARK GARDENS,1.3131547875762,103.850908276253,,True,Pcf Sparkletots Preschool-tai Pei@moulmein-cairnhill 50,"50 Dorset Road Pcf Sparkletots Preschool-tai Pei@moulmein-cairnhill 50, Singapore 210050"
419D,FERNVALE L,794419,FERNVALE SAILS,1.39326086641727,103.879947479604,name_change,NIL,1.39326086641727,103.879947479604,,False,419D Fernvale L,"419D Fernvale L, Singapore 794419"
515,MILTONIA CLOSE,760515,MILTONIA BREEZE @ YISHUN,1.4192698143365,103.84849236836,name_change,NIL,1.4192698143365,103.84849236836,,False,515 Miltonia Close,"515 Miltonia Close, Singapore 760515"
526,YISHUN STREET 53,760526,ARANDA BREEZE @ YISHUN,1.4228852948568,103.853495819453,name_change,NIL,1.4228852948568,103.853495819453,,False,526 Yishun Street 53,"526 Yishun Street 53, Singapore 760526"
592A,WOODLANDS DRIVE 17,731592,WOODLANDS SOUTH PLAINS,1.42640034737548,103.795105013801,name_change,NIL,1.42640034737548,103.795105013801,,False,592A Woodlands Drive 17,"592A Woodlands Drive 17, Singapore 731592"
66,COMMONWEALTH AVENUE WEST,130066,ULU PANDAN VISTA,1.31288680661371,103.778110579738,name_change,NIL,1.31288680661371,103.778110579738,,False,66 Commonwealth Avenue West,"66 Commonwealth Avenue West, Singapore 130066"
100,PLANTATION CLOSE,690100,PLANTATION VERGE,1.34941612316812,103.736056530888,name_change,NIL,1.34941612316812,103.736056530888,,False,100 Plantation Close,"100 Plantation Close, Singapore 690100"
20,TAMPINES STREET 43,529151,VICTORY FAMILY CENTRE (TAMPINES STREET 43),1.36142014269913,103.952183083639,name_change,NIL,1.36103454930396,103.952164422603,,True,Victory Family Centre (tampines Street 43),"20 Tampines Street 43 Victory Family Centre (tampines Street 43), Singapore 529151"
129A,SERANGOON NORTH AVENUE 1,551129,SERANGOON NORTH VISTA,1.36536151107403,103.872742096823,name_change,NIL,1.36536151107403,103.872742096823,,False,129A Serangoon North Avenue 1,"129A Serangoon North Avenue 1, Singapore 551129"
419,FERNVALE LINK,790419,FERNVALE SAILS,1.39372731590883,103.879646351658,name_change,NIL,1.39372731590883,103.879646351658,,False,419 Fernvale Link,"419 Fernvale Link, Singapore 790419"
458A,BUKIT BATOK WEST AVENUE 8,651458,WEST BRICKVILLE @ BUKIT BATOK,1.35440548983641,103.737329153999,name_change,NIL,1.35440548983641,103.737329153999,,False,458A Bukit Batok West Avenue 8,"458A Bukit Batok West Avenue 8, Singapore 651458"
123,HOUGANG AVENUE 1,530123,PRO-TEACH BASC AND TUITION CENTRE (PAYA LEBAR),1.35338313541393,103.886258951798,name_change,NIL,1.35338313924634,103.88625894527,,True,Pro-teach Basc and Tuition Centre (paya Lebar),"123 Hougang Avenue 1 Pro-teach Basc and Tuition Centre (paya Lebar), Singapore 530123"
1,ANCHORVALE STREET,544835,NKF DIALYSIS CENTRE SENGKANG COMMUNITY HOSPITAL,1.39625507668544,103.89115157341,name_change,SENGKANG COMMUNITY HOSPITAL,1.39602238832875,103.891834051543,,True,Nkf Dialysis Centre Sengkang Community Hospital,"1 Anchorvale Street Nkf Dialysis Centre Sengkang Community Hospital, Singapore 544835"
670,BEDOK NORTH STREET 3,469627,KAKI BUKIT COMMUNITY CENTRE,1.33335800926146,103.926857202735,name_change,KAKI BUKIT COMMUNITY CENTRE (U/C),1.33335800926146,103.926857202735,,True,Kaki Bukit Community Centre,"670 Bedok North Street 3 Kaki Bukit Community Centre, Singapore 469627"
418A,TEBAN GARDENS ROAD,601418,TEBAN BREEZE,1.32176817745111,103.74415072823,name_change,NIL,1.32176817745111,103.74415072823,,True,Teban Breeze,"418A Teban Gardens Road Teban Breeze, Singapore 601418"
100,CLUNY PARK ROAD,257494,BOTANIC GARDENS MRT STATION (CC19),1.32211373558877,103.814984510627,name_change,BOTANIC GARDENS MRT STATION,1.32238699517166,103.815385463093,,True,Botanic Gardens MRT Station (cc19),"100 Cluny Park Road Botanic Gardens MRT Station (cc19), Singapore 257494"
80,MANDAI LAKE ROAD,729826,RIVER SAFARI,1.40400156118078,103.79142665808,name_and_location_change,NIL,1.40050829280518,103.789963566126,421.1085626283594,False,80 Mandai Lake Road,"80 Mandai Lake Road, Singapore 729826"
5,HOY FATT ROAD,159505,MOE SCHOOL CLUSTER CENTRE,1.28782242065805,103.809807496033,name_change,MOE SCHOOL APPRAISAL BRANCH,1.28777770276355,103.809860973387,,True,Moe School Cluster Centre,"5 Hoy Fatt Road Moe School Cluster Centre, Singapore 159505"
526,BEDOK NORTH STREET 3,460526,PCF SPARKLETOTS PRESCHOOL @ KAKI BUKIT BLK 526 (KN),1.33421551577023,103.92912981678,name_change,NIL,1.33421551878132,103.92912981542,,True,Pcf Sparkletots Preschool @ Kaki Bukit Blk 526 (kn),"526 Bedok North Street 3 Pcf Sparkletots Preschool @ Kaki Bukit Blk 526 (kn), Singapore 460526"
48B,BEDOK SOUTH AVENUE 3,462048,BEDOK SOUTH BLOSSOMS,1.32301770321171,103.94293048043,name_change,NIL,1.32301770321171,103.94293048043,,False,48B Bedok South Avenue 3,"48B Bedok South Avenue 3, Singapore 462048"
9,GOLDHILL AVENUE,309007,THE LEARNING VINE CHILDCARE PTE LTD,1.31931780895516,103.832058573062,name_change,GOLDHILL GARDENS,1.31930872020019,103.832058809956,,True,The Learning Vine Childcare Pte Ltd,"9 Goldhill Avenue The Learning Vine Childcare Pte Ltd, Singapore 309007"
3,LENTOR CENTRAL,788888,LENTOR MODERN,1.38607053422693,103.833920038562,name_change,LENTOR MODERN (U/C),1.38572990744435,103.834582217675,,False,3 Lentor Central,"3 Lentor Central, Singapore 788888"
46A,BEDOK SOUTH AVENUE 3,461046,BEDOK SOUTH BLOSSOMS,1.32137675563342,103.943315866925,name_change,NIL,1.32137675563342,103.943315866925,,False,46A Bedok South Avenue 3,"46A Bedok South Avenue 3, Singapore 461046"
204B,QUEEN'S CRESCENT,142204,QUEENSWAY CANOPY,1.29049331801888,103.800352670381,name_change,NIL,1.29049331801888,103.800352670381,,False,204B Queen's Crescent,"204B Queen's Crescent, Singapore 142204"
100B,PLANTATION CLOSE,692100,PLANTATION VERGE,1.34954888554559,103.735959677242,name_change,NIL,1.34954888554559,103.735959677242,,False,100B Plantation Close,"100B Plantation Close, Singapore 692100"
47A,BEDOK SOUTH AVENUE 3,461047,BEDOK SOUTH BLOSSOMS,1.32216332515817,103.942541315174,name_change,NIL,1.32216332515817,103.942541315174,,False,47A Bedok South Avenue 3,"47A Bedok South Avenue 3, Singapore 461047"
524C,YISHUN STREET 53,763524,VANDA BREEZE @ YISHUN,1.42168188824283,103.851280569737,name_change,NIL,1.42168188824283,103.851280569737,,False,524C Yishun Street 53,"524C Yishun Street 53, Singapore 763524"
8,KAKI BUKIT ROAD 2,417841,RUBY WAREHOUSE COMPLEX,1.33788331344657,103.898649696511,name_change,RUBY WAREHOUSE,1.33788204633937,103.898649636371,,True,Ruby Warehouse Complex,"8 Kaki Bukit Road 2 Ruby Warehouse Complex, Singapore 417841"
517,JURONG WEST STREET 52,640517,GRACELAND STUDENT CARE CENTRE (JURONG WEST),1.34571919855887,103.719514503616,name_change,NIL,1.34584959149842,103.719724305774,,True,Graceland Student Care Centre (jurong West),"517 Jurong West Street 52 Graceland Student Care Centre (jurong West), Singapore 640517"
1E,CLUNY ROAD,259601,SINGAPORE BOTANIC GARDENS (CENTRE OF URBAN GREENERY AND ECOLOGY),1.3184000275445,103.816024271327,name_change,SINGAPORE ENVIRONMENT COUNCIL,1.3184000275445,103.816024271327,,True,Singapore Botanic Gardens (centre of Urban Greenery and Ecology),"1E Cluny Road Singapore Botanic Gardens (centre of Urban Greenery and Ecology), Singapore 259601"
36,GRACE WALK,557746,GRACE PARK,1.35779050536539,103.869791022694,name_change,NIL,1.35776603579632,103.869757961259,,True,Grace Park,"36 Grace Walk Grace Park, Singapore 557746"
1,MARINA EAST DRIVE,29996,MARINA EAST DESALINATION PLANT (A1720-00006-2017),1.29383800005431,103.876612000112,name_change,NIL,1.29396588639808,103.876995114944,,False,1 Marina East Drive,"1 Marina East Drive, Singapore 29996"
27,TOH DRIVE,507879,TOH ESTATE,1.36366050264435,103.973337578349,name_change,NIL,1.36366908600398,103.973441383456,,False,27 Toh Drive,"27 Toh Drive, Singapore 507879"
2,ENGINEERING DRIVE 3,117581,NATIONAL UNIVERSITY OF SINGAPORE (E3),1.2995870821797,103.771744521389,name_change,NATIONAL UNIVERSITY OF SINGAPORE,1.29958060550022,103.771481952066,,True,National University of Singapore (e3),"2 Engineering Drive 3 National University of Singapore (e3), Singapore 117581"
404C,JURONG WEST STREET 42,643404,JURONG ARCADIA,1.35393709142515,103.72351314288,name_change,NIL,1.35393709142515,103.72351314288,,False,404C Jurong West Street 42,"404C Jurong West Street 42, Singapore 643404"
38,BENCOOLEN STREET,189654,NANYANG ACADEMY OF FINE ARTS (CAMPUS 2),1.29870925104059,103.850556741936,name_change,NAFA CAMPUS 2,1.29870922065727,103.850556589903,,True,Nanyang Academy of Fine Arts (campus 2),"38 Bencoolen Street Nanyang Academy of Fine Arts (campus 2), Singapore 189654"
203A,QUEEN'S CRESCENT,141203,QUEENSWAY CANOPY,1.28987991070139,103.799569508701,name_change,NIL,1.28987991070139,103.799569508701,,False,203A Queen's Crescent,"203A Queen's Crescent, Singapore 141203"
205,QUEEN'S CRESCENT,140205,QUEENSWAY CANOPY,1.29104210758831,103.799946433278,name_change,NIL,1.29104210758831,103.799946433278,,False,205 Queen's Crescent,"205 Queen's Crescent, Singapore 140205"
723,YISHUN STREET 71,760723,PCF SPARKLETOTS PRESCHOOL @ NEE SOON SOUTH 723 (CC),1.4259620249781,103.829779474265,name_change,KHATIB SPRING,1.42601954522146,103.82993946372,,True,Pcf Sparkletots Preschool @ Nee Soon South 723 (cc),"723 Yishun Street 71 Pcf Sparkletots Preschool @ Nee Soon South 723 (cc), Singapore 760723"
18B,FARRER PARK ROAD,212018,FARRER PARK FIELDS,1.31048603918761,103.851544214089,name_change,NIL,1.31048603918761,103.851544214089,,True,Farrer Park Fields,"18B Farrer Park Road Farrer Park Fields, Singapore 212018"
330B,TENGAH PARK AVENUE,692330,PARC MEADOW @ TENGAH,1.36636002257175,103.736904916916,name_change,PARK MEADOW @ TENGAH,1.36636002257175,103.736904916916,,True,Parc Meadow @ Tengah,"330B Tengah Park Avenue Parc Meadow @ Tengah, Singapore 692330"
35,BUKIT BATOK STREET 31,659441,PRO-TEACH SCHOOLCARE (DAZHONG),1.35906257616677,103.748122250254,name_change,DAZHONG PRIMARY SCHOOL,1.3591797447277,103.74847210784,,True,Pro-teach Schoolcare (dazhong),"35 Bukit Batok Street 31 Pro-teach Schoolcare (dazhong), Singapore 659441"
9,KING GEORGE'S AVENUE,208581,PEOPLE'S ASSOCIATION (PA),1.30862466998216,103.859286775724,name_change,OUTWARD BOUND SINGAPORE,1.30863358731785,103.859134584436,,False,9 King George's Avenue,"9 King George's Avenue, Singapore 208581"
604,WOODLANDS DRIVE 42,730604,PCF SPARKLETOTS PRESCHOOL @ WOODLANDS 604 (CC),1.43713528912593,103.796372151079,name_change,NIL,1.4371352956954,103.796372143463,,True,Pcf Sparkletots Preschool @ Woodlands 604 (cc),"604 Woodlands Drive 42 Pcf Sparkletots Preschool @ Woodlands 604 (cc), Singapore 730604"
419B,FERNVALE L,792419,FERNVALE SAILS,1.39411239261762,103.879662051171,name_change,NIL,1.39411239261762,103.879662051171,,False,419B Fernvale L,"419B Fernvale L, Singapore 792419"
49,MARINE CRESCENT,449761,YMCA STUDENT CARE CENTRE @ TAO NAN,1.30460898085751,103.911502213437,name_change,TAO NAN SCHOOL,1.30528528687321,103.911553152326,,True,Ymca Student Care Centre @ Tao Nan,"49 Marine Crescent Ymca Student Care Centre @ Tao Nan, Singapore 449761"
50,ANG MO KIO STREET 61,569163,YIO CHU KANG COMMUNITY CLUB,1.38132578567055,103.841450468671,name_change,YIO CHU KANG COMMUNITY CLUB (PENDING U/C),1.38132578567055,103.841450468671,,True,Yio Chu Kang Community Club,"50 Ang Mo Kio Street 61 Yio Chu Kang Community Club, Singapore 569163"
328,TENGAH PARK AVENUE,690328,PARC MEADOW @ TENGAH,1.3661608446871,103.734553857217,name_change,PARK MEADOW @ TENGAH,1.3661608446871,103.734553857217,,True,Parc Meadow @ Tengah,"328 Tengah Park Avenue Parc Meadow @ Tengah, Singapore 690328"
78,GILSTEAD ROAD,309116,NOVENA HALL INTERNATIONAL STUDENTS' HOSTEL,1.31851403527106,103.841779014274,name_change,NEWTON GREEN,1.31854159438758,103.841791574645,,True,Novena Hall International Students' Hostel,"78 Gilstead Road Novena Hall International Students' Hostel, Singapore 309116"
2,TEMASEK BOULEVARD,38982,CONRAD SINGAPORE MARINA BAY,1.29349139796574,103.858779513419,name_change,CONRAD CENTENNIAL SINGAPORE,1.29349139796574,103.858779513419,,False,2 Temasek Boulevard,"2 Temasek Boulevard, Singapore 38982"
480,LORONG 2 TOA PAYOH,319641,TOA PAYOH TAMIL METHODIST CHURCH,1.33405958482827,103.846498351413,name_change,TOA PAYOH CHINESE METHODIST CHURCH,1.33401926631981,103.846468752144,,True,Toa Payoh Tamil Methodist Church,"480 Lorong 2 Toa Payoh Toa Payoh Tamil Methodist Church, Singapore 319641"
527A,YISHUN STREET 53,761527,ARANDA BREEZE @ YISHUN,1.42322072679567,103.852811426965,name_change,NIL,1.42322072679567,103.852811426965,,False,527A Yishun Street 53,"527A Yishun Street 53, Singapore 761527"
560,PASIR RIS STREET 51,510560,HDB PUBLIC SHELTERS,1.36676999858984,103.950425468295,name_change,NIL,1.36676413373262,103.950422811328,,False,560 Pasir Ris Street 51,"560 Pasir Ris Street 51, Singapore 510560"
24,YEW SIANG ROAD,117758,NIL,1.27829432328441,103.792469016188,name_change,BREAKTHROUGH MISSIONS,1.27829432328441,103.792469016188,,False,24 Yew Siang Road,"24 Yew Siang Road, Singapore 117758"
151,WEST COAST ROAD,127369,WU TAI SHAN BUDDHIST TEMPLE,1.30324080473257,103.764683976935,name_change,NIL,1.30314389677001,103.76471441998,,True,Wu Tai Shan Buddhist Temple,"151 West Coast Road Wu Tai Shan Buddhist Temple, Singapore 127369"
308,JURONG EAST STREET 32,600308,PCF SPARKLETOTS PRESCHOOL @ JURONG CENTRAL 308 (CC),1.3472950403719,103.734573253838,name_change,HONG KAH EAST PLACE,1.34730790760381,103.734583963199,,True,Pcf Sparkletots Preschool @ Jurong Central 308 (cc),"308 Jurong East Street 32 Pcf Sparkletots Preschool @ Jurong Central 308 (cc), Singapore 600308"
111,LORONG KISMIS,598112,BUKIT TIMAH PRIMARY SCHOOL,1.3372995575169,103.766828720721,name_change,AFTERSCHOOL @ BUKIT TIMAH PRIMARY SCHOOL,1.3377498622588,103.766855344779,,True,Bukit Timah Primary School,"111 Lorong Kismis Bukit Timah Primary School, Singapore 598112"
128,SERANGOON NORTH AVENUE 1,550128,SERANGOON NORTH VISTA,1.36437643964958,103.873592808441,name_change,NIL,1.36437643964958,103.873592808441,,False,128 Serangoon North Avenue 1,"128 Serangoon North Avenue 1, Singapore 550128"
25,GRANGE ROAD,239699,CHEE GUAN CHIANG HOUSE,1.2989563614832,103.835398594374,name_change,NIL,1.29889331585189,103.835393389335,,False,25 Grange Road,"25 Grange Road, Singapore 239699"
485C,FERNVALE DRIVE,793485,FERNVALE OASIS,1.39900694144556,103.876428560552,name_change,NIL,1.39900694144556,103.876428560552,,False,485C Fernvale Drive,"485C Fernvale Drive, Singapore 793485"
811A,CHOA CHU KANG AVENUE 7,681811,BRICKLAND COMMUNITY CENTRE,1.37373323250934,103.745947621659,name_change,KEAT HONG COLOURS,1.3737308481902,103.745929784531,,True,Brickland Community Centre,"811A Choa Chu Kang Avenue 7 Brickland Community Centre, Singapore 681811"
9,SPRINGLEAF LANE,788055,SPRINGLEAF GARDEN,1.39692212231583,103.820954124996,name_change,NIL,1.39701962629329,103.820919988541,,True,Springleaf Garden,"9 Springleaf Lane Springleaf Garden, Singapore 788055"
71,TAMPINES STREET 62,529699,TENET,1.36801516855694,103.943202444863,name_change,TENET (U/C),1.36801516855694,103.943202444863,,False,71 Tampines Street 62,"71 Tampines Street 62, Singapore 529699"
39,ARTILLERY AVENUE,99958,SENTOSA DEVELOPMENT CORPORATION (SDC),1.25055881843172,103.827328911126,name_change,SENTOSA DEVELOPMENT CORPORATION,1.25055881843172,103.827328911126,,False,39 Artillery Avenue,"39 Artillery Avenue, Singapore 99958"
160,LORONG 6 TOA PAYOH,319380,TOA PAYOH EAST COMMUNITY CLUB,1.33631536496443,103.854848437202,name_change,TOA PAYOH EAST COMMUNITY CLUB (PENDING RELOCATION),1.33631536496443,103.854848437202,,True,Toa Payoh East Community Club,"160 Lorong 6 Toa Payoh Toa Payoh East Community Club, Singapore 319380"
85B,LORONG 4 TOA PAYOH,312085,JESSIN STUDENT CARE CENTRE (85B TOA PAYOH),1.33628535084804,103.848443058798,name_change,NIL,1.33628535194303,103.848443049823,,True,Jessin Student Care Centre (85b Toa Payoh),"85B Lorong 4 Toa Payoh Jessin Student Care Centre (85b Toa Payoh), Singapore 312085"
4,TAMPINES STREET 91,528907,PATHLIGHT SCHOOL (TAMPINES),1.34711275884527,103.939451879381,name_change,NIL,1.34711275884527,103.939451879381,,True,Pathlight School (tampines),"4 Tampines Street 91 Pathlight School (tampines), Singapore 528907"
1,PUNGGOL COAST ROAD,828608,DIGIPEN INSTITUTE TECHNOLOGY OF SINGAPORE,1.41333310429546,103.913035184508,name_change,NIL,1.41333310429546,103.913035184508,,True,Digipen Institute Technology of Singapore,"1 Punggol Coast Road Digipen Institute Technology of Singapore, Singapore 828608"
119,BUKIT BATOK WEST AVENUE 6,650119,BUKIT BATOK COMMUNITY CLUB (TEMP OFFICE),1.35040248298301,103.747061718485,name_change,NIL,1.35042197746912,103.746803582857,,True,Bukit Batok Community Club (temp Office),"119 Bukit Batok West Avenue 6 Bukit Batok Community Club (temp Office), Singapore 650119"
101B,PLANTATION CLOSE,692101,PLANTATION VERGE,1.35047255909552,103.73528218277,name_change,NIL,1.35047255909552,103.73528218277,,False,101B Plantation Close,"101B Plantation Close, Singapore 692101"
205A,QUEEN'S CRESCENT,141205,QUEENSWAY CANOPY,1.29074817992701,103.799818753796,name_change,NIL,1.29074817992701,103.799818753796,,False,205A Queen's Crescent,"205A Queen's Crescent, Singapore 141205"
301,LORONG 6 TOA PAYOH,319392,NIL,1.32976530773456,103.850991791585,name_change,TOA PAYOH SPORTS CENTRE,1.33045992412023,103.850574273679,,False,301 Lorong 6 Toa Payoh,"301 Lorong 6 Toa Payoh, Singapore 319392"
707,CHOA CHU KANG STREET 53,680707,HANIS MONTESSORI KINDERGARTEN (CHOA CHU KANG),1.39038151231369,103.74711597591,name_change,NIL,1.39061452032511,103.747155528207,,True,Hanis Montessori Kindergarten (choa Chu Kang),"707 Choa Chu Kang Street 53 Hanis Montessori Kindergarten (choa Chu Kang), Singapore 680707"
6,JALAN JINTAN,229004,KIMSIA PARK,1.3055906397553,103.834004676345,name_change,NIL,1.3055158416708,103.834006437888,,True,Kimsia Park,"6 Jalan Jintan Kimsia Park, Singapore 229004"
23,JALAN PINTAU,577084,THOMSON GARDEN ESTATE,1.35451022460478,103.838514161559,name_change,NIL,1.35444722967364,103.838497770163,,True,Thomson Garden Estate,"23 Jalan Pintau Thomson Garden Estate, Singapore 577084"
8,LORONG 25A GEYLANG,388222,ZYANYA,1.31392103072017,103.883276357397,name_change,ZYANYA (U/C),1.31388177226647,103.883274426427,,False,8 Lorong 25a Geylang,"8 Lorong 25a Geylang, Singapore 388222"
4,WATTEN CLOSE,287727,WATTEN ESTATE,1.32756963863561,103.809158575777,name_change,NIL,1.32763927922152,103.80920649645,,False,4 Watten Close,"4 Watten Close, Singapore 287727"
18,MARINA GARDENS DRIVE,18953,GARDENS BY THE BAY (CLOUD FOREST),1.28387301464472,103.865993692974,name_and_location_change,NIL,1.28175826056524,103.861585715893,543.5226704893614,True,Gardens by the Bay (cloud Forest),"18 Marina Gardens Drive Gardens by the Bay (cloud Forest), Singapore 18953"
270,QUEEN STREET,180270,ALBERT CENTRE MARKET & FOOD CENTRE,1.30100149635856,103.854211650138,name_change,ALBERT CENTRE,1.30110201573423,103.854115779087,,True,Albert Centre Market & Food Centre,"270 Queen Street Albert Centre Market & Food Centre, Singapore 180270"
25,GENTING ROAD,349482,NIL,1.32825733595607,103.875595756777,name_change,UNION ENERGY GROUP BUILDING,1.32824882437239,103.875587654786,,False,25 Genting Road,"25 Genting Road, Singapore 349482"
80,MARINE PARADE ROAD,449269,MARINE PARADE POST OFFICE,1.301041960873,103.905505005847,name_change,CATHAY CINEPLEX PARKWAY PARADE,1.30091736056425,103.90533928065,,True,Marine Parade Post Office,"80 Marine Parade Road Marine Parade Post Office, Singapore 449269"
590B,WOODLANDS DRIVE 17,732590,WOODLANDS SOUTH PLAINS,1.4268107796703,103.796866779539,name_change,NIL,1.4268107796703,103.796866779539,,False,590B Woodlands Drive 17,"590B Woodlands Drive 17, Singapore 732590"
1,TAMPINES INDUSTRIAL AVENUE 3,528777,2ND SCDF DIVISION HQ / TAMPINES FIRE STATION,1.35800488676144,103.929375304828,name_change,2ND SCDF DIVISION HQ,1.3580812477539,103.929394998736,,True,2nd Scdf Division Hq / Tampines Fire Station,"1 Tampines Industrial Avenue 3 2nd Scdf Division Hq / Tampines Fire Station, Singapore 528777"
2,FUSIONOPOLIS WAY,138634,"AGENCY FOR SCIENCE, TECHNOLOGY AND RESEARCH (A*STAR)",1.29851988332859,103.788648234727,name_change,INNOVIS,1.29842618269904,103.788697913817,,False,2 Fusionopolis Way,"2 Fusionopolis Way, Singapore 138634"
511,CHOA CHU KANG STREET 51,680511,AMAZING STAR MONTESSORI HOUSE (CCK),1.38932946700346,103.740872171249,name_change,NIL,1.38933738267797,103.740876076316,,True,Amazing Star Montessori House (cck),"511 Choa Chu Kang Street 51 Amazing Star Montessori House (cck), Singapore 680511"
301,NEO TIEW CRESCENT,718925,SUNGEI BULOH WETLAND RESERVE (RESEARCH AND EDUCATION CENTRE),1.44611665491165,103.72893203125,name_change,SUNGEI BULOH,1.44614056623457,103.728890512078,,True,Sungei Buloh Wetland Reserve (research and Education Centre),"301 Neo Tiew Crescent Sungei Buloh Wetland Reserve (research and Education Centre), Singapore 718925"
809,ANG MO KIO STREET 82,560809,PINE VILLE @ AMK,1.37654723723619,103.854415526424,name_change,NIL,1.37654723723619,103.854415526424,,False,809 Ang Mo Kio Street 82,"809 Ang Mo Kio Street 82, Singapore 560809"
27,YISHUN CLOSE,769342,NORTH GAIA,1.43563592030696,103.845045166237,name_change,NORTH GAIA (U/C),1.43563554422954,103.845039099299,,False,27 Yishun Close,"27 Yishun Close, Singapore 769342"
994,JURONG WEST STREET 93,640994,JURONG WEST CRYSTAL,1.33655599700702,103.693074177043,name_change,NIL,1.33655599700702,103.693074177043,,False,994 Jurong West Street 93,"994 Jurong West Street 93, Singapore 640994"
81,PHOENIX AVENUE,668383,PHOENIX RESIDENCES,1.37513322287524,103.757303595176,name_change,PHOENIX RESIDENCES (U/C),1.37513322287524,103.757303595176,,False,81 Phoenix Avenue,"81 Phoenix Avenue, Singapore 668383"
87,TAMPINES STREET 62,529451,TENET,1.36823189032966,103.942093170746,name_change,TENET (U/C),1.36823189032966,103.942093170746,,False,87 Tampines Street 62,"87 Tampines Street 62, Singapore 529451"
213,BIDADARI PARK DRIVE,360213,NKF DIALYSIS CENTRE,1.34286809502833,103.873113073076,name_change,WOODLEIGH HILLSIDE,1.3428529512408,103.87283195267,,True,Nkf Dialysis Centre,"213 Bidadari Park Drive Nkf Dialysis Centre, Singapore 360213"
2,UBI VIEW,408556,E-PARK@UBI,1.33249381174626,103.897429857693,name_change,E-PARK @ UBI,1.33278572408088,103.897381361518,,True,E-park@ubi,"2 Ubi View E-park@ubi, Singapore 408556"
824,KEAT HONG LINK,680824,KEAT HONG GRANGE,1.37338924377409,103.748100878973,name_change,NIL,1.37338924377409,103.748100878973,,False,824 Keat Hong Link,"824 Keat Hong Link, Singapore 680824"
27,JALAN LIMBOK,548714,NANYANG PARK,1.36525361982184,103.874923699455,name_change,NIL,1.36529442663066,103.87494964691,,True,Nanyang Park,"27 Jalan Limbok Nanyang Park, Singapore 548714"
511,BUKIT BATOK STREET 52,650511,NEW HORIZON CENTRE (BUKIT BATOK),1.35271529471877,103.753793458002,name_change,HILLGROVE GARDENS,1.35272298040763,103.753796440794,,True,New Horizon Centre (bukit Batok),"511 Bukit Batok Street 52 New Horizon Centre (bukit Batok), Singapore 650511"
522B,YISHUN STREET 53,762522,VANDA BREEZE @ YISHUN,1.42227694893791,103.851896840992,name_change,NIL,1.42227694893791,103.851896840992,,False,522B Yishun Street 53,"522B Yishun Street 53, Singapore 762522"
330C,TENGAH PARK AVENUE,693330,PARC MEADOW @ TENGAH,1.36630443433671,103.736047566968,name_change,PARK MEADOW @ TENGAH,1.36630443433671,103.736047566968,,True,Parc Meadow @ Tengah,"330C Tengah Park Avenue Parc Meadow @ Tengah, Singapore 693330"
5,JALAN ANAK BUKIT,589601,BEAUTY WORLD INTEGRATED TRANSPORT HUB,1.33948861343345,103.777141326948,name_change,THE RESERVE RESIDENCES,1.33993309773237,103.777416331816,,True,Beauty World Integrated Transport Hub,"5 Jalan Anak Bukit Beauty World Integrated Transport Hub, Singapore 589601"
18,SCIENCE DRIVE 4,117559,NATIONAL UNIVERSITY OF SINGAPORE (S4),1.29566819863815,103.779074788001,name_change,NATIONAL UNIVERSITY OF SINGAPORE,1.29546718144446,103.779773950198,,True,National University of Singapore (s4),"18 Science Drive 4 National University of Singapore (s4), Singapore 117559"
509,EAST COAST ROAD,429063,LITTLE FAIRYLAND CHILD CARE & DEVELOPMENT CENTRE,1.30956754269648,103.913675445774,name_change,NIL,1.30956753585429,103.913675410417,,True,Little Fairyland Child Care & Development Centre,"509 East Coast Road Little Fairyland Child Care & Development Centre, Singapore 429063"
35,ALLANBROOKE ROAD,99982,ISLANDER PRE-SCHOOL PTE LTD,1.24840314215115,103.828402689915,name_change,ISLANDER PRE-SCHOOL,1.24841043446067,103.828434447377,,True,Islander Pre-school Pte Ltd,"35 Allanbrooke Road Islander Pre-school Pte Ltd, Singapore 99982"
331A,TENGAH PARK AVENUE,691331,PARC MEADOW @ TENGAH,1.36550113045871,103.735835688509,name_change,PARK MEADOW @ TENGAH,1.36550113045871,103.735835688509,,True,Parc Meadow @ Tengah,"331A Tengah Park Avenue Parc Meadow @ Tengah, Singapore 691331"
504A,MONTREAL DRIVE,751504,PCF SPARKLETOTS PRESCHOOL @ SEMBAWANG 504A (CC),1.4512965609628,103.824120161439,name_change,MONTREAL SPRING,1.45129656287889,103.824120156543,,True,Pcf Sparkletots Preschool @ Sembawang 504a (cc),"504A Montreal Drive Pcf Sparkletots Preschool @ Sembawang 504a (cc), Singapore 751504"
474A,BUKIT BATOK WEST AVENUE 5,651474,WEST GLADES @ BUKIT BATOK,1.35687676059032,103.746817659513,name_change,NIL,1.35687676059032,103.746817659513,,False,474A Bukit Batok West Avenue 5,"474A Bukit Batok West Avenue 5, Singapore 651474"
535,CLEMENTI ROAD,599489,NGEE ANN POLYTECHNIC (BLK 16),1.33587693081627,103.776852582576,name_change,NGEE ANN POLYTECHNIC (BLK 1),1.33351616007246,103.776976659192,,True,Ngee Ann Polytechnic (blk 16),"535 Clementi Road Ngee Ann Polytechnic (blk 16), Singapore 599489"
235,BUKIT TIMAH ROAD,229901,NEWTON MRT STATION (DT11),1.31399286264569,103.837714613091,name_change,NIL,1.31296382200356,103.838236638438,,True,Newton MRT Station (dt11),"235 Bukit Timah Road Newton MRT Station (dt11), Singapore 229901"
91,TAMPINES STREET 62,529443,TENET,1.36789433118458,103.942598008141,name_change,TENET (U/C),1.36789433118458,103.942598008141,,False,91 Tampines Street 62,"91 Tampines Street 62, Singapore 529443"
98,HAVELOCK ROAD,160098,HAVELOCK HILLSIDE,1.28824701094753,103.831608803819,name_change,NIL,1.28824701094753,103.831608803819,,False,98 Havelock Road,"98 Havelock Road, Singapore 160098"
158A,GUL CIRCLE,629616,DNV TECHNOLOGY CENTRE WEST,1.31983696234329,103.676044126593,name_change,DNV LABORATORY,1.31983696234329,103.676044126593,,True,Dnv Technology Centre West,"158A Gul Circle Dnv Technology Centre West, Singapore 629616"
126A,EDGEDALE PLAINS,821126,MY FIRST SKOOL,1.39410054093191,103.911356171377,name_change,NIL,1.39410054969153,103.911356165393,,False,126A Edgedale Plains,"126A Edgedale Plains, Singapore 821126"
31,YISHUN CLOSE,769344,NORTH GAIA,1.43598665698071,103.844724759181,name_change,NORTH GAIA (U/C),1.43598010929259,103.84472526586,,False,31 Yishun Close,"31 Yishun Close, Singapore 769344"
102,BINJAI PARK,589888,BINJAI PARK,1.34238931353045,103.788177852997,name_change,NIL,1.3424473387566,103.788142603029,,True,Binjai Park,"102 Binjai Park, Singapore 589888"
18,CROSS STREET,48423,18 CROSS,1.28355426127583,103.846882908595,name_change,CROSS STREET EXCHANGE,1.28355426127583,103.846882908595,,False,18 Cross Street,"18 Cross Street, Singapore 48423"
20,CROSS STREET,48422,NANKIN YARDS,1.28374576252035,103.847469684006,name_change,CROSS STREET EXCHANGE,1.28374576252035,103.847469684006,,False,20 Cross Street,"20 Cross Street, Singapore 48422"
57B,GHIM MOH LINK,272057,ULU PANDAN BANKS,1.31165449060319,103.781332587452,name_change,NIL,1.31165449060319,103.781332587452,,True,Ulu Pandan Banks,"57B Ghim Moh Link Ulu Pandan Banks, Singapore 272057"
508,BEDOK NORTH AVENUE 3,460508,MORNING STAR COMMUNITY SERVICES (BEDOK NORTH),1.33340011898402,103.932519442702,name_change,KAKI BUKIT VILLE,1.33340012199511,103.932519441614,,True,Morning Star Community Services (bedok North),"508 Bedok North Avenue 3 Morning Star Community Services (bedok North), Singapore 460508"
109,CLEMENTI STREET 11,120109,THE ANIMAL CLINIC,1.32189101845703,103.770595266094,name_change,SUNSET WAY RESIDENCE,1.32198067655559,103.770776117357,,True,The Animal Clinic,"109 Clementi Street 11 The Animal Clinic, Singapore 120109"
6,WOODLANDS LOOP,738346,QCS INDUSTRIAL BUILDING,1.44917211010953,103.804383361265,name_change,NIL,1.44971533098466,103.805018922095,,True,Qcs Industrial Building,"6 Woodlands Loop Qcs Industrial Building, Singapore 738346"
77,TAMPINES STREET 62,529702,TENET,1.36851826550495,103.942399647374,name_change,TENET (U/C),1.36851826550495,103.942399647374,,False,77 Tampines Street 62,"77 Tampines Street 62, Singapore 529702"
46,BEDOK SOUTH AVENUE 3,460046,BEDOK SOUTH BLOSSOMS,1.32148575339878,103.942854747015,name_change,NIL,1.32148575339878,103.942854747015,,False,46 Bedok South Avenue 3,"46 Bedok South Avenue 3, Singapore 460046"
58B,GHIM MOH LINK,272058,ULU PANDAN BANKS,1.31189529735428,103.780817743201,name_change,NIL,1.31189529735428,103.780817743201,,True,Ulu Pandan Banks,"58B Ghim Moh Link Ulu Pandan Banks, Singapore 272058"
718,JURONG WEST STREET 71,640718,HDB PUBLIC SHELTERS,1.34369738847626,103.697570461982,name_change,ENRICHMENT 718 PTE LTD,1.34372249761305,103.697467051452,,False,718 Jurong West Street 71,"718 Jurong West Street 71, Singapore 640718"
46,JALAN CHEMPEDAK,578428,SEMBAWANG HILLS ESTATE,1.36997027149435,103.829144842077,name_change,NIL,1.3699747823695,103.829162942282,,False,46 Jalan Chempedak,"46 Jalan Chempedak, Singapore 578428"
29A,CUPPAGE ROAD,229456,CUPPAGE TERRACE,1.30206111719236,103.840258476493,name_change,ARENA ESPORTS HOTEL @ ORCHARD CUPPAGE TERRACE,1.30204980673659,103.84028828347,,False,29A Cuppage Road,"29A Cuppage Road, Singapore 229456"
75,AIRPORT CARGO ROAD,819458,CHANGI NEXUS ONE,1.37063267523031,103.992714926767,name_change,DHL EXPRESS SOUTH EAST ASIA HUB,1.37063267523031,103.992714926767,,True,Changi Nexus One,"75 Airport Cargo Road Changi Nexus One, Singapore 819458"
287,CHOA CHU KANG AVENUE 2,680287,PCF SPARKLETOTS PRESCHOOL @ KEAT HONG 287 (CC),1.37893094560613,103.741564354362,name_change,HDB PUBLIC SHELTERS,1.3785215910742,103.741685629222,,True,Pcf Sparkletots Preschool @ Keat Hong 287 (cc),"287 Choa Chu Kang Avenue 2 Pcf Sparkletots Preschool @ Keat Hong 287 (cc), Singapore 680287"
417B,TEBAN GARDENS ROAD,602417,TEBAN BREEZE,1.32223164068431,103.744461245355,name_change,NIL,1.32223164068431,103.744461245355,,True,Teban Breeze,"417B Teban Gardens Road Teban Breeze, Singapore 602417"
2000,UPPER CHANGI ROAD NORTH,508899,AIRPORT FIRE STATION 1,1.36978735831026,103.983270740951,name_change,NIL,1.36915922496461,103.983195958795,,True,Airport Fire Station 1,"2000 Upper Changi Road North Airport Fire Station 1, Singapore 508899"
64,NAMLY PLACE,267208,SHAMROCK PARK,1.32396304392342,103.796808912952,name_change,NIL,1.32399850332826,103.796886038546,,True,Shamrock Park,"64 Namly Place Shamrock Park, Singapore 267208"
54,GHIM MOH LINK,270054,ULU PANDAN GLADES,1.3097251226433,103.783420514991,name_change,NIL,1.3097251226433,103.783420514991,,False,54 Ghim Moh Link,"54 Ghim Moh Link, Singapore 270054"
17,WOODLANDS INDUSTRIAL PARK E4,757750,HONG SUN TAN TEMPLE,1.45115014008881,103.795522143619,name_change,NIL,1.45102325582626,103.795381675635,,True,Hong Sun Tan Temple,"17 Woodlands Industrial Park E4 Hong Sun Tan Temple, Singapore 757750"
247,PASIR RIS STREET 21,510247,HDB PUBLIC SHELTERS,1.37068230836737,103.96250106435,name_change,NIL,1.37073379068476,103.96245801481,,False,247 Pasir Ris Street 21,"247 Pasir Ris Street 21, Singapore 510247"
575,PASIR RIS STREET 53,510575,MY WORLD PRESCHOOL LTD.,1.37310921796248,103.946261131546,name_change,NIL,1.37318924489331,103.946360527843,,True,My World Preschool Ltd.,"575 Pasir Ris Street 53 My World Preschool Ltd., Singapore 510575"
101,TOWNER ROAD,322101,TOWNER POST OFFICE,1.31941264332969,103.8610770486,name_change,NIL,1.31942539040726,103.861087462608,,True,Towner Post Office,"101 Towner Road Towner Post Office, Singapore 322101"
30,SARACA ROAD,807376,SELETAR HILLS ESTATE,1.38493325084031,103.865254470078,name_change,NIL,1.38487115965813,103.865282552353,,False,30 Saraca Road,"30 Saraca Road, Singapore 807376"
12,UPPER BOON KENG ROAD,380012,PCF SPARKLETOTS PRESCHOOL @ KOLAM AYER BLK 12 (KN),1.31423066717314,103.870061150868,name_change,BOON KENG VILLE,1.31423066306718,103.870061147604,,True,Pcf Sparkletots Preschool @ Kolam Ayer Blk 12 (kn),"12 Upper Boon Keng Road Pcf Sparkletots Preschool @ Kolam Ayer Blk 12 (kn), Singapore 380012"
15,FERNVALE ROAD,797636,PCF SPARKLETOTS KCARE CENTRE @ SENGKANG GREEN,1.39283924999573,103.875158826938,name_change,MOE KINDERGARTEN @ SENGKANG GREEN,1.3925400930811,103.874984869551,,True,Pcf Sparkletots Kcare Centre @ Sengkang Green,"15 Fernvale Road Pcf Sparkletots Kcare Centre @ Sengkang Green, Singapore 797636"
180,ANG MO KIO AVENUE 5,560180,PCF SPARKLETOTS PRESCHOOL @ KEBUN BARU 180 (CC),1.37667706408635,103.83836104381,name_change,KEBUN BARU LINK 2,1.37667706463381,103.838361037555,,True,Pcf Sparkletots Preschool @ Kebun Baru 180 (cc),"180 Ang Mo Kio Avenue 5 Pcf Sparkletots Preschool @ Kebun Baru 180 (cc), Singapore 560180"
1B,CLUNY ROAD,259598,NATIONAL BIODIVERSITY CENTRE,1.31654969925993,103.817186800754,name_change,NIL,1.31654969925993,103.817186800754,,True,National Biodiversity Centre,"1B Cluny Road National Biodiversity Centre, Singapore 259598"
38,CRANE ROAD,429381,CRANE COURT,1.31216250582269,103.898164171599,name_change,NIL,1.31209142665254,103.89832418511,,True,Crane Court,"38 Crane Road Crane Court, Singapore 429381"
233,JURONG EAST STREET 21,600233,PCF SPARKLETOTS PRESCHOOL @ YUHUA 233 (CC),1.34036433428736,103.740931530094,name_change,NIL,1.34037462134713,103.740936554727,,True,Pcf Sparkletots Preschool @ Yuhua 233 (cc),"233 Jurong East Street 21 Pcf Sparkletots Preschool @ Yuhua 233 (cc), Singapore 600233"
58C,GHIM MOH LINK,273058,ULU PANDAN BANKS,1.31149287862175,103.780535006994,name_change,NIL,1.31149287862175,103.780535006994,,True,Ulu Pandan Banks,"58C Ghim Moh Link Ulu Pandan Banks, Singapore 273058"
326A,TENGAH PARK AVENUE,691326,PARC MEADOW @ TENGAH,1.36497653426627,103.735775279624,name_change,PARK MEADOW @ TENGAH,1.36497653426627,103.735775279624,,True,Parc Meadow @ Tengah,"326A Tengah Park Avenue Parc Meadow @ Tengah, Singapore 691326"
390,ORCHARD ROAD,238871,PALAIS RENAISSANCE,1.30665484543191,103.829588045188,name_change,EMBASSY OF THE REPUBLIC OF PERU,1.30665484543191,103.829588045188,,False,390 Orchard Road,"390 Orchard Road, Singapore 238871"
129B,SERANGOON NORTH AVENUE 1,552129,SERANGOON NORTH VISTA,1.36521771543803,103.873268118125,name_change,NIL,1.36521771543803,103.873268118125,,False,129B Serangoon North Avenue 1,"129B Serangoon North Avenue 1, Singapore 552129"
125,JALAN RAJAH,320125,RAJAH SUMMIT,1.32800901969858,103.852436708777,name_change,NIL,1.32800901969858,103.852436708777,,False,125 Jalan Rajah,"125 Jalan Rajah, Singapore 320125"
16,FARRER PARK ROAD,210016,FARRER PARK FIELDS,1.31083473096323,103.851157426954,name_change,NIL,1.31083473096323,103.851157426954,,True,Farrer Park Fields,"16 Farrer Park Road Farrer Park Fields, Singapore 210016"
128A,SERANGOON NORTH AVENUE 1,551128,SERANGOON NORTH VISTA,1.36470290134259,103.872934841064,name_change,NIL,1.36470290134259,103.872934841064,,False,128A Serangoon North Avenue 1,"128A Serangoon North Avenue 1, Singapore 551128"
1,KEE CHOE AVENUE,348941,SENNETT ESTATE,1.33020048669707,103.873256238791,name_change,NIL,1.33014680818196,103.873309664358,,False,1 Kee Choe Avenue,"1 Kee Choe Avenue, Singapore 348941"
814,JURONG WEST STREET 81,640814,HDB PUBLIC SHELTERS,1.34566738616929,103.695796495026,name_change,NIL,1.34566786108845,103.695791563809,,False,814 Jurong West Street 81,"814 Jurong West Street 81, Singapore 640814"
246,BALESTIER ROAD,329706,HOOVER HOTEL,1.32176388648482,103.853144242099,name_change,NIL,1.32170313862912,103.853069618811,,True,Hoover Hotel,"246 Balestier Road Hoover Hotel, Singapore 329706"
28,COLLEGE AVENUE WEST,138533,NUS COLLEGE,1.30798323455178,103.772253905877,name_change,YALE-NUS COLLEGE CAMPUS,1.30798323455178,103.772253905877,,True,NUS College,"28 College Avenue West NUS College, Singapore 138533"
2B,HINDHEDE ROAD,589240,CHURCH OF SINGAPORE (BUKIT TIMAH),1.34463618560807,103.775711946075,name_change,NIL,1.3444350679073,103.775794755835,,True,Church of Singapore (bukit Timah),"2B Hindhede Road Church of Singapore (bukit Timah), Singapore 589240"
1A,INTERNATIONAL BUSINESS PARK,609933,SAFARI HOUSE BABIES & TODDLERS,1.32803882621515,103.748337574979,name_change,NIL,1.32783798911958,103.747950360251,,True,Safari House Babies & Toddlers,"1A International Business Park Safari House Babies & Toddlers, Singapore 609933"
457A,BUKIT BATOK WEST AVENUE 8,651457,WEST BRICKVILLE @ BUKIT BATOK,1.35396541589818,103.738331166574,name_change,NIL,1.35396541589818,103.738331166574,,False,457A Bukit Batok West Avenue 8,"457A Bukit Batok West Avenue 8, Singapore 651457"
424,WOODLANDS STREET 41,730424,HANIS MONTESSORI KINDERGARTEN (WOODLANDS),1.42729302492584,103.774859396818,name_change,NIL,1.42728730939008,103.774859398322,,True,Hanis Montessori Kindergarten (woodlands),"424 Woodlands Street 41 Hanis Montessori Kindergarten (woodlands), Singapore 730424"
26,TOH TUCK PLACE,596801,TOH TUCK GARDEN,1.33832447444086,103.765164900834,name_change,NIL,1.33839263410487,103.765153150701,,True,Toh Tuck Garden,"26 Toh Tuck Place Toh Tuck Garden, Singapore 596801"
11,CANNING WALK,178881,THE LEGENDS GOLF & COUNTRY RESORT,1.29581267272093,103.845362054724,name_change,HOTEL FORT CANNING,1.29596841133495,103.845559591547,,True,The Legends Golf & Country Resort,"11 Canning Walk The Legends Golf & Country Resort, Singapore 178881"
824,WOODLANDS STREET 81,730824,PCF SPARKLETOTS PRESCHOOL @ WOODLANDS 824 (CC),1.4392326838762,103.788699950515,name_change,NIL,1.43923268770834,103.788699943987,,True,Pcf Sparkletots Preschool @ Woodlands 824 (cc),"824 Woodlands Street 81 Pcf Sparkletots Preschool @ Woodlands 824 (cc), Singapore 730824"
205B,QUEEN'S CRESCENT,142205,QUEENSWAY CANOPY,1.2910556545888,103.799429245104,name_change,NIL,1.2910556545888,103.799429245104,,False,205B Queen's Crescent,"205B Queen's Crescent, Singapore 142205"
2,SCIENCE DRIVE 3,117551,NATIONAL UNIVERSITY OF SINGAPORE (S12),1.29705465826957,103.778576631599,name_change,NATIONAL UNIVERSITY OF SINGAPORE,1.29546718144446,103.779773950198,,True,National University of Singapore (s12),"2 Science Drive 3 National University of Singapore (s12), Singapore 117551"
10,COLLEGE AVENUE WEST,138609,NUS COLLEGE,1.3055311451546,103.772048529232,name_change,YALE-NUS COLLEGE CAMPUS,1.3055311451546,103.772048529232,,True,NUS College,"10 College Avenue West NUS College, Singapore 138609"
601,YISHUN RING ROAD,768684,GURDWARA SAHIB YISHUN,1.41727602827233,103.837547845648,name_change,NIL,1.41736851394994,103.837615032535,,False,601 Yishun Ring Road,"601 Yishun Ring Road, Singapore 768684"
25,SENOKO SOUTH ROAD,758081,SENOKO INDUSTRIAL ESTATE,1.45556160110465,103.803642669784,name_change,NIL,1.45582330060896,103.803165325772,,True,Senoko Industrial Estate,"25 Senoko South Road Senoko Industrial Estate, Singapore 758081"
29,YISHUN CLOSE,769343,NORTH GAIA,1.43581329414758,103.844885826153,name_change,NORTH GAIA (U/C),1.4358006482821,103.844878616265,,False,29 Yishun Close,"29 Yishun Close, Singapore 769343"
474,BUKIT BATOK WEST AVENUE 5,650474,WEST GLADES @ BUKIT BATOK,1.3574753136612,103.746868001665,name_change,NIL,1.3574753136612,103.746868001665,,False,474 Bukit Batok West Avenue 5,"474 Bukit Batok West Avenue 5, Singapore 650474"
4,PHOENIX ROAD,668158,THE ARDEN,1.37690199925909,103.756893686726,name_change,THE ARDEN (U/C),1.37690199925909,103.756893686726,,False,4 Phoenix Road,"4 Phoenix Road, Singapore 668158"
70,MARINA VIEW,18962,NEIGHBOURHOOD POLICE CENTRE MARINA BAY,1.27473549954701,103.848994254645,name_change,MARINA BAY FIRE STATION,1.27486187654763,103.849094342097,,True,Neighbourhood Police Centre Marina Bay,"70 Marina View Neighbourhood Police Centre Marina Bay, Singapore 18962"
116,ENG KONG ROAD,599080,ENG KONG PARK,1.33377539634464,103.768217836338,name_change,NIL,1.33373214441583,103.768167717662,,True,Eng Kong Park,"116 Eng Kong Road Eng Kong Park, Singapore 599080"
60,JALAN BULOH PERINDU,457721,SEASIDE PARK,1.30866478081162,103.920937192722,name_change,NIL,1.30874713389382,103.920911922846,,True,Seaside Park,"60 Jalan Buloh Perindu Seaside Park, Singapore 457721"
50,KEONG SAIK ROAD,89154,A HOTEL CHINATOWN,1.28079216317408,103.841812323258,name_change,HOTEL 1929,1.28079216317408,103.841812323258,,True,A Hotel Chinatown,"50 Keong Saik Road A Hotel Chinatown, Singapore 89154"
320,UBI ROAD 3,408649,COMFORTDELGRO AUTOMOTIVE CENTRE,1.33171718292445,103.898416682937,name_change,NIL,1.33171718292445,103.898416682937,,True,Comfortdelgro Automotive Centre,"320 Ubi Road 3 Comfortdelgro Automotive Centre, Singapore 408649"
8,KALLANG SECTOR,349282,INFINEON,1.32427640520443,103.873222727979,name_change,CHERIE HEARTS PRESCHOOL PTE. LTD.,1.32427637536541,103.873222860158,,False,8 Kallang Sector,"8 Kallang Sector, Singapore 349282"
60,BUKIT TIMAH ROAD,229900,LITTLE INDIA MRT STATION (NE7),1.30680019696174,103.849647059738,name_change,NIL,1.3055689232954,103.849360695152,,True,Little India MRT Station (ne7),"60 Bukit Timah Road Little India MRT Station (ne7), Singapore 229900"
5,STADIUM WALK,397693,LEISURE PARK KALLANG,1.30230108405227,103.876473975883,name_change,FILMGARDE AT LEISURE PARK KALLANG,1.30240462507128,103.876638148971,,True,Leisure Park Kallang,"5 Stadium Walk Leisure Park Kallang, Singapore 397693"
292B,COMPASSVALE STREET,542292,PCF SPARKLETOTS PRESCHOOL @ SENGKANG CENTRAL BLK 292B (KN),1.39539857873123,103.898745037787,name_change,COMPASSVALE LODGE,1.39539858831188,103.898745037243,,True,Pcf Sparkletots Preschool @ Sengkang Central Blk 292b (kn),"292B Compassvale Street Pcf Sparkletots Preschool @ Sengkang Central Blk 292b (kn), Singapore 542292"
620,BEDOK RESERVOIR ROAD,470620,PCF SPARKLETOTS PRESCHOOL @ EUNOS 620 (CC),1.33433431952628,103.917712569623,name_change,EUNOS HEIGHTS,1.33433432226397,103.917712559288,,True,Pcf Sparkletots Preschool @ Eunos 620 (cc),"620 Bedok Reservoir Road Pcf Sparkletots Preschool @ Eunos 620 (cc), Singapore 470620"
105,SOPHIA ROAD,228170,SOPHIA REGENCY,1.30254668108558,103.846337135937,name_change,SOPHIA REGENCY (U/C),1.30254668108558,103.846337135937,,False,105 Sophia Road,"105 Sophia Road, Singapore 228170"
7500A,BEACH ROAD,199591,THE PLAZA,1.29962022781589,103.860647265508,name_change,EMBASSY OF THE REPUBLIC OF ZIMBABWE,1.29945374471428,103.860070222609,,True,The Plaza,"7500A Beach Road The Plaza, Singapore 199591"
65,WOODLEIGH PARK,357875,NIL,1.34011527351959,103.862721396199,location_change,NIL,1.33743254426552,103.866870149215,549.2600810839314,True,Woodleigh Park,"65 Woodleigh Park, Singapore 357875"
7,PHOENIX WALK,668111,PHOENIX HEIGHTS,1.37621690246552,103.758307306267,name_change,MONTESSORI @ GRACELAND PTE LTD,1.37628509311549,103.758282343478,,False,7 Phoenix Walk,"7 Phoenix Walk, Singapore 668111"
441A,CLEMENTI AVENUE 3,121441,WEST COAST TOWN COUNCIL (CLEMENTI OFFICE),1.31459901035535,103.764813774429,name_change,CLEMENTI TOWERS,1.31463913092205,103.764797687774,,True,West Coast Town Council (clementi Office),"441A Clementi Avenue 3 West Coast Town Council (clementi Office), Singapore 121441"
53,GHIM MOH LINK,270053,ULU PANDAN GLADES,1.31043433494085,103.784039068902,name_change,NIL,1.31043433494085,103.784039068902,,False,53 Ghim Moh Link,"53 Ghim Moh Link, Singapore 270053"
21,CHESTNUT GARDENS,679246,CHESTNUT GARDENS,1.36886053437596,103.768148536616,name_change,NIL,1.36881132422269,103.76813347902,,True,Chestnut Gardens,"21 Chestnut Gardens, Singapore 679246"
51,NEW UPPER CHANGI ROAD,461051,NEIGHBOURHOOD POLICE POST TANAH MERAH,1.32343585125293,103.942341379723,name_change,NIL,1.32342985805207,103.942269407116,,True,Neighbourhood Police Post Tanah Merah,"51 New Upper Changi Road Neighbourhood Police Post Tanah Merah, Singapore 461051"
642,JURONG WEST STREET 61,640642,PCF SPARKLETOTS PRESCHOOL @ PIONEER BLK 642 (KN),1.34036989064657,103.695839832303,name_change,NIL,1.34036989694199,103.695839824959,,True,Pcf Sparkletots Preschool @ Pioneer Blk 642 (kn),"642 Jurong West Street 61 Pcf Sparkletots Preschool @ Pioneer Blk 642 (kn), Singapore 640642"
523,YISHUN STREET 53,760523,VANDA BREEZE @ YISHUN,1.421869148662,103.852708910704,name_change,NIL,1.421869148662,103.852708910704,,False,523 Yishun Street 53,"523 Yishun Street 53, Singapore 760523"
91,KOVAN ROAD,544914,MODERN MONTESSORI CHILD CARE & DEVELOPMENT CENTRE PTE LTD,1.35487036831584,103.877954895052,name_change,NIL,1.35487037160078,103.877954886893,,True,Modern Montessori Child Care & Development Centre Pte Ltd,"91 Kovan Road Modern Montessori Child Care & Development Centre Pte Ltd, Singapore 544914"
7,LENTOR CENTRAL,788890,LENTOR MODERN,1.38524139884185,103.83518381546,name_change,LENTOR MODERN (U/C),1.38572990744435,103.834582217675,,False,7 Lentor Central,"7 Lentor Central, Singapore 788890"
311,HOUGANG AVENUE 5,530311,CARELAND STUDENT CARE CENTRE (HOUGANG),1.36566993618767,103.894847770847,name_change,NIL,1.36566733064792,103.894853675162,,True,Careland Student Care Centre (hougang),"311 Hougang Avenue 5 Careland Student Care Centre (hougang), Singapore 530311"
119,PLANTATION CRESCENT,690119,TENGAH COMMUNITY CENTRE,1.35679191605789,103.734649374006,name_change,PLANTATION GROVE,1.35675242730193,103.734500042413,,True,Tengah Community Centre,"119 Plantation Crescent Tengah Community Centre, Singapore 690119"
124,PENDING ROAD,670124,NEIGHBOURHOOD POLICE POST BUKIT PANJANG SOUTH,1.37684019254113,103.771108878063,name_change,NIL,1.37699935766576,103.771170930202,,True,Neighbourhood Police Post Bukit Panjang South,"124 Pending Road Neighbourhood Police Post Bukit Panjang South, Singapore 670124"
54,SARACA VIEW,807320,SARACA GARDENS,1.38784545838507,103.859609353665,name_change,NIL,1.38792973296232,103.859665101485,,True,Saraca Gardens,"54 Saraca View Saraca Gardens, Singapore 807320"
19B,FARRER PARK ROAD,212019,FARRER PARK ARENA,1.3120626268803,103.849479603967,name_change,NIL,1.3120626268803,103.849479603967,,True,Farrer Park Arena,"19B Farrer Park Road Farrer Park Arena, Singapore 212019"
121,DEFU LANE 10,539231,DEFU INDUSTRIAL ESTATE,1.35655704298365,103.893077105464,name_change,NIL,1.35668346446962,103.893134280141,,True,Defu Industrial Estate,"121 Defu Lane 10 Defu Industrial Estate, Singapore 539231"
61,STAMFORD ROAD,178892,PRESERVATION OF MONUMENTS BOARD (PMB),1.29449804576973,103.850126913031,name_change,NATIONAL HERITAGE BOARD (NHB),1.29448225459417,103.850054625521,,False,61 Stamford Road,"61 Stamford Road, Singapore 178892"
206,QUEEN'S CRESCENT,140206,QUEENSWAY CANOPY,1.29175154761495,103.799474350355,name_change,NIL,1.29175154761495,103.799474350355,,False,206 Queen's Crescent,"206 Queen's Crescent, Singapore 140206"
861,NORTH BRIDGE ROAD,198783,NORTH BRIDGE ROAD MARKET AND FOOD CENTRE,1.30614080746519,103.864099281276,name_change,NORTH BRIDGE ROAD MARKET,1.30563433652207,103.863909336656,,True,North Bridge Road Market and Food Centre,"861 North Bridge Road North Bridge Road Market and Food Centre, Singapore 198783"
150,TELOK AYER STREET,68608,SINGAPORE 'YU HUANG GONG' TEMPLE OF HEAVENLY JADE EMPEROR,1.28125223660416,103.84768860302,name_change,FORMER KENG TECK WHAY BUILDING,1.2812453384752,103.847698670747,,True,Singapore 'yu Huang Gong' Temple of Heavenly Jade Emperor,"150 Telok Ayer Street Singapore 'yu Huang Gong' Temple of Heavenly Jade Emperor, Singapore 68608"
225,MOUNTBATTEN ROAD,397997,MOUNTBATTEN VOCATIONAL SCHOOL,1.30796295290938,103.879444095325,name_change,NIL,1.30790762716811,103.880204768786,,True,Mountbatten Vocational School,"225 Mountbatten Road Mountbatten Vocational School, Singapore 397997"
8,QUEEN STREET,188535,SAM AT 8Q,1.29714345825765,103.852034469396,name_change,8Q,1.29711316857746,103.85196484973,,False,8 Queen Street,"8 Queen Street, Singapore 188535"
45,BEDOK SOUTH AVENUE 3,460045,BEDOK SOUTH BLOSSOMS,1.32208339971419,103.943408749166,name_change,NIL,1.32208339971419,103.943408749166,,False,45 Bedok South Avenue 3,"45 Bedok South Avenue 3, Singapore 460045"
50,LORONG 21 GEYLANG,388465,JUN YUAN BUILDING,1.31567694656431,103.879766321174,name_change,LE DAO BUILDING,1.31567694656431,103.879766321174,,True,Jun Yuan Building,"50 Lorong 21 Geylang Jun Yuan Building, Singapore 388465"
636C,SENJA ROAD,673636,SKOOL4KIDZ CENTRE,1.3874345429217,103.75911857359,name_change,SENJA PARC VIEW,1.38743454593269,103.759118571415,,True,Skool4kidz Centre,"636C Senja Road Skool4kidz Centre, Singapore 673636"
527,YISHUN STREET 53,760527,ARANDA BREEZE @ YISHUN,1.42346617431464,103.85249887877,name_change,NIL,1.42346617431464,103.85249887877,,False,527 Yishun Street 53,"527 Yishun Street 53, Singapore 760527"
311C,CLEMENTI AVENUE 4,123311,TRIVELIS,1.32010579336827,103.765573470177,name_change,NOBLELAND ARTS N LEARNING PLACE @CLEMENTI PTE. LTD.,1.32010579446331,103.765573473984,,False,311C Clementi Avenue 4,"311C Clementi Avenue 4, Singapore 123311"
515A,MILTONIA CLOSE,761515,MILTONIA BREEZE @ YISHUN,1.41939832614146,103.848106989021,name_change,NIL,1.41939832614146,103.848106989021,,False,515A Miltonia Close,"515A Miltonia Close, Singapore 761515"
110,ALEXANDRA VIEW,150110,ALEXANDRA VALE,1.2900749406325,103.817543942463,name_change,NIL,1.2900749406325,103.817543942463,,False,110 Alexandra View,"110 Alexandra View, Singapore 150110"
50,JAMBOL PLACE,119377,CHELSEA VILLAGE,1.27856488399162,103.78958221076,name_change,NIL,1.27851822774992,103.789512495534,,False,50 Jambol Place,"50 Jambol Place, Singapore 119377"
50,WOODLANDS ROAD,677726,NATIONAL UNIVERSITY POLYCLINICS (BUKIT PANJANG POLYCLINIC),1.38275157725546,103.760194676062,name_change,NIL,1.38271254101906,103.760166444878,,True,National University Polyclinics (bukit Panjang Polyclinic),"50 Woodlands Road National University Polyclinics (bukit Panjang Polyclinic), Singapore 677726"
517,PASIR RIS STREET 52,510517,PCF SPARKLETOTS PRESCHOOL @ PASIR RIS WEST BLK 517 (KN),1.37468100401123,103.943850343462,name_change,ELIAS PARKS ESTATE,1.37468101222365,103.943850333671,,True,Pcf Sparkletots Preschool @ Pasir Ris West Blk 517 (kn),"517 Pasir Ris Street 52 Pcf Sparkletots Preschool @ Pasir Ris West Blk 517 (kn), Singapore 510517"
98,VICTORIA STREET,188066,CENTRAL ARTS LIBRARY,1.29743229408405,103.854071363949,name_change,INFORMATICS ACADEMY,1.29762767084737,103.854548604259,,True,Central Arts Library,"98 Victoria Street Central Arts Library, Singapore 188066"
328D,TENGAH PARK AVENUE,694328,PARC MEADOW @ TENGAH,1.36721210942622,103.735550222762,name_change,PARK MEADOW @ TENGAH,1.36721210942622,103.735550222762,,True,Parc Meadow @ Tengah,"328D Tengah Park Avenue Parc Meadow @ Tengah, Singapore 694328"
516A,MILTONIA CLOSE,761516,MILTONIA BREEZE @ YISHUN,1.41967464990868,103.848868735192,name_change,NIL,1.41967464990868,103.848868735192,,False,516A Miltonia Close,"516A Miltonia Close, Singapore 761516"
10,EU TONG SEN STREET,59815,CLARKE QUAY MRT STATION (NE5),1.28838602407588,103.846555209694,name_change,CLARKE QUAY MRT STATION,1.28745211415803,103.846119192727,,True,Clarke Quay MRT Station (ne5),"10 Eu Tong Sen Street Clarke Quay MRT Station (ne5), Singapore 59815"
8,YUNNAN WALK 2,638139,ICHIBAN (NOBLE) CHILDCARE PTE. LTD.,1.33915094219999,103.691243087986,name_change,NIL,1.33919213996573,103.691341597089,,True,Ichiban (noble) Childcare Pte. Ltd.,"8 Yunnan Walk 2 Ichiban (noble) Childcare Pte. Ltd., Singapore 638139"
66,MARINE DRIVE,440066,YWCA MARINE DRIVE CHILD DEVELOPMENT CENTRE,1.30393796924619,103.909735937973,name_change,MARINE DRIVE GARDENS,1.30391193028103,103.909740471499,,True,Ywca Marine Drive Child Development Centre,"66 Marine Drive Ywca Marine Drive Child Development Centre, Singapore 440066"
670,EDGEFIELD PLAINS,820670,WATERWAY RIDGES,1.40582243576577,103.913245788569,name_change,E-BRIDGE PRE-SCHOOL,1.40582242673251,103.913245791017,,True,Waterway Ridges,"670 Edgefield Plains Waterway Ridges, Singapore 820670"
48,LORONG 23 GEYLANG,388376,SINGAPORE BUDDHIST FREE CLINIC GEYLANG MAIN BRANCH CLINIC,1.31544643230456,103.881487615167,name_change,SINGAPORE BUDDHIST FREE CLINIC,1.31545297063376,103.881462191526,,True,Singapore Buddhist Free Clinic Geylang Main Branch Clinic,"48 Lorong 23 Geylang Singapore Buddhist Free Clinic Geylang Main Branch Clinic, Singapore 388376"
3,TAI SENG AVENUE,536465,TAI SENG EXCHANGE (BLOCK G),1.33500873761279,103.891775900978,name_change,TAI SENG EXCHANGE,1.33549590911856,103.892027568112,,False,3 Tai Seng Avenue,"3 Tai Seng Avenue, Singapore 536465"
26,HAVELOCK ROAD,59829,UNION SQUARE ONE,1.28806236232322,103.843220998562,name_change,UNION SQUARE,1.28831753178921,103.843026405676,,False,26 Havelock Road,"26 Havelock Road, Singapore 59829"
171,PAYA LEBAR ROAD,409048,MACPHERSON MRT STATION (CC10),1.32607760171665,103.890391305725,name_change,MACPHERSON MRT STATION,1.32683963232487,103.890007860464,,True,Macpherson MRT Station (cc10),"171 Paya Lebar Road Macpherson MRT Station (cc10), Singapore 409048"
58A,GHIM MOH LINK,271058,ULU PANDAN BANKS,1.31206551545252,103.780099946471,name_change,NIL,1.31206551545252,103.780099946471,,True,Ulu Pandan Banks,"58A Ghim Moh Link Ulu Pandan Banks, Singapore 271058"
91,TELOK BLANGAH HEIGHTS,109100,SHG STUDENT CARE (BLANGAH RISE PRIMARY SCHOOL),1.27614522920998,103.80861316604,name_change,BLANGAH RISE PRIMARY SCHOOL,1.27612047924037,103.808628535239,,True,Shg Student Care (blangah Rise Primary School),"91 Telok Blangah Heights Shg Student Care (blangah Rise Primary School), Singapore 109100"
435,ANG MO KIO AVENUE 10,560435,CHENG SAN COMMUNITY CLUB (TEMP OFFICE),1.36766116325929,103.854307499675,name_change,CHONG BOON RISE,1.36770367834269,103.854214313011,,True,Cheng San Community Club (temp Office),"435 Ang Mo Kio Avenue 10 Cheng San Community Club (temp Office), Singapore 560435"
20,CHOA CHU KANG AVENUE 2,689905,YMCA SCC @ CHUA CHU KANG,1.37760828302593,103.741270440945,name_change,CHUA CHU KANG PRIMARY SCHOOL,1.37775890093367,103.741832917421,,True,Ymca Scc @ Chua Chu Kang,"20 Choa Chu Kang Avenue 2 Ymca Scc @ Chua Chu Kang, Singapore 689905"
256,OUTRAM ROAD,169053,JUBILEE PRESBYTERIAN CHURCH,1.28575068851142,103.83594085152,name_change,CHINESE KINDERGARTEN,1.2857514128117,103.835938248496,,True,Jubilee Presbyterian Church,"256 Outram Road Jubilee Presbyterian Church, Singapore 169053"
1,SARACA DRIVE,807505,SARACA GARDENS,1.38616270360036,103.858874407205,name_change,NIL,1.38604249883317,103.858793844074,,True,Saraca Gardens,"1 Saraca Drive Saraca Gardens, Singapore 807505"
485,FERNVALE DRIVE,790485,FERNVALE OASIS,1.39952398160981,103.876773080622,name_change,NIL,1.39952398160981,103.876773080622,,False,485 Fernvale Drive,"485 Fernvale Drive, Singapore 790485"
65A,COMMONWEALTH AVENUE WEST,131065,ULU PANDAN VISTA,1.31224257832227,103.778445262469,name_change,NIL,1.31224257832227,103.778445262469,,False,65A Commonwealth Avenue West,"65A Commonwealth Avenue West, Singapore 131065"
459B,BUKIT BATOK WEST AVENUE 8,652459,WEST BRICKVILLE @ BUKIT BATOK,1.35471633623249,103.738424366991,name_change,NIL,1.35471633623249,103.738424366991,,False,459B Bukit Batok West Avenue 8,"459B Bukit Batok West Avenue 8, Singapore 652459"
480,SEMBAWANG DRIVE,750480,KIDSZONE CHILDCARE AND DEVELOPMENT CENTRE,1.45209028670548,103.815132332659,name_change,NIL,1.45220212566522,103.815168664829,,True,Kidszone Childcare and Development Centre,"480 Sembawang Drive Kidszone Childcare and Development Centre, Singapore 750480"
18,ARUMUGAM ROAD,409962,EMMAUS EVANGELICAL FREE CHURCH,1.32569575959991,103.891498508698,name_change,ANTIOCH@MACPHERSON,1.3257005724153,103.891508166339,,True,Emmaus Evangelical Free Church,"18 Arumugam Road Emmaus Evangelical Free Church, Singapore 409962"
50,JURONG ISLAND HIGHWAY,627877,NIL,1.2805727238784,103.715853150469,location_change,NIL,1.28176147502858,103.718748794438,347.98312654587124,False,50 Jurong Island Highway,"50 Jurong Island Highway, Singapore 627877"
823A,KEAT HONG LINK,681823,KEAT HONG GRANGE,1.37464039774669,103.749261976868,name_change,NIL,1.37464039774669,103.749261976868,,False,823A Keat Hong Link,"823A Keat Hong Link, Singapore 681823"
280,CHOA CHU KANG AVENUE 3,680280,FEI YUE FAMILY SEVICE CENTRE (CHOA CHU KANG),1.38098653958626,103.743144225093,name_change,NIL,1.3808318992022,103.74293968344,,True,Fei Yue Family Sevice Centre (choa Chu Kang),"280 Choa Chu Kang Avenue 3 Fei Yue Family Sevice Centre (choa Chu Kang), Singapore 680280"
22,JALAN LAKUM,808840,SELETAR HILLS ESTATE,1.38500779925579,103.872259225868,name_change,NIL,1.38491521419354,103.872236073353,,False,22 Jalan Lakum,"22 Jalan Lakum, Singapore 808840"
18,AH HOOD ROAD,329983,HIAP HOE BUILDING AT ZHONGSHAN PARK,1.32710813506067,103.846374256983,name_change,ALOFT SINGAPORE NOVENA,1.32717562161128,103.846650410884,,True,Hiap Hoe Building at Zhongshan Park,"18 Ah Hood Road Hiap Hoe Building at Zhongshan Park, Singapore 329983"
402B,JURONG WEST STREET 42,642402,JURONG ARCADIA,1.35375548706627,103.723269236795,name_change,NIL,1.35375548706627,103.723269236795,,False,402B Jurong West Street 42,"402B Jurong West Street 42, Singapore 642402"
1,MAGAZINE ROAD,59567,UNION SQUARE CENTRAL,1.28842848666711,103.84230028531,name_change,NIL,1.28842848666711,103.84230028531,,False,1 Magazine Road,"1 Magazine Road, Singapore 59567"
987D,JURONG WEST STREET 93,644987,PCF SPARKLETOTS PRESCHOOL @ PIONEER 987D (CC),1.33659660071559,103.695378181378,name_change,NIL,1.33659660947488,103.69537817893,,True,Pcf Sparkletots Preschool @ Pioneer 987d (cc),"987D Jurong West Street 93 Pcf Sparkletots Preschool @ Pioneer 987d (cc), Singapore 644987"
41,UPPER WELD ROAD,207398,MACPHERSON HOTEL,1.30614571565495,103.853711346797,name_change,NIL,1.30614571565495,103.853711346797,,True,Macpherson Hotel,"41 Upper Weld Road Macpherson Hotel, Singapore 207398"
2,JALAN ISHAK,419313,KEMBANGAN ESTATE,1.32498171116463,103.906161359008,name_change,NIL,1.3248505458237,103.906124842951,,False,2 Jalan Ishak,"2 Jalan Ishak, Singapore 419313"
1A,TAMPINES STREET 92,528882,SAFRA CLUBHOUSE (TAMPINES),1.34471107296847,103.941701190966,name_change,NURTURESTARS PTE. LTD.,1.34471106639868,103.941701195317,,True,Safra Clubhouse (tampines),"1A Tampines Street 92 Safra Clubhouse (tampines), Singapore 528882"
476,BUKIT BATOK WEST AVENUE 5,650476,WEST GLADES @ BUKIT BATOK,1.35745172420603,103.745899498774,name_change,NIL,1.35745172420603,103.745899498774,,False,476 Bukit Batok West Avenue 5,"476 Bukit Batok West Avenue 5, Singapore 650476"
517B,MILTONIA CLOSE,762517,MILTONIA BREEZE @ YISHUN,1.41886444369591,103.848719952768,name_change,NIL,1.41886444369591,103.848719952768,,False,517B Miltonia Close,"517B Miltonia Close, Singapore 762517"
45,LORONG 5 TOA PAYOH,310045,PCF SPARKLETOTS PRESCHOOL @ TOA PAYOH WEST-BALESTIER 45 (DS),1.33586536681806,103.853751152895,name_change,EAST PAYOH SPRING,1.33586537201904,103.853751144736,,True,Pcf Sparkletots Preschool @ Toa Payoh West-balestier 45 (ds),"45 Lorong 5 Toa Payoh Pcf Sparkletots Preschool @ Toa Payoh West-balestier 45 (ds), Singapore 310045"
50,GHIM MOH CLOSE,270050,GHIM MOH NATURA,1.31017143953319,103.790510790692,name_change,NIL,1.31017143953319,103.790510790692,,False,50 Ghim Moh Close,"50 Ghim Moh Close, Singapore 270050"
2,ANG MO KIO STREET 23,569341,ST. LUKE'S ELDERCARE RESIDENCE @ ANG MO KIO,1.36937955612715,103.840196899041,name_change,SAINT LUKE'S ELDERCARE RESIDENCE @ ANG MO KIO,1.36935843904972,103.840276840159,,False,2 Ang Mo Kio Street 23,"2 Ang Mo Kio Street 23, Singapore 569341"
59,PENJURU ROAD,609142,NIL,1.30217816743926,103.732876447907,location_change,NIL,1.30440574405769,103.735168988719,355.39126756134385,False,59 Penjuru Road,"59 Penjuru Road, Singapore 609142"
66,NAMLY PLACE,267211,SUNSHINE KINDERGARTEN (WATTEN),1.32402554036861,103.796786630296,name_change,SHAMROCK PARK,1.32402562796246,103.796786584331,,True,Sunshine Kindergarten (watten),"66 Namly Place Sunshine Kindergarten (watten), Singapore 267211"
16D,FARRER PARK ROAD,214016,FARRER PARK FIELDS,1.31107251473053,103.851019625812,name_change,NIL,1.31107251473053,103.851019625812,,True,Farrer Park Fields,"16D Farrer Park Road Farrer Park Fields, Singapore 214016"
1,SEGAR ROAD,677738,NEIGHBOURHOOD POLICE POST BUKIT PANJANG,1.38688900135978,103.771719585228,name_change,NEIGHBOURHOOD POLICE CENTRE BUKIT PANJANG,1.38688900135978,103.771719585228,,True,Neighbourhood Police Post Bukit Panjang,"1 Segar Road Neighbourhood Police Post Bukit Panjang, Singapore 677738"
1,ANTHONY ROAD,229944,CAIRNHILL FIRE POST,1.31030734224291,103.83895719466,name_change,CAIRNHILL COMMUNITY CLUB,1.31038767455028,103.838882707807,,True,Cairnhill Fire Post,"1 Anthony Road Cairnhill Fire Post, Singapore 229944"
57,GHIM MOH LINK,270057,ULU PANDAN BANKS,1.31107745296076,103.781990215358,name_change,NIL,1.31107745296076,103.781990215358,,True,Ulu Pandan Banks,"57 Ghim Moh Link Ulu Pandan Banks, Singapore 270057"
2,TEMBUSU DRIVE,627621,NIL,1.26746414180234,103.672515616861,location_change,NIL,1.26501965580378,103.67463592908,359.781152105197,False,2 Tembusu Drive,"2 Tembusu Drive, Singapore 627621"
2,ANG MO KIO STREET 44,569250,PATHLIGHT SCHOOL (ANG MO KIO CAMPUS 2),1.36363517582629,103.85801093879,name_change,PATHLIGHT SCHOOL 3,1.36363517582629,103.85801093879,,True,Pathlight School (ang Mo Kio Campus 2),"2 Ang Mo Kio Street 44 Pathlight School (ang Mo Kio Campus 2), Singapore 569250"
1,EDGEFIELD WALK,828850,KIDS' KINGDOM CHILD DEVELOPMENT AND LEARNING CENTRE,1.40091489304669,103.909592618758,name_change,CENTRAL CHRISTIAN CHURCH,1.40086188874342,103.909687769552,,True,Kids' Kingdom Child Development and Learning Centre,"1 Edgefield Walk Kids' Kingdom Child Development and Learning Centre, Singapore 828850"
105,BEDOK NORTH AVENUE 4,460105,NKF DIALYSIS CENTRE,1.33368859457924,103.936473903592,name_change,PEARL GARDEN,1.33372280929,103.936517719048,,True,Nkf Dialysis Centre,"105 Bedok North Avenue 4 Nkf Dialysis Centre, Singapore 460105"
9,SOMAPAH ROAD,487370,SINGAPORE EXPO (HALL 10),1.33865520585863,103.962889225427,name_change,CONNECT@CHANGI,1.33781460768684,103.962367304251,,True,Singapore Expo (hall 10),"9 Somapah Road Singapore Expo (hall 10), Singapore 487370"
175A,YUNG KUANG ROAD,611175,CORPORATION TIARA,1.33195222315743,103.721513951179,name_change,ACEKIDZ @ SG PTE. LTD.,1.33193786368443,103.721561508725,,False,175A Yung Kuang Road,"175A Yung Kuang Road, Singapore 611175"
940,OLD CHOA CHU KANG ROAD,698910,CHOA CHU KANG CEMETERY OFFICE,1.3727227877632,103.690421315958,name_change,NIL,1.3727227877632,103.690421315958,,True,Choa Chu Kang Cemetery Office,"940 Old Choa Chu Kang Road Choa Chu Kang Cemetery Office, Singapore 698910"
125A,JALAN RAJAH,321125,RAJAH SUMMIT,1.32783575673049,103.852174038871,name_change,NIL,1.32783575673049,103.852174038871,,False,125A Jalan Rajah,"125A Jalan Rajah, Singapore 321125"
844,YISHUN STREET 81,760844,KHATIB CENTRAL,1.41562517345068,103.835446503581,name_change,KAHTIB CENTRAL,1.41562517345068,103.835446503581,,False,844 Yishun Street 81,"844 Yishun Street 81, Singapore 760844"
57D,GHIM MOH LINK,274057,ULU PANDAN BANKS,1.31069731425188,103.781930289881,name_change,NIL,1.31069731425188,103.781930289881,,True,Ulu Pandan Banks,"57D Ghim Moh Link Ulu Pandan Banks, Singapore 274057"
200,JURONG EAST AVENUE 1,609789,JURONG POLYCLINIC AND ECON CARE RESIDENCE (JURONG EAST),1.35062884013196,103.728878030806,name_change,NIL,1.35062884013196,103.728878030806,,True,Jurong Polyclinic and Econ Care Residence (jurong East),"200 Jurong East Avenue 1 Jurong Polyclinic and Econ Care Residence (jurong East), Singapore 609789"
31,STADIUM CRESCENT,397639,KALLANG FOOTBALL HUB,1.30319443832322,103.879058807841,name_change,SINGAPORE CRICKET ASSOCIATION,1.30319443832322,103.879058807841,,True,Kallang Football Hub,"31 Stadium Crescent Kallang Football Hub, Singapore 397639"
1,BAYFRONT AVENUE,18971,TOWER 3 (MARINA BAY SANDS SINGAPORE),1.28466203640592,103.861005919029,name_change,MARINA BAY SANDS,1.28345419690844,103.860809048956,,True,Tower 3 (marina Bay Sands Singapore),"1 Bayfront Avenue Tower 3 (marina Bay Sands Singapore), Singapore 18971"
355,SERANGOON ROAD,218115,FONG TAT MOTOR CO. PTE. LTD.,1.31231201046002,103.855638433759,name_change,NIL,1.31238907199903,103.855581028605,,False,355 Serangoon Road,"355 Serangoon Road, Singapore 218115"
25,JALAN KAKATUA,598543,JURONG PARK,1.34406220300547,103.766278196846,name_change,INNATE MONTESSORI PTE. LTD.,1.34406219315124,103.766278202829,,True,Jurong Park,"25 Jalan Kakatua Jurong Park, Singapore 598543"
517A,MILTONIA CLOSE,761517,MILTONIA BREEZE @ YISHUN,1.41839591779108,103.848852419002,name_change,NIL,1.41839591779108,103.848852419002,,False,517A Miltonia Close,"517A Miltonia Close, Singapore 761517"
293,LORONG 6 TOA PAYOH,319387,SAFRA CLUBHOUSE (TOA PAYOH),1.32980734122541,103.854404351339,name_change,NURTURESTARS CHILD CARE,1.32988651708771,103.854213740191,,True,Safra Clubhouse (toa Payoh),"293 Lorong 6 Toa Payoh Safra Clubhouse (toa Payoh), Singapore 319387"
2,OWEN ROAD,218842,OWEN HOUSE BY HABYT,1.31170733332103,103.854953206249,name_change,NIL,1.31170733332103,103.854953206249,,False,2 Owen Road,"2 Owen Road, Singapore 218842"
33,KRANJI LOOP,739565,KRANJI INDUSTRIAL ESTATE,1.4359862054916,103.753740066158,name_change,CHEK CHAI LONG CHUEN TEMPLE,1.4358713851396,103.753693028161,,True,Kranji Industrial Estate,"33 Kranji Loop Kranji Industrial Estate, Singapore 739565"
458B,BUKIT BATOK WEST AVENUE 8,652458,WEST BRICKVILLE @ BUKIT BATOK,1.35441338121119,103.738003018643,name_change,NIL,1.35441338121119,103.738003018643,,False,458B Bukit Batok West Avenue 8,"458B Bukit Batok West Avenue 8, Singapore 652458"
110,KILLINEY ROAD,239549,JEWEL @ KILLINEY ORCHARD,1.29818973309181,103.838457981369,name_change,JEWEL @ KILLINEY ORCHARD (U/C),1.29818973309181,103.838457981369,,False,110 Killiney Road,"110 Killiney Road, Singapore 239549"
419C,FERNVALE LINK,793419,FERNVALE SAILS,1.39406414560515,103.880156321116,name_change,NIL,1.39406414560515,103.880156321116,,False,419C Fernvale Link,"419C Fernvale Link, Singapore 793419"
200,LORONG 2 TOA PAYOH,319642,NKF DIALYSIS CENTRE,1.33525355606987,103.845209814245,name_change,TOA PAYOH WEST COMMUNITY CLUB,1.33522124979435,103.845105800139,,True,Nkf Dialysis Centre,"200 Lorong 2 Toa Payoh Nkf Dialysis Centre, Singapore 319642"
822,KEAT HONG LINK,680822,KEAT HONG GRANGE,1.37494274712015,103.749023588303,name_change,NIL,1.37494274712015,103.749023588303,,False,822 Keat Hong Link,"822 Keat Hong Link, Singapore 680822"
15,HOE CHIANG ROAD,89316,SKY TOWER,1.2737717948156,103.842089338694,name_change,SKY TOWER / SKY PLAZA,1.2737717948156,103.842089338694,,True,Sky Tower,"15 Hoe Chiang Road Sky Tower, Singapore 89316"
1F,CLUNY ROAD,259602,SINGAPORE BOTANIC GARDENS (CENTRE FOR EDUCATION AND OUTREACH),1.31897194885683,103.816161610453,name_change,NIL,1.31897194885683,103.816161610453,,True,Singapore Botanic Gardens (centre for Education and Outreach),"1F Cluny Road Singapore Botanic Gardens (centre for Education and Outreach), Singapore 259602"
53,ANG MO KIO AVENUE 3,569933,AMK HUB,1.36938922690344,103.84847796594,name_change,ABUNDANT LIFE FAMILY CHURCH,1.36923561405404,103.848693181185,,False,53 Ang Mo Kio Avenue 3,"53 Ang Mo Kio Avenue 3, Singapore 569933"
153,YUNG HO ROAD,610153,GENESIS CHILD CARE (TJ) PTE LTD,1.32748326048826,103.721043759531,name_change,NIL,1.32748327992351,103.721043765241,,False,153 Yung Ho Road,"153 Yung Ho Road, Singapore 610153"
124A,BUKIT MERAH VIEW,151124,PCF SPARKLETOTS PRESCHOOL @ HENDERSON-DAWSON BLK 124A (KN),1.28488705364925,103.822781828267,name_change,NIL,1.28488704625843,103.82278181902,,True,Pcf Sparkletots Preschool @ Henderson-dawson Blk 124a (kn),"124A Bukit Merah View Pcf Sparkletots Preschool @ Henderson-dawson Blk 124a (kn), Singapore 151124"
806,KING GEORGE'S AVENUE,200806,PCF SPARKLETOTS PRESCHOOL @ KAMPONG GLAM BLK 806 (KN),1.3085305123877,103.861142754284,name_change,NIL,1.3085267799688,103.861149049314,,True,Pcf Sparkletots Preschool @ Kampong Glam Blk 806 (kn),"806 King George's Avenue Pcf Sparkletots Preschool @ Kampong Glam Blk 806 (kn), Singapore 200806"
99,PARK VILLAS RISE,545328,PARK VILLAS,1.36777772706489,103.879059077209,name_change,NIL,1.36777247387799,103.878972374888,,True,Park Villas,"99 Park Villas Rise, Singapore 545328"
2,TUAS BASIN LANE,637066,SIN CHEW LOGISTICS CENTER,1.30869147968667,103.649685523557,name_change,NIL,1.30891093165146,103.649077424757,,True,Sin Chew Logistics Center,"2 Tuas Basin Lane Sin Chew Logistics Center, Singapore 637066"
650,JALAN TENAGA,410650,PCF SPARKLETOTS PRESCHOOL @ EUNOS BLK 650 (KN),1.33186797531279,103.907573919729,name_change,EUNOS DAMAI VILLE,1.3318679857149,103.907573911026,,True,Pcf Sparkletots Preschool @ Eunos Blk 650 (kn),"650 Jalan Tenaga Pcf Sparkletots Preschool @ Eunos Blk 650 (kn), Singapore 410650"
474C,BUKIT BATOK WEST AVENUE 5,653474,WEST GLADES @ BUKIT BATOK,1.35687611003426,103.74550701233,name_change,NIL,1.35687611003426,103.74550701233,,False,474C Bukit Batok West Avenue 5,"474C Bukit Batok West Avenue 5, Singapore 653474"
10A,SILOSO BEACH WALK,99008,MEGA ADVENTURE PARK,1.25561581576602,103.812624295903,name_change,NIL,1.25695589387509,103.814316642164,,True,Mega Adventure Park,"10A Siloso Beach Walk Mega Adventure Park, Singapore 99008"
89,TAMPINES STREET 62,529452,TENET,1.36801958691266,103.942372611138,name_change,TENET (U/C),1.36801958691266,103.942372611138,,False,89 Tampines Street 62,"89 Tampines Street 62, Singapore 529452"
469A,BUKIT TIMAH ROAD,259770,NATIONAL UNIVERSITY OF SINGAPORE (BUKIT TIMAH CAMPUS),1.31834209954134,103.817395994437,name_change,FORMER RAFFLES COLLEGE,1.31930454643842,103.817306074954,,True,National University of Singapore (bukit Timah Campus),"469A Bukit Timah Road National University of Singapore (bukit Timah Campus), Singapore 259770"
60,STEVENS ROAD,257854,GOSPEL LIGHT BIBLE-PRESBYTERIAN CHURCH,1.31648645213424,103.826411850468,name_change,NIL,1.31661312897699,103.826149850948,,True,Gospel Light Bible-presbyterian Church,"60 Stevens Road Gospel Light Bible-presbyterian Church, Singapore 257854"
35,YISHUN CLOSE,769299,NORTH GAIA,1.43648380091158,103.845318416947,name_change,NORTH GAIA (U/C),1.43647164996088,103.845310334796,,False,35 Yishun Close,"35 Yishun Close, Singapore 769299"
332,TENGAH PARK AVENUE,690332,PARC MEADOW @ TENGAH,1.36558589197351,103.736602999137,name_change,PARK MEADOW @ TENGAH,1.36558589197351,103.736602999137,,True,Parc Meadow @ Tengah,"332 Tengah Park Avenue Parc Meadow @ Tengah, Singapore 690332"
1,HAVELOCK SQUARE,59724,NIGHT COURT - COURT 25N & 26N,1.28614323571418,103.843371341343,name_change,COMMUNITY JUSTICE CENTRE (CJC),1.28606658978907,103.843404854271,,True,Night Court - Court 25n & 26n,"1 Havelock Square Night Court - Court 25n & 26n, Singapore 59724"
292,JURONG EAST STREET 24,600292,JURONG EAST BREEZE,1.34367999293544,103.744283360822,name_change,NIL,1.34367999293544,103.744283360822,,False,292 Jurong East Street 24,"292 Jurong East Street 24, Singapore 600292"
58,GHIM MOH LINK,270058,ULU PANDAN BANKS,1.31174472512874,103.780199358694,name_change,NIL,1.31174472512874,103.780199358694,,True,Ulu Pandan Banks,"58 Ghim Moh Link Ulu Pandan Banks, Singapore 270058"
45,MAXWELL ROAD,69118,COMPETITION AND CONSUMER COMMISSION OF SINGAPORE (CCS),1.2795512783646,103.845209377351,name_change,COMPETITION COMMISSION OF SINGAPORE (CCS),1.2795512783646,103.845209377351,,False,45 Maxwell Road,"45 Maxwell Road, Singapore 69118"
33,SENGKANG WEST AVENUE,797653,THE SELETAR MALL,1.39147015374628,103.876125507257,name_change,SHAW THEATRES SELETAR,1.39130622992517,103.876085067727,,True,The Seletar Mall,"33 Sengkang West Avenue The Seletar Mall, Singapore 797653"
20,FIDELIO STREET,458410,OPERA ESTATE,1.31947813324869,103.925879598633,name_change,NIL,1.31952458985798,103.925818868732,,False,20 Fidelio Street,"20 Fidelio Street, Singapore 458410"
541,ANG MO KIO AVENUE 10,560541,MY FIRST SKOOL,1.37392238703482,103.855621370524,name_change,CHENG SAN GREEN,1.37392239168826,103.855621371068,,False,541 Ang Mo Kio Avenue 10,"541 Ang Mo Kio Avenue 10, Singapore 560541"
522,YISHUN STREET 53,760522,VANDA BREEZE @ YISHUN,1.42258441864806,103.851589376715,name_change,NIL,1.42258441864806,103.851589376715,,False,522 Yishun Street 53,"522 Yishun Street 53, Singapore 760522"
101,DORSET ROAD,219494,DORSET MANSIONS,1.31350017106513,103.849977133757,name_change,NIL,1.31344485985076,103.850086370216,,False,101 Dorset Road,"101 Dorset Road, Singapore 219494"
16A,FARRER PARK ROAD,211016,FARRER PARK FIELDS,1.30995868157789,103.850521656178,name_change,NIL,1.30995868157789,103.850521656178,,True,Farrer Park Fields,"16A Farrer Park Road Farrer Park Fields, Singapore 211016"
306C,ANCHORVALE LINK,543306,LIFE STUDENT CARE (SENGKANG),1.38988768950754,103.888114482602,name_change,ANCHORVALE PLACE,1.38988769881462,103.888114475259,,False,306C Anchorvale Link,"306C Anchorvale Link, Singapore 543306"
2,PHOENIX ROAD,668156,THE ARDEN,1.37722474671689,103.756802169138,name_change,THE ARDEN (U/C),1.37722474671689,103.756802169138,,False,2 Phoenix Road,"2 Phoenix Road, Singapore 668156"
2,MOUNT EMILY ROAD,228484,DUET @ EMILY,1.30441456274538,103.84938392703,name_change,NIL,1.30436404749245,103.84943009639,,False,2 Mount Emily Road,"2 Mount Emily Road, Singapore 228484"
715,JURONG WEST STREET 71,640715,NANYANG SAPPHIRE,1.34375488204657,103.696409988814,name_change,HDB PUBLIC SHELTERS,1.34374461019775,103.696418783167,,False,715 Jurong West Street 71,"715 Jurong West Street 71, Singapore 640715"
29,JALAN LENGKOK SEMBAWANG,759218,SEMBAWANG PARK,1.42820538174168,103.824843011384,name_change,HIS LITTLE KINGDOM CHILD CARE AND DEVELOPMENT CENTRE,1.42818814939748,103.82482961968,,True,Sembawang Park,"29 Jalan Lengkok Sembawang Sembawang Park, Singapore 759218"
1,SENTUL WALK,829858,PUNGGOL COAST BUS INTERCHANGE,1.41420640947368,103.907934456334,name_change,NIL,1.41420640947368,103.907934456334,,True,Punggol Coast Bus Interchange,"1 Sentul Walk Punggol Coast Bus Interchange, Singapore 829858"
328C,TENGAH PARK AVENUE,693328,PARC MEADOW @ TENGAH,1.3666344897117,103.735558873553,name_change,PARK MEADOW @ TENGAH,1.3666344897117,103.735558873553,,True,Parc Meadow @ Tengah,"328C Tengah Park Avenue Parc Meadow @ Tengah, Singapore 693328"
824B,KEAT HONG LINK,682824,KEAT HONG GRANGE,1.37368934584153,103.747996129126,name_change,NIL,1.37368934584153,103.747996129126,,False,824B Keat Hong Link,"824B Keat Hong Link, Singapore 682824"
48,BEDOK SOUTH AVENUE 3,460048,BEDOK SOUTH BLOSSOMS,1.32305730219703,103.943537759704,name_change,NIL,1.32305730219703,103.943537759704,,False,48 Bedok South Avenue 3,"48 Bedok South Avenue 3, Singapore 460048"
204,QUEEN'S CRESCENT,140204,QUEENSWAY CANOPY,1.28994659987068,103.799952266367,name_change,NIL,1.28994659987068,103.799952266367,,False,204 Queen's Crescent,"204 Queen's Crescent, Singapore 140204"
181,JOO CHIAT ROAD,427452,HOTEL SAKURA BY VENUE,1.31229180141071,103.900510976436,name_change,HOTEL 81 - SAKURA,1.31229180141071,103.900510976436,,True,Hotel Sakura by Venue,"181 Joo Chiat Road Hotel Sakura by Venue, Singapore 427452"
484A,FERNVALE DRIVE,791484,FERNVALE OASIS,1.39981846157647,103.876494004283,name_change,NIL,1.39981846157647,103.876494004283,,False,484A Fernvale Drive,"484A Fernvale Drive, Singapore 791484"
44,JALAN BULOH PERINDU,457702,SEASIDE PARK,1.30853717350745,103.920436843478,name_change,NIL,1.30862751589584,103.920422982002,,True,Seaside Park,"44 Jalan Buloh Perindu Seaside Park, Singapore 457702"
59,NAMLY AVENUE,267630,SHAMROCK PARK,1.32599681389244,103.797635519415,name_change,NIL,1.32606596614647,103.79753704091,,True,Shamrock Park,"59 Namly Avenue Shamrock Park, Singapore 267630"
278,JERVOIS ROAD,249076,SRI MENANTI ESTATE,1.29459429224728,103.824137947949,name_change,NIL,1.29453508497147,103.82423457479,,False,278 Jervois Road,"278 Jervois Road, Singapore 249076"
484B,FERNVALE DRIVE,792484,FERNVALE OASIS,1.3993985319494,103.876398105666,name_change,NIL,1.3993985319494,103.876398105666,,False,484B Fernvale Drive,"484B Fernvale Drive, Singapore 792484"
665A,PUNGGOL DRIVE,821665,WATERWAY WOODCRESS,1.40212769104002,103.913578463409,name_change,NOBLELAND ARTS N LEARNING PLACE @WATERWAY PTE. LTD.,1.4022827275187,103.913637732874,,False,665A Punggol Drive,"665A Punggol Drive, Singapore 821665"
6,YISHUN INDUSTRIAL STREET 1,768090,PICKET FENCE @ YISHUN PTE. LTD.,1.43678096741344,103.843618912685,name_change,LITTLE PETALS PRESCHOOL PTE. LTD.,1.43678096741344,103.843618912685,,True,Picket Fence @ Yishun Pte. Ltd.,"6 Yishun Industrial Street 1 Picket Fence @ Yishun Pte. Ltd., Singapore 768090"
21,ESPLANADE DRIVE,38980,MERLION PARK (ONE FULLERTON),1.28681077410494,103.854534936141,name_change,NIL,1.28648715900308,103.854568777144,,True,Merlion Park (one Fullerton),"21 Esplanade Drive Merlion Park (one Fullerton), Singapore 38980"
418,TEBAN GARDENS ROAD,600418,TEBAN BREEZE,1.32190006910473,103.743943463407,name_change,NIL,1.32190006910473,103.743943463407,,True,Teban Breeze,"418 Teban Gardens Road Teban Breeze, Singapore 600418"
1,LORONG 16 GEYLANG,398849,HUA TECK SIANG TNG,1.31227941208946,103.880196678881,name_change,NIL,1.31228167094409,103.880196097174,,False,1 Lorong 16 Geylang,"1 Lorong 16 Geylang, Singapore 398849"
288B,JURONG EAST STREET 21,602288,ACE @ WORK EDUCARE PTE LTD,1.3389363751343,103.742880867285,name_change,NIL,1.33893635159463,103.742880903459,,False,288B Jurong East Street 21,"288B Jurong East Street 21, Singapore 602288"
302C,PUNGGOL PLACE,823302,PCF SPARKLETOTS PRESCHOOL @ PUNGGOL COAST 302C (CC),1.40472047246732,103.904967915033,name_change,CORALINUS,1.40472047410992,103.904967908234,,True,Pcf Sparkletots Preschool @ Punggol Coast 302c (cc),"302C Punggol Place Pcf Sparkletots Preschool @ Punggol Coast 302c (cc), Singapore 823302"
53,TENGAH GARDEN WALK,699910,COPEN GRAND,1.36149747523493,103.730779254791,name_change,COPEN GRAND (U/C),1.36149747523493,103.730779254791,,True,Copen Grand,"53 Tengah Garden Walk Copen Grand, Singapore 699910"
50,CLUNY PARK ROAD,257488,SINGAPORE BOTANIC GARDENS (THE GARAGE),1.3188797159166,103.8155806673,name_change,THE GARAGE (SINGAPORE BOTANIC GARDENS),1.3188797159166,103.8155806673,,True,Singapore Botanic Gardens (the Garage),"50 Cluny Park Road Singapore Botanic Gardens (the Garage), Singapore 257488"
141,MIDDLE ROAD,188976,COLIWOO BUGIS,1.29943775475739,103.85240273741,name_change,GSM BUILDING,1.29943775475739,103.85240273741,,False,141 Middle Road,"141 Middle Road, Singapore 188976"
510,UPPER BUKIT TIMAH ROAD,678211,HILLVIEW MRT STATION (DT3),1.36234486803558,103.767418254007,name_change,NIL,1.36244852672647,103.767148928937,,True,Hillview MRT Station (dt3),"510 Upper Bukit Timah Road Hillview MRT Station (dt3), Singapore 678211"
1A,WOOLLERTON PARK,257504,GALLOP VILLAS,1.31875579225735,103.809824626182,name_change,NIL,1.31884719565901,103.80983989881,,True,Gallop Villas,"1A Woollerton Park Gallop Villas, Singapore 257504"
267,SERANGOON AVENUE 3,550267,MARKET,1.35319405066769,103.870920824793,name_change,NIL,1.3531696660359,103.870953693678,,True,Market,"267 Serangoon Avenue 3 Market, Singapore 550267"
523A,YISHUN STREET 53,761523,VANDA BREEZE @ YISHUN,1.4221629233466,103.852664595625,name_change,NIL,1.4221629233466,103.852664595625,,False,523A Yishun Street 53,"523A Yishun Street 53, Singapore 761523"
31,BAYSHORE ROAD,469958,BAYSHORE MRT STATION (TE29),1.31312248291264,103.942309776767,name_change,NIL,1.31232032247178,103.941067430803,,True,Bayshore MRT Station (te29),"31 Bayshore Road Bayshore MRT Station (te29), Singapore 469958"
530,CHOA CHU KANG STREET 51,680530,IMAN KINDERGARTEN (CCK),1.3926269274726,103.741798790047,name_change,NIL,1.39268007502711,103.741839276777,,True,Iman Kindergarten (cck),"530 Choa Chu Kang Street 51 Iman Kindergarten (cck), Singapore 680530"
1,TANAH MERAH COAST ROAD,498722,TANAH MERAH COUNTRY CLUB (GARDEN COURSE),1.32922514287269,103.979656915444,name_change,TANAH MERAH COUNTRY CLUB,1.32925623900667,103.979681515394,,True,Tanah Merah Country Club (garden Course),"1 Tanah Merah Coast Road Tanah Merah Country Club (garden Course), Singapore 498722"
470A,FERNVALE LINK,791470,PCF SPARKLETOTS KCARE CENTRE@SENGKANG WEST BLK 470A,1.39647847695923,103.879493914895,name_change,FERNVALE RIVERGROVE,1.39647838386976,103.879494944074,,True,Pcf Sparkletots Kcare Centre@sengkang West Blk 470a,"470A Fernvale Link Pcf Sparkletots Kcare Centre@sengkang West Blk 470a, Singapore 791470"
240,OUTRAM ROAD,169043,SUPERLAND PRE-SCHOOL (OUTRAM) PTE LTD,1.28481669665236,103.835342790248,name_change,NIL,1.28485505596343,103.835333283572,,True,Superland Pre-school (outram) Pte Ltd,"240 Outram Road Superland Pre-school (outram) Pte Ltd, Singapore 169043"
326,TENGAH PARK AVENUE,690326,PARC MEADOW @ TENGAH,1.36538376156937,103.735358633899,name_change,PARK MEADOW @ TENGAH,1.36538376156937,103.735358633899,,True,Parc Meadow @ Tengah,"326 Tengah Park Avenue Parc Meadow @ Tengah, Singapore 690326"
23,JALAN TELITI,537319,SCHOOL HOUSE BYTHEGARDEN @ HOUGANG PTE. LTD.,1.36061953649923,103.890411446251,name_change,NIL,1.36062589411973,103.890415463242,,True,School House Bythegarden @ Hougang Pte. Ltd.,"23 Jalan Teliti School House Bythegarden @ Hougang Pte. Ltd., Singapore 537319"
524B,YISHUN STREET 53,762524,VANDA BREEZE @ YISHUN,1.42162419446172,103.851861173096,name_change,NIL,1.42162419446172,103.851861173096,,False,524B Yishun Street 53,"524B Yishun Street 53, Singapore 762524"
541,GEYLANG ROAD,389496,GEYLANG CONSERVATION AREA,1.31395128098942,103.885235570186,name_change,AMERICARE CHILD DEVELOPMENT CENTRE,1.31395118983486,103.885235641985,,False,541 Geylang Road,"541 Geylang Road, Singapore 389496"
76,BEDOK NORTH ROAD,460076,PCF SPARKLETOTS PRESCHOOL @ FENGSHAN 76 (CC),1.32830649858422,103.942065693337,name_change,NIL,1.3282966654865,103.942067527916,,True,Pcf Sparkletots Preschool @ Fengshan 76 (cc),"76 Bedok North Road Pcf Sparkletots Preschool @ Fengshan 76 (cc), Singapore 460076"
10,JALAN UBI,409075,KAMPONG KEMBANGAN COMMUNITY CLUB (TEMP OFFICE),1.3177006204915,103.900833499817,name_change,KAMPONG UBI COMMUNITY CENTRE,1.31784644102688,103.900750123561,,True,Kampong Kembangan Community Club (temp Office),"10 Jalan Ubi Kampong Kembangan Community Club (temp Office), Singapore 409075"
8,STADIUM BOULEVARD,397804,KALLANG SQUASH & TENNIS CENTRE,1.30544465643506,103.879557028459,name_change,NIL,1.30565166110124,103.878755645867,,True,Kallang Squash & Tennis Centre,"8 Stadium Boulevard Kallang Squash & Tennis Centre, Singapore 397804"
475A,BUKIT BATOK WEST AVENUE 5,651475,WEST GLADES @ BUKIT BATOK,1.35738868721591,103.746444446688,name_change,NIL,1.35738868721591,103.746444446688,,False,475A Bukit Batok West Avenue 5,"475A Bukit Batok West Avenue 5, Singapore 651475"
1,UPPER PICKERING STREET,58288,ONE UPPER PICKERING,1.28607213683941,103.845499489498,name_change,ATTORNEY-GENERAL'S CHAMBERS,1.28603266950345,103.845548612526,,False,1 Upper Pickering Street,"1 Upper Pickering Street, Singapore 58288"
81,PHOENIX GARDEN,668331,PHOENIX HEIGHTS,1.37598372220773,103.759499872277,name_change,NIL,1.37594139628127,103.75944637356,,True,Phoenix Heights,"81 Phoenix Garden Phoenix Heights, Singapore 668331"
326C,TENGAH PARK AVENUE,693326,PARC MEADOW @ TENGAH,1.36542918200749,103.734979244453,name_change,PARK MEADOW @ TENGAH,1.36542918200749,103.734979244453,,True,Parc Meadow @ Tengah,"326C Tengah Park Avenue Parc Meadow @ Tengah, Singapore 693326"
1,MANDAI QUARRY ROAD,728635,HOME TEAM TACTICAL CENTRE,1.40921715884912,103.76354242,location_change,HOME TEAM TACTICAL CENTRE,1.40566322413826,103.76304525583,399.0252062885741,True,Home Team Tactical Centre,"1 Mandai Quarry Road Home Team Tactical Centre, Singapore 728635"
109A,PASIR PANJANG ROAD,118815,PASIR PANJANG NEIGHBOURHOOD POLICE POST,1.27543462293097,103.793372357531,name_change,NEIGHBOURHOOD POLICE POST PASIR PANJANG,1.27543233901602,103.793379591936,,True,Pasir Panjang Neighbourhood Police Post,"109A Pasir Panjang Road Pasir Panjang Neighbourhood Police Post, Singapore 118815"
491D,TAMPINES STREET 45,523491,HDB PUBLIC SHELTERS,1.36246541056514,103.954684825183,name_change,NIL,1.36246520398535,103.954683087779,,False,491D Tampines Street 45,"491D Tampines Street 45, Singapore 523491"
37,NORTH CANAL ROAD,59293,HABYT CLARKE QUAY,1.2870554646758,103.847101670945,name_change,CHAMPION HOTEL CITY,1.2870554646758,103.847101670945,,False,37 North Canal Road,"37 North Canal Road, Singapore 59293"
327,TENGAH PARK AVENUE,690327,PARC MEADOW @ TENGAH,1.36511525327288,103.734619451,name_change,PARK MEADOW @ TENGAH,1.36511525327288,103.734619451,,True,Parc Meadow @ Tengah,"327 Tengah Park Avenue Parc Meadow @ Tengah, Singapore 690327"
16,GRACE WALK,557736,GRACE PARK,1.35812467918113,103.868897446393,name_change,NIL,1.3580338817809,103.868894321673,,True,Grace Park,"16 Grace Walk Grace Park, Singapore 557736"
261B,SENGKANG EAST WAY,542261,MORNING STAR COMMUNITY SERVICES - SENGKANG,1.39349896369795,103.89430473141,name_change,COMPASSVALE NORTH GATE,1.39349432451651,103.894408242074,,True,Morning Star Community Services - Sengkang,"261B Sengkang East Way Morning Star Community Services - Sengkang, Singapore 542261"
51,GHIM MOH LINK,270051,GHIM MOH NATURA,1.3095985111411,103.789942943508,name_change,NIL,1.3095985111411,103.789942943508,,False,51 Ghim Moh Link,"51 Ghim Moh Link, Singapore 270051"
251,JURONG EAST STREET 24,600251,PCF SPARKLETOTS PRESCHOOL @ YUHUA BLK 251 (KN),1.34316585363812,103.739676494398,name_change,NIL,1.34316585637535,103.73967649195,,True,Pcf Sparkletots Preschool @ Yuhua Blk 251 (kn),"251 Jurong East Street 24 Pcf Sparkletots Preschool @ Yuhua Blk 251 (kn), Singapore 600251"
2,DERBYSHIRE ROAD,309458,NAFA ARTS KINDERGARTEN (DERBYSHIRE),1.3153020324567,103.845605899704,name_change,DERBYSHIRE KINDERGARTEN,1.31528791712132,103.845610347755,,True,NAFA Arts Kindergarten (derbyshire),"2 Derbyshire Road NAFA Arts Kindergarten (derbyshire), Singapore 309458"
8,SIN MING ROAD,575628,ARTISAN 8,1.35371810230316,103.836117288176,name_change,NIL,1.35371665672148,103.836115880148,,False,8 Sin Ming Road,"8 Sin Ming Road, Singapore 575628"
16C,FARRER PARK ROAD,213016,FARRER PARK FIELDS,1.31048714110364,103.850523568211,name_change,NIL,1.31048714110364,103.850523568211,,True,Farrer Park Fields,"16C Farrer Park Road Farrer Park Fields, Singapore 213016"
526A,YISHUN STREET 53,761526,ARANDA BREEZE @ YISHUN,1.42270990527917,103.853214510174,name_change,NIL,1.42270990527917,103.853214510174,,False,526A Yishun Street 53,"526A Yishun Street 53, Singapore 761526"
620,UPPER BUKIT TIMAH ROAD,678116,SAINT JOSEPH'S CHURCH (BUKIT TIMAH),1.3673730647364,103.766984466968,name_change,SAINT JOSEPH CHURCH (BUKIT TIMAH),1.36810493151511,103.767175091192,,True,Saint Joseph's Church (bukit Timah),"620 Upper Bukit Timah Road Saint Joseph's Church (bukit Timah), Singapore 678116"
51,JOO CHIAT ROAD,427373,"STORIES JOO CHIAT, A HOTEL BY COVE",1.31498200860554,103.89862059683,name_change,AM HOTEL,1.31498200860554,103.89862059683,,True,"Stories Joo Chiat, a Hotel by Cove","51 Joo Chiat Road Stories Joo Chiat, a Hotel by Cove, Singapore 427373"
83,PHOENIX AVENUE,668384,PHOENIX RESIDENCES,1.37540371918058,103.757211757355,name_change,PHOENIX RESIDENCES (U/C),1.37540371918058,103.757211757355,,False,83 Phoenix Avenue,"83 Phoenix Avenue, Singapore 668384"
517C,MILTONIA CLOSE,763517,MILTONIA BREEZE @ YISHUN,1.41847025094394,103.849379684961,name_change,NIL,1.41847025094394,103.849379684961,,False,517C Miltonia Close,"517C Miltonia Close, Singapore 763517"
453,CLEMENTI AVENUE 3,120453,AGAPE LITTLE UNI. @ CLEMENTI PTE. LTD.,1.31192107314708,103.766016900241,name_change,NIL,1.31192106821964,103.766016890178,,False,453 Clementi Avenue 3,"453 Clementi Avenue 3, Singapore 120453"
150,NORTH BRIDGE ROAD,179100,CITY HALL MRT STATION (EW13 / NS25),1.29293672227779,103.852585580366,name_change,CITY HALL MRT STATION,1.29298990700923,103.852542630339,,True,City Hall MRT Station (ew13 / Ns25),"150 North Bridge Road City Hall MRT Station (ew13 / Ns25), Singapore 179100"
54A,GHIM MOH LINK,271054,ULU PANDAN GLADES,1.30999782932525,103.783028088738,name_change,NIL,1.30999782932525,103.783028088738,,False,54A Ghim Moh Link,"54A Ghim Moh Link, Singapore 271054"
3,SCIENCE DRIVE 3,117552,NATIONAL UNIVERSITY OF SINGAPORE (S8),1.29614816625442,103.77932980438,name_change,NATIONAL UNIVERSITY OF SINGAPORE,1.29546718144446,103.779773950198,,True,National University of Singapore (s8),"3 Science Drive 3 National University of Singapore (s8), Singapore 117552"
11,LOWER KENT RIDGE ROAD,119083,NATIONAL UNIVERSITY OF SINGAPORE (FACULTY OF DENTISTRY),1.29703784526267,103.781585905666,name_change,MEDICINE+ SCIENCE LIBRARY,1.29692836506905,103.781790503528,,True,National University of Singapore (faculty of Dentistry),"11 Lower Kent Ridge Road National University of Singapore (faculty of Dentistry), Singapore 119083"
929,HOUGANG STREET 91,530929,PCF SPARKLETOTS PRESCHOOL @ ANG MO KIO-HOUGANG BLK 929 (KN),1.37608587509748,103.881497898906,name_change,NIL,1.37603204309398,103.881497888579,,True,Pcf Sparkletots Preschool @ Ang Mo Kio-hougang Blk 929 (kn),"929 Hougang Street 91 Pcf Sparkletots Preschool @ Ang Mo Kio-hougang Blk 929 (kn), Singapore 530929"
19C,FARRER PARK ROAD,213019,FARRER PARK ARENA,1.3119165425624,103.848990588993,name_change,NIL,1.3119165425624,103.848990588993,,True,Farrer Park Arena,"19C Farrer Park Road Farrer Park Arena, Singapore 213019"
43,THOMSON ROAD,307583,NIL,1.31492414413907,103.84485935765,name_change,KARTAR APARTMENTS,1.31492241285227,103.844843392551,,False,43 Thomson Road,"43 Thomson Road, Singapore 307583"
73,TAMPINES STREET 62,529700,TENET,1.36814934690513,103.942983314402,name_change,TENET (U/C),1.36814934690513,103.942983314402,,False,73 Tampines Street 62,"73 Tampines Street 62, Singapore 529700"
69,TENGAH GARDEN WALK,699895,COPEN GRAND,1.36190078977329,103.730790607778,name_change,COPEN GRAND (U/C),1.36190078977329,103.730790607778,,True,Copen Grand,"69 Tengah Garden Walk Copen Grand, Singapore 699895"
30,NORTHSHORE DRIVE,828671,NORTHSHORE PRIMARY SCHOOL,1.41813803336667,103.904416909742,name_change,MOE KINDERGARTEN @ NORTHSHORE,1.41842322079348,103.905147201163,,True,Northshore Primary School,"30 Northshore Drive Northshore Primary School, Singapore 828671"
711,WOODLANDS DRIVE 70,730711,HDB PUBLIC SHELTERS,1.44123152314849,103.797483515419,name_change,ADMIRALTY CLOVER,1.44122296569404,103.797378360624,,False,711 Woodlands Drive 70,"711 Woodlands Drive 70, Singapore 730711"
105,PUNGGOL ROAD,546636,YEN PEI BUILDING (FO HUI),1.38027623461264,103.896103317359,name_change,BUDDHIST CULTURAL CENTRE,1.37989315515515,103.896275540621,,True,Yen Pei Building (fo Hui),"105 Punggol Road Yen Pei Building (fo Hui), Singapore 546636"
192,PUNGGOL CENTRAL,820192,BRIGHT KIDS SCHOOL HOUSE PTE LTD,1.3997709233324,103.909514330574,name_change,NIL,1.39977092552222,103.90951433139,,True,Bright Kids School House Pte Ltd,"192 Punggol Central Bright Kids School House Pte Ltd, Singapore 820192"
85,PHOENIX AVENUE,668385,PHOENIX RESIDENCES,1.37547898050058,103.757439743986,name_change,PHOENIX RESIDENCES (U/C),1.37547898050058,103.757439743986,,False,85 Phoenix Avenue,"85 Phoenix Avenue, Singapore 668385"
1,HAIG LANE,438803,ROYAL HALLMARK,1.30907421145446,103.898319919507,name_change,ROYAL HALLMARK (U/C),1.30907421145446,103.898319919507,,False,1 Haig Lane,"1 Haig Lane, Singapore 438803"
69H,TUAS SOUTH AVENUE 1,637509,TUAS SEATOWN DORMITORY,1.31430153738379,103.62780385247,name_change,SEATOWN INDUSTRIAL CENTRE,1.31436719049104,103.627830904434,,False,69H Tuas South Avenue 1,"69H Tuas South Avenue 1, Singapore 637509"
35,ORCHARD ROAD,238902,NIL,1.29946051650063,103.843384738464,name_change,ISTANA HERITAGE GALLERY,1.29946051650063,103.843384738464,,False,35 Orchard Road,"35 Orchard Road, Singapore 238902"
13,TUKANG INNOVATION DRIVE,619677,GREENPHYTO INNOVATION CENTRE,1.32360145622345,103.71653070725,name_change,NIL,1.32360145622345,103.71653070725,,True,Greenphyto Innovation Centre,"13 Tukang Innovation Drive Greenphyto Innovation Centre, Singapore 619677"
51,ANSON ROAD,79904,ANSON CENTRE / 51 ANSON,1.27449477953185,103.845751573889,name_change,ANSON CENTRE,1.27452180635277,103.845738587239,,True,Anson Centre / 51 Anson,"51 Anson Road Anson Centre / 51 Anson, Singapore 79904"
75,TAMPINES STREET 62,529701,TENET,1.36828336080127,103.942738597263,name_change,TENET (U/C),1.36828336080127,103.942738597263,,False,75 Tampines Street 62,"75 Tampines Street 62, Singapore 529701"
18,COLLEGE AVENUE WEST,138528,NUS COLLEGE,1.30714440669788,103.77197858734,name_change,YALE-NUS COLLEGE CAMPUS,1.30714440669788,103.77197858734,,True,NUS College,"18 College Avenue West NUS College, Singapore 138528"
190,DUNEARN ROAD,309437,SINGAPORE CHINESE GIRLS' SCHOOL (PRIMARY),1.32080725235992,103.827744749548,name_change,SINGAPORE CHINESE GIRLS' SCHOOL,1.3206340835184,103.828164966953,,True,Singapore Chinese Girls' School (primary),"190 Dunearn Road Singapore Chinese Girls' School (primary), Singapore 309437"
36,NAMLY CRESCENT,267551,THE LITTLE SKOOL-HOUSE INTERNATIONAL PTE LTD,1.32694823321319,103.794576045509,name_change,SHAMROCK PARK,1.32694822773844,103.794576037894,,False,36 Namly Crescent,"36 Namly Crescent, Singapore 267551"
51,GENTLE DRIVE,309254,GNTLE VILLAS,1.32053703513101,103.840548750373,name_change,GENTLE VILLAS,1.32057462472702,103.840628103969,,False,51 Gentle Drive,"51 Gentle Drive, Singapore 309254"
5,COX TERRACE,179620,FORT CANNING SERVICE RESERVOIR,1.29555677702271,103.846763208011,name_change,NIL,1.29605727595887,103.846803674497,,True,Fort Canning Service Reservoir,"5 Cox Terrace Fort Canning Service Reservoir, Singapore 179620"
55,HONG SAN WALK,689045,COMFORT GARDEN,1.37702094122048,103.744933454611,name_change,NIL,1.37710445414356,103.744900834921,,True,Comfort Garden,"55 Hong San Walk Comfort Garden, Singapore 689045"
10,WOODLANDS DRIVE 50,738853,WOODLANDS PRIMARY SCHOOL,1.43655108594232,103.791570546509,name_change,COMMIT LEARNING SCHOOLHOUSE @ WOODLANDS PRIMARY SCHOOL,1.43658270720199,103.791791282236,,True,Woodlands Primary School,"10 Woodlands Drive 50 Woodlands Primary School, Singapore 738853"
80,BOON KENG ROAD,339780,AUMOVIO BUILDING,1.31560969603957,103.863281240839,name_change,CONTINENTAL BUILDING,1.31560969603957,103.863281240839,,True,Aumovio Building,"80 Boon Keng Road Aumovio Building, Singapore 339780"
516,JURONG WEST STREET 52,640516,LAKESIDE FAMILY SERVICE CENTRE (JURONG WEST),1.34550445307942,103.720569126146,name_change,NIL,1.34550365269314,103.720557509549,,True,Lakeside Family Service Centre (jurong West),"516 Jurong West Street 52 Lakeside Family Service Centre (jurong West), Singapore 640516"
628A,YEW TEE CLOSE,681628,HEART OF YEW TEE,1.39739412482995,103.74605587408,name_change,NIL,1.39739412482995,103.74605587408,,False,628A Yew Tee Close,"628A Yew Tee Close, Singapore 681628"
107,TOWNER ROAD,321107,ASIAN WOMEN'S WELFARE ASSOCIATION (AWWA) FAMILY SERVICE CENTRE,1.31933733566872,103.860225974926,name_change,NIL,1.31979508625986,103.860435814245,,True,Asian Women's Welfare Association (awwa) Family Service Centre,"107 Towner Road Asian Women's Welfare Association (awwa) Family Service Centre, Singapore 321107"
208B,PUNGGOL PLACE,822208,PUNGGOL SAILS,1.40136154264137,103.901127196589,name_change,MY FIRST SKOOL,1.40136153880902,103.901127199853,,False,208B Punggol Place,"208B Punggol Place, Singapore 822208"
18A,FARRER PARK ROAD,211018,FARRER PARK FIELDS,1.31017638548135,103.851032856973,name_change,NIL,1.31017638548135,103.851032856973,,True,Farrer Park Fields,"18A Farrer Park Road Farrer Park Fields, Singapore 211018"
2,JALAN DERMAWAN,668947,HILLVIEW GARDEN ESTATE,1.3589055889182,103.761907582097,name_change,CHERIE HEARTS KIDZ LODGE PTE. LTD.,1.35884961898497,103.761904463885,,True,Hillview Garden Estate,"2 Jalan Dermawan Hillview Garden Estate, Singapore 668947"
20,WOODLANDS NORTH COAST ROAD,737668,WOODLANDS NORTH MRT STATION (TE1),1.44829245259621,103.785692682441,name_change,NIL,1.44890156901597,103.785198764699,,True,Woodlands North MRT Station (te1),"20 Woodlands North Coast Road Woodlands North MRT Station (te1), Singapore 737668"
83,TAMPINES STREET 62,529449,TENET,1.36855132825317,103.941709770792,name_change,TENET (U/C),1.36855132825317,103.941709770792,,False,83 Tampines Street 62,"83 Tampines Street 62, Singapore 529449"
407,HAVELOCK ROAD,169634,MAPLE BEAR PRESCHOOL PTE. LTD.,1.28751197109177,103.836410583252,name_change,FURAMA RIVERFRONT SINGAPORE,1.28751197109177,103.836410580532,,True,Maple Bear Preschool Pte. Ltd.,"407 Havelock Road Maple Bear Preschool Pte. Ltd., Singapore 169634"
20,BISHAN STREET 23,579757,NEIGHBOURHOOD POLICE CENTRE BISHAN,1.3578020542365,103.847715258603,name_change,BISHAN NEIGHBOURHOOD POLICE CENTRE,1.3578059845284,103.84770931156,,True,Neighbourhood Police Centre Bishan,"20 Bishan Street 23 Neighbourhood Police Centre Bishan, Singapore 579757"
581,WOODLANDS DRIVE 16,730581,PCF SPARKLETOTS PRESCHOOL @ ADMIRALTY BLK 581 (KN),1.42989029976326,103.796403905753,name_change,NIL,1.42989030003699,103.796403905753,,True,Pcf Sparkletots Preschool @ Admiralty Blk 581 (kn),"581 Woodlands Drive 16 Pcf Sparkletots Preschool @ Admiralty Blk 581 (kn), Singapore 730581"
1,WOODLANDS NORTH COAST ROAD,738979,RTS LINK WOODLANDS NORTH STATION,1.45001786057996,103.786094392757,name_change,CIQ BUILDING,1.45010000958897,103.784100658514,,True,Rts Link Woodlands North Station,"1 Woodlands North Coast Road Rts Link Woodlands North Station, Singapore 738979"
2,EXPO DRIVE,485985,EXPO MRT STATION (DT35),1.33538252614956,103.962374747451,name_change,NIL,1.33543687011841,103.961831201138,,True,Expo MRT Station (dt35),"2 Expo Drive Expo MRT Station (dt35), Singapore 485985"
36,HOLLAND DRIVE,270036,BUONA VISTA COMMUNITY CLUB COMPLEX,1.30918303313868,103.792640480326,name_change,BUONA VISTA COMMUNITY CLUB,1.30922984207133,103.792660857646,,True,Buona Vista Community Club Complex,"36 Holland Drive Buona Vista Community Club Complex, Singapore 270036"
21,TANAH MERAH COAST ROAD,498721,CASUALTY CLEARANCE STATION 2 (REP HUT 2),1.32158298848314,103.980208109526,name_and_location_change,CASUALTY CLEARANCE STATION 2,1.3207100356244,103.985791957626,628.2742781736192,True,Casualty Clearance Station 2 (rep Hut 2),"21 Tanah Merah Coast Road Casualty Clearance Station 2 (rep Hut 2), Singapore 498721"
2,BUKIT MANIS ROAD,99891,SOFITEL HOTEL SENTOSA SINGAPORE,1.24589687601798,103.827569393578,name_change,SOFITEL SINGAPORE SENTOSA RESORT & SPA,1.24589687601798,103.827569393578,,True,Sofitel Hotel Sentosa Singapore,"2 Bukit Manis Road Sofitel Hotel Sentosa Singapore, Singapore 99891"
51,LENGKOK BAHRU,150051,WATERFALLS STUDENT CARE CENTRE,1.28761342749689,103.812272124073,name_change,NIL,1.28761342640189,103.812272115642,,True,Waterfalls Student Care Centre,"51 Lengkok Bahru Waterfalls Student Care Centre, Singapore 150051"
10,DOVER DRIVE,138683,NIL,1.30100873824913,103.780125250887,name_change,SINGAPORE INSTITUTE OF TECHNOLOGY@DOVER,1.30100873824913,103.780125250887,,False,10 Dover Drive,"10 Dover Drive, Singapore 138683"
101,PLANTATION CLOSE,690101,PLANTATION VERGE,1.35033776500774,103.734616669723,name_change,NIL,1.35033776500774,103.734616669723,,False,101 Plantation Close,"101 Plantation Close, Singapore 690101"
71,TENGAH GARDEN WALK,699886,COPEN GRAND,1.36190672929397,103.731042025984,name_change,COPEN GRAND (U/C),1.36190672929397,103.731042025984,,True,Copen Grand,"71 Tengah Garden Walk Copen Grand, Singapore 699886"
60,KHEAM HOCK ROAD,298824,DUNEARN ESTATE,1.32972931832858,103.820143577883,name_change,NIL,1.32974821068208,103.820116625365,,False,60 Kheam Hock Road,"60 Kheam Hock Road, Singapore 298824"
306,UBI AVENUE 1,400306,BAO TA STUDENT CARE CENTRE (PTE) LTD,1.32987219692115,103.901929745036,name_change,NIL,1.32987117232209,103.901930369733,,True,Bao Ta Student Care Centre (pte) Ltd,"306 Ubi Avenue 1 Bao Ta Student Care Centre (pte) Ltd, Singapore 400306"
41,THAM SOONG AVENUE,597053,AIRVIEW PARK,1.34403343901715,103.773675424605,name_change,NIL,1.34407814949884,103.773733985688,,True,Airview Park,"41 Tham Soong Avenue Airview Park, Singapore 597053"
411,BEDOK NORTH AVENUE 2,460411,TRANS CENTRE (BEDOK),1.32828083033915,103.931611137309,name_change,NIL,1.32830977781597,103.931761785189,,True,Trans Centre (bedok),"411 Bedok North Avenue 2 Trans Centre (bedok), Singapore 460411"
4,ARCHITECTURE DRIVE,117566,NATIONAL UNIVERSITY OF SINGAPORE (SDE1),1.29751830784055,103.770687480979,name_change,NATIONAL UNIVERSITY OF SINGAPORE,1.29745660325612,103.770918476734,,True,National University of Singapore (sde1),"4 Architecture Drive National University of Singapore (sde1), Singapore 117566"
47,JALAN SEAVIEW,438361,SEA VIEW PARK,1.30110432367129,103.896143594479,name_change,NIL,1.30103626072421,103.896169502696,,True,Sea View Park,"47 Jalan Seaview Sea View Park, Singapore 438361"
591A,WOODLANDS DRIVE 17,731591,WOODLANDS SOUTH PLAINS,1.42703335156834,103.795346803224,name_change,NIL,1.42703335156834,103.795346803224,,False,591A Woodlands Drive 17,"591A Woodlands Drive 17, Singapore 731591"
205,RIVER VALLEY ROAD,238274,UE SQUARE (PARK WING),1.29273043457202,103.842248021629,name_change,UE SQUARE,1.2927319871783,103.842250095411,,True,Ue Square (park Wing),"205 River Valley Road Ue Square (park Wing), Singapore 238274"
2H,BALMORAL CRESCENT,259887,HOUSE ON THE HILL MONTESSORI PRE-SCHOOL - NEWTON,1.31514455842814,103.834011490726,name_change,NIL,1.31513523481676,103.833985812385,,True,House on the Hill Montessori Pre-school - Newton,"2H Balmoral Crescent House on the Hill Montessori Pre-school - Newton, Singapore 259887"
327C,TENGAH PARK AVENUE,693327,PARC MEADOW @ TENGAH,1.36716648097279,103.734553568903,name_change,PARK MEADOW @ TENGAH,1.36716648097279,103.734553568903,,True,Parc Meadow @ Tengah,"327C Tengah Park Avenue Parc Meadow @ Tengah, Singapore 693327"
30,HENG MUI KENG TERRACE,119614,ISEAS-YUSOF ISHAK INSTITUTE (ISEAS),1.29125964322735,103.776679532542,name_change,INSTITUTE OF SOUTH EAST ASIAN STUDIES BUILDING,1.29066130905638,103.776981579715,,True,Iseas-yusof Ishak Institute (iseas),"30 Heng Mui Keng Terrace Iseas-yusof Ishak Institute (iseas), Singapore 119614"
291,JURONG EAST STREET 24,600291,JURONG EAST BREEZE,1.34379945407852,103.743885318418,name_change,NIL,1.34379945407852,103.743885318418,,False,291 Jurong East Street 24,"291 Jurong East Street 24, Singapore 600291"
78,BINCHANG RISE,579939,LAUW AND SONS GARDEN,1.34944169782332,103.846243952527,name_change,NIL,1.34950073759427,103.846198307236,,True,Lauw and Sons Garden,"78 Binchang Rise Lauw and Sons Garden, Singapore 579939"
69,NAMLY PLACE,267216,SHAMROCK PARK,1.32410068314346,103.796407014407,name_change,NIL,1.32410661540296,103.796493121561,,True,Shamrock Park,"69 Namly Place Shamrock Park, Singapore 267216"
27,LORONG 1 REALTY PARK,536950,PEOPLE'S GARDEN,1.36706178105403,103.890437797457,name_change,NIL,1.36714344383384,103.890456407353,,True,People's Garden,"27 Lorong 1 Realty Park People's Garden, Singapore 536950"
85,TAMPINES STREET 62,529450,TENET,1.36839350178103,103.941897713077,name_change,TENET (U/C),1.36839350178103,103.941897713077,,False,85 Tampines Street 62,"85 Tampines Street 62, Singapore 529450"
12,LORONG 12 GEYLANG,398993,GOSTAY HOTEL,1.31140044123756,103.878121314712,name_change,NIL,1.31140044123756,103.878121314712,,True,Gostay Hotel,"12 Lorong 12 Geylang Gostay Hotel, Singapore 398993"
484,FERNVALE DRIVE,790484,FERNVALE OASIS,1.40020352656839,103.877109122901,name_change,NIL,1.40020352656839,103.877109122901,,False,484 Fernvale Drive,"484 Fernvale Drive, Singapore 790484"
220,NEO TIEW CRESCENT,718830,KIN YAN AGROTECH,1.43848185029259,103.727350256761,name_change,NIL,1.43848185001885,103.727350256761,,False,220 Neo Tiew Crescent,"220 Neo Tiew Crescent, Singapore 718830"
681,PUNGGOL DRIVE,820681,NKF DIALYSIS CENTRE,1.40259581502678,103.912962428692,name_change,OASIS TERRACES,1.40278015725693,103.913215101343,,True,Nkf Dialysis Centre,"681 Punggol Drive Nkf Dialysis Centre, Singapore 820681"
395A,BUKIT BATOK WEST AVENUE 5,651395,PCF SPARKLETOTS PRESCHOOL @ BUKIT GOMBAK 395A (CC),1.36393821475024,103.751896006121,name_change,MULTI STOREY CAR PARK,1.36448974299463,103.751987145985,,True,Pcf Sparkletots Preschool @ Bukit Gombak 395a (cc),"395A Bukit Batok West Avenue 5 Pcf Sparkletots Preschool @ Bukit Gombak 395a (cc), Singapore 651395"
404B,JURONG WEST STREET 42,642404,JURONG ARCADIA,1.35404858805182,103.724078161362,name_change,NIL,1.35404858805182,103.724078161362,,False,404B Jurong West Street 42,"404B Jurong West Street 42, Singapore 642404"
261,VICTORIA STREET,189876,BUGIS STREET,1.30067380210192,103.85483094344,name_change,BUGIS VILLAGE,1.30026250997993,103.854749110816,,False,261 Victoria Street,"261 Victoria Street, Singapore 189876"
14,COLLEGE AVENUE WEST,138611,NUS COLLEGE,1.30608809537109,103.771993013067,name_change,YALE-NUS COLLEGE CAMPUS,1.30608809537109,103.771993013067,,True,NUS College,"14 College Avenue West NUS College, Singapore 138611"
97A,HAVELOCK ROAD,161097,HAVELOCK HILLSIDE,1.28853429457901,103.831623124762,name_change,NIL,1.28853429457901,103.831623124762,,False,97A Havelock Road,"97A Havelock Road, Singapore 161097"
57A,GHIM MOH LINK,271057,ULU PANDAN BANKS,1.3111624392886,103.781249892388,name_change,NIL,1.3111624392886,103.781249892388,,True,Ulu Pandan Banks,"57A Ghim Moh Link Ulu Pandan Banks, Singapore 271057"
3,LIM CHU KANG LANE 9,719911,CASHIN HOUSE,1.44774551089966,103.709939339741,name_change,NIL,1.44774210489076,103.70992504834,,False,3 Lim Chu Kang Lane 9,"3 Lim Chu Kang Lane 9, Singapore 719911"
11,SALAM WALK,467159,KEW PLACE,1.32095757336287,103.951015797021,name_change,NIL,1.32084738310537,103.950983745787,,False,11 Salam Walk,"11 Salam Walk, Singapore 467159"
2,BUKIT BATOK STREET 11,659674,SAINT LUKE'S HOSPITAL-DAY REHABILITATION,1.3495360738959,103.741877617968,name_change,SAINT LUKE'S ELDERCARE,1.34950448942588,103.741889031011,,True,Saint Luke's Hospital-day Rehabilitation,"2 Bukit Batok Street 11 Saint Luke's Hospital-day Rehabilitation, Singapore 659674"
1,LENTOR CENTRAL,788887,LENTOR MODERN,1.38550907050444,103.83456993327,name_change,LENTOR MODERN (U/C),1.38572990744435,103.834582217675,,False,1 Lentor Central,"1 Lentor Central, Singapore 788887"
87,JALAN SATU,390087,MOUNTBATTEN COMMUNITY CLUB,1.30920453703351,103.886918300106,name_change,MOUNTBATTEN COMMUNITY CLUB (U/C),1.30920453703351,103.886918300106,,True,Mountbatten Community Club,"87 Jalan Satu Mountbatten Community Club, Singapore 390087"
388,YISHUN RING ROAD,760388,LITTLE FOOTPRINTS SCHOOLHOUSE (Y388) PTE. LTD.,1.42916343658276,103.8470114507,name_change,NIL,1.42916958504572,103.847212829684,,True,Little Footprints Schoolhouse (y388) Pte. Ltd.,"388 Yishun Ring Road Little Footprints Schoolhouse (y388) Pte. Ltd., Singapore 760388"
980,UPPER CHANGI ROAD NORTH,507708,SINGAPORE PRISON SERVICE (HEADQUARTERS),1.3546968449925,103.969691074144,name_change,SINGAPORE CORPORATION OF REHABILITATIVE ENTERPRISES (SCORE),1.35479571540641,103.969632611487,,False,980 Upper Changi Road North,"980 Upper Changi Road North, Singapore 507708"
63,COMMONWEALTH AVENUE WEST,130063,ULU PANDAN VISTA,1.31182953718649,103.779754780955,name_change,NIL,1.31182953718649,103.779754780955,,False,63 Commonwealth Avenue West,"63 Commonwealth Avenue West, Singapore 130063"
104,SUNGEI TENGAH ROAD,698987,HILL VIEW NURSERY,1.39644759083621,103.729795764063,name_change,NIL,1.39745695536458,103.729761634029,,True,Hill View Nursery,"104 Sungei Tengah Road Hill View Nursery, Singapore 698987"
48C,BEDOK SOUTH AVENUE 3,463048,BEDOK SOUTH BLOSSOMS,1.32379427695986,103.94375148618,name_change,NIL,1.32379427695986,103.94375148618,,False,48C Bedok South Avenue 3,"48C Bedok South Avenue 3, Singapore 463048"
18,JALAN JELITA,278342,MCMAHON PARK,1.31566260534344,103.787425104939,name_change,NIL,1.31566988236137,103.787371585675,,True,Mcmahon Park,"18 Jalan Jelita Mcmahon Park, Singapore 278342"
17,CIRCUIT ROAD,370017,MACPHERSON RESIDENCY,1.32982009942647,103.888575094609,name_change,E-BRIDGE PRE-SCHOOL PTE. LTD.,1.32982010709091,103.888575098145,,False,17 Circuit Road,"17 Circuit Road, Singapore 370017"
33,MIMOSA VALE,807943,MIMOSA VALE,1.38231026042237,103.860190162029,name_change,NIL,1.38236024161962,103.860185249263,,False,33 Mimosa Vale,"33 Mimosa Vale, Singapore 807943"
194A,WOODLANDS CENTRE ROAD,731194,MARSILING RIDGE,1.43501798422042,103.772958780842,name_change,NIL,1.43501798422042,103.772958780842,,True,Marsiling Ridge,"194A Woodlands Centre Road Marsiling Ridge, Singapore 731194"
1999,LORONG 8 TOA PAYOH,319258,TOA PAYOH SOUTH COMMUNITY CLUB,1.33489037473653,103.859378974667,name_change,TOA PAYOH SOUTH COMMUNITY CLUB (PENDING RELOCATION),1.33489037473653,103.859378974667,,True,Toa Payoh South Community Club,"1999 Lorong 8 Toa Payoh Toa Payoh South Community Club, Singapore 319258"
1G,CLUNY ROAD,259603,SINGAPORE BOTANIC GARDENS (CENTRE FOR ETHNOBOTANY),1.31942115865974,103.816533762095,name_change,NIL,1.3195183559152,103.816557954578,,True,Singapore Botanic Gardens (centre for Ethnobotany),"1G Cluny Road Singapore Botanic Gardens (centre for Ethnobotany), Singapore 259603"
522C,YISHUN STREET 53,763522,VANDA BREEZE @ YISHUN,1.42192219591661,103.852144033721,name_change,NIL,1.42192219591661,103.852144033721,,False,522C Yishun Street 53,"522C Yishun Street 53, Singapore 763522"
66,TAI HWAN HEIGHTS,555411,TAI HWAN GARDEN,1.35758987705561,103.86161985155,name_change,NIL,1.35752972942354,103.861577021704,,True,Tai Hwan Garden,"66 Tai Hwan Heights Tai Hwan Garden, Singapore 555411"
300,EU TONG SEN STREET,59816,OUTRAM PARK MRT STATION (NE3),1.27972059383553,103.839439862425,name_change,OUTRAM PARK MRT STATION,1.2802415328084,103.840052100136,,True,Outram Park MRT Station (ne3),"300 Eu Tong Sen Street Outram Park MRT Station (ne3), Singapore 59816"
590C,WOODLANDS DRIVE 17,733590,WOODLANDS SOUTH PLAINS,1.42655027696657,103.796757454947,name_change,NIL,1.42655027696657,103.796757454947,,False,590C Woodlands Drive 17,"590C Woodlands Drive 17, Singapore 733590"
64,COMMONWEALTH AVENUE WEST,130064,ULU PANDAN VISTA,1.31201312548462,103.778900568955,name_change,NIL,1.31201312548462,103.778900568955,,False,64 Commonwealth Avenue West,"64 Commonwealth Avenue West, Singapore 130064"
45,YISHUN CLOSE,769294,NORTH GAIA,1.43532048902847,103.845478333076,name_change,NORTH GAIA (U/C),1.43531639018077,103.845473584711,,False,45 Yishun Close,"45 Yishun Close, Singapore 769294"
289G,BUKIT BATOK STREET 25,656289,PCF SPARKLETOTS PRESCHOOL @ BUKIT BATOK EAST BLK 289G (KN),1.34504259331257,103.758784095946,name_change,NATURE VIEW,1.34504260344064,103.758784094586,,True,Pcf Sparkletots Preschool @ Bukit Batok East Blk 289g (kn),"289G Bukit Batok Street 25 Pcf Sparkletots Preschool @ Bukit Batok East Blk 289g (kn), Singapore 656289"
809A,ANG MO KIO STREET 82,561809,PINE VILLE @ AMK,1.37691920385487,103.85338946452,name_change,NIL,1.37691920385487,103.85338946452,,False,809A Ang Mo Kio Street 82,"809A Ang Mo Kio Street 82, Singapore 561809"
306A,WOODLANDS STREET 31,731306,MARSILING-YEW TEE TOWN COUNCIL (MAIN OFFICE),1.43004497651501,103.775115110423,name_change,ACTIVE LEARNERS CHILD CARE PRIVATE LIMITED,1.43011253092335,103.775081057714,,True,Marsiling-yew Tee Town Council (main Office),"306A Woodlands Street 31 Marsiling-yew Tee Town Council (main Office), Singapore 731306"
64A,COMMONWEALTH AVENUE WEST,131064,ULU PANDAN VISTA,1.31198190730338,103.779388291881,name_change,NIL,1.31198190730338,103.779388291881,,False,64A Commonwealth Avenue West,"64A Commonwealth Avenue West, Singapore 131064"
511,UPPER JURONG ROAD,638366,CARPE DIEM KIDZ PTE. LTD.,1.32936820190369,103.682388475795,name_change,ARENA COUNTRY CLUB,1.32942533624577,103.682841560649,,False,511 Upper Jurong Road,"511 Upper Jurong Road, Singapore 638366"
45,FABER WALK,128973,FABER HILLS,1.32175912435446,103.754888672567,name_change,NIL,1.32168412870095,103.754870986849,,False,45 Faber Walk,"45 Faber Walk, Singapore 128973"
2,AMBER ROAD,439846,TANJONG KATONG MRT STATION (TE25),1.29931925769899,103.897368742078,name_change,NIL,1.29908720703389,103.897345777516,,True,Tanjong Katong MRT Station (te25),"2 Amber Road Tanjong Katong MRT Station (te25), Singapore 439846"
6A,TANJONG RHU ROAD,436884,DE CENTURION,1.29881006027302,103.884350279556,name_change,DE CENTURIAN,1.29881006027302,103.884350279556,,False,6A Tanjong Rhu Road,"6A Tanjong Rhu Road, Singapore 436884"
19,SENOKO SOUTH ROAD,758078,SENOKO INDUSTRIAL ESTATE,1.4567956383041,103.804910356464,name_change,NIL,1.45693275404322,103.804530333569,,True,Senoko Industrial Estate,"19 Senoko South Road Senoko Industrial Estate, Singapore 758078"
492,JURONG WEST STREET 41,640492,CENTRAL 24-HR CLNIC (JURONG WEST),1.35008503080761,103.724757267597,name_change,NIL,1.34994543559348,103.725180466645,,False,492 Jurong West Street 41,"492 Jurong West Street 41, Singapore 640492"
526B,YISHUN STREET 53,762526,ARANDA BREEZE @ YISHUN,1.42329803319593,103.853424633343,name_change,NIL,1.42329803319593,103.853424633343,,False,526B Yishun Street 53,"526B Yishun Street 53, Singapore 762526"
141,PETIR ROAD,670141,MORAL STUDENT CARE CENTRE (BT PANJANG),1.37587154659066,103.768135701112,name_change,NIL,1.37587156219346,103.768135702472,,True,Moral Student Care Centre (bt Panjang),"141 Petir Road Moral Student Care Centre (bt Panjang), Singapore 670141"
166B,BEDOK ROAD,469413,CHURCH OF GOD (EVANGELICAL),1.32631035560574,103.951753673093,name_change,NIL,1.32622317204895,103.951658611418,,True,Church of God (evangelical),"166B Bedok Road Church of God (evangelical), Singapore 469413"
46,CHANGI SOUTH STREET 1,486761,CHANGI SOUTH INDUSTRIAL ESTATE,1.33674817006324,103.970836647517,name_change,NIL,1.33604512205864,103.971547643251,,True,Changi South Industrial Estate,"46 Changi South Street 1 Changi South Industrial Estate, Singapore 486761"
311,NEW UPPER CHANGI ROAD,467360,BEDOK MALL,1.32473632784728,103.929256259998,name_change,BEDOK INTEGRATED TRANSPORT HUB,1.32473632812103,103.929256259726,,True,Bedok Mall,"311 New Upper Changi Road Bedok Mall, Singapore 467360"
175A,CHIN SWEE ROAD,169879,NIL,1.28575609430357,103.838921630122,name_change,HOTEL RE! @ PEARL'S HILL,1.28575609430357,103.838921630122,,False,175A Chin Swee Road,"175A Chin Swee Road, Singapore 169879"
85,NAMLY DRIVE,267490,SHAMROCK PARK,1.3237165888072,103.795432013565,name_change,NIL,1.32363963974713,103.795395753807,,True,Shamrock Park,"85 Namly Drive Shamrock Park, Singapore 267490"
89,HOUGANG AVENUE 4,538829,NATIONAL HEALTHCARE GROUP POLYCLINICS (HOUGANG POLYCLINIC),1.37001805253858,103.888996385371,name_change,HOUGANG POLYCLINIC,1.3699068381066,103.88900146446,,True,National Healthcare Group Polyclinics (hougang Polyclinic),"89 Hougang Avenue 4 National Healthcare Group Polyclinics (hougang Polyclinic), Singapore 538829"
117A,JALAN KEMBANGAN,411117,KEMBANGAN WAVE,1.32268355501331,103.913022311205,name_change,NIL,1.32268355501331,103.913022311205,,False,117A Jalan Kembangan,"117A Jalan Kembangan, Singapore 411117"
879,YISHUN STREET 81,760879,PCF SPARKLETOTS PRESCHOOL @ NEE SOON SOUTH 879 (CC),1.41450211129727,103.835974001874,name_change,NIL,1.41444167860568,103.83611779226,,True,Pcf Sparkletots Preschool @ Nee Soon South 879 (cc),"879 Yishun Street 81 Pcf Sparkletots Preschool @ Nee Soon South 879 (cc), Singapore 760879"
330,TENGAH PARK AVENUE,690330,PARC MEADOW @ TENGAH,1.36634909226014,103.736461090569,name_change,PARK MEADOW @ TENGAH,1.36634909226014,103.736461090569,,True,Parc Meadow @ Tengah,"330 Tengah Park Avenue Parc Meadow @ Tengah, Singapore 690330"
108,JALAN GEMBIRA,369187,MACPHERSON GARDEN ESTATE,1.33229870587117,103.881341188646,name_change,NIL,1.33224577849858,103.881356993712,,True,Macpherson Garden Estate,"108 Jalan Gembira Macpherson Garden Estate, Singapore 369187"
1,ESPLANADE DRIVE,38981,DBS FOUNDATION OUTDOOR THEATRE,1.28880305036348,103.856003516592,name_change,ESPLANADE - THEATRES ON THE BAY,1.29020501088469,103.855566745359,,True,Dbs Foundation Outdoor Theatre,"1 Esplanade Drive Dbs Foundation Outdoor Theatre, Singapore 38981"
5,NORTHUMBERLAND ROAD,219570,PICCADILLY GRAND,1.31079412179179,103.852278016349,name_change,PICCADILLY GRAND (U/C),1.31079412179179,103.852278016349,,False,5 Northumberland Road,"5 Northumberland Road, Singapore 219570"
100,JURONG ISLAND HIGHWAY,627867,NIL,1.27776680299102,103.681296002911,location_change,NIL,1.26907088657711,103.69845992241,2139.089828315481,False,100 Jurong Island Highway,"100 Jurong Island Highway, Singapore 627867"
33,YISHUN CLOSE,769345,NORTH GAIA,1.43631746938476,103.844907374663,name_change,NORTH GAIA (U/C),1.43631163072722,103.844895523625,,False,33 Yishun Close,"33 Yishun Close, Singapore 769345"
9,LENTOR CENTRAL,788891,LENTOR MODERN,1.38569700727019,103.834957690324,name_change,LENTOR MODERN (U/C),1.38572990744435,103.834582217675,,False,9 Lentor Central,"9 Lentor Central, Singapore 788891"
331,TENGAH PARK AVENUE,690331,PARC MEADOW @ TENGAH,1.36574754571894,103.736042403556,name_change,PARK MEADOW @ TENGAH,1.36574754571894,103.736042403556,,True,Parc Meadow @ Tengah,"331 Tengah Park Avenue Parc Meadow @ Tengah, Singapore 690331"
97,HAVELOCK ROAD,160097,HAVELOCK HILLSIDE,1.28901860835749,103.831440994912,name_change,NIL,1.28901860835749,103.831440994912,,False,97 Havelock Road,"97 Havelock Road, Singapore 160097"
290A,COMPASSVALE CRESCENT,541290,PCF SPARKLETOTS PRESCHOOL @ SENGKANG CENTRAL 290A (CC),1.3960787618403,103.896727615807,name_change,COMPASSVALE LODGE,1.39607877196847,103.89672761336,,True,Pcf Sparkletots Preschool @ Sengkang Central 290a (cc),"290A Compassvale Crescent Pcf Sparkletots Preschool @ Sengkang Central 290a (cc), Singapore 541290"
518,MILTONIA CLOSE,760518,MILTONIA BREEZE @ YISHUN,1.41861158425913,103.850082471328,name_change,NIL,1.41861158425913,103.850082471328,,False,518 Miltonia Close,"518 Miltonia Close, Singapore 760518"
102B,PLANTATION CLOSE,692102,PLANTATION VERGE,1.35084766714941,103.734299170866,name_change,NIL,1.35084766714941,103.734299170866,,False,102B Plantation Close,"102B Plantation Close, Singapore 692102"
49,ELITE TERRACE,458803,SOUTH UNION PARK,1.31597832329938,103.924541875012,name_change,NIL,1.31590696968574,103.924534668404,,True,South Union Park,"49 Elite Terrace South Union Park, Singapore 458803"
151,NEW BRIDGE ROAD,59443,CHINATOWN MRT STATION (NE4),1.28435959278583,103.843426681863,name_change,CHINATOWN MRT STATION,1.2839640518753,103.843141945391,,True,Chinatown MRT Station (ne4),"151 New Bridge Road Chinatown MRT Station (ne4), Singapore 59443"
920,YISHUN AVENUE 2,769100,YISHUN BUS INTERCHANGE,1.42786642054759,103.836143692955,name_change,NORTHPOINT CITY,1.42790289018677,103.836177650701,,True,Yishun Bus Interchange,"920 Yishun Avenue 2 Yishun Bus Interchange, Singapore 769100"
12,COLLEGE AVENUE WEST,138610,NUS COLLEGE,1.30638712623098,103.77206806682,name_change,YALE-NUS COLLEGE CAMPUS,1.30638712623098,103.77206806682,,True,NUS College,"12 College Avenue West NUS College, Singapore 138610"
570,PASIR RIS STREET 53,510570,AL - AMIN PRESCHOOL (PASIR RIS),1.37276904719182,103.946510454173,name_change,NIL,1.37276905622506,103.946510452269,,True,Al - Amin Preschool (pasir Ris),"570 Pasir Ris Street 53 Al - Amin Preschool (pasir Ris), Singapore 510570"
55,BELIMBING AVENUE,349924,SENNETT ESTATE,1.33282936191092,103.876797450868,name_change,NIL,1.33275637386152,103.876824048465,,False,55 Belimbing Avenue,"55 Belimbing Avenue, Singapore 349924"
2,FRANCIS THOMAS DRIVE,359337,ST ANDREW'S SCHOOL (JUNIOR),1.33140255308868,103.865117134385,name_change,SAINT ANDREW'S JUNIOR SCHOOL,1.33140255308868,103.865117134385,,True,St Andrew's School (junior),"2 Francis Thomas Drive St Andrew's School (junior), Singapore 359337"
33,MACTAGGART ROAD,368082,MACPHERSON INDUSTRIAL ESTATE,1.33428205064489,103.883804598054,name_change,LEE KAY HUAN BUILDING,1.33396504069047,103.883790755952,,True,Macpherson Industrial Estate,"33 Mactaggart Road Macpherson Industrial Estate, Singapore 368082"
55,GHIM MOH LINK,270055,ULU PANDAN GLADES,1.3095571389636,103.782763348733,name_change,NIL,1.3095571389636,103.782763348733,,False,55 Ghim Moh Link,"55 Ghim Moh Link, Singapore 270055"
15,FRANCIS THOMAS DRIVE,359342,ST ANDREW'S SCHOOL (SECONDARY),1.33069360968075,103.866249138562,name_change,SAINT ANDREW'S SECONDARY SCHOOL,1.33069360968075,103.866249138562,,True,St Andrew's School (secondary),"15 Francis Thomas Drive St Andrew's School (secondary), Singapore 359342"
327A,TENGAH PARK AVENUE,691327,PARC MEADOW @ TENGAH,1.36582688212019,103.734303563539,name_change,PARK MEADOW @ TENGAH,1.36582688212019,103.734303563539,,True,Parc Meadow @ Tengah,"327A Tengah Park Avenue Parc Meadow @ Tengah, Singapore 691327"
402A,JURONG WEST STREET 42,641402,JURONG ARCADIA,1.35328785595113,103.723331769563,name_change,NIL,1.35328785595113,103.723331769563,,False,402A Jurong West Street 42,"402A Jurong West Street 42, Singapore 641402"
319,CLEMENTI AVENUE 4,120319,PCF SPARKLETOTS PRESCHOOL @ BUKIT TIMAH BLK 319 (EY),1.31738024777586,103.764787030207,name_change,CLEMENTI MEADOWS,1.31738023737382,103.764787022864,,True,Pcf Sparkletots Preschool @ Bukit Timah Blk 319 (ey),"319 Clementi Avenue 4 Pcf Sparkletots Preschool @ Bukit Timah Blk 319 (ey), Singapore 120319"
232,TURF CLUB ROAD,287982,CHILTERN HOUSE TURF CLUB,1.33463584623007,103.793705365693,name_change,NIL,1.33463585225204,103.79370535699,,True,Chiltern House Turf Club,"232 Turf Club Road Chiltern House Turf Club, Singapore 287982"
439,FAJAR ROAD,670439,NOAH'S ARK CHILDCARE & DEVELOPMENT CENTRE,1.38304692121235,103.770464368939,name_change,NIL,1.38304567931228,103.770465303497,,True,Noah's Ark Childcare & Development Centre,"439 Fajar Road Noah's Ark Childcare & Development Centre, Singapore 670439"
417A,TEBAN GARDENS ROAD,601417,TEBAN BREEZE,1.32218661274686,103.744081615979,name_change,NIL,1.32218661274686,103.744081615979,,True,Teban Breeze,"417A Teban Gardens Road Teban Breeze, Singapore 601417"
25J,SUNGEI KADUT STREET 1,729334,SUNGEI KADUT INDUSTRIAL ESTATE,1.40971674217485,103.747670057199,name_change,NIL,1.40916087054988,103.747333587087,,True,Sungei Kadut Industrial Estate,"25J Sungei Kadut Street 1 Sungei Kadut Industrial Estate, Singapore 729334"
48,SENNETT PLACE,466872,EAST COAST HILL,1.31731745301813,103.936621644847,name_change,NIL,1.31726938535753,103.936673145827,,False,48 Sennett Place,"48 Sennett Place, Singapore 466872"
19A,FARRER PARK ROAD,211019,FARRER PARK ARENA,1.31162409319636,103.850152212208,name_change,NIL,1.31162409319636,103.850152212208,,True,Farrer Park Arena,"19A Farrer Park Road Farrer Park Arena, Singapore 211019"
1079,SERANGOON ROAD,328182,ELIM KINDERGARTEN,1.32389412548441,103.86424921462,name_change,ELIM CHURCH,1.32372876552286,103.864626377113,,True,Elim Kindergarten,"1079 Serangoon Road Elim Kindergarten, Singapore 328182"
83,GREENFIELD DRIVE,457964,FRANKEL ESTATE,1.31211860673031,103.918410960074,name_change,NIL,1.31204926139521,103.918445654345,,True,Frankel Estate,"83 Greenfield Drive Frankel Estate, Singapore 457964"
27,EUNOS ROAD 2,409387,FC,1.32074719644706,103.899635139079,name_change,EUNOS INDUSTRIAL ESTATE,1.32074892318125,103.899480966587,,False,27 Eunos Road 2,"27 Eunos Road 2, Singapore 409387"
12,SENNETT PLACE,466848,EAST COAST HILL,1.3185369927104,103.937332220765,name_change,NIL,1.31848681337175,103.937255618575,,False,12 Sennett Place,"12 Sennett Place, Singapore 466848"
16,CHIN BEE AVENUE,619939,HUBER'S FACTORY,1.33388937886023,103.711894262964,name_change,GHL BUILDING,1.33386105444432,103.711905966056,,True,Huber's Factory,"16 Chin Bee Avenue Huber's Factory, Singapore 619939"
22,CACTUS ROAD,809588,SELETAR GARDEN,1.39105033663943,103.850504369729,name_change,NIL,1.39107516640087,103.850577753246,,True,Seletar Garden,"22 Cactus Road Seletar Garden, Singapore 809588"
5,LENTOR CENTRAL,788889,LENTOR MODERN,1.38566947273434,103.834549283745,name_change,LENTOR MODERN (U/C),1.38572990744435,103.834582217675,,False,5 Lentor Central,"5 Lentor Central, Singapore 788889"
277,BRADDELL ROAD,579711,SINGAPORE ISLAMIC HUB,1.34259092832425,103.852258908741,name_change,MADRASAH IRSYAD ZUHRI AL-ISLAMIAH,1.34264524949174,103.851907845969,,False,277 Braddell Road,"277 Braddell Road, Singapore 579711"
107,PLANTATION CLOSE,690107,PLANTATION VERGE,1.35030627334562,103.736767614388,name_change,NIL,1.35030627334562,103.736767614388,,False,107 Plantation Close,"107 Plantation Close, Singapore 690107"
25,YISHUN CLOSE,769341,NORTH GAIA,1.43546259823385,103.845206862538,name_change,NORTH GAIA (U/C),1.43545249428861,103.845192449638,,False,25 Yishun Close,"25 Yishun Close, Singapore 769341"
720,JURONG WEST AVENUE 5,640720,HDB PUBLIC SHELTERS,1.34433950259368,103.697578055437,name_change,ELITE LEARNING KINDERGARTEN PTE LTD,1.34435137284809,103.697497312594,,False,720 Jurong West Avenue 5,"720 Jurong West Avenue 5, Singapore 640720"
67A,LORONG 27 GEYLANG,388189,URBAN HOSTEL,1.3161201283576,103.883741918677,name_change,NIL,1.31612667587258,103.883723591085,,False,67A Lorong 27 Geylang,"67A Lorong 27 Geylang, Singapore 388189"
11,JALAN UBI,409074,MINDS - EUNOS TRAINING & DEVELOPMENT CENTRE,1.31735188171232,103.899738505896,name_change,KEMBANGAN-CHAI CHEE COMMUNITY HUB,1.31717028212393,103.899536593681,,True,Minds - Eunos Training & Development Centre,"11 Jalan Ubi Minds - Eunos Training & Development Centre, Singapore 409074"
28,DEDAP PLACE,809525,DEDAP GARDENS,1.38768701805227,103.867880673073,name_change,NIL,1.38772804125152,103.867901481583,,True,Dedap Gardens,"28 Dedap Place Dedap Gardens, Singapore 809525"
34,KISMIS AVENUE,598211,CHENG SOON GARDEN,1.33497510483048,103.771963114388,name_change,NIL,1.33505196767672,103.771954485704,,True,Cheng Soon Garden,"34 Kismis Avenue Cheng Soon Garden, Singapore 598211"
55,CHU LIN ROAD,669949,LITTLE KINDER MONTESSORI LLP,1.35752685641825,103.758507313021,name_change,HILLVIEW GARDEN ESTATE,1.35752680523822,103.758507568954,,True,Little Kinder Montessori Llp,"55 Chu Lin Road Little Kinder Montessori Llp, Singapore 669949"
806A,ANG MO KIO STREET 82,561806,PINE VILLE @ AMK,1.37786964638682,103.854387730263,name_change,NIL,1.37786964638682,103.854387730263,,False,806A Ang Mo Kio Street 82,"806A Ang Mo Kio Street 82, Singapore 561806"
25,LEITH PARK,547944,LEITH PARK,1.36180628020559,103.874364444767,name_change,NIL,1.36186292632705,103.874388627847,,True,Leith Park,"25 Leith Park, Singapore 547944"
51,TENGAH GARDEN WALK,699909,COPEN GRAND,1.36150266271849,103.731060572318,name_change,COPEN GRAND (U/C),1.36150266271849,103.731060572318,,True,Copen Grand,"51 Tengah Garden Walk Copen Grand, Singapore 699909"
60,DEFU LANE 1,539499,DEFU INDUSTRIAL PARK A,1.36152267407197,103.903052881443,name_change,DEFU INDUSTRIAL ESTATE,1.36183340549336,103.902837223488,,True,Defu Industrial Park a,"60 Defu Lane 1 Defu Industrial Park a, Singapore 539499"
324,CLEMENTI AVENUE 5,120324,JURONG-CLEMENTI TOWN COUNCIL (CLEMENTI OFFICE),1.31513481889266,103.766273233828,name_change,NIL,1.31513509080723,103.766054474051,,True,Jurong-clementi Town Council (clementi Office),"324 Clementi Avenue 5 Jurong-clementi Town Council (clementi Office), Singapore 120324"
328A,TENGAH PARK AVENUE,691328,PARC MEADOW @ TENGAH,1.36595049510377,103.735054030619,name_change,PARK MEADOW @ TENGAH,1.36595049510377,103.735054030619,,True,Parc Meadow @ Tengah,"328A Tengah Park Avenue Parc Meadow @ Tengah, Singapore 691328"
485B,FERNVALE DRIVE,792485,FERNVALE OASIS,1.39897005807123,103.877006877359,name_change,NIL,1.39897005807123,103.877006877359,,False,485B Fernvale Drive,"485B Fernvale Drive, Singapore 792485"
63,SENOKO DRIVE,758250,SENOKO INDUSTRIAL ESTATE,1.46666935640005,103.808365400427,name_change,NIL,1.46651152735134,103.808167129341,,True,Senoko Industrial Estate,"63 Senoko Drive Senoko Industrial Estate, Singapore 758250"
457,BUKIT BATOK WEST AVENUE 8,650457,WEST BRICKVILLE @ BUKIT BATOK,1.35393914173101,103.737358494456,name_change,NIL,1.35393914173101,103.737358494456,,False,457 Bukit Batok West Avenue 8,"457 Bukit Batok West Avenue 8, Singapore 650457"
473,TAMPINES STREET 43,520473,LOVESHINE CHILDCARE PTE. LTD.,1.35949891957183,103.95312653001,name_change,NIL,1.35934963172793,103.953269398068,,True,Loveshine Childcare Pte. Ltd.,"473 Tampines Street 43 Loveshine Childcare Pte. Ltd., Singapore 520473"
994A,JURONG WEST STREET 93,641994,JURONG WEST CRYSTAL,1.33617622927297,103.693240168615,name_change,NIL,1.33617622927297,103.693240168615,,False,994A Jurong West Street 93,"994A Jurong West Street 93, Singapore 641994"
21,SHELFORD ROAD,288411,21 SHELFORD,1.32740019884468,103.812256773798,name_change,KELLET COURT,1.32740019884468,103.812256773798,,False,21 Shelford Road,"21 Shelford Road, Singapore 288411"
35,JALAN PARI DEDAP,488626,PEAKVIEW ESTATE,1.33244853432236,103.942714441324,name_change,NIL,1.33243749418889,103.942786988397,,False,35 Jalan Pari Dedap,"35 Jalan Pari Dedap, Singapore 488626"
497H,TAMPINES STREET 45,526497,CHILDREN PRIMARYLAND PTE LTD,1.35964878687617,103.95990822475,name_change,NIL,1.35991572142856,103.960059381091,,False,497H Tampines Street 45,"497H Tampines Street 45, Singapore 526497"
50A,GHIM MOH CLOSE,271050,GHIM MOH NATURA,1.30970134638704,103.790422390773,name_change,NIL,1.30970134638704,103.790422390773,,False,50A Ghim Moh Close,"50A Ghim Moh Close, Singapore 271050"
522A,YISHUN STREET 53,761522,VANDA BREEZE @ YISHUN,1.42244816684334,103.852395069678,name_change,NIL,1.42244816684334,103.852395069678,,False,522A Yishun Street 53,"522A Yishun Street 53, Singapore 761522"
223,GUILLEMARD ROAD,399738,MORI,1.31131219787605,103.882972095616,name_change,NIL,1.31123492835897,103.883119307947,,False,223 Guillemard Road,"223 Guillemard Road, Singapore 399738"
238B,THOMSON ROAD,307685,CENTRAL PROVIDENT FUND BOARD (CPFB),1.3193876785315,103.844120677616,name_change,CENTRAL PROVIDENT FUND BOARD (CPF),1.3193876785315,103.844120677616,,False,238B Thomson Road,"238B Thomson Road, Singapore 307685"
3,GHIM MOH ROAD,270003,HOLLAND-BUKIT PANJANG TOWN COUNCIL (GHIM MOH OFFICE),1.31199343267746,103.787127888663,name_change,GHIM MOH GREEN,1.31199891286265,103.787189701148,,True,Holland-bukit Panjang Town Council (ghim Moh Office),"3 Ghim Moh Road Holland-bukit Panjang Town Council (ghim Moh Office), Singapore 270003"
12,UPPER WILKIE ROAD,229503,WILKIE HILLS,1.30331630150941,103.84784893977,name_change,WILKIE HILLS (U/C),1.30337992076141,103.847870249669,,False,12 Upper Wilkie Road,"12 Upper Wilkie Road, Singapore 229503"
100A,PLANTATION CLOSE,691100,PLANTATION VERGE,1.34909424343995,103.736059300427,name_change,NIL,1.34909424343995,103.736059300427,,False,100A Plantation Close,"100A Plantation Close, Singapore 691100"
458,BUKIT BATOK WEST AVENUE 8,650458,WEST BRICKVILLE @ BUKIT BATOK,1.3541602936949,103.737762969669,name_change,NIL,1.3541602936949,103.737762969669,,False,458 Bukit Batok West Avenue 8,"458 Bukit Batok West Avenue 8, Singapore 650458"
120,SUNSET WAY,597152,CLEMENTI PARK PUMP SUMP,1.32738700011725,103.76673499985,name_change,CLEMENTI PARK,1.32729129241047,103.766803401208,,True,Clementi Park Pump Sump,"120 Sunset Way Clementi Park Pump Sump, Singapore 597152"
126,JALAN RAJAH,320126,RAJAH SUMMIT,1.3285299875695,103.85275874857,name_change,NIL,1.3285299875695,103.85275874857,,False,126 Jalan Rajah,"126 Jalan Rajah, Singapore 320126"
1,MOUNT PLEASANT ROAD,298333,THOMSON POLICE COMPLEX (BLK 1),1.32862230231263,103.837652705219,name_change,THOMSON POLICE COMPLEX (BLK 10 ANNEX),1.33053467731909,103.836685458855,,True,Thomson Police Complex (blk 1),"1 Mount Pleasant Road Thomson Police Complex (blk 1), Singapore 298333"
20,PASIR PANJANG ROAD,117439,MINDCHAMPS PRESCHOOL @ MBC PTE. LTD.,1.27483059979467,103.799145295404,name_change,MAPLETREE BUSINESS CITY,1.27482749239615,103.79906482343,,True,Mindchamps Preschool @ Mbc Pte. Ltd.,"20 Pasir Panjang Road Mindchamps Preschool @ Mbc Pte. Ltd., Singapore 117439"
138,DEPOT ROAD,109683,HEWLETT PACKARD (DEPOT ROAD),1.28301511382069,103.808181799148,name_change,NIL,1.28265878114712,103.808608957521,,True,Hewlett Packard (depot Road),"138 Depot Road Hewlett Packard (depot Road), Singapore 109683"
2,MOULMEIN ROAD,308076,NIL,1.32030365621302,103.851174739453,new_building,,,,,False,2 Moulmein Road,"2 Moulmein Road, Singapore 308076"
43B,LORONG 25 GEYLANG,388309,UNION TROVE,1.31476605478417,103.882298105994,new_building,,,,,False,43B Lorong 25 Geylang,"43B Lorong 25 Geylang, Singapore 388309"
18,JALAN DAMAI,418000,KAKI BUKIT POLYCLINIC,1.33360757028569,103.90999012933,new_building,,,,,True,Kaki Bukit Polyclinic,"18 Jalan Damai Kaki Bukit Polyclinic, Singapore 418000"
11,MACKENZIE ROAD,228675,NIL,1.30434908677393,103.849908918079,name_change,G4 STATION BACKPACKERS HOSTEL,1.30434908677393,103.849908918079,,False,11 Mackenzie Road,"11 Mackenzie Road, Singapore 228675"
33,HONGKONG STREET,59672,NIL,1.28743955874319,103.847130213549,name_change,VINTAGE INN @ CLARKE QUAY,1.28743955874319,103.847130213549,,False,33 Hongkong Street,"33 Hongkong Street, Singapore 59672"
26,CAVAN ROAD,209854,NEST HOTEL,1.31087924800926,103.861821440459,name_change,HOTEL SNOW LAVENDER,1.31087924800926,103.861821440459,,True,Nest Hotel,"26 Cavan Road Nest Hotel, Singapore 209854"
297,LORONG 6 TOA PAYOH,319389,NIL,1.33041404935825,103.851280023328,name_change,TOA PAYOH SPORTS HALL,1.33041404935825,103.851280023328,,False,297 Lorong 6 Toa Payoh,"297 Lorong 6 Toa Payoh, Singapore 319389"
195,SERANGOON ROAD,218067,THE QUAY HOTEL LITTLE INDIA,1.30917901197119,103.853224450863,name_change,BROADWAY HOTEL,1.30917901197119,103.853224450863,,True,The Quay Hotel Little India,"195 Serangoon Road The Quay Hotel Little India, Singapore 218067"
44,HORNE ROAD,209067,NIL,1.3093266719998,103.862062340721,name_change,NETWORK COURIER BUILDING,1.3093266719998,103.862062340721,,False,44 Horne Road,"44 Horne Road, Singapore 209067"
