blk_no,street,postal_code,name,lat,lon,change_type,prev_name,prev_lat,prev_lon,location_change_meters,is_non_residential,name_formatted,address_formatted
59,MARINA COASTAL DRIVE,19964,NIL,1.26797299807086,103.859122035309,new_building,,,,,False,59 Marina Coastal Drive,"59 Marina Coastal Drive, Singapore 19964"
70,TELOK AYER STREET,48458,AMOY HOTEL,1.28303335965486,103.848666383796,new_building,,,,,True,Amoy Hotel,"70 Telok Ayer Street Amoy Hotel, Singapore 48458"
3,PRINCE EDWARD ROAD,69835,THE SKYWATERS,1.27572262809462,103.847266612595,new_building,,,,,False,3 Prince Edward Road,"3 Prince Edward Road, Singapore 69835"
8A,SHENTON WAY,69846,THE SKYWATERS,1.27572262809462,103.847266612595,new_building,,,,,False,8A Shenton Way,"8A Shenton Way, Singapore 69846"
437,CLEMENTI CLOSE,120437,CLEMENTI EMERALD,1.31664918422922,103.762051682614,new_building,,,,,False,437 Clementi Close,"437 Clementi Close, Singapore 120437"
438,CLEMENTI CLOSE,120438,CLEMENTI EMERALD,1.31729073830566,103.762656171406,new_building,,,,,False,438 Clementi Close,"438 Clementi Close, Singapore 120438"
437A,CLEMENTI CLOSE,121437,CLEMENTI EMERALD,1.31647266685186,103.762961522245,new_building,,,,,False,437A Clementi Close,"437A Clementi Close, Singapore 121437"
438A,CLEMENTI CLOSE,121438,CLEMENTI EMERALD,1.31686971326399,103.762723628508,new_building,,,,,False,438A Clementi Close,"438A Clementi Close, Singapore 121438"
437B,CLEMENTI CLOSE,122437,CLEMENTI EMERALD,1.31662373060985,103.762393868662,new_building,,,,,False,437B Clementi Close,"437B Clementi Close, Singapore 122437"
438B,CLEMENTI CLOSE,122438,CLEMENTI EMERALD,1.31725205617556,103.762959005306,new_building,,,,,False,438B Clementi Close,"438B Clementi Close, Singapore 122438"
185,MEI CHIN ROAD,140185,STIRLING HORIZON,1.29200741192021,103.800962553555,new_building,,,,,False,185 Mei Chin Road,"185 Mei Chin Road, Singapore 140185"
186,MEI CHIN ROAD,140186,STIRLING HORIZON,1.29166535542444,103.801236930997,new_building,,,,,False,186 Mei Chin Road,"186 Mei Chin Road, Singapore 140186"
187,MEI CHIN ROAD,140187,STIRLING HORIZON,1.29301990039928,103.801810807466,new_building,,,,,False,187 Mei Chin Road,"187 Mei Chin Road, Singapore 140187"
189,MEI CHIN ROAD,140189,STIRLING HORIZON,1.29381487720351,103.801889533735,new_building,,,,,False,189 Mei Chin Road,"189 Mei Chin Road, Singapore 140189"
190,MEI CHIN ROAD,140190,STIRLING HORIZON,1.29413953888947,103.802034176316,new_building,,,,,False,190 Mei Chin Road,"190 Mei Chin Road, Singapore 140190"
186A,MEI CHIN ROAD,141186,STIRLING HORIZON,1.29206919022228,103.801396859311,new_building,,,,,False,186A Mei Chin Road,"186A Mei Chin Road, Singapore 141186"
187A,MEI CHIN ROAD,141187,STIRLING HORIZON,1.29333044071733,103.801842672075,new_building,,,,,False,187A Mei Chin Road,"187A Mei Chin Road, Singapore 141187"
186B,MEI CHIN ROAD,142186,STIRLING HORIZON,1.29272711304594,103.801627215937,new_building,,,,,False,186B Mei Chin Road,"186B Mei Chin Road, Singapore 142186"
523,UPPER CHANGI ROAD,142945,NIL,1.33553516929138,103.952775835916,new_building,,,,,False,523 Upper Changi Road,"523 Upper Changi Road, Singapore 142945"
7,KIM SENG ROAD,169556,ZYON GALLERIA,1.29057222318949,103.833663072327,new_building,,,,,False,7 Kim Seng Road,"7 Kim Seng Road, Singapore 169556"
253,VICTORIA STREET,188068,BUGIS VILLAGE,1.30090252607461,103.855262679246,new_building,,,,,False,253 Victoria Street,"253 Victoria Street, Singapore 188068"
65,QUEEN STREET,188544,BUGIS VILLAGE,1.30089736824545,103.854869709434,new_building,,,,,False,65 Queen Street,"65 Queen Street, Singapore 188544"
66,QUEEN STREET,188545,BUGIS VILLAGE,1.30089736824545,103.854869709434,new_building,,,,,False,66 Queen Street,"66 Queen Street, Singapore 188545"
67,QUEEN STREET,188546,BUGIS VILLAGE,1.30089736824545,103.854869709434,new_building,,,,,False,67 Queen Street,"67 Queen Street, Singapore 188546"
20,CRAWFORD STREET,190020,CRAWFORD HEIGHTS,1.30563432294019,103.864739448575,new_building,,,,,False,20 Crawford Street,"20 Crawford Street, Singapore 190020"
21,CRAWFORD STREET,190021,CRAWFORD HEIGHTS,1.30501456390922,103.864674954432,new_building,,,,,False,21 Crawford Street,"21 Crawford Street, Singapore 190021"
20A,CRAWFORD STREET,191020,CRAWFORD HEIGHTS,1.30519457504196,103.864786099367,new_building,,,,,False,20A Crawford Street,"20A Crawford Street, Singapore 191020"
598,SERANGOON ROAD,218210,NIL,1.31522075766025,103.858397109361,new_building,,,,,False,598 Serangoon Road,"598 Serangoon Road, Singapore 218210"
100A,NORFOLK ROAD,219833,NIL,1.31570075546604,103.847354541269,new_building,,,,,False,100A Norfolk Road,"100A Norfolk Road, Singapore 219833"
23,HERTFORD ROAD,219907,NIL,1.31315416408335,103.848215870566,new_building,,,,,False,23 Hertford Road,"23 Hertford Road, Singapore 219907"
27,HERTFORD ROAD,219908,NIL,1.31324129713639,103.848303346261,new_building,,,,,False,27 Hertford Road,"27 Hertford Road, Singapore 219908"
29,MACKENZIE ROAD,228683,MACKENZIE REGENCY,1.30465722284432,103.849480361389,new_building,,,,,False,29 Mackenzie Road,"29 Mackenzie Road, Singapore 228683"
17,UNITY STREET,239595,ROBERTSON WALK,1.29173909592834,103.841194495006,new_building,,,,,False,17 Unity Street,"17 Unity Street, Singapore 239595"
111,TANGLIN ROAD,240111,ALEXANDRA VISTA,1.29343629413741,103.81622390245,new_building,,,,,False,111 Tanglin Road,"111 Tanglin Road, Singapore 240111"
112,TANGLIN ROAD,240112,ALEXANDRA VISTA,1.29304343218374,103.81674358779,new_building,,,,,False,112 Tanglin Road,"112 Tanglin Road, Singapore 240112"
111A,TANGLIN ROAD,241111,ALEXANDRA VISTA,1.29370691110386,103.816326985176,new_building,,,,,False,111A Tanglin Road,"111A Tanglin Road, Singapore 241111"
112A,TANGLIN ROAD,241112,ALEXANDRA VISTA,1.29292792023667,103.817179588292,new_building,,,,,False,112A Tanglin Road,"112A Tanglin Road, Singapore 241112"
111B,TANGLIN ROAD,242111,ALEXANDRA VISTA,1.29313079573355,103.816174023979,new_building,,,,,False,111B Tanglin Road,"111B Tanglin Road, Singapore 242111"
1,ZION CLOSE,247811,MILL POINT,1.29290709268773,103.830450365955,new_building,,,,,False,1 Zion Close,"1 Zion Close, Singapore 247811"
7A,TANGLIN HILL,248042,TANGLIN BRUNEI HOSTEL,1.30250096960999,103.813976677975,new_building,,,,,False,7A Tanglin Hill,"7A Tanglin Hill, Singapore 248042"
90,FERNHILL ROAD,259131,LADYHILL PARK,1.31181048077139,103.823534083764,new_building,,,,,True,Ladyhill Park,"90 Fernhill Road Ladyhill Park, Singapore 259131"
67,HOLLAND VILLAGE WAY,270067,HOLLAND VISTA,1.31049760838052,103.793732082564,new_building,,,,,False,67 Holland Village Way,"67 Holland Village Way, Singapore 270067"
68,HOLLAND VILLAGE WAY,270068,HOLLAND VISTA,1.31084413667355,103.793148897517,new_building,,,,,False,68 Holland Village Way,"68 Holland Village Way, Singapore 270068"
68A,HOLLAND VILLAGE WAY,271068,HOLLAND VISTA,1.31027378807376,103.793193787236,new_building,,,,,False,68A Holland Village Way,"68A Holland Village Way, Singapore 271068"
23A,MAPLE AVENUE,278529,EDEN PARK,1.33009079564825,103.791924874155,new_building,,,,,True,Eden Park,"23A Maple Avenue Eden Park, Singapore 278529"
444,HOLLAND ROAD,279216,BAN GUAN PARK,1.32276118629116,103.784007423333,new_building,,,,,True,Ban Guan Park,"444 Holland Road Ban Guan Park, Singapore 279216"
79A,HILLCREST ROAD,289359,NIL,1.33187850227672,103.807635780201,new_building,,,,,False,79A Hillcrest Road,"79A Hillcrest Road, Singapore 289359"
15,JALAN SEJARAH,299061,CAPITOL PARK (15),1.3291961824587,103.816887678573,new_building,,,,,True,Capitol Park (15),"15 Jalan Sejarah Capitol Park (15), Singapore 299061"
60A,KHEAM HOCK ROAD,299165,DUNEARN ESTATE,1.32978660619863,103.820134272782,new_building,,,,,False,60A Kheam Hock Road,"60A Kheam Hock Road, Singapore 299165"
2A,JALAN PASIRAN,309297,NIL,1.3189417872467,103.837371433601,new_building,,,,,False,2A Jalan Pasiran,"2A Jalan Pasiran, Singapore 309297"
4,JALAN PASIR RIA,309313,NIL,1.31889798544223,103.837464014124,new_building,,,,,False,4 Jalan Pasir Ria,"4 Jalan Pasir Ria, Singapore 309313"
4A,JALAN PASIR RIA,309314,NIL,1.31886099249219,103.837542202362,new_building,,,,,False,4A Jalan Pasir Ria,"4A Jalan Pasir Ria, Singapore 309314"
10,CHANCERY HILL ROAD,309651,NIL,1.32490441739295,103.839076136395,new_building,,,,,False,10 Chancery Hill Road,"10 Chancery Hill Road, Singapore 309651"
10A,CHANCERY HILL ROAD,309652,NIL,1.3249498477959,103.839057826928,new_building,,,,,False,10A Chancery Hill Road,"10A Chancery Hill Road, Singapore 309652"
16,DYSON ROAD,309738,NIL,1.32501772540441,103.839266824811,new_building,,,,,False,16 Dyson Road,"16 Dyson Road, Singapore 309738"
8A,CHANCERY HILL ROAD,309831,NIL,1.3248571981644,103.839086213472,new_building,,,,,False,8A Chancery Hill Road,"8A Chancery Hill Road, Singapore 309831"
231,LAVENDER STREET,338779,NIL,1.31484790720171,103.859425468029,new_building,,,,,False,231 Lavender Street,"231 Lavender Street, Singapore 338779"
233,LAVENDER STREET,338780,NIL,1.31488735518082,103.859394401775,new_building,,,,,False,233 Lavender Street,"233 Lavender Street, Singapore 338780"
235,LAVENDER STREET,338781,NIL,1.314919735322,103.859368414815,new_building,,,,,False,235 Lavender Street,"235 Lavender Street, Singapore 338781"
3A,MELROSE DRIVE,359564,BRADDELL HEIGHTS ESTATE,1.34806665665648,103.864864201964,new_building,,,,,False,3A Melrose Drive,"3A Melrose Drive, Singapore 359564"
3B,MELROSE DRIVE,359575,BRADDELL HEIGHTS ESTATE,1.34817585944666,103.864773637043,new_building,,,,,False,3B Melrose Drive,"3B Melrose Drive, Singapore 359575"
115,UPPER ALJUNIED ROAD,367858,BIDADARI PARK CARPARK,1.33920313062044,103.875209943697,new_building,,,,,True,Bidadari Park Carpark,"115 Upper Aljunied Road Bidadari Park Carpark, Singapore 367858"
135,MERPATI ROAD,370135,MERPATI ALCOVE,1.32713410510961,103.881633808549,new_building,,,,,False,135 Merpati Road,"135 Merpati Road, Singapore 370135"
136,MERPATI ROAD,370136,MERPATI ALCOVE,1.32650957507866,103.883052663116,new_building,,,,,False,136 Merpati Road,"136 Merpati Road, Singapore 370136"
135A,MERPATI ROAD,371135,MERPATI ALCOVE,1.3272018308678,103.880966947637,new_building,,,,,False,135A Merpati Road,"135A Merpati Road, Singapore 371135"
136A,MERPATI ROAD,371136,MERPATI ALCOVE,1.32625125043468,103.88348222923,new_building,,,,,False,136A Merpati Road,"136A Merpati Road, Singapore 371136"
68A,JALAN SELAMAT,419383,KIMNAN PARK,1.32620464463369,103.915582646734,new_building,,,,,True,Kimnan Park,"68A Jalan Selamat Kimnan Park, Singapore 419383"
9A,JALAN KRIAN,419625,NIL,1.32443859262476,103.916668915794,new_building,,,,,False,9A Jalan Krian,"9A Jalan Krian, Singapore 419625"
72,LANGSAT ROAD,426739,NIL,1.31521021329006,103.902842637265,new_building,,,,,False,72 Langsat Road,"72 Langsat Road, Singapore 426739"
92,MEYER ROAD,438584,NIL,1.29787324578686,103.893052280555,new_building,,,,,False,92 Meyer Road,"92 Meyer Road, Singapore 438584"
10,FOUNDERS DRIVE,438585,FOUNDERS' MEMORIAL,1.28899993874357,103.869656314982,new_building,,,,,False,10 Founders Drive,"10 Founders Drive, Singapore 438585"
13,JALAN NURI,438661,NIL,1.29823835644396,103.89290073566,new_building,,,,,False,13 Jalan Nuri,"13 Jalan Nuri, Singapore 438661"
47,MEYER ROAD,438662,NIL,1.29658357614391,103.885890481952,new_building,,,,,False,47 Meyer Road,"47 Meyer Road, Singapore 438662"
101A,MARINE PARADE ROAD,449972,NIL,1.3045710281472,103.908025722796,new_building,,,,,False,101A Marine Parade Road,"101A Marine Parade Road, Singapore 449972"
33B,WOO MON CHEW ROAD,456285,NIL,1.31647671504911,103.929276321192,new_building,,,,,False,33B Woo Mon Chew Road,"33B Woo Mon Chew Road, Singapore 456285"
133A,UPPER EAST COAST ROAD,456341,NIL,1.31397385040191,103.930134228373,new_building,,,,,False,133A Upper East Coast Road,"133A Upper East Coast Road, Singapore 456341"
26C,SIGLAP ROAD,456827,MARINE GARDEN,1.31122269638048,103.92548220895,new_building,,,,,True,Marine Garden,"26C Siglap Road Marine Garden, Singapore 456827"
911,BAYSHORE STREET,460911,BAYSHORE VISTA,1.31375126968076,103.946446622606,new_building,,,,,False,911 Bayshore Street,"911 Bayshore Street, Singapore 460911"
912,BAYSHORE STREET,460912,BAYSHORE VISTA,1.313392078507,103.946555481344,new_building,,,,,False,912 Bayshore Street,"912 Bayshore Street, Singapore 460912"
913,BAYSHORE STREET,460913,BAYSHORE VISTA,1.31275165877252,103.946555613266,new_building,,,,,False,913 Bayshore Street,"913 Bayshore Street, Singapore 460913"
914,BAYSHORE STREET,460914,BAYSHORE PALMS,1.31542551757733,103.945447380085,new_building,,,,,False,914 Bayshore Street,"914 Bayshore Street, Singapore 460914"
915,BAYSHORE STREET,460915,BAYSHORE PALMS,1.31491722522744,103.945972378629,new_building,,,,,False,915 Bayshore Street,"915 Bayshore Street, Singapore 460915"
916,BAYSHORE STREET,460916,BAYSHORE PALMS,1.31451801318179,103.944920954773,new_building,,,,,False,916 Bayshore Street,"916 Bayshore Street, Singapore 460916"
911A,BAYSHORE STREET,461911,BAYSHORE VISTA,1.31403525029124,103.946189815615,new_building,,,,,False,911A Bayshore Street,"911A Bayshore Street, Singapore 461911"
912A,BAYSHORE STREET,461912,BAYSHORE VISTA,1.31319171257396,103.946274938838,new_building,,,,,False,912A Bayshore Street,"912A Bayshore Street, Singapore 461912"
914A,BAYSHORE STREET,461914,BAYSHORE PALMS,1.31501908512726,103.94482207556,new_building,,,,,False,914A Bayshore Street,"914A Bayshore Street, Singapore 461914"
915A,BAYSHORE STREET,461915,BAYSHORE PALMS,1.31516443264412,103.945955700115,new_building,,,,,False,915A Bayshore Street,"915A Bayshore Street, Singapore 461915"
916A,BAYSHORE STREET,461916,BAYSHORE PALMS,1.31482300480407,103.945230110517,new_building,,,,,False,916A Bayshore Street,"916A Bayshore Street, Singapore 461916"
911B,BAYSHORE STREET,462911,BAYSHORE VISTA,1.31355090428618,103.946166080337,new_building,,,,,False,911B Bayshore Street,"911B Bayshore Street, Singapore 462911"
912B,BAYSHORE STREET,462912,BAYSHORE VISTA,1.31299426968515,103.945634034803,new_building,,,,,False,912B Bayshore Street,"912B Bayshore Street, Singapore 462912"
915B,BAYSHORE STREET,462915,BAYSHORE PALMS,1.31450986650245,103.946032257691,new_building,,,,,False,915B Bayshore Street,"915B Bayshore Street, Singapore 462915"
916B,BAYSHORE STREET,462916,BAYSHORE PALMS,1.31439316936174,103.945259803832,new_building,,,,,False,916B Bayshore Street,"916B Bayshore Street, Singapore 462916"
911C,BAYSHORE STREET,463911,BAYSHORE VISTA,1.31385449810468,103.94558812482,new_building,,,,,False,911C Bayshore Street,"911C Bayshore Street, Singapore 463911"
912C,BAYSHORE STREET,463912,BAYSHORE VISTA,1.31335221035622,103.945532644247,new_building,,,,,False,912C Bayshore Street,"912C Bayshore Street, Singapore 463912"
109,TANAH MERAH KECHIL ROAD SOUTH,468466,NIL,1.32297222834798,103.94612851111,new_building,,,,,False,109 Tanah Merah Kechil Road South,"109 Tanah Merah Kechil Road South, Singapore 468466"
111,TANAH MERAH KECHIL ROAD SOUTH,468467,NIL,1.32291688757794,103.946164747163,new_building,,,,,False,111 Tanah Merah Kechil Road South,"111 Tanah Merah Kechil Road South, Singapore 468467"
113,TANAH MERAH KECHIL ROAD SOUTH,468468,NIL,1.32285800909918,103.94620077989,new_building,,,,,False,113 Tanah Merah Kechil Road South,"113 Tanah Merah Kechil Road South, Singapore 468468"
523A,UPPER CHANGI ROAD,488478,NIL,1.33555619698247,103.952823706114,new_building,,,,,False,523A Upper Changi Road,"523A Upper Changi Road, Singapore 488478"
523C,UPPER CHANGI ROAD,488479,NIL,1.33556689846406,103.952864566481,new_building,,,,,False,523C Upper Changi Road,"523C Upper Changi Road, Singapore 488479"
58A,MERAGI ROAD,488904,EAST VIEW GARDEN,1.34343330444767,103.960253021787,new_building,,,,,True,East View Garden,"58A Meragi Road East View Garden, Singapore 488904"
89A,CHANGI BUSINESS PARK CENTRAL 2,489719,NIL,1.34252012769331,103.967479036134,new_building,,,,,True,Changi Business Park Central 2,"89A Changi Business Park Central 2, Singapore 489719"
95,TANAH MERAH COAST ROAD,499853,NIL,1.3138596110704,104.00769057528,new_building,,,,,False,95 Tanah Merah Coast Road,"95 Tanah Merah Coast Road, Singapore 499853"
32,JALAN LOYANG BESAR,508806,COASTAL CABANA,1.37610845711924,103.956614203743,new_building,,,,,False,32 Jalan Loyang Besar,"32 Jalan Loyang Besar, Singapore 508806"
22,JALAN LOYANG BESAR,508826,COASTAL CABANA,1.37637543146253,103.957117218296,new_building,,,,,False,22 Jalan Loyang Besar,"22 Jalan Loyang Besar, Singapore 508826"
24,JALAN LOYANG BESAR,508827,COASTAL CABANA,1.37638115760527,103.95732784366,new_building,,,,,False,24 Jalan Loyang Besar,"24 Jalan Loyang Besar, Singapore 508827"
26,JALAN LOYANG BESAR,508828,COASTAL CABANA,1.37612982472101,103.957337135905,new_building,,,,,False,26 Jalan Loyang Besar,"26 Jalan Loyang Besar, Singapore 508828"
28,JALAN LOYANG BESAR,508829,COASTAL CABANA,1.37612396417596,103.957126484446,new_building,,,,,False,28 Jalan Loyang Besar,"28 Jalan Loyang Besar, Singapore 508829"
30,JALAN LOYANG BESAR,508830,COASTAL CABANA,1.37611394638989,103.956832784466,new_building,,,,,False,30 Jalan Loyang Besar,"30 Jalan Loyang Besar, Singapore 508830"
12,JALAN LOYANG BESAR,508831,COASTAL CABANA,1.37662802951639,103.957108334064,new_building,,,,,False,12 Jalan Loyang Besar,"12 Jalan Loyang Besar, Singapore 508831"
14,JALAN LOYANG BESAR,508832,COASTAL CABANA,1.3766191992958,103.956817740086,new_building,,,,,False,14 Jalan Loyang Besar,"14 Jalan Loyang Besar, Singapore 508832"
16,JALAN LOYANG BESAR,508833,COASTAL CABANA,1.37661485259786,103.956598933361,new_building,,,,,False,16 Jalan Loyang Besar,"16 Jalan Loyang Besar, Singapore 508833"
18,JALAN LOYANG BESAR,508834,COASTAL CABANA,1.37636040774502,103.956606374702,new_building,,,,,False,18 Jalan Loyang Besar,"18 Jalan Loyang Besar, Singapore 508834"
20,JALAN LOYANG BESAR,508835,COASTAL CABANA,1.37636567446197,103.956825109921,new_building,,,,,False,20 Jalan Loyang Besar,"20 Jalan Loyang Besar, Singapore 508835"
2,JALAN LOYANG BESAR,508855,COASTAL CABANA,1.37686790443313,103.956591377718,new_building,,,,,False,2 Jalan Loyang Besar,"2 Jalan Loyang Besar, Singapore 508855"
4,JALAN LOYANG BESAR,508856,COASTAL CABANA,1.37687244109605,103.95681025655,new_building,,,,,False,4 Jalan Loyang Besar,"4 Jalan Loyang Besar, Singapore 508856"
6,JALAN LOYANG BESAR,508857,COASTAL CABANA,1.37688140443087,103.957099275806,new_building,,,,,False,6 Jalan Loyang Besar,"6 Jalan Loyang Besar, Singapore 508857"
8,JALAN LOYANG BESAR,508858,COASTAL CABANA,1.37688643037287,103.957309736087,new_building,,,,,False,8 Jalan Loyang Besar,"8 Jalan Loyang Besar, Singapore 508858"
10,JALAN LOYANG BESAR,508859,COASTAL CABANA,1.37663279102964,103.957318884334,new_building,,,,,False,10 Jalan Loyang Besar,"10 Jalan Loyang Besar, Singapore 508859"
10,CHANGI CREEK WAY,508881,NIL,1.38884572355937,103.997852990248,new_building,,,,,False,10 Changi Creek Way,"10 Changi Creek Way, Singapore 508881"
49,CHANGI VILLAGE ROAD,509970,SREE RAMAR TEMPLE,1.38712234075316,103.986879891682,new_building,,,,,True,Sree Ramar Temple,"49 Changi Village Road Sree Ramar Temple, Singapore 509970"
591,PASIR RIS GREEN,510591,COSTA RIVIERA I,1.37606820940475,103.949576838157,new_building,,,,,False,591 Pasir Ris Green,"591 Pasir Ris Green, Singapore 510591"
592,PASIR RIS GREEN,510592,COSTA RIVIERA I,1.37550455110335,103.949667480585,new_building,,,,,False,592 Pasir Ris Green,"592 Pasir Ris Green, Singapore 510592"
593,PASIR RIS DRIVE 3,510593,COSTA RIVIERA II,1.37545424274403,103.950466878593,new_building,,,,,False,593 Pasir Ris Drive 3,"593 Pasir Ris Drive 3, Singapore 510593"
594,PASIR RIS DRIVE 3,510594,COSTA RIVIERA II,1.37535196931972,103.952122333332,new_building,,,,,False,594 Pasir Ris Drive 3,"594 Pasir Ris Drive 3, Singapore 510594"
591A,PASIR RIS GREEN,511591,COSTA RIVIERA I,1.37644855305153,103.949402261353,new_building,,,,,False,591A Pasir Ris Green,"591A Pasir Ris Green, Singapore 511591"
592A,PASIR RIS GREEN,511592,COSTA RIVIERA I,1.37568294930619,103.949039878381,new_building,,,,,False,592A Pasir Ris Green,"592A Pasir Ris Green, Singapore 511592"
593A,PASIR RIS DRIVE 3,511593,COSTA RIVIERA II,1.37538248923577,103.950988231721,new_building,,,,,False,593A Pasir Ris Drive 3,"593A Pasir Ris Drive 3, Singapore 511593"
594A,PASIR RIS DRIVE 3,511594,COSTA RIVIERA II,1.37542761569179,103.95179003509,new_building,,,,,False,594A Pasir Ris Drive 3,"594A Pasir Ris Drive 3, Singapore 511594"
591B,PASIR RIS GREEN,512591,COSTA RIVIERA I,1.37650971575074,103.949648644396,new_building,,,,,False,591B Pasir Ris Green,"591B Pasir Ris Green, Singapore 512591"
592B,PASIR RIS GREEN,512592,COSTA RIVIERA I,1.37554909163641,103.949440198687,new_building,,,,,False,592B Pasir Ris Green,"592B Pasir Ris Green, Singapore 512592"
593B,PASIR RIS DRIVE 3,512593,COSTA RIVIERA II,1.37591377858228,103.950784460707,new_building,,,,,False,593B Pasir Ris Drive 3,"593B Pasir Ris Drive 3, Singapore 512593"
594B,PASIR RIS DRIVE 3,512594,COSTA RIVIERA II,1.37571951911138,103.952205360378,new_building,,,,,False,594B Pasir Ris Drive 3,"594B Pasir Ris Drive 3, Singapore 512594"
593C,PASIR RIS DRIVE 3,513593,COSTA RIVIERA II,1.37591376174844,103.951123776025,new_building,,,,,False,593C Pasir Ris Drive 3,"593C Pasir Ris Drive 3, Singapore 513593"
169,SIMEI ROAD,520169,SIMEI SYMPHONY,1.341616865871,103.959205220451,new_building,,,,,False,169 Simei Road,"169 Simei Road, Singapore 520169"
170,SIMEI ROAD,520170,SIMEI SYMPHONY,1.34038768799915,103.960620198556,new_building,,,,,False,170 Simei Road,"170 Simei Road, Singapore 520170"
169A,SIMEI ROAD,521169,SIMEI SYMPHONY,1.34084694038326,103.959684265762,new_building,,,,,False,169A Simei Road,"169A Simei Road, Singapore 521169"
170A,SIMEI ROAD,521170,SIMEI SYMPHONY,1.3404634899162,103.960300758915,new_building,,,,,False,170A Simei Road,"170A Simei Road, Singapore 521170"
169B,SIMEI ROAD,522169,SIMEI SYMPHONY,1.34108687225081,103.960040323594,new_building,,,,,False,169B Simei Road,"169B Simei Road, Singapore 522169"
170B,SIMEI ROAD,522170,SIMEI SYMPHONY,1.34093766551234,103.960317686332,new_building,,,,,False,170B Simei Road,"170B Simei Road, Singapore 522170"
545,UPPER SERANGOON ROAD,534554,NIL,1.34663246293281,103.871402999253,new_building,,,,,False,545 Upper Serangoon Road,"545 Upper Serangoon Road, Singapore 534554"
1,SERANGOON RIVER ROAD,536012,DEFU MRT STATION (CR07),1.362556148341,103.898195425088,new_building,,,,,True,Defu MRT Station (cr07),"1 Serangoon River Road Defu MRT Station (cr07), Singapore 536012"
600A,KALLANG PAYA LEBAR EXPRESSWAY,536013,NIL,1.35116277192592,103.898652410474,new_building,,,,,True,Kallang Paya Lebar Expressway,"600A Kallang Paya Lebar Expressway, Singapore 536013"
1,LORONG LOW KOON,537197,NIL,1.36697658244979,103.892719402463,new_building,,,,,False,1 Lorong Low Koon,"1 Lorong Low Koon, Singapore 537197"
12A,ROSYTH ROAD,546388,NIL,1.36254760582586,103.874791354897,new_building,,,,,False,12A Rosyth Road,"12A Rosyth Road, Singapore 546388"
50,HILLSIDE DRIVE,548917,NIL,1.35963047895657,103.87589273675,new_building,,,,,False,50 Hillside Drive,"50 Hillside Drive, Singapore 548917"
50A,HILLSIDE DRIVE,548918,NIL,1.35968033487656,103.875853564644,new_building,,,,,False,50A Hillside Drive,"50A Hillside Drive, Singapore 548918"
50B,HILLSIDE DRIVE,548919,NIL,1.35971843654824,103.875808082715,new_building,,,,,False,50B Hillside Drive,"50B Hillside Drive, Singapore 548919"
31,COWDRAY AVENUE,558032,SERANGOON GARDEN ESTATE,1.36677661259101,103.865047651374,new_building,,,,,True,Serangoon Garden Estate,"31 Cowdray Avenue Serangoon Garden Estate, Singapore 558032"
2G,BURGHLEY DRIVE,559496,NIL,1.35656003706181,103.865425454389,new_building,,,,,False,2G Burghley Drive,"2G Burghley Drive, Singapore 559496"
8A,BRIGHTON CRESCENT,559592,NIL,1.36265747015012,103.869703996872,new_building,,,,,False,8A Brighton Crescent,"8A Brighton Crescent, Singapore 559592"
8B,BRIGHTON CRESCENT,559593,NIL,1.36261678972016,103.869661630751,new_building,,,,,False,8B Brighton Crescent,"8B Brighton Crescent, Singapore 559593"
3B,BERWICK DRIVE,559890,SERANGOON GARDEN ESTATE,1.36526446637777,103.861920424021,new_building,,,,,True,Serangoon Garden Estate,"3B Berwick Drive Serangoon Garden Estate, Singapore 559890"
3C,BERWICK DRIVE,559991,SERANGOON GARDEN ESTATE,1.36521406405494,103.861866274939,new_building,,,,,True,Serangoon Garden Estate,"3C Berwick Drive Serangoon Garden Estate, Singapore 559991"
3D,BERWICK DRIVE,559992,SERANGOON GARDEN ESTATE,1.36516989243392,103.861812394103,new_building,,,,,True,Serangoon Garden Estate,"3D Berwick Drive Serangoon Garden Estate, Singapore 559992"
3E,BERWICK DRIVE,559993,SERANGOON GARDEN ESTATE,1.3651275476972,103.861759116811,new_building,,,,,True,Serangoon Garden Estate,"3E Berwick Drive Serangoon Garden Estate, Singapore 559993"
733,ANG MO KIO CENTRAL 3,560733,CENTRAL TRIO @ AMK,1.37546797775142,103.845991716704,new_building,,,,,False,733 Ang Mo Kio Central 3,"733 Ang Mo Kio Central 3, Singapore 560733"
734,ANG MO KIO CENTRAL 3,560734,CENTRAL TRIO @ AMK,1.37546770688654,103.845334776514,new_building,,,,,False,734 Ang Mo Kio Central 3,"734 Ang Mo Kio Central 3, Singapore 560734"
733A,ANG MO KIO CENTRAL 3,561733,CENTRAL TRIO @ AMK,1.3752785224134,103.845771330523,new_building,,,,,False,733A Ang Mo Kio Central 3,"733A Ang Mo Kio Central 3, Singapore 561733"
734A,ANG MO KIO CENTRAL 3,561734,CENTRAL TRIO @ AMK,1.37568331719343,103.845759740296,new_building,,,,,False,734A Ang Mo Kio Central 3,"734A Ang Mo Kio Central 3, Singapore 561734"
733B,ANG MO KIO CENTRAL 3,562733,CENTRAL TRIO @ AMK,1.37539266524954,103.846367383173,new_building,,,,,False,733B Ang Mo Kio Central 3,"733B Ang Mo Kio Central 3, Singapore 562733"
29,MAYFLOWER ROAD,568618,MAYFLOWER GARDENS,1.3706182493137,103.840620721798,new_building,,,,,True,Mayflower Gardens,"29 Mayflower Road Mayflower Gardens, Singapore 568618"
80,ANG MO KIO AVENUE 3,569942,ANG MO KIO MRT STATION (CR11),1.36929944845386,103.850774632986,new_building,,,,,True,Ang Mo Kio MRT Station (cr11),"80 Ang Mo Kio Avenue 3 Ang Mo Kio MRT Station (cr11), Singapore 569942"
51,UPPER THOMSON ROAD,575557,SAINT THERESA'S HOME,1.34677294656636,103.83627950477,new_building,,,,,False,51 Upper Thomson Road,"51 Upper Thomson Road, Singapore 575557"
9L,JALAN BERJAYA,578703,THOMSON RISE ESTATE,1.35366630255264,103.844560733627,new_building,,,,,False,9L Jalan Berjaya,"9L Jalan Berjaya, Singapore 578703"
13,GARDENIA ROAD,578970,ADELPHI PARK ESTATE,1.35594269693406,103.829158372991,new_building,,,,,True,Adelphi Park Estate,"13 Gardenia Road Adelphi Park Estate, Singapore 578970"
100,UPPER BUKIT TIMAH ROAD,589682,BEAUTY WORLD INTEGRATED TRANSPORT HUB,1.33955024942863,103.777099720073,new_building,,,,,True,Beauty World Integrated Transport Hub,"100 Upper Bukit Timah Road Beauty World Integrated Transport Hub, Singapore 589682"
338A,JURONG EAST AVENUE 1,601338,NIL,1.35048950673869,103.730974523701,new_building,,,,,False,338A Jurong East Avenue 1,"338A Jurong East Avenue 1, Singapore 601338"
133,YUNG HO WALK,610133,TAMAN JURONG SKYLINE,1.32747623308089,103.728564512384,new_building,,,,,False,133 Yung Ho Walk,"133 Yung Ho Walk, Singapore 610133"
134,YUNG HO WALK,610134,TAMAN JURONG SKYLINE,1.32633889947369,103.727908876713,new_building,,,,,False,134 Yung Ho Walk,"134 Yung Ho Walk, Singapore 610134"
135,YUNG HO WALK,610135,TAMAN JURONG SKYLINE,1.32682384134343,103.728021393275,new_building,,,,,False,135 Yung Ho Walk,"135 Yung Ho Walk, Singapore 610135"
136,YUNG HO WALK,610136,TAMAN JURONG SKYLINE,1.32703832995407,103.727132087974,new_building,,,,,False,136 Yung Ho Walk,"136 Yung Ho Walk, Singapore 610136"
66A,YUNG KUANG ROAD,611066,NIL,1.33178150391025,103.723126159943,new_building,,,,,False,66A Yung Kuang Road,"66A Yung Kuang Road, Singapore 611066"
134A,YUNG HO WALK,611134,TAMAN JURONG SKYLINE,1.32684262698942,103.729027928457,new_building,,,,,False,134A Yung Ho Walk,"134A Yung Ho Walk, Singapore 611134"
135A,YUNG HO WALK,611135,TAMAN JURONG SKYLINE,1.32708655370641,103.727908584787,new_building,,,,,False,135A Yung Ho Walk,"135A Yung Ho Walk, Singapore 611135"
136A,YUNG HO WALK,611136,TAMAN JURONG SKYLINE,1.32685900177839,103.72688479493,new_building,,,,,False,136A Yung Ho Walk,"136A Yung Ho Walk, Singapore 611136"
134B,YUNG HO WALK,612134,TAMAN JURONG SKYLINE,1.32709713106073,103.728479494873,new_building,,,,,False,134B Yung Ho Walk,"134B Yung Ho Walk, Singapore 612134"
135B,YUNG HO WALK,612135,TAMAN JURONG SKYLINE,1.32653390087073,103.727561450681,new_building,,,,,False,135B Yung Ho Walk,"135B Yung Ho Walk, Singapore 612135"
6A,YUNG HO ROAD,619662,NIL,1.32624862671464,103.721466445308,new_building,,,,,False,6A Yung Ho Road,"6A Yung Ho Road, Singapore 619662"
21,JALAN TUKANG,619794,NIL,1.32584264879262,103.713262562916,new_building,,,,,False,21 Jalan Tukang,"21 Jalan Tukang, Singapore 619794"
2G,JALAN PAPAN,619834,ASPRI-D WALL PAPAN,1.32198602299754,103.730623059032,new_building,,,,,False,2G Jalan Papan,"2G Jalan Papan, Singapore 619834"
2E,JALAN PAPAN,619835,NIL,1.32114360401159,103.7291442685,new_building,,,,,False,2E Jalan Papan,"2E Jalan Papan, Singapore 619835"
23,LOK YANG WAY,628638,LOK YANG CONNECTION,1.32412448011225,103.68577119539,new_building,,,,,False,23 Lok Yang Way,"23 Lok Yang Way, Singapore 628638"
10A,TUAS SOUTH AVENUE 12,637132,NIL,1.28354928936787,103.624116353552,new_building,,,,,False,10A Tuas South Avenue 12,"10A Tuas South Avenue 12, Singapore 637132"
6,TUAS VIEW DRIVE,639061,NIL,1.28831344686817,103.628522939619,new_building,,,,,False,6 Tuas View Drive,"6 Tuas View Drive, Singapore 639061"
24,TUAS SOUTH AVENUE 10,639064,NIL,1.28543533094931,103.624605189813,new_building,,,,,False,24 Tuas South Avenue 10,"24 Tuas South Avenue 10, Singapore 639064"
2A,TUAS WEST DRIVE,639561,NIL,1.34489812545012,103.638465792323,new_building,,,,,False,2A Tuas West Drive,"2A Tuas West Drive, Singapore 639561"
18,NANYANG AVENUE,639957,NANYANG GATEWAY MRT STATION (JW3),1.35368874857238,103.686606816138,new_building,,,,,True,Nanyang Gateway MRT Station (jw3),"18 Nanyang Avenue Nanyang Gateway MRT Station (jw3), Singapore 639957"
427A,JURONG WEST AVENUE 1,641427,NIL,1.35105663344621,103.725574691858,new_building,,,,,False,427A Jurong West Avenue 1,"427A Jurong West Avenue 1, Singapore 641427"
500,JALAN BAHAR,649920,NIL,1.37500619961016,103.697026181968,new_building,,,,,False,500 Jalan Bahar,"500 Jalan Bahar, Singapore 649920"
10,BUKIT BATOK WEST AVENUE 9,659839,NIL,1.35346842107271,103.741220066149,new_building,,,,,False,10 Bukit Batok West Avenue 9,"10 Bukit Batok West Avenue 9, Singapore 659839"
27,WOODLANDS ROAD,670027,RAIL GREEN II @ CCK,1.38126843472856,103.759167960002,new_building,,,,,False,27 Woodlands Road,"27 Woodlands Road, Singapore 670027"
33,WOODLANDS ROAD,670033,RAIL GREEN II @ CCK,1.38555907921528,103.756521386788,new_building,,,,,False,33 Woodlands Road,"33 Woodlands Road, Singapore 670033"
489,BUKIT PANJANG RING ROAD,670489,BANGKIT BREEZE,1.38194968634665,103.773496606598,new_building,,,,,False,489 Bukit Panjang Ring Road,"489 Bukit Panjang Ring Road, Singapore 670489"
490,BUKIT PANJANG RING ROAD,670490,BANGKIT BREEZE,1.38256871792332,103.773841247418,new_building,,,,,False,490 Bukit Panjang Ring Road,"490 Bukit Panjang Ring Road, Singapore 670490"
491,BUKIT PANJANG RING ROAD,670491,BANGKIT BREEZE,1.3831466872918,103.774139302434,new_building,,,,,False,491 Bukit Panjang Ring Road,"491 Bukit Panjang Ring Road, Singapore 670491"
489A,BUKIT PANJANG RING ROAD,671489,BANGKIT BREEZE,1.38184019106307,103.774157807153,new_building,,,,,False,489A Bukit Panjang Ring Road,"489A Bukit Panjang Ring Road, Singapore 671489"
490A,BUKIT PANJANG RING ROAD,671490,BANGKIT BREEZE,1.38244484000089,103.773368010842,new_building,,,,,False,490A Bukit Panjang Ring Road,"490A Bukit Panjang Ring Road, Singapore 671490"
491A,BUKIT PANJANG RING ROAD,671491,BANGKIT BREEZE,1.38284651167853,103.773657027595,new_building,,,,,False,491A Bukit Panjang Ring Road,"491A Bukit Panjang Ring Road, Singapore 671491"
490B,BUKIT PANJANG RING ROAD,672490,BANGKIT BREEZE,1.38225605196728,103.774101292117,new_building,,,,,False,490B Bukit Panjang Ring Road,"490B Bukit Panjang Ring Road, Singapore 672490"
491B,BUKIT PANJANG RING ROAD,672491,BANGKIT BREEZE,1.38277127481885,103.774045062077,new_building,,,,,False,491B Bukit Panjang Ring Road,"491B Bukit Panjang Ring Road, Singapore 672491"
491C,BUKIT PANJANG RING ROAD,673491,BANGKIT BREEZE,1.38340761352999,103.774123999512,new_building,,,,,False,491C Bukit Panjang Ring Road,"491C Bukit Panjang Ring Road, Singapore 673491"
20A,SEGAR ROAD,679350,NIL,1.39028896209381,103.772000468017,new_building,,,,,False,20A Segar Road,"20A Segar Road, Singapore 679350"
5,TENGAH CLOSE,699853,DEPOT,1.36454585288215,103.711710268206,new_building,,,,,True,Depot,"5 Tengah Close Depot, Singapore 699853"
3,TENGAH CLOSE,699859,DEPOT,1.36350947492623,103.7129205962,new_building,,,,,True,Depot,"3 Tengah Close Depot, Singapore 699859"
21,PLANTATION CRESCENT,699929,TENGAH PLANTATION MRT STATION (JE1),1.35732891143881,103.733467748962,new_building,,,,,True,Tengah Plantation MRT Station (je1),"21 Plantation Crescent Tengah Plantation MRT Station (je1), Singapore 699929"
3,PLANTATION CRESCENT,699930,NIL,1.35443671249018,103.735915712971,new_building,,,,,False,3 Plantation Crescent,"3 Plantation Crescent, Singapore 699930"
25,PLANTATION CRESCENT,699931,NIL,1.35989976464193,103.731417253566,new_building,,,,,False,25 Plantation Crescent,"25 Plantation Crescent, Singapore 699931"
7,NEO TIEW HARVEST LINK,719830,NIL,1.42294242683127,103.722086795982,new_building,,,,,False,7 Neo Tiew Harvest Link,"7 Neo Tiew Harvest Link, Singapore 719830"
14,NEO TIEW LANE 3,719878,NIL,1.42435250837522,103.723373145671,new_building,,,,,False,14 Neo Tiew Lane 3,"14 Neo Tiew Lane 3, Singapore 719878"
103,LIM CHU KANG LANE 3,719969,NIL,1.42920778250016,103.720733361025,new_building,,,,,False,103 Lim Chu Kang Lane 3,"103 Lim Chu Kang Lane 3, Singapore 719969"
219,MARSILING LANE,730219,MARSILING PEAK II,1.44530112419792,103.774606624503,new_building,,,,,False,219 Marsiling Lane,"219 Marsiling Lane, Singapore 730219"
220,MARSILING LANE,730220,MARSILING PEAK II,1.44512138766887,103.775169732351,new_building,,,,,False,220 Marsiling Lane,"220 Marsiling Lane, Singapore 730220"
221,MARSILING LANE,730221,MARSILING PEAK I,1.44454715542128,103.775939810348,new_building,,,,,False,221 Marsiling Lane,"221 Marsiling Lane, Singapore 730221"
223,MARSILING LANE,730223,MARSILING PEAK I,1.44375833929638,103.775917430872,new_building,,,,,False,223 Marsiling Lane,"223 Marsiling Lane, Singapore 730223"
224,MARSILING LANE,730224,MARSILING PEAK II,1.44455478033436,103.774654633986,new_building,,,,,False,224 Marsiling Lane,"224 Marsiling Lane, Singapore 730224"
219A,MARSILING LANE,731219,MARSILING PEAK II,1.44482959522918,103.774614130146,new_building,,,,,False,219A Marsiling Lane,"219A Marsiling Lane, Singapore 731219"
220A,MARSILING LANE,731220,MARSILING PEAK II,1.44474892258905,103.775447387109,new_building,,,,,False,220A Marsiling Lane,"220A Marsiling Lane, Singapore 731220"
221A,MARSILING LANE,731221,MARSILING PEAK I,1.44421869952438,103.775654970045,new_building,,,,,False,221A Marsiling Lane,"221A Marsiling Lane, Singapore 731221"
223A,MARSILING LANE,731223,MARSILING PEAK I,1.44340358002825,103.775723737336,new_building,,,,,False,223A Marsiling Lane,"223A Marsiling Lane, Singapore 731223"
224A,MARSILING LANE,731224,MARSILING PEAK II,1.44427310009469,103.775049640658,new_building,,,,,False,224A Marsiling Lane,"224A Marsiling Lane, Singapore 731224"
223B,MARSILING LANE,732223,MARSILING PEAK I,1.44370858698867,103.775486053342,new_building,,,,,False,223B Marsiling Lane,"223B Marsiling Lane, Singapore 732223"
30A,WOODLANDS CENTRE ROAD,738950,NIL,1.43530999000005,103.772047104776,new_building,,,,,True,Woodlands Centre Road,"30A Woodlands Centre Road, Singapore 738950"
80,WOODLANDS DRIVE 16,738951,NIL,1.43083316720505,103.794704217699,new_building,,,,,False,80 Woodlands Drive 16,"80 Woodlands Drive 16, Singapore 738951"
10A,WOODLANDS STREET 31,739312,WOODLANDS POLYCLINIC ()ANNEX BLOCK),1.43092682518551,103.77474488937,new_building,,,,,True,Woodlands Polyclinic ()annex Block),"10A Woodlands Street 31 Woodlands Polyclinic ()annex Block), Singapore 739312"
1,WOODLANDS CENTRE ROAD,739342,WOODLANDS CHECKPOINT EXTENSION,1.44065359314818,103.770136836671,new_building,,,,,True,Woodlands Checkpoint Extension,"1 Woodlands Centre Road Woodlands Checkpoint Extension, Singapore 739342"
575,SEMBAWANG PLACE,758941,COUNTRYVIEW,1.43801405262269,103.825129921829,new_building,,,,,False,575 Sembawang Place,"575 Sembawang Place, Singapore 758941"
962,BAH SOON PAH ROAD,760962,CHENCHARU VINES,1.42072583825548,103.825486479052,new_building,,,,,False,962 Bah Soon Pah Road,"962 Bah Soon Pah Road, Singapore 760962"
964,BAH SOON PAH ROAD,760964,CHENCHARU VINES,1.42106393776938,103.82604392398,new_building,,,,,False,964 Bah Soon Pah Road,"964 Bah Soon Pah Road, Singapore 760964"
965,BAH SOON PAH ROAD,760965,CHENCHARU VINES,1.42035426748298,103.827006178971,new_building,,,,,False,965 Bah Soon Pah Road,"965 Bah Soon Pah Road, Singapore 760965"
966,BAH SOON PAH ROAD,760966,CHENCHARU GREEN,1.4189978749557,103.827067592197,new_building,,,,,False,966 Bah Soon Pah Road,"966 Bah Soon Pah Road, Singapore 760966"
967,BAH SOON PAH ROAD,760967,CHENCHARU GREEN,1.41925311733324,103.828182030744,new_building,,,,,False,967 Bah Soon Pah Road,"967 Bah Soon Pah Road, Singapore 760967"
968,BAH SOON PAH ROAD,760968,CHENCHARU GREEN,1.41737004036313,103.827919722641,new_building,,,,,False,968 Bah Soon Pah Road,"968 Bah Soon Pah Road, Singapore 760968"
962A,BAH SOON PAH ROAD,761962,CHENCHARU VINES,1.42032575346907,103.825794763621,new_building,,,,,False,962A Bah Soon Pah Road,"962A Bah Soon Pah Road, Singapore 761962"
964A,BAH SOON PAH ROAD,761964,CHENCHARU VINES,1.42123219927695,103.826194232445,new_building,,,,,False,964A Bah Soon Pah Road,"964A Bah Soon Pah Road, Singapore 761964"
965A,BAH SOON PAH ROAD,761965,CHENCHARU VINES,1.42010087410372,103.826494005708,new_building,,,,,False,965A Bah Soon Pah Road,"965A Bah Soon Pah Road, Singapore 761965"
967A,BAH SOON PAH ROAD,761967,CHENCHARU GREEN,1.41904444531015,103.827565007353,new_building,,,,,False,967A Bah Soon Pah Road,"967A Bah Soon Pah Road, Singapore 761967"
968A,BAH SOON PAH ROAD,761968,CHENCHARU GREEN,1.4181146671519,103.827641784944,new_building,,,,,False,968A Bah Soon Pah Road,"968A Bah Soon Pah Road, Singapore 761968"
962B,BAH SOON PAH ROAD,762962,CHENCHARU VINES,1.4206955728468,103.82610762483,new_building,,,,,False,962B Bah Soon Pah Road,"962B Bah Soon Pah Road, Singapore 762962"
964B,BAH SOON PAH ROAD,762964,CHENCHARU VINES,1.42112704205061,103.826625719597,new_building,,,,,False,964B Bah Soon Pah Road,"964B Bah Soon Pah Road, Singapore 762964"
965B,BAH SOON PAH ROAD,762965,CHENCHARU VINES,1.42066241274882,103.826516999299,new_building,,,,,False,965B Bah Soon Pah Road,"965B Bah Soon Pah Road, Singapore 762965"
967B,BAH SOON PAH ROAD,762967,CHENCHARU GREEN,1.41860347567421,103.827491616631,new_building,,,,,False,967B Bah Soon Pah Road,"967B Bah Soon Pah Road, Singapore 762967"
968B,BAH SOON PAH ROAD,762968,CHENCHARU GREEN,1.41766486194769,103.827559452492,new_building,,,,,False,968B Bah Soon Pah Road,"968B Bah Soon Pah Road, Singapore 762968"
965C,BAH SOON PAH ROAD,763965,CHENCHARU VINES,1.42056422590844,103.827090915041,new_building,,,,,False,965C Bah Soon Pah Road,"965C Bah Soon Pah Road, Singapore 763965"
398,PICCADILLY,798368,NIL,1.40931006031432,103.872956345539,new_building,,,,,False,398 Piccadilly,"398 Piccadilly, Singapore 798368"
13,SELETAR AEROSPACE LINK,799306,NIL,1.40435171238615,103.859218264559,new_building,,,,,True,Seletar Aerospace Link,"13 Seletar Aerospace Link, Singapore 799306"
201,JALAN KAYU,799876,NIL,1.39236222072736,103.871699866641,new_building,,,,,False,201 Jalan Kayu,"201 Jalan Kayu, Singapore 799876"
54,POLLEN RISE,804198,POLLEN COLLECTION II,1.38011558937931,103.860203299332,new_building,,,,,False,54 Pollen Rise,"54 Pollen Rise, Singapore 804198"
47,POLLEN RISE,804203,POLLEN COLLECTION II,1.38047588411531,103.860035555714,new_building,,,,,False,47 Pollen Rise,"47 Pollen Rise, Singapore 804203"
48,POLLEN RISE,804204,POLLEN COLLECTION II,1.38008471563435,103.860031733564,new_building,,,,,False,48 Pollen Rise,"48 Pollen Rise, Singapore 804204"
49,POLLEN RISE,804205,POLLEN COLLECTION II,1.38051180568898,103.860093269793,new_building,,,,,False,49 Pollen Rise,"49 Pollen Rise, Singapore 804205"
50,POLLEN RISE,804206,POLLEN COLLECTION II,1.38009925026159,103.860083339262,new_building,,,,,False,50 Pollen Rise,"50 Pollen Rise, Singapore 804206"
52,POLLEN RISE,804207,POLLEN COLLECTION II,1.38011620166876,103.860135443526,new_building,,,,,False,52 Pollen Rise,"52 Pollen Rise, Singapore 804207"
42,POLLEN RISE,804208,POLLEN COLLECTION II,1.38004104714735,103.85987669318,new_building,,,,,False,42 Pollen Rise,"42 Pollen Rise, Singapore 804208"
43,POLLEN RISE,804209,POLLEN COLLECTION II,1.38044871020287,103.859930648801,new_building,,,,,False,43 Pollen Rise,"43 Pollen Rise, Singapore 804209"
44,POLLEN RISE,804210,POLLEN COLLECTION II,1.38005578843802,103.859929030776,new_building,,,,,False,44 Pollen Rise,"44 Pollen Rise, Singapore 804210"
45,POLLEN RISE,804211,POLLEN COLLECTION II,1.38046320076102,103.859982266744,new_building,,,,,False,45 Pollen Rise,"45 Pollen Rise, Singapore 804211"
46,POLLEN RISE,804212,POLLEN COLLECTION II,1.38007045992846,103.859981122231,new_building,,,,,False,46 Pollen Rise,"46 Pollen Rise, Singapore 804212"
37,POLLEN RISE,804213,POLLEN COLLECTION II,1.38040517666046,103.859775571134,new_building,,,,,False,37 Pollen Rise,"37 Pollen Rise, Singapore 804213"
38,POLLEN RISE,804214,POLLEN COLLECTION II,1.38001157469017,103.859772054434,new_building,,,,,False,38 Pollen Rise,"38 Pollen Rise, Singapore 804214"
39,POLLEN RISE,804215,POLLEN COLLECTION II,1.3804198722397,103.859827921249,new_building,,,,,False,39 Pollen Rise,"39 Pollen Rise, Singapore 804215"
40,POLLEN RISE,804216,POLLEN COLLECTION II,1.38002635047216,103.859824514965,new_building,,,,,False,40 Pollen Rise,"40 Pollen Rise, Singapore 804216"
41,POLLEN RISE,804217,POLLEN COLLECTION II,1.38043449883984,103.859880024949,new_building,,,,,False,41 Pollen Rise,"41 Pollen Rise, Singapore 804217"
32,POLLEN RISE,804218,POLLEN COLLECTION II,1.37996797406897,103.859617253946,new_building,,,,,False,32 Pollen Rise,"32 Pollen Rise, Singapore 804218"
33,POLLEN RISE,804219,POLLEN COLLECTION II,1.38037579562621,103.85967090708,new_building,,,,,False,33 Pollen Rise,"33 Pollen Rise, Singapore 804219"
34,POLLEN RISE,804220,POLLEN COLLECTION II,1.37998263297516,103.859669299703,new_building,,,,,False,34 Pollen Rise,"34 Pollen Rise, Singapore 804220"
35,POLLEN RISE,804221,POLLEN COLLECTION II,1.38039052569674,103.859723380129,new_building,,,,,False,35 Pollen Rise,"35 Pollen Rise, Singapore 804221"
36,POLLEN RISE,804222,POLLEN COLLECTION II,1.37999709890623,103.859720659253,new_building,,,,,False,36 Pollen Rise,"36 Pollen Rise, Singapore 804222"
27,POLLEN RISE,804223,POLLEN COLLECTION II,1.38033232940215,103.859516069038,new_building,,,,,False,27 Pollen Rise,"27 Pollen Rise, Singapore 804223"
28,POLLEN RISE,804224,POLLEN COLLECTION II,1.37992193226827,103.859464290119,new_building,,,,,False,28 Pollen Rise,"28 Pollen Rise, Singapore 804224"
29,POLLEN RISE,804225,POLLEN COLLECTION II,1.3803469428706,103.859568127586,new_building,,,,,False,29 Pollen Rise,"29 Pollen Rise, Singapore 804225"
30,POLLEN RISE,804226,POLLEN COLLECTION II,1.37994908656575,103.859562670838,new_building,,,,,False,30 Pollen Rise,"30 Pollen Rise, Singapore 804226"
31,POLLEN RISE,804227,POLLEN COLLECTION II,1.38036136418512,103.859619499654,new_building,,,,,False,31 Pollen Rise,"31 Pollen Rise, Singapore 804227"
22,POLLEN RISE,804228,POLLEN COLLECTION II,1.37988065922303,103.85930525711,new_building,,,,,False,22 Pollen Rise,"22 Pollen Rise, Singapore 804228"
23,POLLEN RISE,804229,POLLEN COLLECTION II,1.38029190816788,103.859361544628,new_building,,,,,False,23 Pollen Rise,"23 Pollen Rise, Singapore 804229"
24,POLLEN RISE,804230,POLLEN COLLECTION II,1.37989500718693,103.859356284839,new_building,,,,,False,24 Pollen Rise,"24 Pollen Rise, Singapore 804230"
25,POLLEN RISE,804231,POLLEN COLLECTION II,1.38032000821894,103.859459663183,new_building,,,,,False,25 Pollen Rise,"25 Pollen Rise, Singapore 804231"
26,POLLEN RISE,804232,POLLEN COLLECTION II,1.37990967184616,103.859408436666,new_building,,,,,False,26 Pollen Rise,"26 Pollen Rise, Singapore 804232"
17,POLLEN RISE,804233,POLLEN COLLECTION II,1.38024424343639,103.859204285927,new_building,,,,,False,17 Pollen Rise,"17 Pollen Rise, Singapore 804233"
18,POLLEN RISE,804234,POLLEN COLLECTION II,1.37985143528191,103.85920132281,new_building,,,,,False,18 Pollen Rise,"18 Pollen Rise, Singapore 804234"
19,POLLEN RISE,804235,POLLEN COLLECTION II,1.3802585924972,103.859255313935,new_building,,,,,False,19 Pollen Rise,"19 Pollen Rise, Singapore 804235"
20,POLLEN RISE,804236,POLLEN COLLECTION II,1.37986607339353,103.859253382161,new_building,,,,,False,20 Pollen Rise,"20 Pollen Rise, Singapore 804236"
21,POLLEN RISE,804237,POLLEN COLLECTION II,1.38027325743221,103.859307465225,new_building,,,,,False,21 Pollen Rise,"21 Pollen Rise, Singapore 804237"
12,POLLEN RISE,804238,POLLEN COLLECTION II,1.37980739393305,103.859044690278,new_building,,,,,False,12 Pollen Rise,"12 Pollen Rise, Singapore 804238"
13,POLLEN RISE,804239,POLLEN COLLECTION II,1.38021501730132,103.859100352427,new_building,,,,,False,13 Pollen Rise,"13 Pollen Rise, Singapore 804239"
14,POLLEN RISE,804240,POLLEN COLLECTION II,1.37982214235819,103.859097142096,new_building,,,,,False,14 Pollen Rise,"14 Pollen Rise, Singapore 804240"
15,POLLEN RISE,804241,POLLEN COLLECTION II,1.38022965623618,103.859152411514,new_building,,,,,False,15 Pollen Rise,"15 Pollen Rise, Singapore 804241"
16,POLLEN RISE,804242,POLLEN COLLECTION II,1.37983684123838,103.859149421208,new_building,,,,,False,16 Pollen Rise,"16 Pollen Rise, Singapore 804242"
7,POLLEN RISE,804243,POLLEN COLLECTION II,1.38017097211403,103.858943720961,new_building,,,,,False,7 Pollen Rise,"7 Pollen Rise, Singapore 804243"
8,POLLEN RISE,804244,POLLEN COLLECTION II,1.37977806815566,103.858940391801,new_building,,,,,False,8 Pollen Rise,"8 Pollen Rise, Singapore 804244"
9,POLLEN RISE,804245,POLLEN COLLECTION II,1.38018572163616,103.858996172787,new_building,,,,,False,9 Pollen Rise,"9 Pollen Rise, Singapore 804245"
10,POLLEN RISE,804246,POLLEN COLLECTION II,1.37979266849942,103.85899231815,new_building,,,,,False,10 Pollen Rise,"10 Pollen Rise, Singapore 804246"
11,POLLEN RISE,804247,POLLEN COLLECTION II,1.38020042243456,103.85904845109,new_building,,,,,False,11 Pollen Rise,"11 Pollen Rise, Singapore 804247"
2,POLLEN RISE,804248,POLLEN COLLECTION II,1.37972955783572,103.858783028692,new_building,,,,,False,2 Pollen Rise,"2 Pollen Rise, Singapore 804248"
3,POLLEN RISE,804249,POLLEN COLLECTION II,1.3801416433215,103.858839423285,new_building,,,,,False,3 Pollen Rise,"3 Pollen Rise, Singapore 804249"
4,POLLEN RISE,804250,POLLEN COLLECTION II,1.3797486638153,103.858835817537,new_building,,,,,False,4 Pollen Rise,"4 Pollen Rise, Singapore 804250"
5,POLLEN RISE,804251,POLLEN COLLECTION II,1.38015624530968,103.85889134937,new_building,,,,,False,5 Pollen Rise,"5 Pollen Rise, Singapore 804251"
6,POLLEN RISE,804252,POLLEN COLLECTION II,1.37976333888757,103.858888006891,new_building,,,,,False,6 Pollen Rise,"6 Pollen Rise, Singapore 804252"
1,POLLEN RISE,804253,POLLEN COLLECTION II,1.3801294617146,103.858784044709,new_building,,,,,False,1 Pollen Rise,"1 Pollen Rise, Singapore 804253"
58,POLLEN LANE,804254,POLLEN COLLECTION II,1.37954657181474,103.860292808975,new_building,,,,,False,58 Pollen Lane,"58 Pollen Lane, Singapore 804254"
60,POLLEN LANE,804255,POLLEN COLLECTION II,1.3795459595211,103.860360664492,new_building,,,,,False,60 Pollen Lane,"60 Pollen Lane, Singapore 804255"
52,POLLEN LANE,804259,POLLEN COLLECTION II,1.37950082981009,103.860138487713,new_building,,,,,False,52 Pollen Lane,"52 Pollen Lane, Singapore 804259"
53,POLLEN LANE,804260,POLLEN COLLECTION II,1.37990618172003,103.860193758907,new_building,,,,,False,53 Pollen Lane,"53 Pollen Lane, Singapore 804260"
54,POLLEN LANE,804261,POLLEN COLLECTION II,1.37951508551288,103.860189099035,new_building,,,,,False,54 Pollen Lane,"54 Pollen Lane, Singapore 804261"
55,POLLEN LANE,804262,POLLEN COLLECTION II,1.37994210164782,103.860251474062,new_building,,,,,False,55 Pollen Lane,"55 Pollen Lane, Singapore 804262"
56,POLLEN LANE,804263,POLLEN COLLECTION II,1.37952962041074,103.860240704721,new_building,,,,,False,56 Pollen Lane,"56 Pollen Lane, Singapore 804263"
47,POLLEN LANE,804264,POLLEN COLLECTION II,1.37986480028637,103.860038227088,new_building,,,,,False,47 Pollen Lane,"47 Pollen Lane, Singapore 804264"
48,POLLEN LANE,804265,POLLEN COLLECTION II,1.37947141703535,103.860034058685,new_building,,,,,False,48 Pollen Lane,"48 Pollen Lane, Singapore 804265"
49,POLLEN LANE,804266,POLLEN COLLECTION II,1.37987900890896,103.860088851744,new_building,,,,,False,49 Pollen Lane,"49 Pollen Lane, Singapore 804266"
50,POLLEN LANE,804267,POLLEN COLLECTION II,1.37948615859657,103.860086395998,new_building,,,,,False,50 Pollen Lane,"50 Pollen Lane, Singapore 804267"
51,POLLEN LANE,804268,POLLEN COLLECTION II,1.379893498369,103.860140469948,new_building,,,,,False,51 Pollen Lane,"51 Pollen Lane, Singapore 804268"
42,POLLEN LANE,804269,POLLEN COLLECTION II,1.37942746907747,103.859878024794,new_building,,,,,False,42 Pollen Lane,"42 Pollen Lane, Singapore 804269"
43,POLLEN LANE,804270,POLLEN COLLECTION II,1.3798354789346,103.859933772752,new_building,,,,,False,43 Pollen Lane,"43 Pollen Lane, Singapore 804270"
44,POLLEN LANE,804271,POLLEN COLLECTION II,1.37944194458453,103.859929419962,new_building,,,,,False,44 Pollen Lane,"44 Pollen Lane, Singapore 804271"
45,POLLEN LANE,804272,POLLEN COLLECTION II,1.37985017396314,103.859986123127,new_building,,,,,False,45 Pollen Lane,"45 Pollen Lane, Singapore 804272"
46,POLLEN LANE,804273,POLLEN COLLECTION II,1.37945672063705,103.85998188021,new_building,,,,,False,46 Pollen Lane,"46 Pollen Lane, Singapore 804273"
37,POLLEN LANE,804274,POLLEN COLLECTION II,1.37979166975361,103.859777700219,new_building,,,,,False,37 Pollen Lane,"37 Pollen Lane, Singapore 804274"
38,POLLEN LANE,804275,POLLEN COLLECTION II,1.37939834397279,103.859774619509,new_building,,,,,False,38 Pollen Lane,"38 Pollen Lane, Singapore 804275"
39,POLLEN LANE,804276,POLLEN COLLECTION II,1.37980610009662,103.85982910845,new_building,,,,,False,39 Pollen Lane,"39 Pollen Lane, Singapore 804276"
40,POLLEN LANE,804277,POLLEN COLLECTION II,1.37941300314954,103.859826665255,new_building,,,,,False,40 Pollen Lane,"40 Pollen Lane, Singapore 804277"
41,POLLEN LANE,804278,POLLEN COLLECTION II,1.37982082906901,103.859881581487,new_building,,,,,False,41 Pollen Lane,"41 Pollen Lane, Singapore 804278"
36,POLLEN LANE,804413,POLLEN COLLECTION II,1.37937945647287,103.859720036413,new_building,,,,,False,36 Pollen Lane,"36 Pollen Lane, Singapore 804413"
35,POLLEN LANE,804414,POLLEN COLLECTION II,1.37977724953721,103.859726328163,new_building,,,,,False,35 Pollen Lane,"35 Pollen Lane, Singapore 804414"
30,POLLEN LANE,804415,POLLEN COLLECTION II,1.3793286817069,103.859529514012,new_building,,,,,False,30 Pollen Lane,"30 Pollen Lane, Singapore 804415"
31,POLLEN LANE,804416,POLLEN COLLECTION II,1.37975031653461,103.85961786324,new_building,,,,,False,31 Pollen Lane,"31 Pollen Lane, Singapore 804416"
32,POLLEN LANE,804417,POLLEN COLLECTION II,1.37934334608887,103.859581665556,new_building,,,,,False,32 Pollen Lane,"32 Pollen Lane, Singapore 804417"
33,POLLEN LANE,804418,POLLEN COLLECTION II,1.37976263716688,103.859674269626,new_building,,,,,False,33 Pollen Lane,"33 Pollen Lane, Singapore 804418"
34,POLLEN LANE,804419,POLLEN COLLECTION II,1.37935560678091,103.859637518996,new_building,,,,,False,34 Pollen Lane,"34 Pollen Lane, Singapore 804419"
29,POLLEN LANE,804465,POLLEN COLLECTION II,1.37972428361259,103.859529400299,new_building,,,,,False,29 Pollen Lane,"29 Pollen Lane, Singapore 804465"
28,POLLEN LANE,804466,POLLEN COLLECTION II,1.37931433347274,103.859478486022,new_building,,,,,False,28 Pollen Lane,"28 Pollen Lane, Singapore 804466"
27,POLLEN LANE,804467,POLLEN COLLECTION II,1.37970563370165,103.859475320364,new_building,,,,,False,27 Pollen Lane,"27 Pollen Lane, Singapore 804467"
26,POLLEN LANE,804468,POLLEN COLLECTION II,1.37929974792048,103.859426611085,new_building,,,,,False,26 Pollen Lane,"26 Pollen Lane, Singapore 804468"
25,POLLEN LANE,804469,POLLEN COLLECTION II,1.37969097150741,103.859423167997,new_building,,,,,False,25 Pollen Lane,"25 Pollen Lane, Singapore 804469"
24,POLLEN LANE,804481,POLLEN COLLECTION II,1.37928510981239,103.859374551472,new_building,,,,,False,24 Pollen Lane,"24 Pollen Lane, Singapore 804481"
23,POLLEN LANE,804482,POLLEN COLLECTION II,1.37967662491353,103.859372139729,new_building,,,,,False,23 Pollen Lane,"23 Pollen Lane, Singapore 804482"
22,POLLEN LANE,804483,POLLEN COLLECTION II,1.37927051577239,103.859322650154,new_building,,,,,False,22 Pollen Lane,"22 Pollen Lane, Singapore 804483"
21,POLLEN LANE,804484,POLLEN COLLECTION II,1.37966203908538,103.859320264784,new_building,,,,,False,21 Pollen Lane,"21 Pollen Lane, Singapore 804484"
16,POLLEN LANE,804485,POLLEN COLLECTION II,1.37922634277033,103.859165547403,new_building,,,,,False,16 Pollen Lane,"16 Pollen Lane, Singapore 804485"
17,POLLEN LANE,804486,POLLEN COLLECTION II,1.37963280994404,103.859216303294,new_building,,,,,False,17 Pollen Lane,"17 Pollen Lane, Singapore 804486"
18,POLLEN LANE,804487,POLLEN COLLECTION II,1.37924106820041,103.859217919247,new_building,,,,,False,18 Pollen Lane,"18 Pollen Lane, Singapore 804487"
19,POLLEN LANE,804488,POLLEN COLLECTION II,1.37964740179632,103.859268205164,new_building,,,,,False,19 Pollen Lane,"19 Pollen Lane, Singapore 804488"
20,POLLEN LANE,804489,POLLEN COLLECTION II,1.37925581689572,103.859270371326,new_building,,,,,False,20 Pollen Lane,"20 Pollen Lane, Singapore 804489"
15,POLLEN LANE,804518,POLLEN COLLECTION II,1.37961811051774,103.859164024459,new_building,,,,,False,15 Pollen Lane,"15 Pollen Lane, Singapore 804518"
14,POLLEN LANE,804519,POLLEN COLLECTION II,1.37921174270383,103.859113620793,new_building,,,,,False,14 Pollen Lane,"14 Pollen Lane, Singapore 804519"
13,POLLEN LANE,804520,POLLEN COLLECTION II,1.37960336346267,103.859111571829,new_building,,,,,False,13 Pollen Lane,"13 Pollen Lane, Singapore 804520"
8,POLLEN LANE,804521,POLLEN COLLECTION II,1.3791679156726,103.858957753115,new_building,,,,,False,8 Pollen Lane,"8 Pollen Lane, Singapore 804521"
9,POLLEN LANE,804522,POLLEN COLLECTION II,1.37957403823548,103.85900727336,new_building,,,,,False,9 Pollen Lane,"9 Pollen Lane, Singapore 804522"
10,POLLEN LANE,804523,POLLEN COLLECTION II,1.37918233809683,103.859009046552,new_building,,,,,False,10 Pollen Lane,"10 Pollen Lane, Singapore 804523"
11,POLLEN LANE,804524,POLLEN COLLECTION II,1.37958863803042,103.859059199977,new_building,,,,,False,11 Pollen Lane,"11 Pollen Lane, Singapore 804524"
12,POLLEN LANE,804525,POLLEN COLLECTION II,1.37919701343929,103.859061236167,new_building,,,,,False,12 Pollen Lane,"12 Pollen Lane, Singapore 804525"
7,POLLEN LANE,804583,POLLEN COLLECTION II,1.3795593100637,103.858954888182,new_building,,,,,False,7 Pollen Lane,"7 Pollen Lane, Singapore 804583"
2,POLLEN LANE,804584,POLLEN COLLECTION II,1.37911880011581,103.858801672154,new_building,,,,,False,2 Pollen Lane,"2 Pollen Lane, Singapore 804584"
3,POLLEN LANE,804585,POLLEN COLLECTION II,1.37953021503005,103.858851404028,new_building,,,,,False,3 Pollen Lane,"3 Pollen Lane, Singapore 804585"
4,POLLEN LANE,804586,POLLEN COLLECTION II,1.37913920686064,103.858855652001,new_building,,,,,False,4 Pollen Lane,"4 Pollen Lane, Singapore 804586"
5,POLLEN LANE,804587,POLLEN COLLECTION II,1.37954463636149,103.858902698288,new_building,,,,,False,5 Pollen Lane,"5 Pollen Lane, Singapore 804587"
6,POLLEN LANE,804588,POLLEN COLLECTION II,1.37915356167779,103.858906702558,new_building,,,,,False,6 Pollen Lane,"6 Pollen Lane, Singapore 804588"
1,POLLEN LANE,804589,POLLEN COLLECTION II,1.37951885243491,103.858795720041,new_building,,,,,False,1 Pollen Lane,"1 Pollen Lane, Singapore 804589"
60,POLLEN TERRACE,804590,POLLEN COLLECTION II,1.3789591868442,103.860400208135,new_building,,,,,False,60 Pollen Terrace,"60 Pollen Terrace, Singapore 804590"
61,POLLEN TERRACE,804591,POLLEN COLLECTION II,1.37937247151227,103.8604088392,new_building,,,,,False,61 Pollen Terrace,"61 Pollen Terrace, Singapore 804591"
62,POLLEN TERRACE,804592,POLLEN COLLECTION II,1.37897452212879,103.860452129044,new_building,,,,,False,62 Pollen Terrace,"62 Pollen Terrace, Singapore 804592"
64,POLLEN TERRACE,804593,POLLEN COLLECTION II,1.37897426102912,103.860520067231,new_building,,,,,False,64 Pollen Terrace,"64 Pollen Terrace, Singapore 804593"
55,POLLEN TERRACE,804595,POLLEN COLLECTION II,1.37930937878323,103.860246216917,new_building,,,,,False,55 Pollen Terrace,"55 Pollen Terrace, Singapore 804595"
56,POLLEN TERRACE,804596,POLLEN COLLECTION II,1.37893025966278,103.860297505391,new_building,,,,,False,56 Pollen Terrace,"56 Pollen Terrace, Singapore 804596"
57,POLLEN TERRACE,804597,POLLEN COLLECTION II,1.37932386851389,103.860297835381,new_building,,,,,False,57 Pollen Terrace,"57 Pollen Terrace, Singapore 804597"
58,POLLEN TERRACE,804598,POLLEN COLLECTION II,1.37894493114566,103.860349596823,new_building,,,,,False,58 Pollen Terrace,"58 Pollen Terrace, Singapore 804598"
59,POLLEN TERRACE,804599,POLLEN COLLECTION II,1.37933655186167,103.860351124328,new_building,,,,,False,59 Pollen Terrace,"59 Pollen Terrace, Singapore 804599"
50,POLLEN TERRACE,804600,POLLEN COLLECTION II,1.37888604593763,103.860140529117,new_building,,,,,False,50 Pollen Terrace,"50 Pollen Terrace, Singapore 804600"
51,POLLEN TERRACE,804601,POLLEN COLLECTION II,1.37928054411743,103.860143488595,new_building,,,,,False,51 Pollen Terrace,"51 Pollen Terrace, Singapore 804601"
52,POLLEN TERRACE,804602,POLLEN COLLECTION II,1.37890082171203,103.860192989625,new_building,,,,,False,52 Pollen Terrace,"52 Pollen Terrace, Singapore 804602"
53,POLLEN TERRACE,804603,POLLEN COLLECTION II,1.37929517016374,103.860195592544,new_building,,,,,False,53 Pollen Terrace,"53 Pollen Terrace, Singapore 804603"
54,POLLEN TERRACE,804604,POLLEN COLLECTION II,1.37891551837969,103.860245167817,new_building,,,,,False,54 Pollen Terrace,"54 Pollen Terrace, Singapore 804604"
49,POLLEN TERRACE,804798,POLLEN COLLECTION II,1.37926584881834,103.860091138232,new_building,,,,,False,49 Pollen Terrace,"49 Pollen Terrace, Singapore 804798"
48,POLLEN TERRACE,804799,POLLEN COLLECTION II,1.37887157016115,103.860089133959,new_building,,,,,False,48 Pollen Terrace,"48 Pollen Terrace, Singapore 804799"
37,POLLEN TERRACE,804800,POLLEN COLLECTION II,1.37918068671134,103.85977522879,new_building,,,,,False,37 Pollen Terrace,"37 Pollen Terrace, Singapore 804800"
39,POLLEN TERRACE,804801,POLLEN COLLECTION II,1.37919300734018,103.859831634891,new_building,,,,,False,39 Pollen Terrace,"39 Pollen Terrace, Singapore 804801"
41,POLLEN TERRACE,804802,POLLEN COLLECTION II,1.3792076197073,103.859883693688,new_building,,,,,False,41 Pollen Terrace,"41 Pollen Terrace, Singapore 804802"
42,POLLEN TERRACE,804803,POLLEN COLLECTION II,1.37882355784353,103.859931145611,new_building,,,,,False,42 Pollen Terrace,"42 Pollen Terrace, Singapore 804803"
43,POLLEN TERRACE,804804,POLLEN COLLECTION II,1.3792220399206,103.859935065733,new_building,,,,,False,43 Pollen Terrace,"43 Pollen Terrace, Singapore 804804"
47,POLLEN TERRACE,804811,POLLEN COLLECTION II,1.37925119895594,103.860038946978,new_building,,,,,False,47 Pollen Terrace,"47 Pollen Terrace, Singapore 804811"
46,POLLEN TERRACE,804812,POLLEN COLLECTION II,1.37885710451125,103.860037774431,new_building,,,,,False,46 Pollen Terrace,"46 Pollen Terrace, Singapore 804812"
45,POLLEN TERRACE,804813,POLLEN COLLECTION II,1.37923647026046,103.85998647368,new_building,,,,,False,45 Pollen Terrace,"45 Pollen Terrace, Singapore 804813"
44,POLLEN TERRACE,804814,POLLEN COLLECTION II,1.37884244533889,103.859985728695,new_building,,,,,False,44 Pollen Terrace,"44 Pollen Terrace, Singapore 804814"
35,POLLEN TERRACE,804937,POLLEN COLLECTION II,1.37915763356113,103.859694721865,new_building,,,,,False,35 Pollen Terrace,"35 Pollen Terrace, Singapore 804937"
33,POLLEN TERRACE,804938,POLLEN COLLECTION II,1.37913898365369,103.859640641669,new_building,,,,,False,33 Pollen Terrace,"33 Pollen Terrace, Singapore 804938"
31,POLLEN TERRACE,804939,POLLEN COLLECTION II,1.37912432118907,103.859588489586,new_building,,,,,False,31 Pollen Terrace,"31 Pollen Terrace, Singapore 804939"
9,POLLEN TERRACE,804940,POLLEN COLLECTION II,1.37896356474855,103.859016725742,new_building,,,,,False,9 Pollen Terrace,"9 Pollen Terrace, Singapore 804940"
11,POLLEN TERRACE,804941,POLLEN COLLECTION II,1.3789779863504,103.859068019991,new_building,,,,,False,11 Pollen Terrace,"11 Pollen Terrace, Singapore 804941"
13,POLLEN TERRACE,804942,POLLEN COLLECTION II,1.37899265977553,103.859120209874,new_building,,,,,False,13 Pollen Terrace,"13 Pollen Terrace, Singapore 804942"
15,POLLEN TERRACE,804943,POLLEN COLLECTION II,1.37900738794393,103.85917259504,new_building,,,,,False,15 Pollen Terrace,"15 Pollen Terrace, Singapore 804943"
17,POLLEN TERRACE,804944,POLLEN COLLECTION II,1.37902198773552,103.859224521374,new_building,,,,,False,17 Pollen Terrace,"17 Pollen Terrace, Singapore 804944"
29,POLLEN TERRACE,804946,POLLEN COLLECTION II,1.37910997459846,103.859537461328,new_building,,,,,False,29 Pollen Terrace,"29 Pollen Terrace, Singapore 804946"
27,POLLEN TERRACE,804947,POLLEN COLLECTION II,1.37909538904741,103.859485586395,new_building,,,,,False,27 Pollen Terrace,"27 Pollen Terrace, Singapore 804947"
25,POLLEN TERRACE,804948,POLLEN COLLECTION II,1.3790807517617,103.859433526787,new_building,,,,,False,25 Pollen Terrace,"25 Pollen Terrace, Singapore 804948"
23,POLLEN TERRACE,804949,POLLEN COLLECTION II,1.37906615991273,103.859381624928,new_building,,,,,False,23 Pollen Terrace,"23 Pollen Terrace, Singapore 804949"
21,POLLEN TERRACE,804953,POLLEN COLLECTION II,1.37905146021609,103.859329345833,new_building,,,,,False,21 Pollen Terrace,"21 Pollen Terrace, Singapore 804953"
19,POLLEN TERRACE,804954,POLLEN COLLECTION II,1.37903671343812,103.859276893486,new_building,,,,,False,19 Pollen Terrace,"19 Pollen Terrace, Singapore 804954"
148,POLLEN CRESCENT,804955,POLLEN COLLECTION II,1.37892463938267,103.862445310089,new_building,,,,,False,148 Pollen Crescent,"148 Pollen Crescent, Singapore 804955"
150,POLLEN CRESCENT,804956,POLLEN COLLECTION II,1.37893923527345,103.862496937806,new_building,,,,,False,150 Pollen Crescent,"150 Pollen Crescent, Singapore 804956"
152,POLLEN CRESCENT,804957,POLLEN COLLECTION II,1.37895392504933,103.862548899788,new_building,,,,,False,152 Pollen Crescent,"152 Pollen Crescent, Singapore 804957"
154,POLLEN CRESCENT,804958,POLLEN COLLECTION II,1.37896549204435,103.862603782528,new_building,,,,,False,154 Pollen Crescent,"154 Pollen Crescent, Singapore 804958"
146,POLLEN CRESCENT,805961,POLLEN COLLECTION II,1.37890993701332,103.862393303232,new_building,,,,,False,146 Pollen Crescent,"146 Pollen Crescent, Singapore 805961"
144,POLLEN CRESCENT,805962,POLLEN COLLECTION II,1.3788952371063,103.862341307798,new_building,,,,,False,144 Pollen Crescent,"144 Pollen Crescent, Singapore 805962"
142,POLLEN CRESCENT,805963,POLLEN COLLECTION II,1.37888056484396,103.86228940647,new_building,,,,,False,142 Pollen Crescent,"142 Pollen Crescent, Singapore 805963"
140,POLLEN CRESCENT,805964,POLLEN COLLECTION II,1.37886586192368,103.862237399614,new_building,,,,,False,140 Pollen Crescent,"140 Pollen Crescent, Singapore 805964"
138,POLLEN CRESCENT,805997,POLLEN COLLECTION II,1.3788512400237,103.862185676163,new_building,,,,,False,138 Pollen Crescent,"138 Pollen Crescent, Singapore 805997"
136,POLLEN CRESCENT,805998,POLLEN COLLECTION II,1.37883654777628,103.862133704121,new_building,,,,,False,136 Pollen Crescent,"136 Pollen Crescent, Singapore 805998"
134,POLLEN CRESCENT,805999,POLLEN COLLECTION II,1.37882185415908,103.862081728273,new_building,,,,,False,134 Pollen Crescent,"134 Pollen Crescent, Singapore 805999"
132,POLLEN CRESCENT,806000,POLLEN COLLECTION II,1.37880725825913,103.862030097841,new_building,,,,,False,132 Pollen Crescent,"132 Pollen Crescent, Singapore 806000"
122,POLLEN CRESCENT,806001,POLLEN COLLECTION II,1.3787191939707,103.861718483744,new_building,,,,,False,122 Pollen Crescent,"122 Pollen Crescent, Singapore 806001"
124,POLLEN CRESCENT,806002,POLLEN COLLECTION II,1.37873122195192,103.861773309636,new_building,,,,,False,124 Pollen Crescent,"124 Pollen Crescent, Singapore 806002"
126,POLLEN CRESCENT,806003,POLLEN COLLECTION II,1.37875938949637,103.861873055138,new_building,,,,,False,126 Pollen Crescent,"126 Pollen Crescent, Singapore 806003"
128,POLLEN CRESCENT,806004,POLLEN COLLECTION II,1.37877785350079,103.861926084952,new_building,,,,,False,128 Pollen Crescent,"128 Pollen Crescent, Singapore 806004"
130,POLLEN CRESCENT,806005,POLLEN COLLECTION II,1.37879255204845,103.861978079021,new_building,,,,,False,130 Pollen Crescent,"130 Pollen Crescent, Singapore 806005"
112,POLLEN CRESCENT,806006,POLLEN COLLECTION II,1.37864580301612,103.861458893921,new_building,,,,,False,112 Pollen Crescent,"112 Pollen Crescent, Singapore 806006"
114,POLLEN CRESCENT,806007,POLLEN COLLECTION II,1.37866049664725,103.86151086541,new_building,,,,,False,114 Pollen Crescent,"114 Pollen Crescent, Singapore 806007"
116,POLLEN CRESCENT,806008,POLLEN COLLECTION II,1.37867519137207,103.861562840979,new_building,,,,,False,116 Pollen Crescent,"116 Pollen Crescent, Singapore 806008"
118,POLLEN CRESCENT,806009,POLLEN COLLECTION II,1.37868978810355,103.861614471134,new_building,,,,,False,118 Pollen Crescent,"118 Pollen Crescent, Singapore 806009"
120,POLLEN CRESCENT,806010,POLLEN COLLECTION II,1.37870449486981,103.861666490222,new_building,,,,,False,120 Pollen Crescent,"120 Pollen Crescent, Singapore 806010"
110,POLLEN CRESCENT,806141,POLLEN COLLECTION II,1.37863117973024,103.861407170479,new_building,,,,,False,110 Pollen Crescent,"110 Pollen Crescent, Singapore 806141"
100,POLLEN CRESCENT,806142,POLLEN COLLECTION II,1.37855780489066,103.861147632895,new_building,,,,,False,100 Pollen Crescent,"100 Pollen Crescent, Singapore 806142"
102,POLLEN CRESCENT,806143,POLLEN COLLECTION II,1.37857240081015,103.861199260596,new_building,,,,,False,102 Pollen Crescent,"102 Pollen Crescent, Singapore 806143"
104,POLLEN CRESCENT,806144,POLLEN COLLECTION II,1.37858710375356,103.86125126744,new_building,,,,,False,104 Pollen Crescent,"104 Pollen Crescent, Singapore 806144"
106,POLLEN CRESCENT,806145,POLLEN COLLECTION II,1.37860180368486,103.861303262861,new_building,,,,,False,106 Pollen Crescent,"106 Pollen Crescent, Singapore 806145"
108,POLLEN CRESCENT,806146,POLLEN COLLECTION II,1.37861647679033,103.861355163633,new_building,,,,,False,108 Pollen Crescent,"108 Pollen Crescent, Singapore 806146"
98,POLLEN CRESCENT,806276,POLLEN COLLECTION II,1.37854311453614,103.861095671201,new_building,,,,,False,98 Pollen Crescent,"98 Pollen Crescent, Singapore 806276"
96,POLLEN CRESCENT,806335,POLLEN COLLECTION II,1.37852841788488,103.861043686933,new_building,,,,,False,96 Pollen Crescent,"96 Pollen Crescent, Singapore 806335"
94,POLLEN CRESCENT,806336,POLLEN COLLECTION II,1.37851381840356,103.860992046995,new_building,,,,,False,94 Pollen Crescent,"94 Pollen Crescent, Singapore 806336"
92,POLLEN CRESCENT,806337,POLLEN COLLECTION II,1.37849910395808,103.860940000989,new_building,,,,,False,92 Pollen Crescent,"92 Pollen Crescent, Singapore 806337"
90,POLLEN CRESCENT,806338,POLLEN COLLECTION II,1.3784832417648,103.86088667476,new_building,,,,,False,90 Pollen Crescent,"90 Pollen Crescent, Singapore 806338"
95,POLLEN CRESCENT,806339,NIL,1.37875931526037,103.860624866616,new_building,,,,,False,95 Pollen Crescent,"95 Pollen Crescent, Singapore 806339"
87,POLLEN CRESCENT,806340,NIL,1.37869968281222,103.86041349932,new_building,,,,,False,87 Pollen Crescent,"87 Pollen Crescent, Singapore 806340"
88,POLLEN CRESCENT,806341,NIL,1.37843327502535,103.860730643026,new_building,,,,,False,88 Pollen Crescent,"88 Pollen Crescent, Singapore 806341"
89,POLLEN CRESCENT,806342,NIL,1.37871442956502,103.860465951665,new_building,,,,,False,89 Pollen Crescent,"89 Pollen Crescent, Singapore 806342"
91,POLLEN CRESCENT,806343,NIL,1.37872962933432,103.860519283873,new_building,,,,,False,91 Pollen Crescent,"91 Pollen Crescent, Singapore 806343"
93,POLLEN CRESCENT,806344,NIL,1.37874447216106,103.860572075108,new_building,,,,,False,93 Pollen Crescent,"93 Pollen Crescent, Singapore 806344"
86,POLLEN CRESCENT,806448,NIL,1.37841843192825,103.860677851524,new_building,,,,,False,86 Pollen Crescent,"86 Pollen Crescent, Singapore 806448"
85,POLLEN CRESCENT,806449,NIL,1.3786849571347,103.860361127209,new_building,,,,,False,85 Pollen Crescent,"85 Pollen Crescent, Singapore 806449"
84,POLLEN CRESCENT,806450,NIL,1.37840358910367,103.860625060295,new_building,,,,,False,84 Pollen Crescent,"84 Pollen Crescent, Singapore 806450"
83,POLLEN CRESCENT,806451,NIL,1.37867035736803,103.860309200875,new_building,,,,,False,83 Pollen Crescent,"83 Pollen Crescent, Singapore 806451"
78,POLLEN CRESCENT,806452,NIL,1.37835891691062,103.860466903651,new_building,,,,,False,78 Pollen Crescent,"78 Pollen Crescent, Singapore 806452"
79,POLLEN CRESCENT,806453,NIL,1.37864095582464,103.860204625829,new_building,,,,,False,79 Pollen Crescent,"79 Pollen Crescent, Singapore 806453"
80,POLLEN CRESCENT,806454,NIL,1.37837364258594,103.860519275755,new_building,,,,,False,80 Pollen Crescent,"80 Pollen Crescent, Singapore 806454"
81,POLLEN CRESCENT,806455,NIL,1.37865562922475,103.860256815711,new_building,,,,,False,81 Pollen Crescent,"81 Pollen Crescent, Singapore 806455"
82,POLLEN CRESCENT,806456,NIL,1.37838838933659,103.860571728095,new_building,,,,,False,82 Pollen Crescent,"82 Pollen Crescent, Singapore 806456"
73,POLLEN CRESCENT,806457,NIL,1.37859709245983,103.860048619188,new_building,,,,,False,73 Pollen Crescent,"73 Pollen Crescent, Singapore 806457"
74,POLLEN CRESCENT,806458,NIL,1.378329589005,103.860362592166,new_building,,,,,False,74 Pollen Crescent,"74 Pollen Crescent, Singapore 806458"
75,POLLEN CRESCENT,806459,NIL,1.37861193557097,103.860101410689,new_building,,,,,False,75 Pollen Crescent,"75 Pollen Crescent, Singapore 806459"
76,POLLEN CRESCENT,806460,NIL,1.37834431714609,103.860414977324,new_building,,,,,False,76 Pollen Crescent,"76 Pollen Crescent, Singapore 806460"
77,POLLEN CRESCENT,806461,NIL,1.37862653424737,103.860153331581,new_building,,,,,False,77 Pollen Crescent,"77 Pollen Crescent, Singapore 806461"
72,POLLEN CRESCENT,806490,NIL,1.37831491560704,103.860310402291,new_building,,,,,False,72 Pollen Crescent,"72 Pollen Crescent, Singapore 806490"
71,POLLEN CRESCENT,806491,NIL,1.37858224962126,103.859995827958,new_building,,,,,False,71 Pollen Crescent,"71 Pollen Crescent, Singapore 806491"
70,POLLEN CRESCENT,806492,NIL,1.37830049403192,103.860259108049,new_building,,,,,False,70 Pollen Crescent,"70 Pollen Crescent, Singapore 806492"
69,POLLEN CRESCENT,806493,NIL,1.37856607087117,103.859927077467,new_building,,,,,False,69 Pollen Crescent,"69 Pollen Crescent, Singapore 806493"
64,POLLEN CRESCENT,806494,NIL,1.37825620941233,103.860101604447,new_building,,,,,False,64 Pollen Crescent,"64 Pollen Crescent, Singapore 806494"
65,POLLEN CRESCENT,806495,NIL,1.37853659841668,103.859822253023,new_building,,,,,False,65 Pollen Crescent,"65 Pollen Crescent, Singapore 806495"
66,POLLEN CRESCENT,806496,NIL,1.37827105224871,103.860154395669,new_building,,,,,False,66 Pollen Crescent,"66 Pollen Crescent, Singapore 806496"
67,POLLEN CRESCENT,806497,NIL,1.37855132410626,103.859874625128,new_building,,,,,False,67 Pollen Crescent,"67 Pollen Crescent, Singapore 806497"
68,POLLEN CRESCENT,806498,NIL,1.37828589535766,103.860207187164,new_building,,,,,False,68 Pollen Crescent,"68 Pollen Crescent, Singapore 806498"
59,POLLEN CRESCENT,806499,NIL,1.37849259707055,103.859665751662,new_building,,,,,False,59 Pollen Crescent,"59 Pollen Crescent, Singapore 806499"
60,POLLEN CRESCENT,806500,NIL,1.37821055780611,103.859964391362,new_building,,,,,False,60 Pollen Crescent,"60 Pollen Crescent, Singapore 806500"
61,POLLEN CRESCENT,806501,NIL,1.37850727048268,103.859717941538,new_building,,,,,False,61 Pollen Crescent,"61 Pollen Crescent, Singapore 806501"
62,POLLEN CRESCENT,806502,NIL,1.37822528349272,103.86001676346,new_building,,,,,False,62 Pollen Crescent,"62 Pollen Crescent, Singapore 806502"
63,POLLEN CRESCENT,806503,NIL,1.37852199863803,103.859770326696,new_building,,,,,False,63 Pollen Crescent,"63 Pollen Crescent, Singapore 806503"
58,POLLEN CRESCENT,806584,NIL,1.37819595803044,103.859912465041,new_building,,,,,False,58 Pollen Crescent,"58 Pollen Crescent, Singapore 806584"
57,POLLEN CRESCENT,806585,NIL,1.37847817548146,103.859614457421,new_building,,,,,False,57 Pollen Crescent,"57 Pollen Crescent, Singapore 806585"
56,POLLEN CRESCENT,806586,NIL,1.37818122987807,103.859860079889,new_building,,,,,False,56 Pollen Crescent,"56 Pollen Crescent, Singapore 806586"
55,POLLEN CRESCENT,806587,NIL,1.37846357679306,103.859562536535,new_building,,,,,False,55 Pollen Crescent,"55 Pollen Crescent, Singapore 806587"
50,POLLEN CRESCENT,806588,NIL,1.3781375361973,103.859704674906,new_building,,,,,False,50 Pollen Crescent,"50 Pollen Crescent, Singapore 806588"
51,POLLEN CRESCENT,806589,NIL,1.37843389081903,103.859456953817,new_building,,,,,False,51 Pollen Crescent,"51 Pollen Crescent, Singapore 806589"
52,POLLEN CRESCENT,806590,NIL,1.37815213488272,103.859756595784,new_building,,,,,False,52 Pollen Crescent,"52 Pollen Crescent, Singapore 806590"
53,POLLEN CRESCENT,806591,NIL,1.37844873366977,103.85950974504,new_building,,,,,False,53 Pollen Crescent,"53 Pollen Crescent, Singapore 806591"
54,POLLEN CRESCENT,806592,NIL,1.37816655646891,103.85980789002,new_building,,,,,False,54 Pollen Crescent,"54 Pollen Crescent, Singapore 806592"
45,POLLEN CRESCENT,806593,NIL,1.37838921854755,103.859298797191,new_building,,,,,False,45 Pollen Crescent,"45 Pollen Crescent, Singapore 806593"
46,POLLEN CRESCENT,806594,NIL,1.37810785022929,103.8595990922,new_building,,,,,False,46 Pollen Crescent,"46 Pollen Crescent, Singapore 806594"
47,POLLEN CRESCENT,806595,NIL,1.37840394424881,103.859351169289,new_building,,,,,False,47 Pollen Crescent,"47 Pollen Crescent, Singapore 806595"
48,POLLEN CRESCENT,806596,NIL,1.37812269307702,103.859651883417,new_building,,,,,False,48 Pollen Crescent,"48 Pollen Crescent, Singapore 806596"
49,POLLEN CRESCENT,806597,NIL,1.3784186910255,103.859403621623,new_building,,,,,False,49 Pollen Crescent,"49 Pollen Crescent, Singapore 806597"
40,POLLEN CRESCENT,806651,NIL,1.3780631779668,103.859440935593,new_building,,,,,False,40 Pollen Crescent,"40 Pollen Crescent, Singapore 806651"
39,POLLEN CRESCENT,806652,NIL,1.37834521716635,103.859142295849,new_building,,,,,False,39 Pollen Crescent,"39 Pollen Crescent, Singapore 806652"
38,POLLEN CRESCENT,806653,NIL,1.37804857817949,103.859389009279,new_building,,,,,False,38 Pollen Crescent,"38 Pollen Crescent, Singapore 806653"
37,POLLEN CRESCENT,806654,NIL,1.37833079556577,103.859091001613,new_building,,,,,False,37 Pollen Crescent,"37 Pollen Crescent, Singapore 806654"
36,POLLEN CRESCENT,806655,NIL,1.3780338500154,103.859336624133,new_building,,,,,False,36 Pollen Crescent,"36 Pollen Crescent, Singapore 806655"
35,POLLEN CRESCENT,806656,NIL,1.37831619686577,103.859039080734,new_building,,,,,False,35 Pollen Crescent,"35 Pollen Crescent, Singapore 806656"
34,POLLEN CRESCENT,806657,NIL,1.37801917659452,103.85928443427,new_building,,,,,False,34 Pollen Crescent,"34 Pollen Crescent, Singapore 806657"
33,POLLEN CRESCENT,806658,NIL,1.37830135373066,103.858986289245,new_building,,,,,False,33 Pollen Crescent,"33 Pollen Crescent, Singapore 806658"
32,POLLEN CRESCENT,806659,NIL,1.3780047549969,103.859233140041,new_building,,,,,False,32 Pollen Crescent,"32 Pollen Crescent, Singapore 806659"
41,POLLEN CRESCENT,806660,NIL,1.37835989059019,103.859194485718,new_building,,,,,False,41 Pollen Crescent,"41 Pollen Crescent, Singapore 806660"
42,POLLEN CRESCENT,806661,NIL,1.37807790366511,103.859493307685,new_building,,,,,False,42 Pollen Crescent,"42 Pollen Crescent, Singapore 806661"
43,POLLEN CRESCENT,806662,NIL,1.37837461875728,103.85924687087,new_building,,,,,False,43 Pollen Crescent,"43 Pollen Crescent, Singapore 806662"
44,POLLEN CRESCENT,806663,NIL,1.37809265043879,103.859545760012,new_building,,,,,False,44 Pollen Crescent,"44 Pollen Crescent, Singapore 806663"
31,POLLEN CRESCENT,806772,NIL,1.37828651086812,103.858933498029,new_building,,,,,False,31 Pollen Crescent,"31 Pollen Crescent, Singapore 806772"
30,POLLEN CRESCENT,806773,NIL,1.37799015629984,103.859181219168,new_building,,,,,False,30 Pollen Crescent,"30 Pollen Crescent, Singapore 806773"
28,POLLEN CRESCENT,806774,NIL,1.37797531316774,103.859128427685,new_building,,,,,False,28 Pollen Crescent,"28 Pollen Crescent, Singapore 806774"
26,POLLEN CRESCENT,806775,NIL,1.37796047030819,103.859075636475,new_building,,,,,False,26 Pollen Crescent,"26 Pollen Crescent, Singapore 806775"
40,POLLEN TERRACE,806776,NIL,1.37880236092294,103.859846840243,new_building,,,,,False,40 Pollen Terrace,"40 Pollen Terrace, Singapore 806776"
1,POLLEN TERRACE,806777,POLLEN COLLECTION II,1.37890734425993,103.858803095626,new_building,,,,,False,1 Pollen Terrace,"1 Pollen Terrace, Singapore 806777"
3,POLLEN TERRACE,806778,POLLEN COLLECTION II,1.3789192800469,103.858859222117,new_building,,,,,False,3 Pollen Terrace,"3 Pollen Terrace, Singapore 806778"
5,POLLEN TERRACE,806779,POLLEN COLLECTION II,1.37893412291079,103.858912013347,new_building,,,,,False,5 Pollen Terrace,"5 Pollen Terrace, Singapore 806779"
7,POLLEN TERRACE,806780,POLLEN COLLECTION II,1.37894896604723,103.85896480485,new_building,,,,,False,7 Pollen Terrace,"7 Pollen Terrace, Singapore 806780"
30,POLLEN TERRACE,806781,NIL,1.37872888711405,103.859585514414,new_building,,,,,False,30 Pollen Terrace,"30 Pollen Terrace, Singapore 806781"
32,POLLEN TERRACE,806782,NIL,1.37874356052785,103.859637704295,new_building,,,,,False,32 Pollen Terrace,"32 Pollen Terrace, Singapore 806782"
34,POLLEN TERRACE,806783,NIL,1.37875828868486,103.859690089458,new_building,,,,,False,34 Pollen Terrace,"34 Pollen Terrace, Singapore 806783"
36,POLLEN TERRACE,806784,NIL,1.37877288846515,103.85974201579,new_building,,,,,False,36 Pollen Terrace,"36 Pollen Terrace, Singapore 806784"
38,POLLEN TERRACE,806785,NIL,1.37878761415637,103.859794387899,new_building,,,,,False,38 Pollen Terrace,"38 Pollen Terrace, Singapore 806785"
28,POLLEN TERRACE,806800,NIL,1.37871446552334,103.859534220168,new_building,,,,,False,28 Pollen Terrace,"28 Pollen Terrace, Singapore 806800"
26,POLLEN TERRACE,806801,NIL,1.37869986683331,103.859482299278,new_building,,,,,False,26 Pollen Terrace,"26 Pollen Terrace, Singapore 806801"
24,POLLEN TERRACE,806802,NIL,1.37868502370836,103.859429507778,new_building,,,,,False,24 Pollen Terrace,"24 Pollen Terrace, Singapore 806802"
14,POLLEN TERRACE,806803,NIL,1.37861090878754,103.859166633585,new_building,,,,,False,14 Pollen Terrace,"14 Pollen Terrace, Singapore 806803"
16,POLLEN TERRACE,806804,NIL,1.37862550857943,103.85921855991,new_building,,,,,False,16 Pollen Terrace,"16 Pollen Terrace, Singapore 806804"
18,POLLEN TERRACE,806805,NIL,1.37864023428239,103.859270932013,new_building,,,,,False,18 Pollen Terrace,"18 Pollen Terrace, Singapore 806805"
20,POLLEN TERRACE,806806,NIL,1.3786549810607,103.859323384351,new_building,,,,,False,20 Pollen Terrace,"20 Pollen Terrace, Singapore 806806"
22,POLLEN TERRACE,806807,NIL,1.37867018085593,103.859376716551,new_building,,,,,False,22 Pollen Terrace,"22 Pollen Terrace, Singapore 806807"
4,POLLEN TERRACE,806808,NIL,1.37853764375266,103.858906051936,new_building,,,,,False,4 Pollen Terrace,"4 Pollen Terrace, Singapore 806808"
6,POLLEN TERRACE,806809,NIL,1.37855248688945,103.85895884343,new_building,,,,,False,6 Pollen Terrace,"6 Pollen Terrace, Singapore 806809"
8,POLLEN TERRACE,806810,NIL,1.3785670855911,103.859010764314,new_building,,,,,False,8 Pollen Terrace,"8 Pollen Terrace, Singapore 806810"
10,POLLEN TERRACE,806811,NIL,1.3785815071933,103.859062058554,new_building,,,,,False,10 Pollen Terrace,"10 Pollen Terrace, Singapore 806811"
12,POLLEN TERRACE,806812,NIL,1.37859618061879,103.859114248428,new_building,,,,,False,12 Pollen Terrace,"12 Pollen Terrace, Singapore 806812"
2,POLLEN TERRACE,806813,NIL,1.37852280088842,103.858853260715,new_building,,,,,False,2 Pollen Terrace,"2 Pollen Terrace, Singapore 806813"
69A,NERAM ROAD,808854,SELETAR HILLS ESTATE,1.38533178698621,103.868179489844,new_building,,,,,False,69A Neram Road,"69A Neram Road, Singapore 808854"
69B,NERAM ROAD,808855,SELETAR HILLS ESTATE,1.38539267734881,103.868187504649,new_building,,,,,False,69B Neram Road,"69B Neram Road, Singapore 808855"
58,AIRPORT BOULEVARD,819989,NIL,1.3530236112212,103.987595915701,new_building,,,,,True,Airport Boulevard,"58 Airport Boulevard, Singapore 819989"
292,JURONG EAST STREET 24,600292,JURONG EAST BREEZE,1.34367999293544,103.744283360822,name_change,NIL,1.34367999293544,103.744283360822,,False,292 Jurong East Street 24,"292 Jurong East Street 24, Singapore 600292"
1,SENTUL WALK,829858,PUNGGOL COAST BUS INTERCHANGE,1.41420640947368,103.907934456334,name_change,NIL,1.41420640947368,103.907934456334,,True,Punggol Coast Bus Interchange,"1 Sentul Walk Punggol Coast Bus Interchange, Singapore 829858"
4,PHOENIX ROAD,668158,THE ARDEN,1.37690199925909,103.756893686726,name_change,THE ARDEN (U/C),1.37690199925909,103.756893686726,,False,4 Phoenix Road,"4 Phoenix Road, Singapore 668158"
61,STAMFORD ROAD,178892,PRESERVATION OF MONUMENTS BOARD (PMB),1.29449804576973,103.850126913031,name_change,NATIONAL HERITAGE BOARD (NHB),1.29448225459417,103.850054625521,,False,61 Stamford Road,"61 Stamford Road, Singapore 178892"
47C,BEDOK SOUTH AVENUE 3,463047,BEDOK SOUTH BLOSSOMS,1.32264967954622,103.943538252214,name_change,NIL,1.32264967954622,103.943538252214,,False,47C Bedok South Avenue 3,"47C Bedok South Avenue 3, Singapore 463047"
37,NORTH CANAL ROAD,59293,HABYT CLARKE QUAY,1.2870554646758,103.847101670945,name_change,CHAMPION HOTEL CITY,1.2870554646758,103.847101670945,,False,37 North Canal Road,"37 North Canal Road, Singapore 59293"
1F,CLUNY ROAD,259602,SINGAPORE BOTANIC GARDENS (CENTRE FOR EDUCATION AND OUTREACH),1.31897194885683,103.816161610453,name_change,NIL,1.31897194885683,103.816161610453,,True,Singapore Botanic Gardens (centre for Education and Outreach),"1F Cluny Road Singapore Botanic Gardens (centre for Education and Outreach), Singapore 259602"
462,HOUGANG AVENUE 10,530462,HARMONY VIEW @ HOUGANG,1.37222557449695,103.894640407148,name_change,NIL,1.37222557449695,103.894640407148,,False,462 Hougang Avenue 10,"462 Hougang Avenue 10, Singapore 530462"
66,COMMONWEALTH AVENUE WEST,130066,ULU PANDAN VISTA,1.31288680661371,103.778110579738,name_change,NIL,1.31288680661371,103.778110579738,,False,66 Commonwealth Avenue West,"66 Commonwealth Avenue West, Singapore 130066"
98,VICTORIA STREET,188066,CENTRAL ARTS LIBRARY,1.29743229408405,103.854071363949,name_change,INFORMATICS ACADEMY,1.29762767084737,103.854548604259,,True,Central Arts Library,"98 Victoria Street Central Arts Library, Singapore 188066"
1,FUSIONOPOLIS WAY,138632,CONNEXIS,1.29943736719293,103.787576666868,name_change,"AGENCY FOR SCIENCE, TECHNOLOGY AND RESEARCH (A*STAR)",1.2995985718601,103.787640882653,,False,1 Fusionopolis Way,"1 Fusionopolis Way, Singapore 138632"
328A,TENGAH PARK AVENUE,691328,PARC MEADOW @ TENGAH,1.36595049510377,103.735054030619,name_change,PARK MEADOW @ TENGAH,1.36595049510377,103.735054030619,,True,Parc Meadow @ Tengah,"328A Tengah Park Avenue Parc Meadow @ Tengah, Singapore 691328"
406B,JURONG WEST STREET 42,642406,JURONG ARCADIA,1.35436169953039,103.724549192298,name_change,NIL,1.35436169953039,103.724549192298,,False,406B Jurong West Street 42,"406B Jurong West Street 42, Singapore 642406"
412,HOUGANG AVENUE 10,530412,HARMONY VIEW @ HOUGANG,1.374704823057,103.895365669184,name_change,HARMONY VIEW,1.374704823057,103.895365669184,,False,412 Hougang Avenue 10,"412 Hougang Avenue 10, Singapore 530412"
327C,TENGAH PARK AVENUE,693327,PARC MEADOW @ TENGAH,1.36716648097279,103.734553568903,name_change,PARK MEADOW @ TENGAH,1.36716648097279,103.734553568903,,True,Parc Meadow @ Tengah,"327C Tengah Park Avenue Parc Meadow @ Tengah, Singapore 693327"
28,PARRY AVENUE,547255,PERENNIAL LIVING,1.36533280009365,103.879891629619,name_change,PARRY HALL,1.36557058536117,103.87995189186,,False,28 Parry Avenue,"28 Parry Avenue, Singapore 547255"
475A,BUKIT BATOK WEST AVENUE 5,651475,WEST GLADES @ BUKIT BATOK,1.35738868721591,103.746444446688,name_change,NIL,1.35738868721591,103.746444446688,,False,475A Bukit Batok West Avenue 5,"475A Bukit Batok West Avenue 5, Singapore 651475"
223,GUILLEMARD ROAD,399738,MORI,1.31131219787605,103.882972095616,name_change,NIL,1.31123492835897,103.883119307947,,False,223 Guillemard Road,"223 Guillemard Road, Singapore 399738"
1,HAIG LANE,438803,ROYAL HALLMARK,1.30907421145446,103.898319919507,name_change,ROYAL HALLMARK (U/C),1.30907421145446,103.898319919507,,False,1 Haig Lane,"1 Haig Lane, Singapore 438803"
60,KHEAM HOCK ROAD,298824,DUNEARN ESTATE,1.32972931832858,103.820143577883,name_change,NIL,1.32974821068208,103.820116625365,,False,60 Kheam Hock Road,"60 Kheam Hock Road, Singapore 298824"
84,SELETAR NORTH LINK,797615,NIL,1.4242714099209,103.889735912434,location_change,NIL,1.42155562012161,103.894478622843,607.5655206769762,False,84 Seletar North Link,"84 Seletar North Link, Singapore 797615"
591,WOODLANDS DRIVE 17,730591,WOODLANDS SOUTH PLAINS,1.42639164403187,103.795515770647,name_change,NIL,1.42639164403187,103.795515770647,,False,591 Woodlands Drive 17,"591 Woodlands Drive 17, Singapore 730591"
22,CROSS STREET,48421,NIL,1.28423869111672,103.846705363258,name_change,CROSS STREET EXCHANGE,1.28423869111672,103.846705363258,,False,22 Cross Street,"22 Cross Street, Singapore 48421"
417B,TEBAN GARDENS ROAD,602417,TEBAN BREEZE,1.32223164068431,103.744461245355,name_change,NIL,1.32223164068431,103.744461245355,,True,Teban Breeze,"417B Teban Gardens Road Teban Breeze, Singapore 602417"
515A,MILTONIA CLOSE,761515,MILTONIA BREEZE @ YISHUN,1.41939832614146,103.848106989021,name_change,NIL,1.41939832614146,103.848106989021,,False,515A Miltonia Close,"515A Miltonia Close, Singapore 761515"
994,JURONG WEST STREET 93,640994,JURONG WEST CRYSTAL,1.33655599700702,103.693074177043,name_change,NIL,1.33655599700702,103.693074177043,,False,994 Jurong West Street 93,"994 Jurong West Street 93, Singapore 640994"
181,JOO CHIAT ROAD,427452,HOTEL SAKURA BY VENUE,1.31229180141071,103.900510976436,name_change,HOTEL 81 - SAKURA,1.31229180141071,103.900510976436,,True,Hotel Sakura by Venue,"181 Joo Chiat Road Hotel Sakura by Venue, Singapore 427452"
45,MAXWELL ROAD,69118,COMPETITION AND CONSUMER COMMISSION OF SINGAPORE (CCS),1.2795512783646,103.845209377351,name_change,COMPETITION COMMISSION OF SINGAPORE (CCS),1.2795512783646,103.845209377351,,False,45 Maxwell Road,"45 Maxwell Road, Singapore 69118"
809A,ANG MO KIO STREET 82,561809,PINE VILLE @ AMK,1.37691920385487,103.85338946452,name_change,NIL,1.37691920385487,103.85338946452,,False,809A Ang Mo Kio Street 82,"809A Ang Mo Kio Street 82, Singapore 561809"
69,NAMLY PLACE,267216,SHAMROCK PARK,1.32410068314346,103.796407014407,name_change,NIL,1.32410661540296,103.796493121561,,True,Shamrock Park,"69 Namly Place Shamrock Park, Singapore 267216"
50,SERANGOON AVENUE 2,556129,BRADDELL HEIGHTS COMMUNITY CLUB,1.35169038154618,103.870408875865,name_change,BRADDELL HEIGHTS COMMUNITY CLUB (PENDING U/C),1.3516281467669,103.870443227253,,True,Braddell Heights Community Club,"50 Serangoon Avenue 2 Braddell Heights Community Club, Singapore 556129"
50B,GHIM MOH CLOSE,272050,GHIM MOH NATURA,1.30990540281286,103.789998545172,name_change,NIL,1.30990540281286,103.789998545172,,False,50B Ghim Moh Close,"50B Ghim Moh Close, Singapore 272050"
2,CRAWFORD STREET,207218,GAMBLING REGULATORY AUTHORITY OF SINGAPORE (GRA),1.30714378604945,103.863559614173,name_change,ICA SERVICES CENTRE,1.3072198606128,103.863508256942,,False,2 Crawford Street,"2 Crawford Street, Singapore 207218"
63,TENGAH GARDEN WALK,699892,COPEN GRAND,1.36192349991236,103.729948432183,name_change,COPEN GRAND (U/C),1.36192349991236,103.729948432183,,True,Copen Grand,"63 Tengah Garden Walk Copen Grand, Singapore 699892"
21,KEPPEL ROAD,89067,BEYONDX,1.27280474510421,103.841112448783,name_change,CUSTOMS OPERATIONS CENTRE,1.27280474510421,103.841112448783,,False,21 Keppel Road,"21 Keppel Road, Singapore 89067"
291,JURONG EAST STREET 24,600291,JURONG EAST BREEZE,1.34379945407852,103.743885318418,name_change,NIL,1.34379945407852,103.743885318418,,False,291 Jurong East Street 24,"291 Jurong East Street 24, Singapore 600291"
485A,FERNVALE DRIVE,791485,FERNVALE OASIS,1.39945056434308,103.876976641799,name_change,NIL,1.39945056434308,103.876976641799,,False,485A Fernvale Drive,"485A Fernvale Drive, Singapore 791485"
591B,WOODLANDS DRIVE 17,732591,WOODLANDS SOUTH PLAINS,1.42675388312019,103.79567696626,name_change,NIL,1.42675388312019,103.79567696626,,False,591B Woodlands Drive 17,"591B Woodlands Drive 17, Singapore 732591"
10,COLLEGE AVENUE WEST,138609,NUS COLLEGE,1.3055311451546,103.772048529232,name_change,YALE-NUS COLLEGE CAMPUS,1.3055311451546,103.772048529232,,True,NUS College,"10 College Avenue West NUS College, Singapore 138609"
328C,TENGAH PARK AVENUE,693328,PARC MEADOW @ TENGAH,1.3666344897117,103.735558873553,name_change,PARK MEADOW @ TENGAH,1.3666344897117,103.735558873553,,True,Parc Meadow @ Tengah,"328C Tengah Park Avenue Parc Meadow @ Tengah, Singapore 693328"
73,TENGAH GARDEN WALK,699887,COPEN GRAND,1.36191143783474,103.731287512954,name_change,COPEN GRAND (U/C),1.36191143783474,103.731287512954,,True,Copen Grand,"73 Tengah Garden Walk Copen Grand, Singapore 699887"
980,UPPER CHANGI ROAD NORTH,507708,SINGAPORE PRISON SERVICE (HEADQUARTERS),1.3546968449925,103.969691074144,name_change,SINGAPORE CORPORATION OF REHABILITATIVE ENTERPRISES (SCORE),1.35479571540641,103.969632611487,,False,980 Upper Changi Road North,"980 Upper Changi Road North, Singapore 507708"
46A,BEDOK SOUTH AVENUE 3,461046,BEDOK SOUTH BLOSSOMS,1.32137675563342,103.943315866925,name_change,NIL,1.32137675563342,103.943315866925,,False,46A Bedok South Avenue 3,"46A Bedok South Avenue 3, Singapore 461046"
407,HOUGANG AVENUE 10,530407,HARMONY VIEW @ HOUGANG,1.3729650974742,103.895673302556,name_change,NIL,1.3729650974742,103.895673302556,,False,407 Hougang Avenue 10,"407 Hougang Avenue 10, Singapore 530407"
5,BEDOK NORTH STREET 2,469645,NIL,1.32585711804408,103.938328168425,name_change,BEDOK SPORTS CENTRE,1.32585711804408,103.938328168425,,False,5 Bedok North Street 2,"5 Bedok North Street 2, Singapore 469645"
26,COLLEGE AVENUE WEST,138532,NUS COLLEGE,1.30789140001494,103.772683674139,name_change,YALE-NUS COLLEGE CAMPUS,1.30789140001494,103.772683674139,,True,NUS College,"26 College Avenue West NUS College, Singapore 138532"
85,PHOENIX AVENUE,668385,PHOENIX RESIDENCES,1.37547898050058,103.757439743986,name_change,PHOENIX RESIDENCES (U/C),1.37547898050058,103.757439743986,,False,85 Phoenix Avenue,"85 Phoenix Avenue, Singapore 668385"
97A,HAVELOCK ROAD,161097,HAVELOCK HILLSIDE,1.28853429457901,103.831623124762,name_change,NIL,1.28853429457901,103.831623124762,,False,97A Havelock Road,"97A Havelock Road, Singapore 161097"
129A,SERANGOON NORTH AVENUE 1,551129,SERANGOON NORTH VISTA,1.36536151107403,103.872742096823,name_change,NIL,1.36536151107403,103.872742096823,,False,129A Serangoon North Avenue 1,"129A Serangoon North Avenue 1, Singapore 551129"
158A,GUL CIRCLE,629616,DNV TECHNOLOGY CENTRE WEST,1.31983696234329,103.676044126593,name_change,DNV LABORATORY,1.31983696234329,103.676044126593,,True,Dnv Technology Centre West,"158A Gul Circle Dnv Technology Centre West, Singapore 629616"
16,CHIN BEE AVENUE,619939,HUBER'S FACTORY,1.33388937886023,103.711894262964,name_change,GHL BUILDING,1.33386105444432,103.711905966056,,True,Huber's Factory,"16 Chin Bee Avenue Huber's Factory, Singapore 619939"
327B,TENGAH PARK AVENUE,692327,PARC MEADOW @ TENGAH,1.36669380883049,103.73441451235,name_change,PARK MEADOW @ TENGAH,1.36669380883049,103.73441451235,,True,Parc Meadow @ Tengah,"327B Tengah Park Avenue Parc Meadow @ Tengah, Singapore 692327"
31,STADIUM CRESCENT,397639,KALLANG FOOTBALL HUB,1.30319443832322,103.879058807841,name_change,SINGAPORE CRICKET ASSOCIATION,1.30319443832322,103.879058807841,,True,Kallang Football Hub,"31 Stadium Crescent Kallang Football Hub, Singapore 397639"
175A,CHIN SWEE ROAD,169879,NIL,1.28575609430357,103.838921630122,name_change,HOTEL RE! @ PEARL'S HILL,1.28575609430357,103.838921630122,,False,175A Chin Swee Road,"175A Chin Swee Road, Singapore 169879"
19,WOODLANDS INDUSTRIAL PARK E4,757721,MANDAI LIAN HUP TNG,1.45091645902879,103.795640242996,name_change,NIL,1.45093434540778,103.795420907376,,True,Mandai Lian Hup Tng,"19 Woodlands Industrial Park E4 Mandai Lian Hup Tng, Singapore 757721"
517B,MILTONIA CLOSE,762517,MILTONIA BREEZE @ YISHUN,1.41886444369591,103.848719952768,name_change,NIL,1.41886444369591,103.848719952768,,False,517B Miltonia Close,"517B Miltonia Close, Singapore 762517"
2,SEAH IM ROAD,99114,NIL,1.26656782812752,103.819347418012,name_change,SEAH IM FOOD CENTRE,1.26656813225079,103.819248035765,,False,2 Seah Im Road,"2 Seah Im Road, Singapore 99114"
101A,PLANTATION CLOSE,691101,PLANTATION VERGE,1.34998941183508,103.735711599188,name_change,NIL,1.34998941183508,103.735711599188,,False,101A Plantation Close,"101A Plantation Close, Singapore 691101"
8,SIN MING ROAD,575628,ARTISAN 8,1.35371810230316,103.836117288176,name_change,NIL,1.35371665672148,103.836115880148,,False,8 Sin Ming Road,"8 Sin Ming Road, Singapore 575628"
119,PLANTATION CRESCENT,690119,TENGAH COMMUNITY CENTRE,1.35679191605789,103.734649374006,name_change,PLANTATION GROVE,1.35675242730193,103.734500042413,,True,Tengah Community Centre,"119 Plantation Crescent Tengah Community Centre, Singapore 690119"
40,ORCHARD ROAD,238837,MACDONALD HOUSE,1.29922058109912,103.846140168396,name_change,MACDONALD HSE,1.29922058109912,103.846140168396,,False,40 Orchard Road,"40 Orchard Road, Singapore 238837"
125A,JALAN RAJAH,321125,RAJAH SUMMIT,1.32783575673049,103.852174038871,name_change,NIL,1.32783575673049,103.852174038871,,False,125A Jalan Rajah,"125A Jalan Rajah, Singapore 321125"
205,QUEEN'S CRESCENT,140205,QUEENSWAY CANOPY,1.29104210758831,103.799946433278,name_change,NIL,1.29104210758831,103.799946433278,,False,205 Queen's Crescent,"205 Queen's Crescent, Singapore 140205"
524A,YISHUN STREET 53,761524,VANDA BREEZE @ YISHUN,1.42113426546265,103.852431654212,name_change,NIL,1.42113426546265,103.852431654212,,False,524A Yishun Street 53,"524A Yishun Street 53, Singapore 761524"
50,KEONG SAIK ROAD,89154,A HOTEL CHINATOWN,1.28079216317408,103.841812323258,name_change,HOTEL 1929,1.28079216317408,103.841812323258,,True,A Hotel Chinatown,"50 Keong Saik Road A Hotel Chinatown, Singapore 89154"
91,TAMPINES STREET 62,529443,TENET,1.36789433118458,103.942598008141,name_change,TENET (U/C),1.36789433118458,103.942598008141,,False,91 Tampines Street 62,"91 Tampines Street 62, Singapore 529443"
291A,JURONG EAST STREET 24,601291,JURONG EAST BREEZE,1.3429629430227,103.74381221645,name_change,NIL,1.3429629430227,103.74381221645,,False,291A Jurong East Street 24,"291A Jurong East Street 24, Singapore 601291"
590,WOODLANDS DRIVE 17,730590,WOODLANDS SOUTH PLAINS,1.42706342071295,103.795954395848,name_change,NIL,1.42706342071295,103.795954395848,,False,590 Woodlands Drive 17,"590 Woodlands Drive 17, Singapore 730590"
402,HOUGANG AVENUE 10,530402,HARMONY VIEW @ HOUGANG,1.37443833237067,103.896698366692,name_change,HARMONY VIEW,1.37443833237067,103.896698366692,,False,402 Hougang Avenue 10,"402 Hougang Avenue 10, Singapore 530402"
2,JALAN KECHOT,419231,SHINNYO-EN SINGAPORE BUDDHIST CENTRE,1.32204951569078,103.905608586366,name_change,NIL,1.32204951569078,103.905608586366,,True,Shinnyo-en Singapore Buddhist Centre,"2 Jalan Kechot Shinnyo-en Singapore Buddhist Centre, Singapore 419231"
206,QUEEN'S CRESCENT,140206,QUEENSWAY CANOPY,1.29175154761495,103.799474350355,name_change,NIL,1.29175154761495,103.799474350355,,False,206 Queen's Crescent,"206 Queen's Crescent, Singapore 140206"
20,LENGKOK BAHRU,159053,AWWA LTD.,1.28668027244831,103.813766344012,name_change,NIL,1.28686170538596,103.813904189286,,False,20 Lengkok Bahru,"20 Lengkok Bahru, Singapore 159053"
415,HOUGANG AVENUE 10,530415,HARMONY VIEW @ HOUGANG,1.37517507468581,103.896537715818,name_change,HARMONY VIEW,1.37517507468581,103.896537715818,,False,415 Hougang Avenue 10,"415 Hougang Avenue 10, Singapore 530415"
476,BUKIT BATOK WEST AVENUE 5,650476,WEST GLADES @ BUKIT BATOK,1.35745172420603,103.745899498774,name_change,NIL,1.35745172420603,103.745899498774,,False,476 Bukit Batok West Avenue 5,"476 Bukit Batok West Avenue 5, Singapore 650476"
1G,CLUNY ROAD,259603,SINGAPORE BOTANIC GARDENS (CENTRE FOR ETHNOBOTANY),1.31942115865974,103.816533762095,name_change,NIL,1.3195183559152,103.816557954578,,True,Singapore Botanic Gardens (centre for Ethnobotany),"1G Cluny Road Singapore Botanic Gardens (centre for Ethnobotany), Singapore 259603"
81,PHOENIX AVENUE,668383,PHOENIX RESIDENCES,1.37513322287524,103.757303595176,name_change,PHOENIX RESIDENCES (U/C),1.37513322287524,103.757303595176,,False,81 Phoenix Avenue,"81 Phoenix Avenue, Singapore 668383"
85,TAMPINES STREET 62,529450,TENET,1.36839350178103,103.941897713077,name_change,TENET (U/C),1.36839350178103,103.941897713077,,False,85 Tampines Street 62,"85 Tampines Street 62, Singapore 529450"
809D,ANG MO KIO STREET 82,564809,PINE VILLE @ AMK,1.37643575044041,103.853480556055,name_change,NIL,1.37643575044041,103.853480556055,,False,809D Ang Mo Kio Street 82,"809D Ang Mo Kio Street 82, Singapore 564809"
39,ARTILLERY AVENUE,99958,SENTOSA DEVELOPMENT CORPORATION (SDC),1.25055881843172,103.827328911126,name_change,SENTOSA DEVELOPMENT CORPORATION,1.25055881843172,103.827328911126,,False,39 Artillery Avenue,"39 Artillery Avenue, Singapore 99958"
1D,CLUNY ROAD,259600,SINGAPORE BOTANIC GARDENS SEED BANK,1.31790843581655,103.816189656291,name_change,NIL,1.31790843581655,103.816189656291,,True,Singapore Botanic Gardens Seed Bank,"1D Cluny Road Singapore Botanic Gardens Seed Bank, Singapore 259600"
592,WOODLANDS DRIVE 17,730592,WOODLANDS SOUTH PLAINS,1.42676254776941,103.794849928283,name_change,NIL,1.42676254776941,103.794849928283,,False,592 Woodlands Drive 17,"592 Woodlands Drive 17, Singapore 730592"
5,LENTOR CENTRAL,788889,LENTOR MODERN,1.38566947273434,103.834549283745,name_change,LENTOR MODERN (U/C),1.38572990744435,103.834582217675,,False,5 Lentor Central,"5 Lentor Central, Singapore 788889"
26,HAVELOCK ROAD,59829,UNION SQUARE ONE,1.28806236232322,103.843220998562,name_change,UNION SQUARE,1.28831753178921,103.843026405676,,False,26 Havelock Road,"26 Havelock Road, Singapore 59829"
87,JALAN SATU,390087,MOUNTBATTEN COMMUNITY CLUB,1.30920453703351,103.886918300106,name_change,MOUNTBATTEN COMMUNITY CLUB (U/C),1.30920453703351,103.886918300106,,True,Mountbatten Community Club,"87 Jalan Satu Mountbatten Community Club, Singapore 390087"
87,TAMPINES STREET 62,529451,TENET,1.36823189032966,103.942093170746,name_change,TENET (U/C),1.36823189032966,103.942093170746,,False,87 Tampines Street 62,"87 Tampines Street 62, Singapore 529451"
328D,TENGAH PARK AVENUE,694328,PARC MEADOW @ TENGAH,1.36721210942622,103.735550222762,name_change,PARK MEADOW @ TENGAH,1.36721210942622,103.735550222762,,True,Parc Meadow @ Tengah,"328D Tengah Park Avenue Parc Meadow @ Tengah, Singapore 694328"
34,HONGKONG STREET,59673,NIL,1.28743955901693,103.847130213821,name_change,VINTAGE INN @ CLARKE QUAY,1.28743955901693,103.847130213821,,False,34 Hongkong Street,"34 Hongkong Street, Singapore 59673"
484,FERNVALE DRIVE,790484,FERNVALE OASIS,1.40020352656839,103.877109122901,name_change,NIL,1.40020352656839,103.877109122901,,False,484 Fernvale Drive,"484 Fernvale Drive, Singapore 790484"
526B,YISHUN STREET 53,762526,ARANDA BREEZE @ YISHUN,1.42329803319593,103.853424633343,name_change,NIL,1.42329803319593,103.853424633343,,False,526B Yishun Street 53,"526B Yishun Street 53, Singapore 762526"
523A,YISHUN STREET 53,761523,VANDA BREEZE @ YISHUN,1.4221629233466,103.852664595625,name_change,NIL,1.4221629233466,103.852664595625,,False,523A Yishun Street 53,"523A Yishun Street 53, Singapore 761523"
58,GHIM MOH LINK,270058,ULU PANDAN BANKS,1.31174472512874,103.780199358694,name_change,NIL,1.31174472512874,103.780199358694,,True,Ulu Pandan Banks,"58 Ghim Moh Link Ulu Pandan Banks, Singapore 270058"
35,JALAN PARI DEDAP,488626,PEAKVIEW ESTATE,1.33244853432236,103.942714441324,name_change,NIL,1.33243749418889,103.942786988397,,False,35 Jalan Pari Dedap,"35 Jalan Pari Dedap, Singapore 488626"
8,SHENTON WAY,68811,THE SKYWATERS,1.27576579650302,103.847236991881,name_and_location_change,OUE DOWNTOWN,1.27796672382887,103.849007895764,314.0862922053961,False,8 Shenton Way,"8 Shenton Way, Singapore 68811"
592A,WOODLANDS DRIVE 17,731592,WOODLANDS SOUTH PLAINS,1.42640034737548,103.795105013801,name_change,NIL,1.42640034737548,103.795105013801,,False,592A Woodlands Drive 17,"592A Woodlands Drive 17, Singapore 731592"
59,TENGAH GARDEN WALK,699913,COPEN GRAND,1.36150164949926,103.730169909399,name_change,COPEN GRAND (U/C),1.36150164949926,103.730169909399,,True,Copen Grand,"59 Tengah Garden Walk Copen Grand, Singapore 699913"
409,HOUGANG AVENUE 10,530409,HARMONY VIEW @ HOUGANG,1.37369229134185,103.895116210204,name_change,NIL,1.37369229134185,103.895116210204,,False,409 Hougang Avenue 10,"409 Hougang Avenue 10, Singapore 530409"
402A,JURONG WEST STREET 42,641402,JURONG ARCADIA,1.35328785595113,103.723331769563,name_change,NIL,1.35328785595113,103.723331769563,,False,402A Jurong West Street 42,"402A Jurong West Street 42, Singapore 641402"
330A,TENGAH PARK AVENUE,691330,PARC MEADOW @ TENGAH,1.36668728839636,103.736419863319,name_change,PARK MEADOW @ TENGAH,1.36668728839636,103.736419863319,,True,Parc Meadow @ Tengah,"330A Tengah Park Avenue Parc Meadow @ Tengah, Singapore 691330"
332,TENGAH PARK AVENUE,690332,PARC MEADOW @ TENGAH,1.36558589197351,103.736602999137,name_change,PARK MEADOW @ TENGAH,1.36558589197351,103.736602999137,,True,Parc Meadow @ Tengah,"332 Tengah Park Avenue Parc Meadow @ Tengah, Singapore 690332"
71,TENGAH GARDEN WALK,699886,COPEN GRAND,1.36190672929397,103.731042025984,name_change,COPEN GRAND (U/C),1.36190672929397,103.731042025984,,True,Copen Grand,"71 Tengah Garden Walk Copen Grand, Singapore 699886"
25,GENTING ROAD,349482,NIL,1.32825733595607,103.875595756777,name_change,UNION ENERGY GROUP BUILDING,1.32824882437239,103.875587654786,,False,25 Genting Road,"25 Genting Road, Singapore 349482"
37,YISHUN CLOSE,769300,NORTH GAIA,1.43616087275784,103.845103477164,name_change,NORTH GAIA (U/C),1.43615956710933,103.84509259687,,False,37 Yishun Close,"37 Yishun Close, Singapore 769300"
56,GHIM MOH LINK,270056,ULU PANDAN BANKS,1.31047570363015,103.781282011023,name_change,NIL,1.31047570363015,103.781282011023,,True,Ulu Pandan Banks,"56 Ghim Moh Link Ulu Pandan Banks, Singapore 270056"
3,LIM CHU KANG LANE 9,719911,CASHIN HOUSE,1.44774210489076,103.70992504834,name_change,NIL,1.44774210489076,103.70992504834,,False,3 Lim Chu Kang Lane 9,"3 Lim Chu Kang Lane 9, Singapore 719911"
418,TEBAN GARDENS ROAD,600418,TEBAN BREEZE,1.32190006910473,103.743943463407,name_change,NIL,1.32190006910473,103.743943463407,,True,Teban Breeze,"418 Teban Gardens Road Teban Breeze, Singapore 600418"
419D,FERNVALE L,794419,FERNVALE SAILS,1.39326086641727,103.879947479604,name_change,NIL,1.39326086641727,103.879947479604,,False,419D Fernvale L,"419D Fernvale L, Singapore 794419"
458B,BUKIT BATOK WEST AVENUE 8,652458,WEST BRICKVILLE @ BUKIT BATOK,1.35441338121119,103.738003018643,name_change,NIL,1.35441338121119,103.738003018643,,False,458B Bukit Batok West Avenue 8,"458B Bukit Batok West Avenue 8, Singapore 652458"
466,HOUGANG AVENUE 8,530466,HARMONY VIEW @ HOUGANG,1.37251992138059,103.897005554551,name_change,NIL,1.37251992138059,103.897005554551,,False,466 Hougang Avenue 8,"466 Hougang Avenue 8, Singapore 530466"
9,LENTOR CENTRAL,788891,LENTOR MODERN,1.38569700727019,103.834957690324,name_change,LENTOR MODERN (U/C),1.38572990744435,103.834582217675,,False,9 Lentor Central,"9 Lentor Central, Singapore 788891"
58C,GHIM MOH LINK,273058,ULU PANDAN BANKS,1.31149287862175,103.780535006994,name_change,NIL,1.31149287862175,103.780535006994,,True,Ulu Pandan Banks,"58C Ghim Moh Link Ulu Pandan Banks, Singapore 273058"
70A,BEDOK RESERVOIR ROAD,479312,EUNOS COMMUNITY CLUB (TEMP OFFICE),1.33230754120576,103.913455267951,name_change,TEMPORARY SITE OFFICE,1.33242605678847,103.913396070774,,True,Eunos Community Club (temp Office),"70A Bedok Reservoir Road Eunos Community Club (temp Office), Singapore 479312"
326B,TENGAH PARK AVENUE,692326,PARC MEADOW @ TENGAH,1.36457562719055,103.735523137227,name_change,PARK MEADOW @ TENGAH,1.36457562719055,103.735523137227,,True,Parc Meadow @ Tengah,"326B Tengah Park Avenue Parc Meadow @ Tengah, Singapore 692326"
267,SERANGOON AVENUE 3,550267,MARKET,1.35319405066769,103.870920824793,name_change,NIL,1.3531696660359,103.870953693678,,True,Market,"267 Serangoon Avenue 3 Market, Singapore 550267"
806,ANG MO KIO STREET 82,560806,PINE VILLE @ AMK,1.3775465009548,103.853607072248,name_change,NIL,1.3775465009548,103.853607072248,,False,806 Ang Mo Kio Street 82,"806 Ang Mo Kio Street 82, Singapore 560806"
2,FRANCIS THOMAS DRIVE,359337,ST ANDREW'S SCHOOL (JUNIOR),1.33140255308868,103.865117134385,name_change,SAINT ANDREW'S JUNIOR SCHOOL,1.33140255308868,103.865117134385,,True,St Andrew's School (junior),"2 Francis Thomas Drive St Andrew's School (junior), Singapore 359337"
12,UPPER WILKIE ROAD,229503,WILKIE HILLS,1.30331630150941,103.84784893977,name_change,WILKIE HILLS (U/C),1.30337992076141,103.847870249669,,False,12 Upper Wilkie Road,"12 Upper Wilkie Road, Singapore 229503"
83,TAMPINES STREET 62,529449,TENET,1.36855132825317,103.941709770792,name_change,TENET (U/C),1.36855132825317,103.941709770792,,False,83 Tampines Street 62,"83 Tampines Street 62, Singapore 529449"
105,BEDOK NORTH AVENUE 4,460105,NKF DIALYSIS CENTRE,1.33368859457924,103.936473903592,name_change,PEARL GARDEN,1.33372280929,103.936517719048,,True,Nkf Dialysis Centre,"105 Bedok North Avenue 4 Nkf Dialysis Centre, Singapore 460105"
24,COLLEGE AVENUE WEST,138531,NUS COLLEGE,1.30769533190976,103.7726333349,name_change,YALE-NUS COLLEGE CAMPUS,1.30769533190976,103.7726333349,,True,NUS College,"24 College Avenue West NUS College, Singapore 138531"
5,CHANDER ROAD,219528,SIDDH PEETH SHREE LAKSHMINARAYAN TEMPLE,1.30775967850112,103.850915055091,name_change,NIL,1.30774014690879,103.850826426805,,True,Siddh Peeth Shree Lakshminarayan Temple,"5 Chander Road Siddh Peeth Shree Lakshminarayan Temple, Singapore 219528"
102C,PLANTATION CLOSE,693102,PLANTATION VERGE,1.35101964240157,103.73390179655,name_change,NIL,1.35101964240157,103.73390179655,,False,102C Plantation Close,"102C Plantation Close, Singapore 693102"
465A,UPPER SERANGOON ROAD,531465,HARMONY VIEW @ HOUGANG,1.37236821208425,103.897355282941,name_change,MULTI STOREY CAR PARK,1.37236821208425,103.897355282941,,False,465A Upper Serangoon Road,"465A Upper Serangoon Road, Singapore 531465"
57,TENGAH GARDEN WALK,699912,COPEN GRAND,1.36149804974031,103.73043949934,name_change,COPEN GRAND (U/C),1.36149804974031,103.73043949934,,True,Copen Grand,"57 Tengah Garden Walk Copen Grand, Singapore 699912"
401,HOUGANG AVENUE 10,530401,HARMONY VIEW @ HOUGANG,1.37484339485806,103.896994161364,name_change,HARMONY VIEW,1.37484339485806,103.896994161364,,False,401 Hougang Avenue 10,"401 Hougang Avenue 10, Singapore 530401"
61,TENGAH GARDEN WALK,699891,COPEN GRAND,1.36192865449978,103.729712493673,name_change,COPEN GRAND (U/C),1.36192865449978,103.729712493673,,True,Copen Grand,"61 Tengah Garden Walk Copen Grand, Singapore 699891"
117B,JALAN KEMBANGAN,412117,KEMBANGAN WAVE,1.32233228825057,103.913094031136,name_change,NIL,1.32233228825057,103.913094031136,,False,117B Jalan Kembangan,"117B Jalan Kembangan, Singapore 412117"
517A,MILTONIA CLOSE,761517,MILTONIA BREEZE @ YISHUN,1.41839591779108,103.848852419002,name_change,NIL,1.41839591779108,103.848852419002,,False,517A Miltonia Close,"517A Miltonia Close, Singapore 761517"
1,PUNGGOL COAST ROAD,828608,DIGIPEN INSTITUTE TECHNOLOGY OF SINGAPORE,1.41333310429546,103.913035184508,name_change,NIL,1.41333310429546,103.913035184508,,True,Digipen Institute Technology of Singapore,"1 Punggol Coast Road Digipen Institute Technology of Singapore, Singapore 828608"
50,LORONG 21 GEYLANG,388465,JUN YUAN BUILDING,1.31567694656431,103.879766321174,name_change,LE DAO BUILDING,1.31567694656431,103.879766321174,,True,Jun Yuan Building,"50 Lorong 21 Geylang Jun Yuan Building, Singapore 388465"
5,NORTHUMBERLAND ROAD,219570,PICCADILLY GRAND,1.31079412179179,103.852278016349,name_change,PICCADILLY GRAND (U/C),1.31079412179179,103.852278016349,,False,5 Northumberland Road,"5 Northumberland Road, Singapore 219570"
18,MARINA GARDENS DRIVE,18953,CONSERVATORY GIFT SHOP,1.28413883011532,103.865396617542,name_and_location_change,NIL,1.28175826056524,103.861585715893,499.5462535134817,True,Conservatory Gift Shop,"18 Marina Gardens Drive Conservatory Gift Shop, Singapore 18953"
1,CLUNY ROAD,259569,SINGAPORE BOTANIC GARDENS (BANDSTAND GAZEBO),1.31038657419727,103.816319662593,name_and_location_change,NATIONAL PARKS BOARD (NPARKS),1.31568827087057,103.816190606231,589.6963173309879,True,Singapore Botanic Gardens (bandstand Gazebo),"1 Cluny Road Singapore Botanic Gardens (bandstand Gazebo), Singapore 259569"
67,TENGAH GARDEN WALK,699894,COPEN GRAND,1.36192145614213,103.730461439514,name_change,COPEN GRAND (U/C),1.36192145614213,103.730461439514,,True,Copen Grand,"67 Tengah Garden Walk Copen Grand, Singapore 699894"
529A,YISHUN STREET 53,761529,ARANDA BREEZE @ YISHUN,1.42432273945436,103.853145277598,name_change,NIL,1.42432273945436,103.853145277598,,False,529A Yishun Street 53,"529A Yishun Street 53, Singapore 761529"
418B,TEBAN GARDENS ROAD,602418,TEBAN BREEZE,1.32159822364492,103.744665382326,name_change,NIL,1.32159822364492,103.744665382326,,True,Teban Breeze,"418B Teban Gardens Road Teban Breeze, Singapore 602418"
524D,YISHUN STREET 53,764524,VANDA BREEZE @ YISHUN,1.42171209105192,103.850788460024,name_change,NIL,1.42171209105192,103.850788460024,,False,524D Yishun Street 53,"524D Yishun Street 53, Singapore 764524"
1B,CLUNY ROAD,259598,NATIONAL BIODIVERSITY CENTRE,1.31654969925993,103.817186800754,name_change,NIL,1.31654969925993,103.817186800754,,True,National Biodiversity Centre,"1B Cluny Road National Biodiversity Centre, Singapore 259598"
204A,QUEEN'S CRESCENT,141204,QUEENSWAY CANOPY,1.29024177695335,103.799818760424,name_change,NIL,1.29024177695335,103.799818760424,,False,204A Queen's Crescent,"204A Queen's Crescent, Singapore 141204"
41,YISHUN CLOSE,769302,NORTH GAIA,1.43580016101414,103.84556329937,name_change,NORTH GAIA (U/C),1.43580423395908,103.845549082372,,False,41 Yishun Close,"41 Yishun Close, Singapore 769302"
65B,COMMONWEALTH AVENUE WEST,132065,ULU PANDAN VISTA,1.31245649651275,103.778288140825,name_change,NIL,1.31245649651275,103.778288140825,,False,65B Commonwealth Avenue West,"65B Commonwealth Avenue West, Singapore 132065"
73,TAMPINES STREET 62,529700,TENET,1.36814934690513,103.942983314402,name_change,TENET (U/C),1.36814934690513,103.942983314402,,False,73 Tampines Street 62,"73 Tampines Street 62, Singapore 529700"
601,RIFLE RANGE ROAD,588398,NIL,1.3606052603701,103.799431453361,location_change,NIL,1.3556001772533,103.796247570564,659.5487701588022,False,601 Rifle Range Road,"601 Rifle Range Road, Singapore 588398"
35,ORCHARD ROAD,238902,NIL,1.29946051650063,103.843384738464,name_change,ISTANA HERITAGE GALLERY,1.29946051650063,103.843384738464,,False,35 Orchard Road,"35 Orchard Road, Singapore 238902"
201,CHESTNUT AVENUE,679525,NIL,1.37168064590228,103.779806932515,location_change,NIL,1.37749613665976,103.777438972627,698.1761120048952,False,201 Chestnut Avenue,"201 Chestnut Avenue, Singapore 679525"
518A,MILTONIA CLOSE,761518,MILTONIA BREEZE @ YISHUN,1.41821317149286,103.85030757168,name_change,NIL,1.41821317149286,103.85030757168,,False,518A Miltonia Close,"518A Miltonia Close, Singapore 761518"
413,HOUGANG AVENUE 10,530413,HARMONY VIEW @ HOUGANG,1.37450179829607,103.895709633695,name_change,HARMONY VIEW,1.37450179829607,103.895709633695,,False,413 Hougang Avenue 10,"413 Hougang Avenue 10, Singapore 530413"
11,UNITY STREET,237995,ROBERTSON WALK,1.29186333652408,103.841359786872,name_change,CAMBRIDGE CDC @ TANGLIN PTE. LTD.,1.2919705093805,103.841157123421,,False,11 Unity Street,"11 Unity Street, Singapore 237995"
58B,GHIM MOH LINK,272058,ULU PANDAN BANKS,1.31189529735428,103.780817743201,name_change,NIL,1.31189529735428,103.780817743201,,True,Ulu Pandan Banks,"58B Ghim Moh Link Ulu Pandan Banks, Singapore 272058"
102A,PLANTATION CLOSE,691102,PLANTATION VERGE,1.35104929333639,103.734755311012,name_change,NIL,1.35104929333639,103.734755311012,,False,102A Plantation Close,"102A Plantation Close, Singapore 691102"
100B,PLANTATION CLOSE,692100,PLANTATION VERGE,1.34954888554559,103.735959677242,name_change,NIL,1.34954888554559,103.735959677242,,False,100B Plantation Close,"100B Plantation Close, Singapore 692100"
2,MOUNT EMILY ROAD,228484,DUET @ EMILY,1.30441456274538,103.84938392703,name_change,NIL,1.30436404749245,103.84943009639,,False,2 Mount Emily Road,"2 Mount Emily Road, Singapore 228484"
45,BEDOK SOUTH AVENUE 3,460045,BEDOK SOUTH BLOSSOMS,1.32208339971419,103.943408749166,name_change,NIL,1.32208339971419,103.943408749166,,False,45 Bedok South Avenue 3,"45 Bedok South Avenue 3, Singapore 460045"
13,TUKANG INNOVATION DRIVE,619677,GREENPHYTO INNOVATION CENTRE,1.32360145622345,103.71653070725,name_change,NIL,1.32360145622345,103.71653070725,,True,Greenphyto Innovation Centre,"13 Tukang Innovation Drive Greenphyto Innovation Centre, Singapore 619677"
3,NORTHUMBERLAND ROAD,219569,PICCADILLY GRAND,1.311250279155,103.852455288833,name_change,PICCADILLY GRAND (U/C),1.311250279155,103.852455288833,,False,3 Northumberland Road,"3 Northumberland Road, Singapore 219569"
61,COMMONWEALTH AVENUE WEST,130061,ULU PANDAN VISTA,1.31120951222812,103.780005837853,name_change,NIL,1.31120951222812,103.780005837853,,False,61 Commonwealth Avenue West,"61 Commonwealth Avenue West, Singapore 130061"
458,BUKIT BATOK WEST AVENUE 8,650458,WEST BRICKVILLE @ BUKIT BATOK,1.3541602936949,103.737762969669,name_change,NIL,1.3541602936949,103.737762969669,,False,458 Bukit Batok West Avenue 8,"458 Bukit Batok West Avenue 8, Singapore 650458"
457A,BUKIT BATOK WEST AVENUE 8,651457,WEST BRICKVILLE @ BUKIT BATOK,1.35396541589818,103.738331166574,name_change,NIL,1.35396541589818,103.738331166574,,False,457A Bukit Batok West Avenue 8,"457A Bukit Batok West Avenue 8, Singapore 651457"
31,YISHUN CLOSE,769344,NORTH GAIA,1.43598665698071,103.844724759181,name_change,NORTH GAIA (U/C),1.43598010929259,103.84472526586,,False,31 Yishun Close,"31 Yishun Close, Singapore 769344"
410,HOUGANG AVENUE 10,530410,HARMONY VIEW @ HOUGANG,1.37388589154893,103.894681773728,name_change,NIL,1.37388589154893,103.894681773728,,False,410 Hougang Avenue 10,"410 Hougang Avenue 10, Singapore 530410"
102,PLANTATION CLOSE,690102,PLANTATION VERGE,1.35087280870057,103.734634565953,name_change,NIL,1.35087280870057,103.734634565953,,False,102 Plantation Close,"102 Plantation Close, Singapore 690102"
474C,BUKIT BATOK WEST AVENUE 5,653474,WEST GLADES @ BUKIT BATOK,1.35687611003426,103.74550701233,name_change,NIL,1.35687611003426,103.74550701233,,False,474C Bukit Batok West Avenue 5,"474C Bukit Batok West Avenue 5, Singapore 653474"
278,JERVOIS ROAD,249076,SRI MENANTI ESTATE,1.29459429224728,103.824137947949,name_change,NIL,1.29453508497147,103.82423457479,,False,278 Jervois Road,"278 Jervois Road, Singapore 249076"
590C,WOODLANDS DRIVE 17,733590,WOODLANDS SOUTH PLAINS,1.42655027696657,103.796757454947,name_change,NIL,1.42655027696657,103.796757454947,,False,590C Woodlands Drive 17,"590C Woodlands Drive 17, Singapore 733590"
47B,BEDOK SOUTH AVENUE 3,462047,BEDOK SOUTH BLOSSOMS,1.32267640653852,103.943083310429,name_change,NIL,1.32267640653852,103.943083310429,,False,47B Bedok South Avenue 3,"47B Bedok South Avenue 3, Singapore 462047"
529,YISHUN STREET 53,760529,ARANDA BREEZE @ YISHUN,1.4241643729817,103.852962218674,name_change,NIL,1.4241643729817,103.852962218674,,False,529 Yishun Street 53,"529 Yishun Street 53, Singapore 760529"
37,MARINE PARADE,449524,CHOA BUNGALOW,1.3026236120344,103.903873487916,name_change,NIL,1.3026236120344,103.903873487916,,False,37 Marine Parade,"37 Marine Parade, Singapore 449524"
44,JALAN MERAH SAGA,278116,% ARABICA,1.31156943730169,103.796647802546,name_change,NIL,1.31192195425084,103.796844037126,,False,44 Jalan Merah Saga,"44 Jalan Merah Saga, Singapore 278116"
524E,YISHUN STREET 53,765524,VANDA BREEZE @ YISHUN,1.42209525533145,103.851133183103,name_change,NIL,1.42209525533145,103.851133183103,,False,524E Yishun Street 53,"524E Yishun Street 53, Singapore 765524"
485,FERNVALE DRIVE,790485,FERNVALE OASIS,1.39952398160981,103.876773080622,name_change,NIL,1.39952398160981,103.876773080622,,False,485 Fernvale Drive,"485 Fernvale Drive, Singapore 790485"
7,LENTOR CENTRAL,788890,LENTOR MODERN,1.38524139884185,103.83518381546,name_change,LENTOR MODERN (U/C),1.38572990744435,103.834582217675,,False,7 Lentor Central,"7 Lentor Central, Singapore 788890"
18C,FARRER PARK ROAD,213018,FARRER PARK FIELDS,1.31024838394802,103.851916620299,name_change,NIL,1.31024838394802,103.851916620299,,True,Farrer Park Fields,"18C Farrer Park Road Farrer Park Fields, Singapore 213018"
16,FARRER PARK ROAD,210016,FARRER PARK FIELDS,1.31083473096323,103.851157426954,name_change,NIL,1.31083473096323,103.851157426954,,True,Farrer Park Fields,"16 Farrer Park Road Farrer Park Fields, Singapore 210016"
107,PLANTATION CLOSE,690107,PLANTATION VERGE,1.35030627334562,103.736767614388,name_change,NIL,1.35030627334562,103.736767614388,,False,107 Plantation Close,"107 Plantation Close, Singapore 690107"
46,JALAN CHEMPEDAK,578428,SEMBAWANG HILLS ESTATE,1.36997027149435,103.829144842077,name_change,NIL,1.3699747823695,103.829162942282,,False,46 Jalan Chempedak,"46 Jalan Chempedak, Singapore 578428"
121,DEFU LANE 10,539231,DEFU INDUSTRIAL ESTATE,1.35655704298365,103.893077105464,name_change,NIL,1.35668346446962,103.893134280141,,True,Defu Industrial Estate,"121 Defu Lane 10 Defu Industrial Estate, Singapore 539231"
47,BEDOK SOUTH AVENUE 3,460047,BEDOK SOUTH BLOSSOMS,1.32188497949521,103.942399124062,name_change,NIL,1.32188497949521,103.942399124062,,False,47 Bedok South Avenue 3,"47 Bedok South Avenue 3, Singapore 460047"
14,COLLEGE AVENUE WEST,138611,NUS COLLEGE,1.30608809537109,103.771993013067,name_change,YALE-NUS COLLEGE CAMPUS,1.30608809537109,103.771993013067,,True,NUS College,"14 College Avenue West NUS College, Singapore 138611"
50A,GHIM MOH CLOSE,271050,GHIM MOH NATURA,1.30970134638704,103.790422390773,name_change,NIL,1.30970134638704,103.790422390773,,False,50A Ghim Moh Close,"50A Ghim Moh Close, Singapore 271050"
16D,FARRER PARK ROAD,214016,FARRER PARK FIELDS,1.31107251473053,103.851019625812,name_change,NIL,1.31107251473053,103.851019625812,,True,Farrer Park Fields,"16D Farrer Park Road Farrer Park Fields, Singapore 214016"
435,ANG MO KIO AVENUE 10,560435,CHENG SAN COMMUNITY CLUB (TEMP OFFICE),1.36766116325929,103.854307499675,name_change,CHONG BOON RISE,1.36770367834269,103.854214313011,,True,Cheng San Community Club (temp Office),"435 Ang Mo Kio Avenue 10 Cheng San Community Club (temp Office), Singapore 560435"
416,HOUGANG AVENUE 10,530416,HARMONY VIEW @ HOUGANG,1.37568570260788,103.896283815056,name_change,HARMONY VIEW,1.37568570260788,103.896283815056,,False,416 Hougang Avenue 10,"416 Hougang Avenue 10, Singapore 530416"
419B,FERNVALE L,792419,FERNVALE SAILS,1.39411239261762,103.879662051171,name_change,NIL,1.39411239261762,103.879662051171,,False,419B Fernvale L,"419B Fernvale L, Singapore 792419"
404B,JURONG WEST STREET 42,642404,JURONG ARCADIA,1.35404858805182,103.724078161362,name_change,NIL,1.35404858805182,103.724078161362,,False,404B Jurong West Street 42,"404B Jurong West Street 42, Singapore 642404"
25,TRENGGANU STREET,58476,NIL,1.28256767941304,103.844175159658,name_change,HOTEL CALMO CHINATOWN,1.28256767941304,103.844175159658,,False,25 Trengganu Street,"25 Trengganu Street, Singapore 58476"
527B,YISHUN STREET 53,762527,ARANDA BREEZE @ YISHUN,1.42375220583707,103.853266697579,name_change,NIL,1.42375220583707,103.853266697579,,False,527B Yishun Street 53,"527B Yishun Street 53, Singapore 762527"
238A,THOMSON ROAD,307684,COMMUNICABLE DISEASES AGENCY (CDA),1.32016866401286,103.843945394793,name_change,MDA CUSTOMER & LICENSING SERVICES (BROADCASTING),1.31983835175195,103.844029230613,,False,238A Thomson Road,"238A Thomson Road, Singapore 307684"
29,YISHUN CLOSE,769343,NORTH GAIA,1.43581329414758,103.844885826153,name_change,NORTH GAIA (U/C),1.4358006482821,103.844878616265,,False,29 Yishun Close,"29 Yishun Close, Singapore 769343"
18,FARRER PARK ROAD,210018,FARRER PARK FIELDS,1.30964145284649,103.851166603031,name_change,NIL,1.30964145284649,103.851166603031,,True,Farrer Park Fields,"18 Farrer Park Road Farrer Park Fields, Singapore 210018"
97,HAVELOCK ROAD,160097,HAVELOCK HILLSIDE,1.28901860835749,103.831440994912,name_change,NIL,1.28901860835749,103.831440994912,,False,97 Havelock Road,"97 Havelock Road, Singapore 160097"
21,LOWER KENT RIDGE ROAD,119077,NATIONAL UNIVERSITY OF SINGAPORE,1.29546718144446,103.779773949926,name_change,FACULTY OF SCIENCE,1.29622379796538,103.779081700286,,True,National University of Singapore,"21 Lower Kent Ridge Road National University of Singapore, Singapore 119077"
6A,TANJONG RHU ROAD,436884,DE CENTURION,1.29881006027302,103.884350279556,name_change,DE CENTURIAN,1.29881006027302,103.884350279556,,False,6A Tanjong Rhu Road,"6A Tanjong Rhu Road, Singapore 436884"
332A,TENGAH PARK AVENUE,691332,PARC MEADOW @ TENGAH,1.36515757135033,103.736192450729,name_change,PARK MEADOW @ TENGAH,1.36515757135033,103.736192450729,,True,Parc Meadow @ Tengah,"332A Tengah Park Avenue Parc Meadow @ Tengah, Singapore 691332"
5,JALAN ANAK BUKIT,589601,BEAUTY WORLD INTEGRATED TRANSPORT HUB,1.33948861343345,103.777141326948,name_change,THE RESERVE RESIDENCES,1.33993309773237,103.777416331816,,True,Beauty World Integrated Transport Hub,"5 Jalan Anak Bukit Beauty World Integrated Transport Hub, Singapore 589601"
330B,TENGAH PARK AVENUE,692330,PARC MEADOW @ TENGAH,1.36636002257175,103.736904916916,name_change,PARK MEADOW @ TENGAH,1.36636002257175,103.736904916916,,True,Parc Meadow @ Tengah,"330B Tengah Park Avenue Parc Meadow @ Tengah, Singapore 692330"
16B,FARRER PARK ROAD,212016,FARRER PARK FIELDS,1.31015510098029,103.850141870986,name_change,NIL,1.31015510098029,103.850141870986,,True,Farrer Park Fields,"16B Farrer Park Road Farrer Park Fields, Singapore 212016"
11,JALAN TAN TOCK SENG,308433,JOHNS HOPKINS SINGAPORE INTERNATIONAL MEDICAL CENTRE,1.32100978515427,103.845757369413,name_and_location_change,NIL,1.3194999277015,103.849900554786,490.223885853894,True,Johns Hopkins Singapore International Medical Centre,"11 Jalan Tan Tock Seng Johns Hopkins Singapore International Medical Centre, Singapore 308433"
57B,GHIM MOH LINK,272057,ULU PANDAN BANKS,1.31165449060319,103.781332587452,name_change,NIL,1.31165449060319,103.781332587452,,True,Ulu Pandan Banks,"57B Ghim Moh Link Ulu Pandan Banks, Singapore 272057"
293,JURONG EAST STREET 24,600293,JURONG EAST BREEZE,1.3435002948629,103.74443924567,name_change,NIL,1.3435002948629,103.74443924567,,False,293 Jurong East Street 24,"293 Jurong East Street 24, Singapore 600293"
18,CROSS STREET,48423,18 CROSS,1.28355426127583,103.846882908595,name_change,CROSS STREET EXCHANGE,1.28355426127583,103.846882908595,,False,18 Cross Street,"18 Cross Street, Singapore 48423"
2000,UPPER CHANGI ROAD NORTH,508899,AIRPORT FIRE STATION 1,1.36978735831026,103.983270740951,name_change,NIL,1.36915922496461,103.983195958795,,True,Airport Fire Station 1,"2000 Upper Changi Road North Airport Fire Station 1, Singapore 508899"
64A,COMMONWEALTH AVENUE WEST,131064,ULU PANDAN VISTA,1.31198190730338,103.779388291881,name_change,NIL,1.31198190730338,103.779388291881,,False,64A Commonwealth Avenue West,"64A Commonwealth Avenue West, Singapore 131064"
845,YISHUN STREET 81,760845,KHATIB CENTRAL,1.4160188050375,103.835000766612,name_change,KAHTIB CENTRAL,1.4160188050375,103.835000766612,,False,845 Yishun Street 81,"845 Yishun Street 81, Singapore 760845"
22,COLLEGE AVENUE WEST,138530,NUS COLLEGE,1.30756333329947,103.77262245701,name_change,YALE-NUS COLLEGE CAMPUS,1.30756333329947,103.77262245701,,True,NUS College,"22 College Avenue West NUS College, Singapore 138530"
301,LORONG 6 TOA PAYOH,319392,NIL,1.33060009366633,103.849986778984,name_change,TOA PAYOH SPORTS CENTRE,1.33045992412023,103.850574273679,,False,301 Lorong 6 Toa Payoh,"301 Lorong 6 Toa Payoh, Singapore 319392"
529B,YISHUN STREET 53,762529,ARANDA BREEZE @ YISHUN,1.42387472864082,103.853758201685,name_change,NIL,1.42387472864082,103.853758201685,,False,529B Yishun Street 53,"529B Yishun Street 53, Singapore 762529"
1,WOODLANDS NORTH COAST ROAD,738979,RTS LINK WOODLANDS NORTH STATION,1.45001786057996,103.786094392757,name_change,CIQ BUILDING,1.45010000958897,103.784100658514,,True,Rts Link Woodlands North Station,"1 Woodlands North Coast Road Rts Link Woodlands North Station, Singapore 738979"
51,TENGAH GARDEN WALK,699909,COPEN GRAND,1.36150266271849,103.731060572318,name_change,COPEN GRAND (U/C),1.36150266271849,103.731060572318,,True,Copen Grand,"51 Tengah Garden Walk Copen Grand, Singapore 699909"
823A,KEAT HONG LINK,681823,KEAT HONG GRANGE,1.37464039774669,103.749261976868,name_change,NIL,1.37464039774669,103.749261976868,,False,823A Keat Hong Link,"823A Keat Hong Link, Singapore 681823"
110,ALEXANDRA VIEW,150110,ALEXANDRA VALE,1.2900749406325,103.817543942463,name_change,NIL,1.2900749406325,103.817543942463,,False,110 Alexandra View,"110 Alexandra View, Singapore 150110"
844,YISHUN STREET 81,760844,KHATIB CENTRAL,1.41562517345068,103.835446503581,name_change,KAHTIB CENTRAL,1.41562517345068,103.835446503581,,False,844 Yishun Street 81,"844 Yishun Street 81, Singapore 760844"
43,THOMSON ROAD,307583,NIL,1.31492414413907,103.84485935765,name_change,KARTAR APARTMENTS,1.31492241285227,103.844843392551,,False,43 Thomson Road,"43 Thomson Road, Singapore 307583"
522B,YISHUN STREET 53,762522,VANDA BREEZE @ YISHUN,1.42227694893791,103.851896840992,name_change,NIL,1.42227694893791,103.851896840992,,False,522B Yishun Street 53,"522B Yishun Street 53, Singapore 762522"
476A,BUKIT BATOK WEST AVENUE 5,651476,WEST GLADES @ BUKIT BATOK,1.35736141009041,103.745399703544,name_change,NIL,1.35736141009041,103.745399703544,,False,476A Bukit Batok West Avenue 5,"476A Bukit Batok West Avenue 5, Singapore 651476"
4,TAMPINES STREET 91,528907,PATHLIGHT SCHOOL (TAMPINES),1.34711275884527,103.939451879381,name_change,NIL,1.34711275884527,103.939451879381,,True,Pathlight School (tampines),"4 Tampines Street 91 Pathlight School (tampines), Singapore 528907"
2,FUSIONOPOLIS WAY,138634,"AGENCY FOR SCIENCE, TECHNOLOGY AND RESEARCH (A*STAR)",1.29851988332859,103.788648234727,name_change,INNOVIS,1.29842618269904,103.788697913817,,False,2 Fusionopolis Way,"2 Fusionopolis Way, Singapore 138634"
517C,MILTONIA CLOSE,763517,MILTONIA BREEZE @ YISHUN,1.41847025094394,103.849379684961,name_change,NIL,1.41847025094394,103.849379684961,,False,517C Miltonia Close,"517C Miltonia Close, Singapore 763517"
33,YISHUN CLOSE,769345,NORTH GAIA,1.43631746938476,103.844907374663,name_change,NORTH GAIA (U/C),1.43631163072722,103.844895523625,,False,33 Yishun Close,"33 Yishun Close, Singapore 769345"
18,COLLEGE AVENUE WEST,138528,NUS COLLEGE,1.30714440669788,103.77197858734,name_change,YALE-NUS COLLEGE CAMPUS,1.30714440669788,103.77197858734,,True,NUS College,"18 College Avenue West NUS College, Singapore 138528"
527,YISHUN STREET 53,760527,ARANDA BREEZE @ YISHUN,1.42346617431464,103.85249887877,name_change,NIL,1.42346617431464,103.85249887877,,False,527 Yishun Street 53,"527 Yishun Street 53, Singapore 760527"
299,LORONG 6 TOA PAYOH,319390,NIL,1.33028857436685,103.851567502968,name_change,TOA PAYOH SPORTS HALL,1.33028857436685,103.851567502968,,False,299 Lorong 6 Toa Payoh,"299 Lorong 6 Toa Payoh, Singapore 319390"
46B,BEDOK SOUTH AVENUE 3,462046,BEDOK SOUTH BLOSSOMS,1.32126567349011,103.942746344884,name_change,NIL,1.32126567349011,103.942746344884,,False,46B Bedok South Avenue 3,"46B Bedok South Avenue 3, Singapore 462046"
1999,LORONG 8 TOA PAYOH,319258,TOA PAYOH SOUTH COMMUNITY CLUB,1.33489037473653,103.859378974667,name_change,TOA PAYOH SOUTH COMMUNITY CLUB (PENDING RELOCATION),1.33489037473653,103.859378974667,,True,Toa Payoh South Community Club,"1999 Lorong 8 Toa Payoh Toa Payoh South Community Club, Singapore 319258"
809B,ANG MO KIO STREET 82,562809,PINE VILLE @ AMK,1.37689630873617,103.85422541254,name_change,NIL,1.37689630873617,103.85422541254,,False,809B Ang Mo Kio Street 82,"809B Ang Mo Kio Street 82, Singapore 562809"
12,LORONG 12 GEYLANG,398993,GOSTAY HOTEL,1.31140044123756,103.878121314712,name_change,NIL,1.31140044123756,103.878121314712,,True,Gostay Hotel,"12 Lorong 12 Geylang Gostay Hotel, Singapore 398993"
522A,YISHUN STREET 53,761522,VANDA BREEZE @ YISHUN,1.42244816684334,103.852395069678,name_change,NIL,1.42244816684334,103.852395069678,,False,522A Yishun Street 53,"522A Yishun Street 53, Singapore 761522"
464,UPPER SERANGOON ROAD,530464,HARMONY VIEW @ HOUGANG,1.37249606725852,103.896129636264,name_change,NIL,1.37249606725852,103.896129636264,,False,464 Upper Serangoon Road,"464 Upper Serangoon Road, Singapore 530464"
31,BIOPOLIS WAY,138669,BIOPROCESSING TECHNOLOGY INSTITUTE,1.30433643799619,103.792461279914,name_change,INSTITUTE OF BIOENGINEERING AND NANOTECHNOLOGY,1.30433643799619,103.792461279914,,True,Bioprocessing Technology Institute,"31 Biopolis Way Bioprocessing Technology Institute, Singapore 138669"
44,LORONG 6 GEYLANG,399199,Z HOTEL,1.30999425446286,103.8765022671,name_change,OH MY SUITES,1.30999425446286,103.8765022671,,True,Z Hotel,"44 Lorong 6 Geylang Z Hotel, Singapore 399199"
57D,GHIM MOH LINK,274057,ULU PANDAN BANKS,1.31069731425188,103.781930289881,name_change,NIL,1.31069731425188,103.781930289881,,True,Ulu Pandan Banks,"57D Ghim Moh Link Ulu Pandan Banks, Singapore 274057"
404A,JURONG WEST STREET 42,641404,JURONG ARCADIA,1.35408471473791,103.72368130198,name_change,NIL,1.35408471473791,103.72368130198,,False,404A Jurong West Street 42,"404A Jurong West Street 42, Singapore 641404"
463,HOUGANG AVENUE 10,530463,HARMONY VIEW @ HOUGANG,1.37235645075277,103.894968078036,name_change,NIL,1.37235645075277,103.894968078036,,False,463 Hougang Avenue 10,"463 Hougang Avenue 10, Singapore 530463"
55A,YISHUN INDUSTRIAL PARK A,768729,VICO INNOVATION CENTRE,1.44171956057712,103.835300496002,name_change,NK CERAMIC BUILDING,1.44171956057712,103.835300496002,,True,Vico Innovation Centre,"55A Yishun Industrial Park a Vico Innovation Centre, Singapore 768729"
515,MILTONIA CLOSE,760515,MILTONIA BREEZE @ YISHUN,1.4192698143365,103.84849236836,name_change,NIL,1.4192698143365,103.84849236836,,False,515 Miltonia Close,"515 Miltonia Close, Singapore 760515"
80,BOON KENG ROAD,339780,AUMOVIO BUILDING,1.31560969603957,103.863281240839,name_change,CONTINENTAL BUILDING,1.31560969603957,103.863281240839,,True,Aumovio Building,"80 Boon Keng Road Aumovio Building, Singapore 339780"
15,HOE CHIANG ROAD,89316,SKY TOWER,1.2737717948156,103.842089338694,name_change,SKY TOWER / SKY PLAZA,1.2737717948156,103.842089338694,,True,Sky Tower,"15 Hoe Chiang Road Sky Tower, Singapore 89316"
2,ANG MO KIO STREET 44,569250,PATHLIGHT SCHOOL (ANG MO KIO CAMPUS 2),1.36363517582629,103.85801093879,name_change,PATHLIGHT SCHOOL 3,1.36363517582629,103.85801093879,,True,Pathlight School (ang Mo Kio Campus 2),"2 Ang Mo Kio Street 44 Pathlight School (ang Mo Kio Campus 2), Singapore 569250"
102B,PLANTATION CLOSE,692102,PLANTATION VERGE,1.35084766714941,103.734299170866,name_change,NIL,1.35084766714941,103.734299170866,,False,102B Plantation Close,"102B Plantation Close, Singapore 692102"
628A,YEW TEE CLOSE,681628,HEART OF YEW TEE,1.39739412482995,103.74605587408,name_change,NIL,1.39739412482995,103.74605587408,,False,628A Yew Tee Close,"628A Yew Tee Close, Singapore 681628"
39,YISHUN CLOSE,769301,NORTH GAIA,1.43604987107528,103.845378373899,name_change,NORTH GAIA (U/C),1.43603394374403,103.845363635668,,False,39 Yishun Close,"39 Yishun Close, Singapore 769301"
414,HOUGANG AVENUE 10,530414,HARMONY VIEW @ HOUGANG,1.37490432858877,103.895995982843,name_change,HARMONY VIEW,1.37490432858877,103.895995982843,,False,414 Hougang Avenue 10,"414 Hougang Avenue 10, Singapore 530414"
516C,MILTONIA CLOSE,763516,MILTONIA BREEZE @ YISHUN,1.41893271775295,103.849254615958,name_change,NIL,1.41893271775295,103.849254615958,,False,516C Miltonia Close,"516C Miltonia Close, Singapore 763516"
475,BUKIT BATOK WEST AVENUE 5,650475,WEST GLADES @ BUKIT BATOK,1.35710168292617,103.746177231805,name_change,NIL,1.35710168292617,103.746177231805,,False,475 Bukit Batok West Avenue 5,"475 Bukit Batok West Avenue 5, Singapore 650475"
467,HOUGANG AVENUE 8,530467,HARMONY VIEW @ HOUGANG,1.37307287188357,103.89685749928,name_change,NIL,1.37307287188357,103.89685749928,,False,467 Hougang Avenue 8,"467 Hougang Avenue 8, Singapore 530467"
822B,KEAT HONG LINK,682822,KEAT HONG GRANGE,1.37499091145406,103.748249200839,name_change,NIL,1.37499091145406,103.748249200839,,False,822B Keat Hong Link,"822B Keat Hong Link, Singapore 682822"
1,LENTOR CENTRAL,788887,LENTOR MODERN,1.38550907050444,103.83456993327,name_change,LENTOR MODERN (U/C),1.38572990744435,103.834582217675,,False,1 Lentor Central,"1 Lentor Central, Singapore 788887"
3,MAGAZINE ROAD,59570,UNION SQUARE THREE,1.2887536712464,103.842484418198,name_change,UNION SQUARE,1.2887536712464,103.842484418198,,False,3 Magazine Road,"3 Magazine Road, Singapore 59570"
105,SOPHIA ROAD,228170,SOPHIA REGENCY,1.30254668108558,103.846337135937,name_change,SOPHIA REGENCY (U/C),1.30254668108558,103.846337135937,,False,105 Sophia Road,"105 Sophia Road, Singapore 228170"
53A,GHIM MOH LINK,271053,ULU PANDAN GLADES,1.31049306848932,103.783505715028,name_change,NIL,1.31049306848932,103.783505715028,,False,53A Ghim Moh Link,"53A Ghim Moh Link, Singapore 271053"
326C,TENGAH PARK AVENUE,693326,PARC MEADOW @ TENGAH,1.36542918200749,103.734979244453,name_change,PARK MEADOW @ TENGAH,1.36542918200749,103.734979244453,,True,Parc Meadow @ Tengah,"326C Tengah Park Avenue Parc Meadow @ Tengah, Singapore 693326"
517,MILTONIA CLOSE,760517,MILTONIA BREEZE @ YISHUN,1.4187086581309,103.848908310956,name_change,NIL,1.4187086581309,103.848908310956,,False,517 Miltonia Close,"517 Miltonia Close, Singapore 760517"
523,YISHUN STREET 53,760523,VANDA BREEZE @ YISHUN,1.421869148662,103.852708910704,name_change,NIL,1.421869148662,103.852708910704,,False,523 Yishun Street 53,"523 Yishun Street 53, Singapore 760523"
406C,JURONG WEST STREET 42,643406,JURONG ARCADIA,1.35478098120653,103.723363207795,name_change,NIL,1.35478098120653,103.723363207795,,False,406C Jurong West Street 42,"406C Jurong West Street 42, Singapore 643406"
18A,FARRER PARK ROAD,211018,FARRER PARK FIELDS,1.31017638548135,103.851032856973,name_change,NIL,1.31017638548135,103.851032856973,,True,Farrer Park Fields,"18A Farrer Park Road Farrer Park Fields, Singapore 211018"
10,DOVER DRIVE,138683,NIL,1.30100873824913,103.780125250887,name_change,SINGAPORE INSTITUTE OF TECHNOLOGY@DOVER,1.30100873824913,103.780125250887,,False,10 Dover Drive,"10 Dover Drive, Singapore 138683"
516,MILTONIA CLOSE,760516,MILTONIA BREEZE @ YISHUN,1.41929218803885,103.848959084357,name_change,NIL,1.41929218803885,103.848959084357,,False,516 Miltonia Close,"516 Miltonia Close, Singapore 760516"
1,WOODLANDS SQUARE,738099,CAUSEWAY POINT,1.4360700650803,103.785981524253,name_change,CATHAY CINEPLEX CAUSEWAY POINT,1.43600784474269,103.78568873405,,False,1 Woodlands Square,"1 Woodlands Square, Singapore 738099"
11,SENTUL CRESCENT,828656,PUNGGOL SPORTS CENTRE,1.40856028299114,103.906845295414,name_change,PUNGGOL REGIONAL SPORTS CENTRE,1.40856028299114,103.906845295414,,True,Punggol Sports Centre,"11 Sentul Crescent Punggol Sports Centre, Singapore 828656"
1,MOUNT PLEASANT ROAD,298333,THOMSON POLICE COMPLEX (BLK 10),1.33057852837746,103.836782619996,name_change,THOMSON POLICE COMPLEX (BLK 10 ANNEX),1.33053467731909,103.836685458855,,True,Thomson Police Complex (blk 10),"1 Mount Pleasant Road Thomson Police Complex (blk 10), Singapore 298333"
681,PUNGGOL DRIVE,820681,NKF DIALYSIS CENTRE,1.40259581502678,103.912962428692,name_change,OASIS TERRACES,1.40278015725693,103.913215101343,,True,Nkf Dialysis Centre,"681 Punggol Drive Nkf Dialysis Centre, Singapore 820681"
65,COMMONWEALTH AVENUE WEST,130065,ULU PANDAN VISTA,1.31244451597778,103.777890907325,name_change,NIL,1.31244451597778,103.777890907325,,False,65 Commonwealth Avenue West,"65 Commonwealth Avenue West, Singapore 130065"
326,TENGAH PARK AVENUE,690326,PARC MEADOW @ TENGAH,1.36538376156937,103.735358633899,name_change,PARK MEADOW @ TENGAH,1.36538376156937,103.735358633899,,True,Parc Meadow @ Tengah,"326 Tengah Park Avenue Parc Meadow @ Tengah, Singapore 690326"
670,BEDOK NORTH STREET 3,469627,KAKI BUKIT COMMUNITY CENTRE,1.33335800926146,103.926857202735,name_change,KAKI BUKIT COMMUNITY CENTRE (U/C),1.33335800926146,103.926857202735,,True,Kaki Bukit Community Centre,"670 Bedok North Street 3 Kaki Bukit Community Centre, Singapore 469627"
16A,FARRER PARK ROAD,211016,FARRER PARK FIELDS,1.30995868157789,103.850521656178,name_change,NIL,1.30995868157789,103.850521656178,,True,Farrer Park Fields,"16A Farrer Park Road Farrer Park Fields, Singapore 211016"
57A,GHIM MOH LINK,271057,ULU PANDAN BANKS,1.3111624392886,103.781249892388,name_change,NIL,1.3111624392886,103.781249892388,,True,Ulu Pandan Banks,"57A Ghim Moh Link Ulu Pandan Banks, Singapore 271057"
457,BUKIT BATOK WEST AVENUE 8,650457,WEST BRICKVILLE @ BUKIT BATOK,1.35393914173101,103.737358494456,name_change,NIL,1.35393914173101,103.737358494456,,False,457 Bukit Batok West Avenue 8,"457 Bukit Batok West Avenue 8, Singapore 650457"
41,UPPER WELD ROAD,207398,MACPHERSON HOTEL,1.30614571565495,103.853711346797,name_change,NIL,1.30614571565495,103.853711346797,,True,Macpherson Hotel,"41 Upper Weld Road Macpherson Hotel, Singapore 207398"
1,STARS AVENUE,138507,HOME TEAM SCIENCE AND TECHNOLOGY AGENCY (HTX),1.29590891610673,103.792311644301,name_change,MEDIACORP CAMPUS,1.29555838785737,103.792222006423,,False,1 Stars Avenue,"1 Stars Avenue, Singapore 138507"
65A,COMMONWEALTH AVENUE WEST,131065,ULU PANDAN VISTA,1.31224257832227,103.778445262469,name_change,NIL,1.31224257832227,103.778445262469,,False,65A Commonwealth Avenue West,"65A Commonwealth Avenue West, Singapore 131065"
327A,TENGAH PARK AVENUE,691327,PARC MEADOW @ TENGAH,1.36582688212019,103.734303563539,name_change,PARK MEADOW @ TENGAH,1.36582688212019,103.734303563539,,True,Parc Meadow @ Tengah,"327A Tengah Park Avenue Parc Meadow @ Tengah, Singapore 691327"
160,LORONG 6 TOA PAYOH,319380,TOA PAYOH EAST COMMUNITY CLUB,1.33631536496443,103.854848437202,name_change,TOA PAYOH EAST COMMUNITY CLUB (PENDING RELOCATION),1.33631536496443,103.854848437202,,True,Toa Payoh East Community Club,"160 Lorong 6 Toa Payoh Toa Payoh East Community Club, Singapore 319380"
128B,SERANGOON NORTH AVENUE 1,552128,SERANGOON NORTH VISTA,1.36494045551144,103.872796280055,name_change,NIL,1.36494045551144,103.872796280055,,False,128B Serangoon North Avenue 1,"128B Serangoon North Avenue 1, Singapore 552128"
125,JALAN RAJAH,320125,RAJAH SUMMIT,1.32800901969858,103.852436708777,name_change,NIL,1.32800901969858,103.852436708777,,False,125 Jalan Rajah,"125 Jalan Rajah, Singapore 320125"
101B,PLANTATION CLOSE,692101,PLANTATION VERGE,1.35047255909552,103.73528218277,name_change,NIL,1.35047255909552,103.73528218277,,False,101B Plantation Close,"101B Plantation Close, Singapore 692101"
100,JURONG ISLAND HIGHWAY,627867,NIL,1.27776680299102,103.681296002911,location_change,NIL,1.26907088657711,103.69845992241,2139.089828315481,False,100 Jurong Island Highway,"100 Jurong Island Highway, Singapore 627867"
77,TAMPINES STREET 62,529702,TENET,1.36851826550495,103.942399647374,name_change,TENET (U/C),1.36851826550495,103.942399647374,,False,77 Tampines Street 62,"77 Tampines Street 62, Singapore 529702"
524B,YISHUN STREET 53,762524,VANDA BREEZE @ YISHUN,1.42162419446172,103.851861173096,name_change,NIL,1.42162419446172,103.851861173096,,False,524B Yishun Street 53,"524B Yishun Street 53, Singapore 762524"
993,JURONG WEST STREET 93,640993,JURONG WEST CRYSTAL,1.33666121249097,103.693455495264,name_change,NIL,1.33666121249097,103.693455495264,,False,993 Jurong West Street 93,"993 Jurong West Street 93, Singapore 640993"
2,OWEN ROAD,218842,OWEN HOUSE BY HABYT,1.31170733332103,103.854953206249,name_change,NIL,1.31170733332103,103.854953206249,,False,2 Owen Road,"2 Owen Road, Singapore 218842"
320,UBI ROAD 3,408649,COMFORTDELGRO AUTOMOTIVE CENTRE,1.33171718292445,103.898416682937,name_change,NIL,1.33171718292445,103.898416682937,,True,Comfortdelgro Automotive Centre,"320 Ubi Road 3 Comfortdelgro Automotive Centre, Singapore 408649"
484B,FERNVALE DRIVE,792484,FERNVALE OASIS,1.3993985319494,103.876398105666,name_change,NIL,1.3993985319494,103.876398105666,,False,484B Fernvale Drive,"484B Fernvale Drive, Singapore 792484"
402C,JURONG WEST STREET 42,643402,JURONG ARCADIA,1.3534995821915,103.723818724691,name_change,NIL,1.3534995821915,103.723818724691,,False,402C Jurong West Street 42,"402C Jurong West Street 42, Singapore 643402"
50,CLUNY PARK ROAD,257488,SINGAPORE BOTANIC GARDENS (THE GARAGE),1.3188797159166,103.8155806673,name_change,THE GARAGE (SINGAPORE BOTANIC GARDENS),1.3188797159166,103.8155806673,,True,Singapore Botanic Gardens (the Garage),"50 Cluny Park Road Singapore Botanic Gardens (the Garage), Singapore 257488"
126A,JALAN RAJAH,321126,RAJAH SUMMIT,1.32832894790916,103.852314037132,name_change,NIL,1.32832894790916,103.852314037132,,False,126A Jalan Rajah,"126A Jalan Rajah, Singapore 321126"
51,GHIM MOH LINK,270051,GHIM MOH NATURA,1.3095985111411,103.789942943508,name_change,NIL,1.3095985111411,103.789942943508,,False,51 Ghim Moh Link,"51 Ghim Moh Link, Singapore 270051"
33,ERSKINE ROAD,69333,NIL,1.28082650192656,103.845399433815,name_change,THE SCARLET HOTEL,1.28082650192656,103.845399433815,,False,33 Erskine Road,"33 Erskine Road, Singapore 69333"
809,ANG MO KIO STREET 82,560809,PINE VILLE @ AMK,1.37654723723619,103.854415526424,name_change,NIL,1.37654723723619,103.854415526424,,False,809 Ang Mo Kio Street 82,"809 Ang Mo Kio Street 82, Singapore 560809"
27,YISHUN CLOSE,769342,NORTH GAIA,1.43563592030696,103.845045166237,name_change,NORTH GAIA (U/C),1.43563554422954,103.845039099299,,False,27 Yishun Close,"27 Yishun Close, Singapore 769342"
60,STEVENS ROAD,257854,GOSPEL LIGHT BIBLE-PRESBYTERIAN CHURCH,1.31648645213424,103.826411850468,name_change,NIL,1.31661312897699,103.826149850948,,True,Gospel Light Bible-presbyterian Church,"60 Stevens Road Gospel Light Bible-presbyterian Church, Singapore 257854"
98A,HAVELOCK ROAD,161098,HAVELOCK HILLSIDE,1.2886000256343,103.830505948469,name_change,NIL,1.2886000256343,103.830505948469,,False,98A Havelock Road,"98A Havelock Road, Singapore 161098"
46,BEDOK SOUTH AVENUE 3,460046,BEDOK SOUTH BLOSSOMS,1.32148575339878,103.942854747015,name_change,NIL,1.32148575339878,103.942854747015,,False,46 Bedok South Avenue 3,"46 Bedok South Avenue 3, Singapore 460046"
404,HOUGANG AVENUE 10,530404,HARMONY VIEW @ HOUGANG,1.37384186784809,103.895829596218,name_change,NIL,1.37384186784809,103.895829596218,,False,404 Hougang Avenue 10,"404 Hougang Avenue 10, Singapore 530404"
194,WOODLANDS CENTRE ROAD,730194,MARSILING RIDGE,1.43541449197441,103.773057763485,name_change,NIL,1.43541449197441,103.773057763485,,True,Marsiling Ridge,"194 Woodlands Centre Road Marsiling Ridge, Singapore 730194"
824B,KEAT HONG LINK,682824,KEAT HONG GRANGE,1.37368934584153,103.747996129126,name_change,NIL,1.37368934584153,103.747996129126,,False,824B Keat Hong Link,"824B Keat Hong Link, Singapore 682824"
294,JURONG EAST STREET 24,600294,JURONG EAST BREEZE,1.34319388383525,103.74446926302,name_change,NIL,1.34319388383525,103.74446926302,,False,294 Jurong East Street 24,"294 Jurong East Street 24, Singapore 600294"
1,ANCHORVALE STREET,544835,NKF DIALYSIS CENTRE SENGKANG COMMUNITY HOSPITAL,1.39625507668544,103.89115157341,name_change,SENGKANG COMMUNITY HOSPITAL,1.39602238832875,103.891834051543,,True,Nkf Dialysis Centre Sengkang Community Hospital,"1 Anchorvale Street Nkf Dialysis Centre Sengkang Community Hospital, Singapore 544835"
7,MAGAZINE ROAD,59572,UNION SQUARE SEVEN,1.28856558091833,103.842678965997,name_change,UNION SQUARE,1.28856558091833,103.842678965997,,False,7 Magazine Road,"7 Magazine Road, Singapore 59572"
8,LORONG 25A GEYLANG,388222,ZYANYA,1.31392103072017,103.883276357397,name_change,ZYANYA (U/C),1.31388177226647,103.883274426427,,False,8 Lorong 25a Geylang,"8 Lorong 25a Geylang, Singapore 388222"
22,JALAN LAKUM,808840,SELETAR HILLS ESTATE,1.38500779925579,103.872259225868,name_change,NIL,1.38491521419354,103.872236073353,,False,22 Jalan Lakum,"22 Jalan Lakum, Singapore 808840"
117A,JALAN KEMBANGAN,411117,KEMBANGAN WAVE,1.32268355501331,103.913022311205,name_change,NIL,1.32268355501331,103.913022311205,,False,117A Jalan Kembangan,"117A Jalan Kembangan, Singapore 411117"
74,GRANGE ROAD,249578,GRANGE 1866,1.2998826225442,103.828975333714,name_change,NIL,1.2998826225442,103.828975333714,,False,74 Grange Road,"74 Grange Road, Singapore 249578"
52A,GHIM MOH CLOSE,271052,GHIM MOH NATURA,1.30897179808792,103.790674903663,name_change,NIL,1.30897179808792,103.790674903663,,False,52A Ghim Moh Close,"52A Ghim Moh Close, Singapore 271052"
20,COLLEGE AVENUE WEST,138529,NUS COLLEGE,1.30705741093022,103.772529916797,name_change,YALE-NUS COLLEGE CAMPUS,1.30705741093022,103.772529916797,,True,NUS College,"20 College Avenue West NUS College, Singapore 138529"
591A,WOODLANDS DRIVE 17,731591,WOODLANDS SOUTH PLAINS,1.42703335156834,103.795346803224,name_change,NIL,1.42703335156834,103.795346803224,,False,591A Woodlands Drive 17,"591A Woodlands Drive 17, Singapore 731591"
48B,BEDOK SOUTH AVENUE 3,462048,BEDOK SOUTH BLOSSOMS,1.32301770321171,103.94293048043,name_change,NIL,1.32301770321171,103.94293048043,,False,48B Bedok South Avenue 3,"48B Bedok South Avenue 3, Singapore 462048"
404C,JURONG WEST STREET 42,643404,JURONG ARCADIA,1.35393709142515,103.72351314288,name_change,NIL,1.35393709142515,103.72351314288,,False,404C Jurong West Street 42,"404C Jurong West Street 42, Singapore 643404"
48,BEDOK SOUTH AVENUE 3,460048,BEDOK SOUTH BLOSSOMS,1.32305730219703,103.943537759704,name_change,NIL,1.32305730219703,103.943537759704,,False,48 Bedok South Avenue 3,"48 Bedok South Avenue 3, Singapore 460048"
35,YISHUN CLOSE,769299,NORTH GAIA,1.43648380091158,103.845318416947,name_change,NORTH GAIA (U/C),1.43647164996088,103.845310334796,,False,35 Yishun Close,"35 Yishun Close, Singapore 769299"
113A,BUKIT BATOK WEST AVENUE 6,651113,NKF DIALYSIS CENTRE,1.34985034118806,103.745279954109,name_change,SKY VISTA @ BUKIT BATOK,1.34995908935029,103.745361698743,,True,Nkf Dialysis Centre,"113A Bukit Batok West Avenue 6 Nkf Dialysis Centre, Singapore 651113"
465,UPPER SERANGOON ROAD,530465,HARMONY VIEW @ HOUGANG,1.37190788342411,103.897012927498,name_change,NIL,1.37190788342411,103.897012927498,,False,465 Upper Serangoon Road,"465 Upper Serangoon Road, Singapore 530465"
100,PLANTATION CLOSE,690100,PLANTATION VERGE,1.34941612316812,103.736056530888,name_change,NIL,1.34941612316812,103.736056530888,,False,100 Plantation Close,"100 Plantation Close, Singapore 690100"
12,SENOKO DRIVE,758200,NIL,1.45766976292268,103.79761924775,name_change,SENOKO INDUSTRIAL ESTATE,1.45766976292268,103.79761924775,,False,12 Senoko Drive,"12 Senoko Drive, Singapore 758200"
526,YISHUN STREET 53,760526,ARANDA BREEZE @ YISHUN,1.4228852948568,103.853495819453,name_change,NIL,1.4228852948568,103.853495819453,,False,526 Yishun Street 53,"526 Yishun Street 53, Singapore 760526"
459A,BUKIT BATOK WEST AVENUE 8,651459,WEST BRICKVILLE @ BUKIT BATOK,1.3546900383292,103.737446382588,name_change,NIL,1.3546900383292,103.737446382588,,False,459A Bukit Batok West Avenue 8,"459A Bukit Batok West Avenue 8, Singapore 651459"
523B,YISHUN STREET 53,762523,VANDA BREEZE @ YISHUN,1.42160037981637,103.852548064657,name_change,NIL,1.42160037981637,103.852548064657,,False,523B Yishun Street 53,"523B Yishun Street 53, Singapore 762523"
46C,BEDOK SOUTH AVENUE 3,463046,BEDOK SOUTH BLOSSOMS,1.32167825408843,103.942632612009,name_change,NIL,1.32167825408843,103.942632612009,,False,46C Bedok South Avenue 3,"46C Bedok South Avenue 3, Singapore 463046"
24,YEW SIANG ROAD,117758,NIL,1.27829432328441,103.792469016188,name_change,BREAKTHROUGH MISSIONS,1.27829432328441,103.792469016188,,False,24 Yew Siang Road,"24 Yew Siang Road, Singapore 117758"
823,KEAT HONG LINK,680823,KEAT HONG GRANGE,1.37430732894525,103.748566632809,name_change,NIL,1.37430732894525,103.748566632809,,False,823 Keat Hong Link,"823 Keat Hong Link, Singapore 680823"
65,TENGAH GARDEN WALK,699893,COPEN GRAND,1.36192301424331,103.730200840655,name_change,COPEN GRAND (U/C),1.36192301424331,103.730200840655,,True,Copen Grand,"65 Tengah Garden Walk Copen Grand, Singapore 699893"
419A,FERNVALE LINK,791419,FERNVALE SAILS,1.39326531101486,103.879449859785,name_change,NIL,1.39326531101486,103.879449859785,,False,419A Fernvale Link,"419A Fernvale Link, Singapore 791419"
100A,PLANTATION CLOSE,691100,PLANTATION VERGE,1.34909424343995,103.736059300427,name_change,NIL,1.34909424343995,103.736059300427,,False,100A Plantation Close,"100A Plantation Close, Singapore 691100"
50,JURONG GATEWAY ROAD,608549,JEM,1.33329334473462,103.743278742341,name_change,CATHAY CINEPLEX JEM,1.33332819303974,103.743359442234,,False,50 Jurong Gateway Road,"50 Jurong Gateway Road, Singapore 608549"
51A,GHIM MOH CLOSE,271051,GHIM MOH NATURA,1.30921750061077,103.79011181444,name_change,NIL,1.30921750061077,103.79011181444,,False,51A Ghim Moh Close,"51A Ghim Moh Close, Singapore 271051"
12,COLLEGE AVENUE WEST,138610,NUS COLLEGE,1.30638712623098,103.77206806682,name_change,YALE-NUS COLLEGE CAMPUS,1.30638712623098,103.77206806682,,True,NUS College,"12 College Avenue West NUS College, Singapore 138610"
3,LENTOR CENTRAL,788888,LENTOR MODERN,1.38607053422693,103.833920038562,name_change,LENTOR MODERN (U/C),1.38572990744435,103.834582217675,,False,3 Lentor Central,"3 Lentor Central, Singapore 788888"
484A,FERNVALE DRIVE,791484,FERNVALE OASIS,1.39981846157647,103.876494004283,name_change,NIL,1.39981846157647,103.876494004283,,False,484A Fernvale Drive,"484A Fernvale Drive, Singapore 791484"
327,TENGAH PARK AVENUE,690327,PARC MEADOW @ TENGAH,1.36511525327288,103.734619451,name_change,PARK MEADOW @ TENGAH,1.36511525327288,103.734619451,,True,Parc Meadow @ Tengah,"327 Tengah Park Avenue Parc Meadow @ Tengah, Singapore 690327"
6,ANG MO KIO STREET 44,569253,NIL,1.36500301580801,103.859092846726,name_change,PATHLIGHT SCHOOL 2,1.36500301580801,103.859092846726,,False,6 Ang Mo Kio Street 44,"6 Ang Mo Kio Street 44, Singapore 569253"
1A,INTERNATIONAL BUSINESS PARK,609933,CONSULATE OF THE REPUBLIC OF ESTONIA,1.32803882402513,103.748337570084,name_change,NIL,1.32783798911958,103.747950360251,,True,Consulate of the Republic of Estonia,"1A International Business Park Consulate of the Republic of Estonia, Singapore 609933"
129C,SERANGOON NORTH AVENUE 1,553129,SERANGOON NORTH VISTA,1.36482075946204,103.873508497326,name_change,NIL,1.36482075946204,103.873508497326,,False,129C Serangoon North Avenue 1,"129C Serangoon North Avenue 1, Singapore 553129"
203,QUEEN'S CRESCENT,140203,QUEENSWAY CANOPY,1.2892815975358,103.799551519768,name_change,NIL,1.2892815975358,103.799551519768,,False,203 Queen's Crescent,"203 Queen's Crescent, Singapore 140203"
31,INTERNATIONAL BUSINESS PARK,609921,CREATIVE O PRESCHOOLERS' BAY,1.32880462855507,103.745882872825,name_change,NIL,1.32910540395565,103.746173268778,,True,Creative O Preschoolers' Bay,"31 International Business Park Creative O Preschoolers' Bay, Singapore 609921"
518,MILTONIA CLOSE,760518,MILTONIA BREEZE @ YISHUN,1.41861158425913,103.850082471328,name_change,NIL,1.41861158425913,103.850082471328,,False,518 Miltonia Close,"518 Miltonia Close, Singapore 760518"
54A,GHIM MOH LINK,271054,ULU PANDAN GLADES,1.30999782932525,103.783028088738,name_change,NIL,1.30999782932525,103.783028088738,,False,54A Ghim Moh Link,"54A Ghim Moh Link, Singapore 271054"
6,PHOENIX ROAD,668159,THE ARDEN,1.3765865450876,103.756984005168,name_change,THE ARDEN (U/C),1.3765865450876,103.756984005168,,False,6 Phoenix Road,"6 Phoenix Road, Singapore 668159"
238B,THOMSON ROAD,307685,CENTRAL PROVIDENT FUND BOARD (CPFB),1.3193876785315,103.844120677616,name_change,CENTRAL PROVIDENT FUND BOARD (CPF),1.3193876785315,103.844120677616,,False,238B Thomson Road,"238B Thomson Road, Singapore 307685"
61,MERANTI CRESCENT,627807,NIL,1.23879231174687,103.685897668792,location_change,NIL,1.23612189612029,103.68093588601,626.4423138171596,False,61 Meranti Crescent,"61 Meranti Crescent, Singapore 627807"
458A,BUKIT BATOK WEST AVENUE 8,651458,WEST BRICKVILLE @ BUKIT BATOK,1.35440548983641,103.737329153999,name_change,NIL,1.35440548983641,103.737329153999,,False,458A Bukit Batok West Avenue 8,"458A Bukit Batok West Avenue 8, Singapore 651458"
2,YISHUN CENTRAL 2,768024,NKF DIALYSIS CENTRE,1.42355699300713,103.837376800572,name_change,YISHUN COMMUNITY HOSPITAL,1.4237674572872,103.837242211173,,True,Nkf Dialysis Centre,"2 Yishun Central 2 Nkf Dialysis Centre, Singapore 768024"
98,HAVELOCK ROAD,160098,HAVELOCK HILLSIDE,1.28824701094753,103.831608803819,name_change,NIL,1.28824701094753,103.831608803819,,False,98 Havelock Road,"98 Havelock Road, Singapore 160098"
809C,ANG MO KIO STREET 82,563809,PINE VILLE @ AMK,1.37649304220001,103.854110966702,name_change,NIL,1.37649304220001,103.854110966702,,False,809C Ang Mo Kio Street 82,"809C Ang Mo Kio Street 82, Singapore 563809"
64,COMMONWEALTH AVENUE WEST,130064,ULU PANDAN VISTA,1.31201312548462,103.778900568955,name_change,NIL,1.31201312548462,103.778900568955,,False,64 Commonwealth Avenue West,"64 Commonwealth Avenue West, Singapore 130064"
474,BUKIT BATOK WEST AVENUE 5,650474,WEST GLADES @ BUKIT BATOK,1.3574753136612,103.746868001665,name_change,NIL,1.3574753136612,103.746868001665,,False,474 Bukit Batok West Avenue 5,"474 Bukit Batok West Avenue 5, Singapore 650474"
7,CHANGI SOUTH LANE,486119,NIL,1.33245703746953,103.953917658931,name_change,KIAN ANN BUILDING,1.33245703746953,103.953917658931,,False,7 Changi South Lane,"7 Changi South Lane, Singapore 486119"
17,SAKRA ROAD,627886,NIL,1.26103987283295,103.703700648738,location_change,NIL,1.26485446056716,103.704820373564,442.0505910969017,False,17 Sakra Road,"17 Sakra Road, Singapore 627886"
75,AIRPORT CARGO ROAD,819458,CHANGI NEXUS ONE,1.37063267523031,103.992714926767,name_change,DHL EXPRESS SOUTH EAST ASIA HUB,1.37063267523031,103.992714926767,,True,Changi Nexus One,"75 Airport Cargo Road Changi Nexus One, Singapore 819458"
474A,BUKIT BATOK WEST AVENUE 5,651474,WEST GLADES @ BUKIT BATOK,1.35687676059032,103.746817659513,name_change,NIL,1.35687676059032,103.746817659513,,False,474A Bukit Batok West Avenue 5,"474A Bukit Batok West Avenue 5, Singapore 651474"
19A,FARRER PARK ROAD,211019,FARRER PARK ARENA,1.31162409319636,103.850152212208,name_change,NIL,1.31162409319636,103.850152212208,,True,Farrer Park Arena,"19A Farrer Park Road Farrer Park Arena, Singapore 211019"
524C,YISHUN STREET 53,763524,VANDA BREEZE @ YISHUN,1.42168188824283,103.851280569737,name_change,NIL,1.42168188824283,103.851280569737,,False,524C Yishun Street 53,"524C Yishun Street 53, Singapore 763524"
526A,YISHUN STREET 53,761526,ARANDA BREEZE @ YISHUN,1.42270990527917,103.853214510174,name_change,NIL,1.42270990527917,103.853214510174,,False,526A Yishun Street 53,"526A Yishun Street 53, Singapore 761526"
101,PLANTATION CLOSE,690101,PLANTATION VERGE,1.35033776500774,103.734616669723,name_change,NIL,1.35033776500774,103.734616669723,,False,101 Plantation Close,"101 Plantation Close, Singapore 690101"
15,FRANCIS THOMAS DRIVE,359342,ST ANDREW'S SCHOOL (SECONDARY),1.33069360968075,103.866249138562,name_change,SAINT ANDREW'S SECONDARY SCHOOL,1.33069360968075,103.866249138562,,True,St Andrew's School (secondary),"15 Francis Thomas Drive St Andrew's School (secondary), Singapore 359342"
330C,TENGAH PARK AVENUE,693330,PARC MEADOW @ TENGAH,1.36630443433671,103.736047566968,name_change,PARK MEADOW @ TENGAH,1.36630443433671,103.736047566968,,True,Parc Meadow @ Tengah,"330C Tengah Park Avenue Parc Meadow @ Tengah, Singapore 693330"
940,OLD CHOA CHU KANG ROAD,698910,CHOA CHU KANG CEMETERY OFFICE,1.3727227877632,103.690421315958,name_change,NIL,1.3727227877632,103.690421315958,,True,Choa Chu Kang Cemetery Office,"940 Old Choa Chu Kang Road Choa Chu Kang Cemetery Office, Singapore 698910"
126,JALAN RAJAH,320126,RAJAH SUMMIT,1.3285299875695,103.85275874857,name_change,NIL,1.3285299875695,103.85275874857,,False,126 Jalan Rajah,"126 Jalan Rajah, Singapore 320126"
55,TENGAH GARDEN WALK,699911,COPEN GRAND,1.36114965205812,103.73064131967,name_change,COPEN GRAND (U/C),1.36114965205812,103.73064131967,,True,Copen Grand,"55 Tengah Garden Walk Copen Grand, Singapore 699911"
2A,PENJURU ROAD,609853,WEST 1800 DORMITORY,1.32611392294789,103.736367908689,name_change,PRIME LODGE,1.32611392294789,103.736367908689,,False,2A Penjuru Road,"2A Penjuru Road, Singapore 609853"
200,LORONG 2 TOA PAYOH,319642,NKF DIALYSIS CENTRE,1.33525355606987,103.845209814245,name_change,TOA PAYOH WEST COMMUNITY CLUB,1.33522124979435,103.845105800139,,True,Nkf Dialysis Centre,"200 Lorong 2 Toa Payoh Nkf Dialysis Centre, Singapore 319642"
483,FERNVALE DRIVE,790483,FERNVALE OASIS,1.40020312640826,103.876313235962,name_change,NIL,1.40020312640826,103.876313235962,,False,483 Fernvale Drive,"483 Fernvale Drive, Singapore 790483"
328B,TENGAH PARK AVENUE,692328,PARC MEADOW @ TENGAH,1.3667778999161,103.735128814983,name_change,PARK MEADOW @ TENGAH,1.3667778999161,103.735128814983,,True,Parc Meadow @ Tengah,"328B Tengah Park Avenue Parc Meadow @ Tengah, Singapore 692328"
25,YISHUN CLOSE,769341,NORTH GAIA,1.43546259823385,103.845206862538,name_change,NORTH GAIA (U/C),1.43545249428861,103.845192449638,,False,25 Yishun Close,"25 Yishun Close, Singapore 769341"
811A,CHOA CHU KANG AVENUE 7,681811,BRICKLAND COMMUNITY CENTRE,1.37373323250934,103.745947621659,name_change,KEAT HONG COLOURS,1.3737308481902,103.745929784531,,True,Brickland Community Centre,"811A Choa Chu Kang Avenue 7 Brickland Community Centre, Singapore 681811"
51,JOO CHIAT ROAD,427373,"STORIES JOO CHIAT, A HOTEL BY COVE",1.31498200860554,103.89862059683,name_change,AM HOTEL,1.31498200860554,103.89862059683,,True,"Stories Joo Chiat, a Hotel by Cove","51 Joo Chiat Road Stories Joo Chiat, a Hotel by Cove, Singapore 427373"
57C,GHIM MOH LINK,273057,ULU PANDAN BANKS,1.31128978222781,103.78210444114,name_change,NIL,1.31128978222781,103.78210444114,,True,Ulu Pandan Banks,"57C Ghim Moh Link Ulu Pandan Banks, Singapore 273057"
2,BUKIT MANIS ROAD,99891,SOFITEL HOTEL SENTOSA SINGAPORE,1.24589687601798,103.827569393578,name_change,SOFITEL SINGAPORE SENTOSA RESORT & SPA,1.24589687601798,103.827569393578,,True,Sofitel Hotel Sentosa Singapore,"2 Bukit Manis Road Sofitel Hotel Sentosa Singapore, Singapore 99891"
460,HOUGANG AVENUE 10,530460,HARMONY VIEW @ HOUGANG,1.3732611475703,103.894631713049,name_change,NIL,1.3732611475703,103.894631713049,,False,460 Hougang Avenue 10,"460 Hougang Avenue 10, Singapore 530460"
418A,TEBAN GARDENS ROAD,601418,TEBAN BREEZE,1.32176817745111,103.74415072823,name_change,NIL,1.32176817745111,103.74415072823,,True,Teban Breeze,"418A Teban Gardens Road Teban Breeze, Singapore 601418"
501,OLD CHOA CHU KANG ROAD,698928,HOME TEAM ACADEMY (BLK 1),1.3728276965341,103.722414544985,name_change,HOME TEAM ACADEMY (BLK 10),1.37187204750828,103.720870792771,,True,Home Team Academy (blk 1),"501 Old Choa Chu Kang Road Home Team Academy (blk 1), Singapore 698928"
25,GRANGE ROAD,239699,CHEE GUAN CHIANG HOUSE,1.29889331585189,103.835393389335,name_change,NIL,1.29889331585189,103.835393389335,,False,25 Grange Road,"25 Grange Road, Singapore 239699"
54,GHIM MOH LINK,270054,ULU PANDAN GLADES,1.3097251226433,103.783420514991,name_change,NIL,1.3097251226433,103.783420514991,,False,54 Ghim Moh Link,"54 Ghim Moh Link, Singapore 270054"
419,FERNVALE LINK,790419,FERNVALE SAILS,1.39372731590883,103.879646351658,name_change,NIL,1.39372731590883,103.879646351658,,False,419 Fernvale Link,"419 Fernvale Link, Singapore 790419"
55,GHIM MOH LINK,270055,ULU PANDAN GLADES,1.3095571389636,103.782763348733,name_change,NIL,1.3095571389636,103.782763348733,,False,55 Ghim Moh Link,"55 Ghim Moh Link, Singapore 270055"
519A,MILTONIA CLOSE,761519,MILTONIA BREEZE @ YISHUN,1.41928906498783,103.850240361199,name_change,NIL,1.41928906498783,103.850240361199,,False,519A Miltonia Close,"519A Miltonia Close, Singapore 761519"
203A,QUEEN'S CRESCENT,141203,QUEENSWAY CANOPY,1.28987991070139,103.799569508701,name_change,NIL,1.28987991070139,103.799569508701,,False,203A Queen's Crescent,"203A Queen's Crescent, Singapore 141203"
204B,QUEEN'S CRESCENT,142204,QUEENSWAY CANOPY,1.29049331801888,103.800352670381,name_change,NIL,1.29049331801888,103.800352670381,,False,204B Queen's Crescent,"204B Queen's Crescent, Singapore 142204"
485C,FERNVALE DRIVE,793485,FERNVALE OASIS,1.39900694144556,103.876428560552,name_change,NIL,1.39900694144556,103.876428560552,,False,485C Fernvale Drive,"485C Fernvale Drive, Singapore 793485"
28,COLLEGE AVENUE WEST,138533,NUS COLLEGE,1.30798323455178,103.772253905877,name_change,YALE-NUS COLLEGE CAMPUS,1.30798323455178,103.772253905877,,True,NUS College,"28 College Avenue West NUS College, Singapore 138533"
3,STADIUM DRIVE,397630,SPORT SINGAPORE (SPORTSG),1.30325257450447,103.8753598324,name_change,SINGAPORE SPORTS HUB,1.30309320792601,103.87508768942,,True,Sport Singapore (sportsg),"3 Stadium Drive Sport Singapore (sportsg), Singapore 397630"
110,KILLINEY ROAD,239549,JEWEL @ KILLINEY ORCHARD,1.29818973309181,103.838457981369,name_change,JEWEL @ KILLINEY ORCHARD (U/C),1.29818973309181,103.838457981369,,False,110 Killiney Road,"110 Killiney Road, Singapore 239549"
522C,YISHUN STREET 53,763522,VANDA BREEZE @ YISHUN,1.42192219591661,103.852144033721,name_change,NIL,1.42192219591661,103.852144033721,,False,522C Yishun Street 53,"522C Yishun Street 53, Singapore 763522"
10,JALAN UBI,409075,KAMPONG KEMBANGAN COMMUNITY CLUB (TEMP OFFICE),1.3177006204915,103.900833499817,name_change,KAMPONG UBI COMMUNITY CENTRE,1.31784644102688,103.900750123561,,True,Kampong Kembangan Community Club (temp Office),"10 Jalan Ubi Kampong Kembangan Community Club (temp Office), Singapore 409075"
459,BUKIT BATOK WEST AVENUE 8,650459,WEST BRICKVILLE @ BUKIT BATOK,1.35471115217407,103.738741505774,name_change,NIL,1.35471115217407,103.738741505774,,False,459 Bukit Batok West Avenue 8,"459 Bukit Batok West Avenue 8, Singapore 650459"
403,HOUGANG AVENUE 10,530403,HARMONY VIEW @ HOUGANG,1.37464202327741,103.896353833316,name_change,HARMONY VIEW,1.37464202327741,103.896353833316,,False,403 Hougang Avenue 10,"403 Hougang Avenue 10, Singapore 530403"
590B,WOODLANDS DRIVE 17,732590,WOODLANDS SOUTH PLAINS,1.4268107796703,103.796866779539,name_change,NIL,1.4268107796703,103.796866779539,,False,590B Woodlands Drive 17,"590B Woodlands Drive 17, Singapore 732590"
524,YISHUN STREET 53,760524,VANDA BREEZE @ YISHUN,1.42180603372916,103.851449357571,name_change,NIL,1.42180603372916,103.851449357571,,False,524 Yishun Street 53,"524 Yishun Street 53, Singapore 760524"
722,UPPER CHANGI ROAD EAST,486854,SINGAPORE AIRLINES OFFICE,1.34692570653981,103.965377705246,name_change,TECHSQ,1.34692570653981,103.965377705246,,True,Singapore Airlines Office,"722 Upper Changi Road East Singapore Airlines Office, Singapore 486854"
36,KAKI BUKIT PLACE,416214,LOCK+STORE KAKI BUKIT,1.33437270393432,103.902590874511,name_change,RAVAGO ASIA BUILDING,1.33437270393432,103.902590874511,,True,Lock+store Kaki Bukit,"36 Kaki Bukit Place Lock+store Kaki Bukit, Singapore 416214"
16C,FARRER PARK ROAD,213016,FARRER PARK FIELDS,1.31048714110364,103.850523568211,name_change,NIL,1.31048714110364,103.850523568211,,True,Farrer Park Fields,"16C Farrer Park Road Farrer Park Fields, Singapore 213016"
47A,BEDOK SOUTH AVENUE 3,461047,BEDOK SOUTH BLOSSOMS,1.32216332515817,103.942541315174,name_change,NIL,1.32216332515817,103.942541315174,,False,47A Bedok South Avenue 3,"47A Bedok South Avenue 3, Singapore 461047"
21,SHELFORD ROAD,288411,21 SHELFORD,1.32740019884468,103.812256773798,name_change,KELLET COURT,1.32740019884468,103.812256773798,,False,21 Shelford Road,"21 Shelford Road, Singapore 288411"
590A,WOODLANDS DRIVE 17,731590,WOODLANDS SOUTH PLAINS,1.42721261855993,103.796861349272,name_change,NIL,1.42721261855993,103.796861349272,,False,590A Woodlands Drive 17,"590A Woodlands Drive 17, Singapore 731590"
25,JALAN KAKATUA,598543,JURONG PARK,1.34406220300547,103.766278196846,name_change,INNATE MONTESSORI PTE. LTD.,1.34406219315124,103.766278202829,,True,Jurong Park,"25 Jalan Kakatua Jurong Park, Singapore 598543"
128,SERANGOON NORTH AVENUE 1,550128,SERANGOON NORTH VISTA,1.36437643964958,103.873592808441,name_change,NIL,1.36437643964958,103.873592808441,,False,128 Serangoon North Avenue 1,"128 Serangoon North Avenue 1, Singapore 550128"
331A,TENGAH PARK AVENUE,691331,PARC MEADOW @ TENGAH,1.36550113045871,103.735835688509,name_change,PARK MEADOW @ TENGAH,1.36550113045871,103.735835688509,,True,Parc Meadow @ Tengah,"331A Tengah Park Avenue Parc Meadow @ Tengah, Singapore 691331"
58A,GHIM MOH LINK,271058,ULU PANDAN BANKS,1.31206551545252,103.780099946471,name_change,NIL,1.31206551545252,103.780099946471,,True,Ulu Pandan Banks,"58A Ghim Moh Link Ulu Pandan Banks, Singapore 271058"
485B,FERNVALE DRIVE,792485,FERNVALE OASIS,1.39897005807123,103.877006877359,name_change,NIL,1.39897005807123,103.877006877359,,False,485B Fernvale Drive,"485B Fernvale Drive, Singapore 792485"
128A,SERANGOON NORTH AVENUE 1,551128,SERANGOON NORTH VISTA,1.36470290134259,103.872934841064,name_change,NIL,1.36470290134259,103.872934841064,,False,128A Serangoon North Avenue 1,"128A Serangoon North Avenue 1, Singapore 551128"
83,PHOENIX AVENUE,668384,PHOENIX RESIDENCES,1.37540371918058,103.757211757355,name_change,PHOENIX RESIDENCES (U/C),1.37540371918058,103.757211757355,,False,83 Phoenix Avenue,"83 Phoenix Avenue, Singapore 668384"
20,TOH YI DRIVE,596569,BUKIT TIMAH COMMUNITY CLUB,1.34044437484729,103.771709459352,name_change,BUKIT TIMAH COMMUNITY CLUB (PENDING U/C),1.34044437484729,103.771709459352,,True,Bukit Timah Community Club,"20 Toh Yi Drive Bukit Timah Community Club, Singapore 596569"
205B,QUEEN'S CRESCENT,142205,QUEENSWAY CANOPY,1.2910556545888,103.799429245104,name_change,NIL,1.2910556545888,103.799429245104,,False,205B Queen's Crescent,"205B Queen's Crescent, Singapore 142205"
43,YISHUN CLOSE,769303,NORTH GAIA,1.43548696726371,103.845673344342,name_change,NORTH GAIA (U/C),1.43548103497262,103.845665343006,,False,43 Yishun Close,"43 Yishun Close, Singapore 769303"
824A,KEAT HONG LINK,681824,KEAT HONG GRANGE,1.37392459380546,103.748455592259,name_change,NIL,1.37392459380546,103.748455592259,,False,824A Keat Hong Link,"824A Keat Hong Link, Singapore 681824"
16,COLLEGE AVENUE WEST,138527,NUS COLLEGE,1.30642273791527,103.771795452114,name_change,YALE-NUS COLLEGE,1.30630452078538,103.771789872765,,True,NUS College,"16 College Avenue West NUS College, Singapore 138527"
48C,BEDOK SOUTH AVENUE 3,463048,BEDOK SOUTH BLOSSOMS,1.32379427695986,103.94375148618,name_change,NIL,1.32379427695986,103.94375148618,,False,48C Bedok South Avenue 3,"48C Bedok South Avenue 3, Singapore 463048"
461,HOUGANG AVENUE 10,530461,HARMONY VIEW @ HOUGANG,1.37273622417586,103.894629349778,name_change,NIL,1.37273622417586,103.894629349778,,False,461 Hougang Avenue 10,"461 Hougang Avenue 10, Singapore 530461"
402B,JURONG WEST STREET 42,642402,JURONG ARCADIA,1.35375548706627,103.723269236795,name_change,NIL,1.35375548706627,103.723269236795,,False,402B Jurong West Street 42,"402B Jurong West Street 42, Singapore 642402"
824,KEAT HONG LINK,680824,KEAT HONG GRANGE,1.37338924377409,103.748100878973,name_change,NIL,1.37338924377409,103.748100878973,,False,824 Keat Hong Link,"824 Keat Hong Link, Singapore 680824"
808A,ANG MO KIO STREET 82,561808,PINE VILLE @ AMK,1.37745537179795,103.854075345114,name_change,NIL,1.37745537179795,103.854075345114,,False,808A Ang Mo Kio Street 82,"808A Ang Mo Kio Street 82, Singapore 561808"
474B,BUKIT BATOK WEST AVENUE 5,652474,WEST GLADES @ BUKIT BATOK,1.3568090806143,103.746449139943,name_change,NIL,1.3568090806143,103.746449139943,,False,474B Bukit Batok West Avenue 5,"474B Bukit Batok West Avenue 5, Singapore 652474"
411,HOUGANG AVENUE 10,530411,HARMONY VIEW @ HOUGANG,1.37409413946214,103.895312625321,name_change,NIL,1.37409413946214,103.895312625321,,False,411 Hougang Avenue 10,"411 Hougang Avenue 10, Singapore 530411"
291B,JURONG EAST STREET 24,602291,JURONG EAST BREEZE,1.34341583048324,103.744086035589,name_change,NIL,1.34341583048324,103.744086035589,,False,291B Jurong East Street 24,"291B Jurong East Street 24, Singapore 602291"
11,CANNING WALK,178881,METT SINGAPORE,1.29596841133495,103.845559591547,name_change,HOTEL FORT CANNING,1.29596841133495,103.845559591547,,False,11 Canning Walk,"11 Canning Walk, Singapore 178881"
519B,MILTONIA CLOSE,762519,MILTONIA BREEZE @ YISHUN,1.41899222992341,103.850807774197,name_change,NIL,1.41899222992341,103.850807774197,,False,519B Miltonia Close,"519B Miltonia Close, Singapore 762519"
330,TENGAH PARK AVENUE,690330,PARC MEADOW @ TENGAH,1.36634909226014,103.736461090569,name_change,PARK MEADOW @ TENGAH,1.36634909226014,103.736461090569,,True,Parc Meadow @ Tengah,"330 Tengah Park Avenue Parc Meadow @ Tengah, Singapore 690330"
808,ANG MO KIO STREET 82,560808,PINE VILLE @ AMK,1.37767118132803,103.854142332118,name_change,NIL,1.37767118132803,103.854142332118,,False,808 Ang Mo Kio Street 82,"808 Ang Mo Kio Street 82, Singapore 560808"
141,MIDDLE ROAD,188976,COLIWOO MIDTOWN,1.29943775475739,103.85240273741,name_change,GSM BUILDING,1.29943775475739,103.85240273741,,False,141 Middle Road,"141 Middle Road, Singapore 188976"
405,HOUGANG AVENUE 10,530405,HARMONY VIEW @ HOUGANG,1.37404969557747,103.896459281626,name_change,NIL,1.37404969557747,103.896459281626,,False,405 Hougang Avenue 10,"405 Hougang Avenue 10, Singapore 530405"
20,CROSS STREET,48422,NANKIN YARDS,1.28374576252035,103.847469684006,name_change,CROSS STREET EXCHANGE,1.28374576252035,103.847469684006,,False,20 Cross Street,"20 Cross Street, Singapore 48422"
89,TAMPINES STREET 62,529452,TENET,1.36801958691266,103.942372611138,name_change,TENET (U/C),1.36801958691266,103.942372611138,,False,89 Tampines Street 62,"89 Tampines Street 62, Singapore 529452"
806A,ANG MO KIO STREET 82,561806,PINE VILLE @ AMK,1.37786964638682,103.854387730263,name_change,NIL,1.37786964638682,103.854387730263,,False,806A Ang Mo Kio Street 82,"806A Ang Mo Kio Street 82, Singapore 561806"
1,PULAU SEBAROK,118326,NIL,1.20465206747341,103.797953699224,location_change,NIL,1.20980415832086,103.792634544923,823.3297942699597,False,1 Pulau Sebarok,"1 Pulau Sebarok, Singapore 118326"
19C,FARRER PARK ROAD,213019,FARRER PARK ARENA,1.3119165425624,103.848990588993,name_change,NIL,1.3119165425624,103.848990588993,,True,Farrer Park Arena,"19C Farrer Park Road Farrer Park Arena, Singapore 213019"
1,MAGAZINE ROAD,59567,UNION SQUARE CENTRAL,1.28842848666711,103.84230028531,name_change,NIL,1.28842848666711,103.84230028531,,False,1 Magazine Road,"1 Magazine Road, Singapore 59567"
194A,WOODLANDS CENTRE ROAD,731194,MARSILING RIDGE,1.43501798422042,103.772958780842,name_change,NIL,1.43501798422042,103.772958780842,,True,Marsiling Ridge,"194A Woodlands Centre Road Marsiling Ridge, Singapore 731194"
20,THOMSON TERRACE,574551,THOMSON HILLS ESTATE,1.37898257055972,103.830958460565,name_change,THOMSON HILLS ESTATE (U/C),1.37898423951944,103.830969206228,,False,20 Thomson Terrace,"20 Thomson Terrace, Singapore 574551"
50,GHIM MOH CLOSE,270050,GHIM MOH NATURA,1.31017143953319,103.790510790692,name_change,NIL,1.31017143953319,103.790510790692,,False,50 Ghim Moh Close,"50 Ghim Moh Close, Singapore 270050"
822A,KEAT HONG LINK,681822,KEAT HONG GRANGE,1.3754343404318,103.749102914537,name_change,NIL,1.3754343404318,103.749102914537,,False,822A Keat Hong Link,"822A Keat Hong Link, Singapore 681822"
45,YISHUN CLOSE,769294,NORTH GAIA,1.43532048902847,103.845478333076,name_change,NORTH GAIA (U/C),1.43531639018077,103.845473584711,,False,45 Yishun Close,"45 Yishun Close, Singapore 769294"
213,BIDADARI PARK DRIVE,360213,NKF DIALYSIS CENTRE,1.34286809502833,103.873113073076,name_change,WOODLEIGH HILLSIDE,1.3428529512408,103.87283195267,,True,Nkf Dialysis Centre,"213 Bidadari Park Drive Nkf Dialysis Centre, Singapore 360213"
516B,MILTONIA CLOSE,762516,MILTONIA BREEZE @ YISHUN,1.41954282954133,103.849581475992,name_change,NIL,1.41954282954133,103.849581475992,,False,516B Miltonia Close,"516B Miltonia Close, Singapore 762516"
18B,FARRER PARK ROAD,212018,FARRER PARK FIELDS,1.31048603918761,103.851544214089,name_change,NIL,1.31048603918761,103.851544214089,,True,Farrer Park Fields,"18B Farrer Park Road Farrer Park Fields, Singapore 212018"
519,MILTONIA CLOSE,760519,MILTONIA BREEZE @ YISHUN,1.41877206919692,103.850586731094,name_change,NIL,1.41877206919692,103.850586731094,,False,519 Miltonia Close,"519 Miltonia Close, Singapore 760519"
79,PHOENIX AVENUE,668382,PHOENIX RESIDENCES,1.37525459469413,103.757531008357,name_change,PHOENIX RESIDENCES (U/C),1.37525459469413,103.757531008357,,False,79 Phoenix Avenue,"79 Phoenix Avenue, Singapore 668382"
459B,BUKIT BATOK WEST AVENUE 8,652459,WEST BRICKVILLE @ BUKIT BATOK,1.35471633623249,103.738424366991,name_change,NIL,1.35471633623249,103.738424366991,,False,459B Bukit Batok West Avenue 8,"459B Bukit Batok West Avenue 8, Singapore 652459"
19B,FARRER PARK ROAD,212019,FARRER PARK ARENA,1.3120626268803,103.849479603967,name_change,NIL,1.3120626268803,103.849479603967,,True,Farrer Park Arena,"19B Farrer Park Road Farrer Park Arena, Singapore 212019"
12,TAI SENG LINK,534233,GRC CENTRE,1.33710194502043,103.890655668763,name_change,NIL,1.33710194502043,103.890655668763,,True,Grc Centre,"12 Tai Seng Link Grc Centre, Singapore 534233"
19,FARRER PARK ROAD,210019,FARRER PARK ARENA,1.31120173506295,103.849818361057,name_change,NIL,1.31120173506295,103.849818361057,,True,Farrer Park Arena,"19 Farrer Park Road Farrer Park Arena, Singapore 210019"
2,YISHUN STREET 42,768039,XCL WORLD ACADEMY,1.42417897859263,103.850354892277,name_change,NIL,1.42515128796705,103.851089615155,,True,Xcl World Academy,"2 Yishun Street 42 Xcl World Academy, Singapore 768039"
71,TAMPINES STREET 62,529699,TENET,1.36801516855694,103.943202444863,name_change,TENET (U/C),1.36801516855694,103.943202444863,,False,71 Tampines Street 62,"71 Tampines Street 62, Singapore 529699"
1,ESPLANADE DRIVE,38981,DBS FOUNDATION OUTDOOR THEATRE,1.28880305036348,103.856003516592,name_change,ESPLANADE - THEATRES ON THE BAY,1.29020501088469,103.855566745359,,True,Dbs Foundation Outdoor Theatre,"1 Esplanade Drive Dbs Foundation Outdoor Theatre, Singapore 38981"
63,COMMONWEALTH AVENUE WEST,130063,ULU PANDAN VISTA,1.31182953718649,103.779754780955,name_change,NIL,1.31182953718649,103.779754780955,,False,63 Commonwealth Avenue West,"63 Commonwealth Avenue West, Singapore 130063"
1E,CLUNY ROAD,259601,SINGAPORE BOTANIC GARDENS (CENTRE OF URBAN GREENERY AND ECOLOGY),1.3184000275445,103.816024271327,name_change,SINGAPORE ENVIRONMENT COUNCIL,1.3184000275445,103.816024271327,,True,Singapore Botanic Gardens (centre of Urban Greenery and Ecology),"1E Cluny Road Singapore Botanic Gardens (centre of Urban Greenery and Ecology), Singapore 259601"
48A,BEDOK SOUTH AVENUE 3,461048,BEDOK SOUTH BLOSSOMS,1.32317828263286,103.943617153822,name_change,NIL,1.32317828263286,103.943617153822,,False,48A Bedok South Avenue 3,"48A Bedok South Avenue 3, Singapore 461048"
69,TENGAH GARDEN WALK,699895,COPEN GRAND,1.36190078977329,103.730790607778,name_change,COPEN GRAND (U/C),1.36190078977329,103.730790607778,,True,Copen Grand,"69 Tengah Garden Walk Copen Grand, Singapore 699895"
2,TEMASEK BOULEVARD,38982,CONRAD SINGAPORE MARINA BAY,1.29349139796574,103.858779513419,name_change,CONRAD CENTENNIAL SINGAPORE,1.29349139796574,103.858779513419,,False,2 Temasek Boulevard,"2 Temasek Boulevard, Singapore 38982"
219,JALAN KAYU,799442,JALAN KAYU ESTATE,1.39560897228059,103.872793988554,name_change,NIL,1.39560897228059,103.872793988554,,False,219 Jalan Kayu,"219 Jalan Kayu, Singapore 799442"
205A,QUEEN'S CRESCENT,141205,QUEENSWAY CANOPY,1.29074817992701,103.799818753796,name_change,NIL,1.29074817992701,103.799818753796,,False,205A Queen's Crescent,"205A Queen's Crescent, Singapore 141205"
50,ANG MO KIO STREET 61,569163,YIO CHU KANG COMMUNITY CLUB,1.38132578567055,103.841450468671,name_change,YIO CHU KANG COMMUNITY CLUB (PENDING U/C),1.38132578567055,103.841450468671,,True,Yio Chu Kang Community Club,"50 Ang Mo Kio Street 61 Yio Chu Kang Community Club, Singapore 569163"
52,GHIM MOH LINK,270052,GHIM MOH NATURA,1.30877894086919,103.790177581593,name_change,NIL,1.30877894086919,103.790177581593,,False,52 Ghim Moh Link,"52 Ghim Moh Link, Singapore 270052"
81,TAMPINES STREET 62,529448,TENET,1.36887931708119,103.941980406333,name_change,TENET (U/C),1.36887931708119,103.941980406333,,False,81 Tampines Street 62,"81 Tampines Street 62, Singapore 529448"
28,CARPENTER STREET,59827,NIL,1.28833377741415,103.847231504686,name_change,TRAVEL CURATORS HQ,1.28833377741415,103.847231504686,,False,28 Carpenter Street,"28 Carpenter Street, Singapore 59827"
328,TENGAH PARK AVENUE,690328,PARC MEADOW @ TENGAH,1.3661608446871,103.734553857217,name_change,PARK MEADOW @ TENGAH,1.3661608446871,103.734553857217,,True,Parc Meadow @ Tengah,"328 Tengah Park Avenue Parc Meadow @ Tengah, Singapore 690328"
535,CLEMENTI ROAD,599489,NGEE ANN POLYTECHNIC (BLK 16),1.33587693081627,103.776852582576,name_change,NGEE ANN POLYTECHNIC (BLK 1),1.33351616007246,103.776976659192,,True,Ngee Ann Polytechnic (blk 16),"535 Clementi Road Ngee Ann Polytechnic (blk 16), Singapore 599489"
126,YISHUN STREET 11,760126,CHONG PANG COMMUNITY CLUB (TEMP OFFICE),1.43350905989816,103.830011887888,name_change,CHONG PANG COMMUNITY CLUB (TEMPORARY OFFICE),1.43350905989816,103.830011887888,,True,Chong Pang Community Club (temp Office),"126 Yishun Street 11 Chong Pang Community Club (temp Office), Singapore 760126"
80,MARINE PARADE ROAD,449269,MARINE PARADE POST OFFICE,1.301041960873,103.905505005847,name_change,CATHAY CINEPLEX PARKWAY PARADE,1.30091736056425,103.90533928065,,True,Marine Parade Post Office,"80 Marine Parade Road Marine Parade Post Office, Singapore 449269"
516A,MILTONIA CLOSE,761516,MILTONIA BREEZE @ YISHUN,1.41967464990868,103.848868735192,name_change,NIL,1.41967464990868,103.848868735192,,False,516A Miltonia Close,"516A Miltonia Close, Singapore 761516"
200,JURONG EAST AVENUE 1,609789,JURONG POLYCLINIC AND ECON CARE RESIDENCE (JURONG EAST),1.35062884013196,103.728878030806,name_change,NIL,1.35062884013196,103.728878030806,,True,Jurong Polyclinic and Econ Care Residence (jurong East),"200 Jurong East Avenue 1 Jurong Polyclinic and Econ Care Residence (jurong East), Singapore 609789"
15,BENOI ROAD,629888,NIL,1.29812914687591,103.677778688665,location_change,NIL,1.30411417350519,103.675670123226,705.5780258928934,False,15 Benoi Road,"15 Benoi Road, Singapore 629888"
326A,TENGAH PARK AVENUE,691326,PARC MEADOW @ TENGAH,1.36497653426627,103.735775279624,name_change,PARK MEADOW @ TENGAH,1.36497653426627,103.735775279624,,True,Parc Meadow @ Tengah,"326A Tengah Park Avenue Parc Meadow @ Tengah, Singapore 691326"
75,TAMPINES STREET 62,529701,TENET,1.36828336080127,103.942738597263,name_change,TENET (U/C),1.36828336080127,103.942738597263,,False,75 Tampines Street 62,"75 Tampines Street 62, Singapore 529701"
766,TYERSALL AVENUE,257699,ISTANA WOODNEUK,1.30880176827531,103.812244460773,name_change,NIL,1.30880176827531,103.812244460773,,False,766 Tyersall Avenue,"766 Tyersall Avenue, Singapore 257699"
331,TENGAH PARK AVENUE,690331,PARC MEADOW @ TENGAH,1.36574754571894,103.736042403556,name_change,PARK MEADOW @ TENGAH,1.36574754571894,103.736042403556,,True,Parc Meadow @ Tengah,"331 Tengah Park Avenue Parc Meadow @ Tengah, Singapore 690331"
994A,JURONG WEST STREET 93,641994,JURONG WEST CRYSTAL,1.33617622927297,103.693240168615,name_change,NIL,1.33617622927297,103.693240168615,,False,994A Jurong West Street 93,"994A Jurong West Street 93, Singapore 641994"
11,WOODLANDS CLOSE,737853,BETHESDA CHRISTIAN CENTRE,1.43482603452741,103.802773360648,name_change,CALROSE ACADEMY PTE. LTD.,1.43475840297332,103.802721060156,,True,Bethesda Christian Centre,"11 Woodlands Close Bethesda Christian Centre, Singapore 737853"
204,QUEEN'S CRESCENT,140204,QUEENSWAY CANOPY,1.28994659987068,103.799952266367,name_change,NIL,1.28994659987068,103.799952266367,,False,204 Queen's Crescent,"204 Queen's Crescent, Singapore 140204"
419C,FERNVALE LINK,793419,FERNVALE SAILS,1.39406414560515,103.880156321116,name_change,NIL,1.39406414560515,103.880156321116,,False,419C Fernvale Link,"419C Fernvale Link, Singapore 793419"
362,YISHUN AVENUE 3,769060,TEONG SIEW KUAN TEMPLE,1.42249788364062,103.833065403289,name_change,DONG SHAN TEMPLE,1.42249788364062,103.833065403289,,True,Teong Siew Kuan Temple,"362 Yishun Avenue 3 Teong Siew Kuan Temple, Singapore 769060"
417A,TEBAN GARDENS ROAD,601417,TEBAN BREEZE,1.32218661274686,103.744081615979,name_change,NIL,1.32218661274686,103.744081615979,,True,Teban Breeze,"417A Teban Gardens Road Teban Breeze, Singapore 601417"
129,SERANGOON NORTH AVENUE 1,550129,SERANGOON NORTH VISTA,1.36517363038702,103.872747377491,name_change,NIL,1.36517363038702,103.872747377491,,False,129 Serangoon North Avenue 1,"129 Serangoon North Avenue 1, Singapore 550129"
53,TENGAH GARDEN WALK,699910,COPEN GRAND,1.36149747523493,103.730779254791,name_change,COPEN GRAND (U/C),1.36149747523493,103.730779254791,,True,Copen Grand,"53 Tengah Garden Walk Copen Grand, Singapore 699910"
468,HOUGANG AVENUE 8,530468,HARMONY VIEW @ HOUGANG,1.37372775627824,103.897221529451,name_change,NIL,1.37372775627824,103.897221529451,,False,468 Hougang Avenue 8,"468 Hougang Avenue 8, Singapore 530468"
261,VICTORIA STREET,189876,BUGIS STREET,1.30067380210192,103.85483094344,name_change,BUGIS VILLAGE,1.30026250997993,103.854749110816,,False,261 Victoria Street,"261 Victoria Street, Singapore 189876"
53,GHIM MOH LINK,270053,ULU PANDAN GLADES,1.31043433494085,103.784039068902,name_change,NIL,1.31043433494085,103.784039068902,,False,53 Ghim Moh Link,"53 Ghim Moh Link, Singapore 270053"
57,GHIM MOH LINK,270057,ULU PANDAN BANKS,1.31107745296076,103.781990215358,name_change,NIL,1.31107745296076,103.781990215358,,True,Ulu Pandan Banks,"57 Ghim Moh Link Ulu Pandan Banks, Singapore 270057"
2,PHOENIX ROAD,668156,THE ARDEN,1.37722474671689,103.756802169138,name_change,THE ARDEN (U/C),1.37722474671689,103.756802169138,,False,2 Phoenix Road,"2 Phoenix Road, Singapore 668156"
2001A,UPPER CHANGI ROAD NORTH,508898,SELARANG FIRE TRAINING GROUND,1.37074735498996,103.981658138174,name_change,NIL,1.37062214569753,103.981287709616,,True,Selarang Fire Training Ground,"2001A Upper Changi Road North Selarang Fire Training Ground, Singapore 508898"
26,EVANS ROAD,259367,THE INITIAL SAMA,1.31874454303372,103.820233186205,name_change,YO:HA @ EVANS,1.31874454303372,103.820233186205,,False,26 Evans Road,"26 Evans Road, Singapore 259367"
79,TAMPINES STREET 62,529703,TENET,1.36870241487034,103.942183216283,name_change,TENET (U/C),1.36870241487034,103.942183216283,,False,79 Tampines Street 62,"79 Tampines Street 62, Singapore 529703"
522,YISHUN STREET 53,760522,VANDA BREEZE @ YISHUN,1.42258441864806,103.851589376715,name_change,NIL,1.42258441864806,103.851589376715,,False,522 Yishun Street 53,"522 Yishun Street 53, Singapore 760522"
5,STADIUM WALK,397693,LEISURE PARK KALLANG,1.30230108405227,103.876473975883,name_change,FILMGARDE AT LEISURE PARK KALLANG,1.30240462507128,103.876638148971,,True,Leisure Park Kallang,"5 Stadium Walk Leisure Park Kallang, Singapore 397693"
360,YISHUN AVENUE 3,769059,TEONG SIEW KUAN TEMPLE,1.42249788364062,103.833065403289,name_change,DONG SHAN TEMPLE,1.42250353594748,103.833066132209,,True,Teong Siew Kuan Temple,"360 Yishun Avenue 3 Teong Siew Kuan Temple, Singapore 769059"
406,HOUGANG AVENUE 10,530406,AMAR KIDZ @ HOUGANG PTE. LTD.,1.37363949194651,103.896187665708,name_change,NIL,1.3736394979687,103.896187663804,,False,406 Hougang Avenue 10,"406 Hougang Avenue 10, Singapore 530406"
406A,JURONG WEST STREET 42,641406,JURONG ARCADIA,1.35451437287806,103.72379293844,name_change,NIL,1.35451437287806,103.72379293844,,False,406A Jurong West Street 42,"406A Jurong West Street 42, Singapore 641406"
993A,JURONG WEST STREET 93,641993,JURONG WEST CRYSTAL,1.33614413321084,103.693763197376,name_change,NIL,1.33614413321084,103.693763197376,,False,993A Jurong West Street 93,"993A Jurong West Street 93, Singapore 641993"
527A,YISHUN STREET 53,761527,ARANDA BREEZE @ YISHUN,1.42322072679567,103.852811426965,name_change,NIL,1.42322072679567,103.852811426965,,False,527A Yishun Street 53,"527A Yishun Street 53, Singapore 761527"
1,SEGAR ROAD,677738,NEIGHBOURHOOD POLICE POST BUKIT PANJANG,1.38688900135978,103.771719585228,name_change,NEIGHBOURHOOD POLICE CENTRE BUKIT PANJANG,1.38688900135978,103.771719585228,,True,Neighbourhood Police Post Bukit Panjang,"1 Segar Road Neighbourhood Police Post Bukit Panjang, Singapore 677738"
129B,SERANGOON NORTH AVENUE 1,552129,SERANGOON NORTH VISTA,1.36521771543803,103.873268118125,name_change,NIL,1.36521771543803,103.873268118125,,False,129B Serangoon North Avenue 1,"129B Serangoon North Avenue 1, Singapore 552129"
1,MANDAI QUARRY ROAD,728635,HOME TEAM TACTICAL CENTRE,1.40921715884912,103.76354242,location_change,HOME TEAM TACTICAL CENTRE,1.40566322413826,103.76304525583,399.0252062885741,True,Home Team Tactical Centre,"1 Mandai Quarry Road Home Team Tactical Centre, Singapore 728635"
822,KEAT HONG LINK,680822,KEAT HONG GRANGE,1.37494274712015,103.749023588303,name_change,NIL,1.37494274712015,103.749023588303,,False,822 Keat Hong Link,"822 Keat Hong Link, Singapore 680822"
2,CLEMENTI CLOSE,129634,NATIONAL HEALTHCARE GROUP POLYCLINICS (CLEMENTI POLYCLINIC),1.31703355684198,103.763506485103,new_building,,,,,True,National Healthcare Group Polyclinics (clementi Polyclinic),"2 Clementi Close National Healthcare Group Polyclinics (clementi Polyclinic), Singapore 129634"
2,MOULMEIN ROAD,308076,NIL,1.32030365621302,103.851174739453,new_building,,,,,False,2 Moulmein Road,"2 Moulmein Road, Singapore 308076"
51,ALKAFF CRESCENT,349994,NATIONAL HEALTHCARE GROUP POLYCLINICS (BIDADARI POLYCLINIC),1.33692717938356,103.875090268295,new_building,,,,,True,National Healthcare Group Polyclinics (bidadari Polyclinic),"51 Alkaff Crescent National Healthcare Group Polyclinics (bidadari Polyclinic), Singapore 349994"
43B,LORONG 25 GEYLANG,388309,UNION TROVE,1.31476605478417,103.882298105994,new_building,,,,,False,43B Lorong 25 Geylang,"43B Lorong 25 Geylang, Singapore 388309"
18,JALAN DAMAI,418000,KAKI BUKIT POLYCLINIC,1.33360757028569,103.90999012933,new_building,,,,,True,Kaki Bukit Polyclinic,"18 Jalan Damai Kaki Bukit Polyclinic, Singapore 418000"
20,YUNG KUANG ROAD,619657,NATIONAL UNIVERSITY POLYCLINICS (TAMAN JURONG POLYCLINIC),1.33122673088576,103.723026795095,new_building,,,,,True,National University Polyclinics (taman Jurong Polyclinic),"20 Yung Kuang Road National University Polyclinics (taman Jurong Polyclinic), Singapore 619657"
11,MACKENZIE ROAD,228675,NIL,1.30434908677393,103.849908918079,name_change,G4 STATION BACKPACKERS HOSTEL,1.30434908677393,103.849908918079,,False,11 Mackenzie Road,"11 Mackenzie Road, Singapore 228675"
461,SIMS AVENUE,387541,NIL,1.31631277275976,103.886963689258,name_change,ORANGE VALLEY NURSING HOME (SIMS AVENUE),1.31645516058633,103.887218606441,,False,461 Sims Avenue,"461 Sims Avenue, Singapore 387541"
33,HONGKONG STREET,59672,NIL,1.28743955874319,103.847130213549,name_change,VINTAGE INN @ CLARKE QUAY,1.28743955874319,103.847130213549,,False,33 Hongkong Street,"33 Hongkong Street, Singapore 59672"
297,LORONG 6 TOA PAYOH,319389,NIL,1.33041404935825,103.851280023328,name_change,TOA PAYOH SPORTS HALL,1.33041404935825,103.851280023328,,False,297 Lorong 6 Toa Payoh,"297 Lorong 6 Toa Payoh, Singapore 319389"
44,HORNE ROAD,209067,NIL,1.3093266719998,103.862062340721,name_change,NETWORK COURIER BUILDING,1.3093266719998,103.862062340721,,False,44 Horne Road,"44 Horne Road, Singapore 209067"
195,SERANGOON ROAD,218067,THE QUAY HOTEL LITTLE INDIA,1.30917901197119,103.853224450863,name_change,BROADWAY HOTEL,1.30917901197119,103.853224450863,,True,The Quay Hotel Little India,"195 Serangoon Road The Quay Hotel Little India, Singapore 218067"
26,CAVAN ROAD,209854,NEST HOTEL,1.31087924800926,103.861821440459,name_change,HOTEL SNOW LAVENDER,1.31087924800926,103.861821440459,,True,Nest Hotel,"26 Cavan Road Nest Hotel, Singapore 209854"
