blk_no,street,postal_code,name,lat,lon,change_type,prev_name,prev_lat,prev_lon,location_change_meters
59,MARINA COASTAL DRIVE,19964,NIL,1.26797299807086,103.859122035309,new_building,,,,
70,TELOK AYER STREET,48458,AMOY HOTEL,1.28303335965486,103.848666383796,new_building,,,,
69,SCIENCE PARK DRIVE,119317,LYNDENWOODS (U/C),1.29132682464133,103.788260858007,new_building,,,,
437,CLEMENTI CLOSE,120437,CLEMENTI EMERALD,1.31664918422922,103.762051682614,new_building,,,,
438,CLEMENTI CLOSE,120438,CLEMENTI EMERALD,1.31729073830566,103.762656171406,new_building,,,,
437A,CLEMENTI CLOSE,121437,CLEMENTI EMERALD,1.31647266685186,103.762961522245,new_building,,,,
438A,CLEMENTI CLOSE,121438,CLEMENTI EMERALD,1.31686971326399,103.762723628508,new_building,,,,
437B,CLEMENTI CLOSE,122437,CLEMENTI EMERALD,1.31662373060985,103.762393868662,new_building,,,,
438B,CLEMENTI CLOSE,122438,CLEMENTI EMERALD,1.31725205617556,103.762959005306,new_building,,,,
2,CLEMENTI CLOSE,129634,CLEMENTI POLYCLINIC (U/C),1.31703025735992,103.763480642855,new_building,,,,
185,MEI CHIN ROAD,140185,STIRLING HORIZON,1.29200741192021,103.800962553555,new_building,,,,
186,MEI CHIN ROAD,140186,STIRLING HORIZON,1.29166535542444,103.801236930997,new_building,,,,
187,MEI CHIN ROAD,140187,STIRLING HORIZON,1.29301990039928,103.801810807466,new_building,,,,
189,MEI CHIN ROAD,140189,STIRLING HORIZON,1.29381487720351,103.801889533735,new_building,,,,
190,MEI CHIN ROAD,140190,STIRLING HORIZON,1.29413953888947,103.802034176316,new_building,,,,
186A,MEI CHIN ROAD,141186,STIRLING HORIZON,1.29206919022228,103.801396859311,new_building,,,,
187A,MEI CHIN ROAD,141187,STIRLING HORIZON,1.29333044071733,103.801842672075,new_building,,,,
186B,MEI CHIN ROAD,142186,STIRLING HORIZON,1.29272711304594,103.801627215937,new_building,,,,
9,KIM SENG ROAD,169555,ZYON GRAND (U/C),1.29057222318949,103.833663072327,new_building,,,,
7,KIM SENG ROAD,169556,ZYON GALLERIA,1.29057222318949,103.833663072327,new_building,,,,
5,KIM SENG ROAD,169557,ZYON GRAND (U/C),1.29057222318949,103.833663072327,new_building,,,,
3,KIM SENG ROAD,169558,ZYON GRAND (U/C),1.29057222318949,103.833663072327,new_building,,,,
1,ZION PROMENADE,169564,PROMENADE PEAK (U/C),1.29157008048749,103.833142480825,new_building,,,,
65,QUEEN STREET,188544,BUGIS VILLAGE,1.30089736824545,103.854869709434,new_building,,,,
66,QUEEN STREET,188545,BUGIS VILLAGE,1.30089736824545,103.854869709434,new_building,,,,
67,QUEEN STREET,188546,BUGIS VILLAGE,1.30089736824545,103.854869709434,new_building,,,,
20,CRAWFORD STREET,190020,CRAWFORD HEIGHTS,1.30563432294019,103.864739448575,new_building,,,,
21,CRAWFORD STREET,190021,CRAWFORD HEIGHTS,1.30501456390922,103.864674954432,new_building,,,,
20A,CRAWFORD STREET,191020,CRAWFORD HEIGHTS,1.30519457504196,103.864786099367,new_building,,,,
598,SERANGOON ROAD,218210,NIL,1.31522075766025,103.858397109361,new_building,,,,
7,UNITY STREET,239591,THE ROBERTSON OPUS (U/C),1.29192554149368,103.841540921931,new_building,,,,
9,UNITY STREET,239592,THE ROBERTSON OPUS (U/C),1.29192554149368,103.841540921931,new_building,,,,
13,UNITY STREET,239593,THE ROBERTSON OPUS (U/C),1.29192554149368,103.841540921931,new_building,,,,
15,UNITY STREET,239594,THE ROBERTSON OPUS (U/C),1.29192554149368,103.841540921931,new_building,,,,
17,UNITY STREET,239595,ROBERTSON WALK,1.29173909592834,103.841194495006,new_building,,,,
11,RIVER VALLEY GREEN,239637,RIVER GREEN (U/C),1.29477065384575,103.833209033497,new_building,,,,
1,ZION CLOSE,247811,MILL POINT,1.29290709268773,103.830450365955,new_building,,,,
90,FERNHILL ROAD,259131,LADYHILL PARK,1.31181048077139,103.823534083764,new_building,,,,
67,HOLLAND VILLAGE WAY,270067,HOLLAND VISTA,1.31049760838052,103.793732082564,new_building,,,,
68,HOLLAND VILLAGE WAY,270068,HOLLAND VISTA,1.31084413667355,103.793148897517,new_building,,,,
68A,HOLLAND VILLAGE WAY,271068,HOLLAND VISTA,1.31027378807376,103.793193787236,new_building,,,,
23A,MAPLE AVENUE,278529,EDEN PARK,1.33009079564825,103.791924874155,new_building,,,,
444,HOLLAND ROAD,279216,BAN GUAN PARK,1.32276118629116,103.784007423333,new_building,,,,
15,JALAN SEJARAH,299061,CAPITOL PARK (15),1.32922211653773,103.816939818382,new_building,,,,
60A,KHEAM HOCK ROAD,299165,DUNEARN ESTATE,1.32978660619863,103.820134272782,new_building,,,,
2,MOULMEIN ROAD,308076,NIL,1.31971444694247,103.850938891468,new_building,,,,
2A,JALAN PASIRAN,309297,NIL,1.3189417872467,103.837371433601,new_building,,,,
4,JALAN PASIR RIA,309313,NIL,1.31889798544223,103.837464014124,new_building,,,,
4A,JALAN PASIR RIA,309314,NIL,1.31886099249219,103.837542202362,new_building,,,,
10,CHANCERY HILL ROAD,309651,NIL,1.32490441739295,103.839076136395,new_building,,,,
10A,CHANCERY HILL ROAD,309652,NIL,1.3249498477959,103.839057826928,new_building,,,,
16,DYSON ROAD,309738,NIL,1.32501772540441,103.839266824811,new_building,,,,
8A,CHANCERY HILL ROAD,309831,NIL,1.3248571981644,103.839086213472,new_building,,,,
231,LAVENDER STREET,338779,NIL,1.31484790720171,103.859425468029,new_building,,,,
233,LAVENDER STREET,338780,NIL,1.31488735518082,103.859394401775,new_building,,,,
235,LAVENDER STREET,338781,NIL,1.314919735322,103.859368414815,new_building,,,,
115,UPPER ALJUNIED ROAD,367858,BIDADARI PARK CARPARK,1.33920313062044,103.875209943697,new_building,,,,
135,MERPATI ROAD,370135,MERPATI ALCOVE,1.32713410510961,103.881633808549,new_building,,,,
136,MERPATI ROAD,370136,MERPATI ALCOVE,1.32650957507866,103.883052663116,new_building,,,,
135A,MERPATI ROAD,371135,MERPATI ALCOVE,1.3272018308678,103.880966947637,new_building,,,,
136A,MERPATI ROAD,371136,MERPATI ALCOVE,1.32625125043468,103.88348222923,new_building,,,,
43A,LORONG 25 GEYLANG,388309,UNION TROVE,1.31476605478417,103.882298105994,new_building,,,,
43B,LORONG 25 GEYLANG,388309,UNION TROVE,1.31476605478417,103.882298105994,new_building,,,,
68A,JALAN SELAMAT,419383,KIMNAN PARK,1.32620464463369,103.915582646734,new_building,,,,
72,LANGSAT ROAD,426739,NIL,1.3152031501635,103.902852413136,new_building,,,,
10,FOUNDERS DRIVE,438585,FOUNDERS' MEMORIAL,1.28899993874357,103.869656314982,new_building,,,,
47,MEYER ROAD,438662,NIL,1.29658357614391,103.885890481952,new_building,,,,
33B,WOO MON CHEW ROAD,456285,NIL,1.31647671504911,103.929276321192,new_building,,,,
26C,SIGLAP ROAD,456827,MARINE GARDEN,1.31122269638048,103.92548220895,new_building,,,,
911,BAYSHORE STREET,460911,BAYSHORE VISTA,1.31375126968076,103.946446622606,new_building,,,,
912,BAYSHORE STREET,460912,BAYSHORE VISTA,1.313392078507,103.946555481344,new_building,,,,
913,BAYSHORE STREET,460913,BAYSHORE VISTA,1.31275165877252,103.946555613266,new_building,,,,
914,BAYSHORE STREET,460914,BAYSHORE PALMS,1.31542551757733,103.945447380085,new_building,,,,
915,BAYSHORE STREET,460915,BAYSHORE PALMS,1.31491722522744,103.945972378629,new_building,,,,
916,BAYSHORE STREET,460916,BAYSHORE PALMS,1.31451801318179,103.944920954773,new_building,,,,
911A,BAYSHORE STREET,461911,BAYSHORE VISTA,1.31403525029124,103.946189815615,new_building,,,,
912A,BAYSHORE STREET,461912,BAYSHORE VISTA,1.31319171257396,103.946274938838,new_building,,,,
914A,BAYSHORE STREET,461914,BAYSHORE PALMS,1.31501908512726,103.94482207556,new_building,,,,
915A,BAYSHORE STREET,461915,BAYSHORE PALMS,1.31516443264412,103.945955700115,new_building,,,,
916A,BAYSHORE STREET,461916,BAYSHORE PALMS,1.31482300480407,103.945230110517,new_building,,,,
911B,BAYSHORE STREET,462911,BAYSHORE VISTA,1.31355090428618,103.946166080337,new_building,,,,
912B,BAYSHORE STREET,462912,BAYSHORE VISTA,1.31299426968515,103.945634034803,new_building,,,,
915B,BAYSHORE STREET,462915,BAYSHORE PALMS,1.31450986650245,103.946032257691,new_building,,,,
916B,BAYSHORE STREET,462916,BAYSHORE PALMS,1.31439316936174,103.945259803832,new_building,,,,
911C,BAYSHORE STREET,463911,BAYSHORE VISTA,1.31385449810468,103.94558812482,new_building,,,,
912C,BAYSHORE STREET,463912,BAYSHORE VISTA,1.31335221035622,103.945532644247,new_building,,,,
109,TANAH MERAH KECHIL ROAD SOUTH,468466,NIL,1.32297222834798,103.94612851111,new_building,,,,
111,TANAH MERAH KECHIL ROAD SOUTH,468467,NIL,1.32291688757794,103.946164747163,new_building,,,,
113,TANAH MERAH KECHIL ROAD SOUTH,468468,NIL,1.32285800909918,103.94620077989,new_building,,,,
89A,CHANGI BUSINESS PARK CENTRAL 2,489719,NIL,1.34252012769331,103.967479036134,new_building,,,,
49,CHANGI VILLAGE ROAD,509970,SREE RAMAR TEMPLE,1.38712234075316,103.986879891682,new_building,,,,
591,PASIR RIS GREEN,510591,COSTA RIVIERA I,1.37606820940475,103.949576838157,new_building,,,,
592,PASIR RIS GREEN,510592,COSTA RIVIERA I,1.37550455110335,103.949667480585,new_building,,,,
593,PASIR RIS DRIVE 3,510593,COSTA RIVIERA II,1.37545424274403,103.950466878593,new_building,,,,
594,PASIR RIS DRIVE 3,510594,COSTA RIVIERA II,1.37535196931972,103.952122333332,new_building,,,,
591A,PASIR RIS GREEN,511591,COSTA RIVIERA I,1.37644855305153,103.949402261353,new_building,,,,
592A,PASIR RIS GREEN,511592,COSTA RIVIERA I,1.37568294930619,103.949039878381,new_building,,,,
593A,PASIR RIS DRIVE 3,511593,COSTA RIVIERA II,1.37538248923577,103.950988231721,new_building,,,,
594A,PASIR RIS DRIVE 3,511594,COSTA RIVIERA II,1.37542761569179,103.95179003509,new_building,,,,
591B,PASIR RIS GREEN,512591,COSTA RIVIERA I,1.37650971575074,103.949648644396,new_building,,,,
592B,PASIR RIS GREEN,512592,COSTA RIVIERA I,1.37554909163641,103.949440198687,new_building,,,,
593B,PASIR RIS DRIVE 3,512593,COSTA RIVIERA II,1.37591377858228,103.950784460707,new_building,,,,
594B,PASIR RIS DRIVE 3,512594,COSTA RIVIERA II,1.37571951911138,103.952205360378,new_building,,,,
593C,PASIR RIS DRIVE 3,513593,COSTA RIVIERA II,1.37591376174844,103.951123776025,new_building,,,,
21A,PASIR RIS STREET 21,519660,TEMPORARY SITE OFFICE,1.36596007766651,103.964884875608,new_building,,,,
545,UPPER SERANGOON ROAD,534554,NIL,1.34663246293281,103.871402999253,new_building,,,,
12A,ROSYTH ROAD,546388,NIL,1.36254760582586,103.874791354897,new_building,,,,
50,HILLSIDE DRIVE,548917,NIL,1.35963047895657,103.87589273675,new_building,,,,
50A,HILLSIDE DRIVE,548918,NIL,1.35968033487656,103.875853564644,new_building,,,,
50B,HILLSIDE DRIVE,548919,NIL,1.35971843654824,103.875808082715,new_building,,,,
31,COWDRAY AVENUE,558032,SERANGOON GARDEN ESTATE,1.36677661259101,103.865047651374,new_building,,,,
8A,BRIGHTON CRESCENT,559592,NIL,1.36265747015012,103.869703996872,new_building,,,,
8B,BRIGHTON CRESCENT,559593,NIL,1.36261678972016,103.869661630751,new_building,,,,
3B,BERWICK DRIVE,559890,SERANGOON GARDEN ESTATE,1.36526446637777,103.861920424021,new_building,,,,
3C,BERWICK DRIVE,559991,SERANGOON GARDEN ESTATE,1.36521406405494,103.861866274939,new_building,,,,
3D,BERWICK DRIVE,559992,SERANGOON GARDEN ESTATE,1.36516989243392,103.861812394103,new_building,,,,
3E,BERWICK DRIVE,559993,SERANGOON GARDEN ESTATE,1.3651275476972,103.861759116811,new_building,,,,
29,MAYFLOWER ROAD,568618,MAYFLOWER GARDENS,1.3706182493137,103.840620721798,new_building,,,,
51,UPPER THOMSON ROAD,575557,SAINT THERESA'S HOME,1.34657579426019,103.836068440682,new_building,,,,
9L,JALAN BERJAYA,578703,THOMSON RISE ESTATE,1.35366630255264,103.844560733627,new_building,,,,
13,GARDENIA ROAD,578970,ADELPHI PARK ESTATE,1.35594269693406,103.829158372991,new_building,,,,
230,JALAN JURONG KECHIL,598662,THE SEN (U/C),1.34689430757223,103.767861218438,new_building,,,,
222,JALAN JURONG KECHIL,599444,THE SEN (U/C),1.34689430757223,103.767861218438,new_building,,,,
224,JALAN JURONG KECHIL,599445,THE SEN (U/C),1.34689430757223,103.767861218438,new_building,,,,
226,JALAN JURONG KECHIL,599446,THE SEN (U/C),1.34689430757223,103.767861218438,new_building,,,,
228,JALAN JURONG KECHIL,599447,THE SEN (U/C),1.34689430757223,103.767861218438,new_building,,,,
338A,JURONG EAST AVENUE 1,601338,NIL,1.35048950673869,103.730974523701,new_building,,,,
133,YUNG HO WALK,610133,TAMAN JURONG SKYLINE,1.32747623308089,103.728564512384,new_building,,,,
134,YUNG HO WALK,610134,TAMAN JURONG SKYLINE,1.32633889947369,103.727908876713,new_building,,,,
135,YUNG HO WALK,610135,TAMAN JURONG SKYLINE,1.32682384134343,103.728021393275,new_building,,,,
136,YUNG HO WALK,610136,TAMAN JURONG SKYLINE,1.32703832995407,103.727132087974,new_building,,,,
66A,YUNG KUANG ROAD,611066,NIL,1.33178150391025,103.723126159943,new_building,,,,
134A,YUNG HO WALK,611134,TAMAN JURONG SKYLINE,1.32684262698942,103.729027928457,new_building,,,,
135A,YUNG HO WALK,611135,TAMAN JURONG SKYLINE,1.32708655370641,103.727908584787,new_building,,,,
136A,YUNG HO WALK,611136,TAMAN JURONG SKYLINE,1.32685900177839,103.72688479493,new_building,,,,
134B,YUNG HO WALK,612134,TAMAN JURONG SKYLINE,1.32709713106073,103.728479494873,new_building,,,,
135B,YUNG HO WALK,612135,TAMAN JURONG SKYLINE,1.32653390087073,103.727561450681,new_building,,,,
20,YUNG KUANG ROAD,619657,TAMAN JURONG POLYCLINIC,1.33123782264044,103.722986843748,new_building,,,,
6A,YUNG HO ROAD,619662,NIL,1.32624862671464,103.721466445308,new_building,,,,
21,JALAN TUKANG,619794,NIL,1.32590310010447,103.713139038272,new_building,,,,
2G,JALAN PAPAN,619834,ASPRI-D WALL PAPAN,1.32198602299754,103.730623059032,new_building,,,,
2E,JALAN PAPAN,619835,NIL,1.32114360401159,103.7291442685,new_building,,,,
10A,TUAS SOUTH AVENUE 12,637132,NIL,1.28354928936787,103.624116353552,new_building,,,,
1A,TUAS SOUTH EDGE,638626,SITE OFFICE,1.26109098006187,103.623066692881,new_building,,,,
6,TUAS VIEW DRIVE,639061,NIL,1.28831344686817,103.628522939619,new_building,,,,
427A,JURONG WEST AVENUE 1,641427,NIL,1.35105663344621,103.725574691858,new_building,,,,
500,JALAN BAHAR,649920,NIL,1.37500619961016,103.697026181968,new_building,,,,
10,BUKIT BATOK WEST AVENUE 9,659839,NIL,1.35346842107271,103.741220066149,new_building,,,,
27,WOODLANDS ROAD,670027,RAIL GREEN II @ CCK,1.38126843472856,103.759167960002,new_building,,,,
33,WOODLANDS ROAD,670033,RAIL GREEN II @ CCK,1.38555907921528,103.756521386788,new_building,,,,
20A,SEGAR ROAD,679350,NIL,1.39028896209381,103.772000468017,new_building,,,,
5,TENGAH CLOSE,699853,DEPOT (U/C),1.36454585288215,103.711710268206,new_building,,,,
3,TENGAH CLOSE,699859,DEPOT (U/C),1.36350947492623,103.7129205962,new_building,,,,
103,LIM CHU KANG LANE 3,719969,NIL,1.42920778250016,103.720733361025,new_building,,,,
219,MARSILING LANE,730219,MARSILING PEAK II,1.44530112419792,103.774606624503,new_building,,,,
220,MARSILING LANE,730220,MARSILING PEAK II,1.44512138766887,103.775169732351,new_building,,,,
221,MARSILING LANE,730221,MARSILING PEAK I,1.44454715542128,103.775939810348,new_building,,,,
223,MARSILING LANE,730223,MARSILING PEAK I,1.44375833929638,103.775917430872,new_building,,,,
224,MARSILING LANE,730224,MARSILING PEAK II,1.44455478033436,103.774654633986,new_building,,,,
219A,MARSILING LANE,731219,MARSILING PEAK II,1.44482959522918,103.774614130146,new_building,,,,
220A,MARSILING LANE,731220,MARSILING PEAK II,1.44474892258905,103.775447387109,new_building,,,,
221A,MARSILING LANE,731221,MARSILING PEAK I,1.44421869952438,103.775654970045,new_building,,,,
223A,MARSILING LANE,731223,MARSILING PEAK I,1.44340358002825,103.775723737336,new_building,,,,
224A,MARSILING LANE,731224,MARSILING PEAK II,1.44427310009469,103.775049640658,new_building,,,,
223B,MARSILING LANE,732223,MARSILING PEAK I,1.44370858698867,103.775486053342,new_building,,,,
80,WOODLANDS DRIVE 16,738951,NIL,1.43083316720505,103.794704217699,new_building,,,,
10A,WOODLANDS STREET 31,739312,WOODLANDS POLYCLINIC ()ANNEX BLOCK),1.43092682518551,103.77474488937,new_building,,,,
575,SEMBAWANG PLACE,758941,COUNTRYVIEW,1.43801405262269,103.825129921829,new_building,,,,
51,CANBERRA CRESCENT,759827,CANBERRA CRESCENT RESIDENCES (U/C),1.44992123026952,103.829397162646,new_building,,,,
53,CANBERRA CRESCENT,759828,CANBERRA CRESCENT RESIDENCES (U/C),1.44992123026952,103.829397162646,new_building,,,,
55,CANBERRA CRESCENT,759829,CANBERRA CRESCENT RESIDENCES (U/C),1.44992123026952,103.829397162646,new_building,,,,
57,CANBERRA CRESCENT,759830,CANBERRA CRESCENT RESIDENCES (U/C),1.44992123026952,103.829397162646,new_building,,,,
962,BAH SOON PAH ROAD,760962,CHENCHARU VINES,1.42072583825548,103.825486479052,new_building,,,,
964,BAH SOON PAH ROAD,760964,CHENCHARU VINES,1.42106393776938,103.82604392398,new_building,,,,
965,BAH SOON PAH ROAD,760965,CHENCHARU VINES,1.42035426748298,103.827006178971,new_building,,,,
966,BAH SOON PAH ROAD,760966,CHENCHARU GREEN,1.4189978749557,103.827067592197,new_building,,,,
967,BAH SOON PAH ROAD,760967,CHENCHARU GREEN,1.41925311733324,103.828182030744,new_building,,,,
968,BAH SOON PAH ROAD,760968,CHENCHARU GREEN,1.41737004036313,103.827919722641,new_building,,,,
962A,BAH SOON PAH ROAD,761962,CHENCHARU VINES,1.42032575346907,103.825794763621,new_building,,,,
964A,BAH SOON PAH ROAD,761964,CHENCHARU VINES,1.42123219927695,103.826194232445,new_building,,,,
965A,BAH SOON PAH ROAD,761965,CHENCHARU VINES,1.42010087410372,103.826494005708,new_building,,,,
967A,BAH SOON PAH ROAD,761967,CHENCHARU GREEN,1.41904444531015,103.827565007353,new_building,,,,
968A,BAH SOON PAH ROAD,761968,CHENCHARU GREEN,1.4181146671519,103.827641784944,new_building,,,,
962B,BAH SOON PAH ROAD,762962,CHENCHARU VINES,1.4206955728468,103.82610762483,new_building,,,,
964B,BAH SOON PAH ROAD,762964,CHENCHARU VINES,1.42112704205061,103.826625719597,new_building,,,,
965B,BAH SOON PAH ROAD,762965,CHENCHARU VINES,1.42066241274882,103.826516999299,new_building,,,,
967B,BAH SOON PAH ROAD,762967,CHENCHARU GREEN,1.41860347567421,103.827491616631,new_building,,,,
968B,BAH SOON PAH ROAD,762968,CHENCHARU GREEN,1.41766486194769,103.827559452492,new_building,,,,
965C,BAH SOON PAH ROAD,763965,CHENCHARU VINES,1.42056422590844,103.827090915041,new_building,,,,
811,UPPER THOMSON ROAD,788978,SPRINGLEAF RESIDENCE (U/C),1.39601248653792,103.817563198325,new_building,,,,
813,UPPER THOMSON ROAD,788979,SPRINGLEAF RESIDENCE (U/C),1.39601248653792,103.817563198325,new_building,,,,
815,UPPER THOMSON ROAD,788980,SPRINGLEAF RESIDENCE (U/C),1.39601248653792,103.817563198325,new_building,,,,
817,UPPER THOMSON ROAD,788981,SPRINGLEAF RESIDENCE (U/C),1.39601248653792,103.817563198325,new_building,,,,
819,UPPER THOMSON ROAD,788982,SPRINGLEAF RESIDENCE (U/C),1.39601248653792,103.817563198325,new_building,,,,
69A,NERAM ROAD,808854,SELETAR HILLS ESTATE,1.38533178698621,103.868179489844,new_building,,,,
69B,NERAM ROAD,808855,SELETAR HILLS ESTATE,1.38539267734881,103.868187504649,new_building,,,,
1,MAGAZINE ROAD,59567,UNION SQUARE CENTRAL,1.28842848666711,103.84230028531,name_change,NIL,1.28842848666711,103.84230028531,
79,PHOENIX AVENUE,668382,PHOENIX RESIDENCES,1.37525459469413,103.757531008357,name_change,PHOENIX RESIDENCES (U/C),1.37525459469413,103.757531008357,
32,GILSTEAD ROAD,309075,32 GILSTEAD (U/C),1.31763797210019,103.839239630907,name_change,32 GILSTEAD,1.31763797210019,103.839239630907,
13,POLLEN VIEW,807177,POLLEN COLLECTION (U/C),1.38082859439504,103.859088063073,name_change,POLLEN COLLECTION,1.38082859439504,103.859088063073,
297A,LORONG 6 TOA PAYOH,319389,NIL,1.33028857436685,103.851567502968,name_change,TOA PAYOH SPORTS HALL,1.33028857436685,103.851567502968,
11,MERANTI CRESCENT,627806,NIL,1.24947679773694,103.68630054158,location_change,NIL,1.24579521073601,103.687601222492,434.1596139235719
71,TENGAH GARDEN WALK,699886,COPEN GRAND,1.36190672929397,103.731042025984,name_change,COPEN GRAND (U/C),1.36190672929397,103.731042025984,
369,BELGRAVIA DRIVE,809822,BELGRAVIA ACE (U/C),1.38108325816608,103.864534008204,name_change,BELGRAVIA ACE,1.38108325816608,103.864534008204,
42,POLLEN VIEW,806993,POLLEN COLLECTION (U/C),1.38064608891445,103.859845889685,name_change,POLLEN COLLECTION,1.38064608891445,103.859845889685,
515,MILTONIA CLOSE,760515,MILTONIA BREEZE @ YISHUN,1.4192698143365,103.84849236836,name_change,NIL,1.4192698143365,103.84849236836,
18A,FARRER PARK ROAD,211018,FARRER PARK FIELDS,1.31017638548135,103.851032856973,name_change,NIL,1.31017638548135,103.851032856973,
441,BELGRAVIA DRIVE,807849,BELGRAVIA ACE (U/C),1.38187336826016,103.864645265044,name_change,BELGRAVIA ACE,1.38187336826016,103.864645265044,
467,BELGRAVIA DRIVE,807916,BELGRAVIA ACE (U/C),1.3817047195914,103.865540249267,name_change,BELGRAVIA ACE,1.3817047195914,103.865540249267,
517C,MILTONIA CLOSE,763517,MILTONIA BREEZE @ YISHUN,1.41847025094394,103.849379684961,name_change,NIL,1.41847025094394,103.849379684961,
291,JURONG EAST STREET 24,600291,JURONG EAST BREEZE,1.34379945407852,103.743885318418,name_change,NIL,1.34379945407852,103.743885318418,
515A,MILTONIA CLOSE,761515,MILTONIA BREEZE @ YISHUN,1.41939832614146,103.848106989021,name_change,NIL,1.41939832614146,103.848106989021,
458,BUKIT BATOK WEST AVENUE 8,650458,WEST BRICKVILLE @ BUKIT BATOK,1.3541602936949,103.737762969669,name_change,NIL,1.3541602936949,103.737762969669,
25,JALAN KAKATUA,598543,JURONG PARK,1.34406220300547,103.766278196846,name_change,INNATE MONTESSORI PTE. LTD.,1.34406219315124,103.766278202829,
215P,PONGGOL SEVENTEENTH AVENUE,829764,WHITE COVE (U/C),1.41483899700864,103.902820105163,name_change,WHITE COVE,1.41483899700864,103.902820105163,
50,GHIM MOH CLOSE,270050,GHIM MOH NATURA,1.31017143953319,103.790510790692,name_change,NIL,1.31017143953319,103.790510790692,
471,BELGRAVIA DRIVE,807918,BELGRAVIA ACE (U/C),1.3816739629488,103.865702512376,name_change,BELGRAVIA ACE,1.3816739629488,103.865702512376,
533,BELGRAVIA DRIVE,808090,BELGRAVIA ACE (U/C),1.38118972819177,103.866029751248,name_change,BELGRAVIA ACE,1.38118972819177,103.866029751248,
29,POLLEN CRESCENT,806848,POLLEN COLLECTION (U/C),1.38220400400661,103.858901515032,name_change,POLLEN COLLECTION,1.38220400400661,103.858901515032,
437,BELGRAVIA DRIVE,807805,BELGRAVIA ACE (U/C),1.38189828352328,103.86451312013,name_change,BELGRAVIA ACE,1.38189828352328,103.86451312013,
555,BELGRAVIA DRIVE,808101,BELGRAVIA ACE (U/C),1.38105637773568,103.86536298033,name_change,BELGRAVIA ACE,1.38105637773568,103.86536298033,
48B,BEDOK SOUTH AVENUE 3,462048,BEDOK SOUTH BLOSSOMS,1.32301770321171,103.94293048043,name_change,NIL,1.32301770321171,103.94293048043,
65,MEDIA CIRCLE,139817,BLOOMSBURY RESIDENCES (U/C),1.29444235984052,103.79512874632,name_change,BLOOMSBURY RESIDENCES,1.29444235984052,103.79512874632,
165B,JALAN LOYANG BESAR,509837,THE SHOREFRONT (U/C),1.3791551466529,103.960109613673,name_change,THE SHOREFRONT,1.3791551466529,103.960109613673,
2,POLLEN PLACE,807200,POLLEN COLLECTION (U/C),1.38096919778777,103.858784835038,name_change,POLLEN COLLECTION,1.38096919778777,103.858784835038,
547,BELGRAVIA DRIVE,808097,BELGRAVIA ACE (U/C),1.38099649901647,103.865680736893,name_change,BELGRAVIA ACE,1.38099649901647,103.865680736893,
215D,PONGGOL SEVENTEENTH AVENUE,829718,WHITE COVE (U/C),1.41463954204933,103.903111066148,name_change,WHITE COVE,1.41463954204933,103.903111066148,
73,TENGAH GARDEN WALK,699887,COPEN GRAND,1.36191143783474,103.731287512954,name_change,COPEN GRAND (U/C),1.36191143783474,103.731287512954,
670,BEDOK NORTH STREET 3,469627,KAKI BUKIT COMMUNITY CENTRE,1.33335800926146,103.926857202735,name_change,KAKI BUKIT COMMUNITY CENTRE (U/C),1.33335800926146,103.926857202735,
38,POLLEN VIEW,806991,POLLEN COLLECTION (U/C),1.38061679000213,103.859741340668,name_change,POLLEN COLLECTION,1.38061679000213,103.859741340668,
523A,YISHUN STREET 53,761523,VANDA BREEZE @ YISHUN,1.4221629233466,103.852664595625,name_change,NIL,1.4221629233466,103.852664595625,
87,JALAN SATU,390087,MOUNTBATTEN COMMUNITY CLUB,1.30920453703351,103.886918300106,name_change,MOUNTBATTEN COMMUNITY CLUB (U/C),1.30920453703351,103.886918300106,
457,BELGRAVIA DRIVE,807857,BELGRAVIA ACE (U/C),1.38176771824671,103.865206147439,name_change,BELGRAVIA ACE,1.38176771824671,103.865206147439,
25,POLLEN CRESCENT,807532,POLLEN COLLECTION (U/C),1.38225911002117,103.858998006147,name_change,POLLEN COLLECTION,1.38225911002117,103.858998006147,
18,CROSS STREET,48423,18 CROSS,1.28355426127583,103.846882908595,name_change,CROSS STREET EXCHANGE,1.28355426127583,103.846882908595,
419B,FERNVALE L,792419,FERNVALE SAILS,1.39411239261762,103.879662051171,name_change,NIL,1.39411239261762,103.879662051171,
484,FERNVALE DRIVE,790484,FERNVALE OASIS,1.40020352656839,103.877109122901,name_change,NIL,1.40020352656839,103.877109122901,
5,JALAN ANAK BUKIT,589601,THE RESERVE RESIDENCES (U/C),1.33993309773237,103.777416331816,name_change,THE RESERVE RESIDENCES,1.33993309773237,103.777416331816,
19,POLLEN CRESCENT,807529,POLLEN COLLECTION (U/C),1.38234105998443,103.85913782351,name_change,POLLEN COLLECTION,1.38234105998443,103.85913782351,
26,PLANTATION CLOSE,690098,OTTO PLACE (U/C),1.34793735286897,103.736758778262,name_change,OTTO PLACE,1.34793735286897,103.736758778262,
459,BUKIT BATOK WEST AVENUE 8,650459,WEST BRICKVILLE @ BUKIT BATOK,1.35471115217407,103.738741505774,name_change,NIL,1.35471115217407,103.738741505774,
128,SERANGOON NORTH AVENUE 1,550128,SERANGOON NORTH VISTA,1.36437643964958,103.873592808441,name_change,NIL,1.36437643964958,103.873592808441,
117A,JALAN KEMBANGAN,411117,KEMBANGAN WAVE,1.32268355501331,103.913022311205,name_change,NIL,1.32268355501331,103.913022311205,
524A,YISHUN STREET 53,761524,VANDA BREEZE @ YISHUN,1.42113426546265,103.852431654212,name_change,NIL,1.42113426546265,103.852431654212,
22,POLLEN VIEW,806859,POLLEN COLLECTION (U/C),1.38049245350825,103.85929194052,name_change,POLLEN COLLECTION,1.38049245350825,103.85929194052,
15,POLLEN WALK,807473,POLLEN COLLECTION (U/C),1.3822071832276,103.859369143932,name_change,POLLEN COLLECTION,1.3822071832276,103.859369143932,
559,BELGRAVIA DRIVE,808103,BELGRAVIA ACE (U/C),1.38094624740087,103.865260277445,name_change,BELGRAVIA ACE,1.38094624740087,103.865260277445,
1,POLLEN VIEW,806997,POLLEN COLLECTION (U/C),1.38073949692686,103.858776707998,name_change,POLLEN COLLECTION,1.38073949692686,103.858776707998,
215F,PONGGOL SEVENTEENTH AVENUE,829720,WHITE COVE (U/C),1.41452328434718,103.903000414668,name_change,WHITE COVE,1.41452328434718,103.903000414668,
101B,PLANTATION CLOSE,692101,PLANTATION VERGE,1.35047255909552,103.73528218277,name_change,NIL,1.35047255909552,103.73528218277,
57,TENGAH GARDEN WALK,699912,COPEN GRAND,1.36149804974031,103.73043949934,name_change,COPEN GRAND (U/C),1.36149804974031,103.73043949934,
375,BELGRAVIA DRIVE,807534,BELGRAVIA ACE (U/C),1.38103836173764,103.864772286348,name_change,BELGRAVIA ACE,1.38103836173764,103.864772286348,
1,SENTUL WALK,829858,PUNGGOL COAST BUS INTERCHANGE,1.41420640947368,103.907934456334,name_change,NIL,1.41420640947368,103.907934456334,
48,BEDOK SOUTH AVENUE 3,460048,BEDOK SOUTH BLOSSOMS,1.32305730219703,103.943537759704,name_change,NIL,1.32305730219703,103.943537759704,
523,YISHUN STREET 53,760523,VANDA BREEZE @ YISHUN,1.421869148662,103.852708910704,name_change,NIL,1.421869148662,103.852708910704,
22,COLLEGE AVENUE WEST,138530,NUS COLLEGE,1.30756333329947,103.77262245701,name_change,YALE-NUS COLLEGE CAMPUS,1.30756333329947,103.77262245701,
823,KEAT HONG LINK,680823,KEAT HONG GRANGE,1.37430732894525,103.748566632809,name_change,NIL,1.37430732894525,103.748566632809,
35,PARBURY AVENUE,465445,THE LOOKOUT (U/C),1.31730904667417,103.942784196563,name_change,THE LOOKOUT,1.31730904667417,103.942784196563,
48,POLLEN VIEW,806996,POLLEN COLLECTION (U/C),1.38069121295765,103.860063161672,name_change,POLLEN COLLECTION,1.38069121295765,103.860063161672,
409,BELGRAVIA DRIVE,807708,BELGRAVIA ACE (U/C),1.38140498444872,103.864888109668,name_change,BELGRAVIA ACE,1.38140498444872,103.864888109668,
215J,PONGGOL SEVENTEENTH AVENUE,829759,WHITE COVE (U/C),1.41447239035304,103.902655220519,name_change,WHITE COVE,1.41447239035304,103.902655220519,
15,POLLEN PLACE,807277,POLLEN COLLECTION (U/C),1.38146437481867,103.859171817041,name_change,POLLEN COLLECTION,1.38146437481867,103.859171817041,
215K,PONGGOL SEVENTEENTH AVENUE,829760,WHITE COVE (U/C),1.41454580388522,103.902687975018,name_change,WHITE COVE,1.41454580388522,103.902687975018,
46B,BEDOK SOUTH AVENUE 3,462046,BEDOK SOUTH BLOSSOMS,1.32126567349011,103.942746344884,name_change,NIL,1.32126567349011,103.942746344884,
31C,PARBURY AVENUE,465439,THE LOOKOUT (U/C),1.31718766121114,103.943257870532,name_change,THE LOOKOUT,1.31718766121114,103.943257870532,
417,BELGRAVIA DRIVE,807712,BELGRAVIA ACE (U/C),1.38152411849605,103.865107230627,name_change,BELGRAVIA ACE,1.38152411849605,103.865107230627,
61,TENGAH GARDEN WALK,699891,COPEN GRAND,1.36192865449978,103.729712493673,name_change,COPEN GRAND (U/C),1.36192865449978,103.729712493673,
71,SCIENCE PARK DRIVE,118253,LYNDENWOODS (U/C),1.2912624343038,103.788375803369,name_change,LYNDENWOODS,1.2912624343038,103.788375803369,
16,POLLEN PLACE,807207,POLLEN COLLECTION (U/C),1.38107153757391,103.859151003579,name_change,POLLEN COLLECTION,1.38107153757391,103.859151003579,
491,BELGRAVIA DRIVE,807959,BELGRAVIA ACE (U/C),1.38134507002045,103.866060071569,name_change,BELGRAVIA ACE,1.38134507002045,103.866060071569,
2,POLLEN WALK,807284,POLLEN COLLECTION (U/C),1.3816570147163,103.858802569497,name_change,POLLEN COLLECTION,1.3816570147163,103.858802569497,
601,RIFLE RANGE ROAD,588398,NIL,1.3606052603701,103.799431453361,location_change,NIL,1.3556001772533,103.796247570564,659.5487701588022
18C,FARRER PARK ROAD,213018,FARRER PARK FIELDS,1.31024838394802,103.851916620299,name_change,NIL,1.31024838394802,103.851916620299,
28,PARRY AVENUE,547255,PERENNIAL LIVING,1.36533280009365,103.879891629619,name_change,PARRY HALL,1.36557058536117,103.87995189186,
431,BELGRAVIA DRIVE,807802,BELGRAVIA ACE (U/C),1.38162007874699,103.864598725333,name_change,BELGRAVIA ACE,1.38162007874699,103.864598725333,
20,THOMSON TERRACE,574551,THOMSON HILLS ESTATE,1.37898257055972,103.830958460565,name_change,THOMSON HILLS ESTATE (U/C),1.37898423951944,103.830969206228,
7,POLLEN PLACE,807273,POLLEN COLLECTION (U/C),1.38140630028843,103.85896454014,name_change,POLLEN COLLECTION,1.38140630028843,103.85896454014,
9,POLLEN PLACE,807274,POLLEN COLLECTION (U/C),1.38142093128567,103.85901676108,name_change,POLLEN COLLECTION,1.38142093128567,103.85901676108,
371,BELGRAVIA DRIVE,809823,BELGRAVIA ACE (U/C),1.38106806769226,103.864612828731,name_change,BELGRAVIA ACE,1.38106806769226,103.864612828731,
194A,WOODLANDS CENTRE ROAD,731194,MARSILING RIDGE (U/C),1.43501798422042,103.772958780842,name_change,NIL,1.43501798422042,103.772958780842,
48C,BEDOK SOUTH AVENUE 3,463048,BEDOK SOUTH BLOSSOMS,1.32379427695986,103.94375148618,name_change,NIL,1.32379427695986,103.94375148618,
21,SHELFORD ROAD,288411,21 SHELFORD,1.32740019884468,103.812256773798,name_change,KELLET COURT,1.32740019884468,103.812256773798,
1,POLLEN WALK,807345,POLLEN COLLECTION (U/C),1.38205306051592,103.858811266484,name_change,POLLEN COLLECTION,1.38205306051592,103.858811266484,
47,BEDOK SOUTH AVENUE 3,460047,BEDOK SOUTH BLOSSOMS,1.32188497949521,103.942399124062,name_change,NIL,1.32188497949521,103.942399124062,
37,FLORA DRIVE,509912,KASSIA (U/C),1.35709630624257,103.965501900375,name_change,KASSIA,1.35709630624257,103.965501900375,
50,LORONG 21 GEYLANG,388465,JUN YUAN BUILDING,1.31567694656431,103.879766321174,name_change,LE DAO BUILDING,1.31567694656431,103.879766321174,
55,TENGAH GARDEN WALK,699911,COPEN GRAND,1.36114965205812,103.73064131967,name_change,COPEN GRAND (U/C),1.36114965205812,103.73064131967,
395,BELGRAVIA DRIVE,807681,BELGRAVIA ACE (U/C),1.38124827659545,103.864347067632,name_change,BELGRAVIA ACE,1.38124827659545,103.864347067632,
11,WOODLANDS CLOSE,737853,BETHESDA CHRISTIAN CENTRE,1.43482603452741,103.802773360648,name_change,CALROSE ACADEMY PTE. LTD.,1.43475840297332,103.802721060156,
516,MILTONIA CLOSE,760516,MILTONIA BREEZE @ YISHUN,1.41929218803885,103.848959084357,name_change,NIL,1.41929218803885,103.848959084357,
1,PUNGGOL COAST ROAD,828608,DIGIPEN INSTITUTE TECHNOLOGY OF SINGAPORE,1.41333310429546,103.913035184508,name_change,NIL,1.41333310429546,103.913035184508,
418A,TEBAN GARDENS ROAD,601418,TEBAN BREEZE,1.32176817745111,103.74415072823,name_change,NIL,1.32176817745111,103.74415072823,
1,ANCHORVALE STREET,544835,NKF DIALYSIS CENTRE SENGKANG COMMUNITY HOSPITAL,1.39625507668544,103.89115157341,name_change,SENGKANG COMMUNITY HOSPITAL,1.39602238832875,103.891834051543,
461,BELGRAVIA DRIVE,807913,BELGRAVIA ACE (U/C),1.38174082180255,103.865348510616,name_change,BELGRAVIA ACE,1.38174082180255,103.865348510616,
3,POLLEN CRESCENT,807521,POLLEN COLLECTION (U/C),1.38255432901406,103.859511486011,name_change,POLLEN COLLECTION,1.38255432901406,103.859511486011,
45,BEDOK SOUTH AVENUE 3,460045,BEDOK SOUTH BLOSSOMS,1.32208339971419,103.943408749166,name_change,NIL,1.32208339971419,103.943408749166,
824A,KEAT HONG LINK,681824,KEAT HONG GRANGE,1.37392459380546,103.748455592259,name_change,NIL,1.37392459380546,103.748455592259,
204,QUEEN'S CRESCENT,140204,QUEENSWAY CANOPY,1.28994659987068,103.799952266367,name_change,NIL,1.28994659987068,103.799952266367,
519B,MILTONIA CLOSE,762519,MILTONIA BREEZE @ YISHUN,1.41899222992341,103.850807774197,name_change,NIL,1.41899222992341,103.850807774197,
52A,GHIM MOH CLOSE,271052,GHIM MOH NATURA,1.30897179808792,103.790674903663,name_change,NIL,1.30897179808792,103.790674903663,
573,BELGRAVIA DRIVE,808110,BELGRAVIA ACE (U/C),1.38084138511614,103.865816287347,name_change,BELGRAVIA ACE,1.38084138511614,103.865816287347,
303,JOO CHIAT PLACE,427983,STRAITS AT JOO CHIAT (U/C),1.31508334829522,103.908384589447,name_change,NIL,1.31508334829522,103.908384589447,
27,POLLEN PLACE,807283,POLLEN COLLECTION (U/C),1.3815567470833,103.85949110321,name_change,POLLEN COLLECTION,1.3815567470833,103.85949110321,
215R,PONGGOL SEVENTEENTH AVENUE,829766,WHITE COVE (U/C),1.41498560342156,103.902886151345,name_change,WHITE COVE,1.41498560342156,103.902886151345,
17,JALAN ANAK BUKIT,589771,THE RESERVE RESIDENCES (U/C),1.3402896585538,103.778006375027,name_change,THE RESERVE RESIDENCES,1.3402896585538,103.778006375027,
195A,SERANGOON ROAD,218067,THE QUAY HOTEL LITTLE INDIA,1.30917901197119,103.853224451135,name_change,BROADWAY HOTEL,1.30917901197119,103.853224451135,
25,POLLEN PLACE,807282,POLLEN COLLECTION (U/C),1.38153715668683,103.859431586878,name_change,POLLEN COLLECTION,1.38153715668683,103.859431586878,
100B,PLANTATION CLOSE,692100,PLANTATION VERGE,1.34954888554559,103.735959677242,name_change,NIL,1.34954888554559,103.735959677242,
24,LENTOR CENTRAL,788878,HILLOCK GREEN (U/C),1.38509631948606,103.833849401084,name_change,HILLOCK GREEN,1.38509631948606,103.833849401084,
25,POLLEN VIEW,807183,POLLEN COLLECTION (U/C),1.38092613224245,103.859435943593,name_change,POLLEN COLLECTION,1.38092613224245,103.859435943593,
20,CROSS STREET,48422,NANKIN YARDS,1.28374576252035,103.847469684006,name_change,CROSS STREET EXCHANGE,1.28374576252035,103.847469684006,
8,BUKIT TIMAH LINK,589944,8@BT (U/C),1.34137140164237,103.776905804914,name_change,NIL,1.34137140164237,103.776905804914,
393,BELGRAVIA DRIVE,807680,BELGRAVIA ACE (U/C),1.38123331852109,103.864426326873,name_change,BELGRAVIA ACE,1.38123331852109,103.864426326873,
13,POLLEN PLACE,807276,POLLEN COLLECTION (U/C),1.38145008022938,103.859120797167,name_change,POLLEN COLLECTION,1.38145008022938,103.859120797167,
126,YISHUN STREET 11,760126,CHONG PANG COMMUNITY CLUB (TEMP OFFICE),1.43350905989816,103.830011887888,name_change,CHONG PANG COMMUNITY CLUB (TEMPORARY OFFICE),1.43350905989816,103.830011887888,
383,BELGRAVIA DRIVE,807675,BELGRAVIA ACE (U/C),1.38114836289743,103.864874592666,name_change,BELGRAVIA ACE,1.38114836289743,103.864874592666,
11,POLLEN PLACE,807275,POLLEN COLLECTION (U/C),1.38143558062111,103.859069046753,name_change,POLLEN COLLECTION,1.38143558062111,103.859069046753,
21,POLLEN WALK,807476,POLLEN COLLECTION (U/C),1.38228036267598,103.859517482628,name_change,POLLEN COLLECTION,1.38228036267598,103.859517482628,
459,BELGRAVIA DRIVE,807912,BELGRAVIA ACE (U/C),1.38175681332029,103.865263997533,name_change,BELGRAVIA ACE,1.38175681332029,103.865263997533,
6,POLLEN WALK,807286,POLLEN COLLECTION (U/C),1.38168549572186,103.858910244139,name_change,POLLEN COLLECTION,1.38168549572186,103.858910244139,
4,POLLEN CRESCENT,807481,POLLEN COLLECTION (U/C),1.38289200979103,103.859320893061,name_change,POLLEN COLLECTION,1.38289200979103,103.859320893061,
1,WOODLANDS STREET 81,738526,WOODLANDS COMMUNITY CLUB (U/C),1.43981512387409,103.788244210049,name_change,WOODLANDS COMMUNITY CLUB (PENDING U/C),1.43981512387409,103.788244210049,
590,WOODLANDS DRIVE 17,730590,WOODLANDS SOUTH PLAINS,1.42706342071295,103.795954395848,name_change,NIL,1.42706342071295,103.795954395848,
46C,BEDOK SOUTH AVENUE 3,463046,BEDOK SOUTH BLOSSOMS,1.32167825408843,103.942632612009,name_change,NIL,1.32167825408843,103.942632612009,
4,POLLEN PLACE,807201,POLLEN COLLECTION (U/C),1.38098325280753,103.858841492233,name_change,POLLEN COLLECTION,1.38098325280753,103.858841492233,
1E,CLUNY ROAD,259601,SINGAPORE BOTANIC GARDENS (CENTRE OF URBAN GREENERY AND ECOLOGY),1.3184000275445,103.816024271327,name_change,SINGAPORE ENVIRONMENT COUNCIL,1.3184000275445,103.816024271327,
7,POLLEN WALK,807469,POLLEN COLLECTION (U/C),1.38211397409079,103.859130298078,name_change,POLLEN COLLECTION,1.38211397409079,103.859130298078,
6A,TANJONG RHU ROAD,436884,DE CENTURION,1.29881006027302,103.884350279556,name_change,DE CENTURIAN,1.29881006027302,103.884350279556,
205B,QUEEN'S CRESCENT,142205,QUEENSWAY CANOPY,1.2910556545888,103.799429245104,name_change,NIL,1.2910556545888,103.799429245104,
6,BUKIT TIMAH LINK,589943,8@BT (U/C),1.34137140164237,103.776905804914,name_change,NIL,1.34137140164237,103.776905804914,
3,MAGAZINE ROAD,59570,UNION SQUARE THREE,1.2887536712464,103.842484418198,name_change,UNION SQUARE,1.2887536712464,103.842484418198,
6A,MOUNT EMILY ROAD,228487,DUET @ EMILY,1.30443154056841,103.849328253941,name_change,NIL,1.30443154056841,103.849328253941,
505,BELGRAVIA DRIVE,807966,BELGRAVIA ACE (U/C),1.38144391009636,103.865534964711,name_change,BELGRAVIA ACE,1.38144391009636,103.865534964711,
50A,GHIM MOH CLOSE,271050,GHIM MOH NATURA,1.30970134638704,103.790422390773,name_change,NIL,1.30970134638704,103.790422390773,
10,JALAN UBI,409075,KAMPONG KEMBANGAN COMMUNITY CLUB (TEMP OFFICE),1.3177006204915,103.900833499817,name_change,KAMPONG UBI COMMUNITY CENTRE,1.31784644102688,103.900750123561,
7,POLLEN CRESCENT,807523,POLLEN COLLECTION (U/C),1.38249925226347,103.859419247832,name_change,POLLEN COLLECTION,1.38249925226347,103.859419247832,
12,LORONG 12 GEYLANG,398993,GOSTAY HOTEL,1.31140044123756,103.878121314712,name_change,NIL,1.31140044123756,103.878121314712,
111J,KING GEORGE'S AVENUE,208559,BACKPACKERS@SG,1.3103815456002,103.861757786461,name_change,NIL,1.31049262901037,103.861938319286,
105,SOPHIA ROAD,228170,SOPHIA REGENCY,1.30254668108558,103.846337135937,name_change,SOPHIA REGENCY (U/C),1.30254668108558,103.846337135937,
215C,PONGGOL SEVENTEENTH AVENUE,829717,WHITE COVE (U/C),1.41469767979534,103.903166363063,name_change,WHITE COVE,1.41469767979534,103.903166363063,
3,MARINA GARDENS LANE,19916,ONE MARINA GARDENS (U/C),1.27580060851268,103.862936192351,name_change,ONE MARINA GARDENS,1.27580060851268,103.862936192351,
6,ANG MO KIO STREET 44,569253,NIL,1.36500301580801,103.859092846726,name_change,PATHLIGHT SCHOOL 2,1.36500301580801,103.859092846726,
305B,PASIR PANJANG ROAD,118943,HARBOUR RESIDENCES (U/C),1.28701469938364,103.779005070862,name_change,HARBOUR RESIDENCES,1.28701469938364,103.779005070862,
51,GHIM MOH LINK,270051,GHIM MOH NATURA,1.3095985111411,103.789942943508,name_change,NIL,1.3095985111411,103.789942943508,
51A,GHIM MOH CLOSE,271051,GHIM MOH NATURA,1.30921750061077,103.79011181444,name_change,NIL,1.30921750061077,103.79011181444,
2,POLLEN VIEW,806849,POLLEN COLLECTION (U/C),1.38034678871089,103.858771306102,name_change,POLLEN COLLECTION,1.38034678871089,103.858771306102,
483,FERNVALE DRIVE,790483,FERNVALE OASIS,1.40020312640826,103.876313235962,name_change,NIL,1.40020312640826,103.876313235962,
8,POLLEN WALK,807334,POLLEN COLLECTION (U/C),1.38169999697725,103.858961871895,name_change,POLLEN COLLECTION,1.38169999697725,103.858961871895,
28,LENTOR CENTRAL,788880,HILLOCK GREEN (U/C),1.38509631948606,103.833849401084,name_change,HILLOCK GREEN,1.38509631948606,103.833849401084,
449,BELGRAVIA DRIVE,807853,BELGRAVIA ACE (U/C),1.38181775551127,103.864940725923,name_change,BELGRAVIA ACE,1.38181775551127,103.864940725923,
26,EVANS ROAD,259367,NIL,1.31874454303372,103.820233186205,name_change,YO:HA @ EVANS,1.31874454303372,103.820233186205,
455,BELGRAVIA DRIVE,807856,BELGRAVIA ACE (U/C),1.38178193886239,103.865130525642,name_change,BELGRAVIA ACE,1.38178193886239,103.865130525642,
551,BELGRAVIA DRIVE,808099,BELGRAVIA ACE (U/C),1.38102641032083,103.865522074566,name_change,BELGRAVIA ACE,1.38102641032083,103.865522074566,
297,LORONG 6 TOA PAYOH,319389,NIL,1.33041404935825,103.851280023328,name_change,TOA PAYOH SPORTS HALL,1.33041404935825,103.851280023328,
60,TUAS SOUTH AVENUE 9,637607,NIL,1.28758125005723,103.646458903436,location_change,NIL,1.28724649182866,103.640099217979,707.9654913272576
26B,CAVAN ROAD,209854,NEST HOTEL,1.31087924800926,103.861821440459,name_change,HOTEL SNOW LAVENDER,1.31087924800926,103.861821440459,
522A,YISHUN STREET 53,761522,VANDA BREEZE @ YISHUN,1.42244816684334,103.852395069678,name_change,NIL,1.42244816684334,103.852395069678,
2B,MOUNT EMILY ROAD,228484,DUET @ EMILY,1.30436404694499,103.849430096662,name_change,NIL,1.30436404694499,103.849430096662,
14,POLLEN CRESCENT,807498,POLLEN COLLECTION (U/C),1.38275465595361,103.859089945524,name_change,POLLEN COLLECTION,1.38275465595361,103.859089945524,
128B,SERANGOON NORTH AVENUE 1,552128,SERANGOON NORTH VISTA,1.36494045551144,103.872796280055,name_change,NIL,1.36494045551144,103.872796280055,
61,COMMONWEALTH AVENUE WEST,130061,ULU PANDAN VISTA,1.31120951222812,103.780005837853,name_change,NIL,1.31120951222812,103.780005837853,
46,BEDOK SOUTH AVENUE 3,460046,BEDOK SOUTH BLOSSOMS,1.32148575339878,103.942854747015,name_change,NIL,1.32148575339878,103.942854747015,
21,POLLEN VIEW,807181,POLLEN COLLECTION (U/C),1.3808964615954,103.859330274278,name_change,POLLEN COLLECTION,1.3808964615954,103.859330274278,
481,BELGRAVIA DRIVE,807923,BELGRAVIA ACE (U/C),1.38161029022079,103.866041881884,name_change,BELGRAVIA ACE,1.38161029022079,103.866041881884,
204B,QUEEN'S CRESCENT,142204,QUEENSWAY CANOPY,1.29049331801888,103.800352670381,name_change,NIL,1.29049331801888,103.800352670381,
35A,PARBURY AVENUE,465446,THE LOOKOUT (U/C),1.3173086169742,103.942850942482,name_change,THE LOOKOUT,1.3173086169742,103.942850942482,
20,POLLEN CRESCENT,807501,POLLEN COLLECTION (U/C),1.3826720514831,103.858951053682,name_change,POLLEN COLLECTION,1.3826720514831,103.858951053682,
5,LENGKONG TIGA,417408,KAMPONG KEMBANGAN COMMUNITY CLUB (U/C),1.32315520137795,103.912698649271,name_change,KAMPONG KEMBANGAN COMMUNITY CLUB,1.32315520137795,103.912698649271,
445,BELGRAVIA DRIVE,807851,BELGRAVIA ACE (U/C),1.38184852962038,103.864778498695,name_change,BELGRAVIA ACE,1.38184852962038,103.864778498695,
35B,PARBURY AVENUE,465447,THE LOOKOUT (U/C),1.31730946190505,103.942914652697,name_change,THE LOOKOUT,1.31730946190505,103.942914652697,
12,POLLEN VIEW,806854,POLLEN COLLECTION (U/C),1.38041743825984,103.859029982695,name_change,POLLEN COLLECTION,1.38041743825984,103.859029982695,
61,MEDIA CIRCLE,139815,BLOOMSBURY RESIDENCES (U/C),1.29444235984052,103.79512874632,name_change,BLOOMSBURY RESIDENCES,1.29444235984052,103.79512874632,
569,BELGRAVIA DRIVE,808108,BELGRAVIA ACE (U/C),1.3808712783641,103.865657542621,name_change,BELGRAVIA ACE,1.3808712783641,103.865657542621,
292,JURONG EAST STREET 24,600292,JURONG EAST BREEZE,1.34367999293544,103.744283360822,name_change,NIL,1.34367999293544,103.744283360822,
419,BELGRAVIA DRIVE,807796,BELGRAVIA ACE (U/C),1.38153505325098,103.865049710723,name_change,BELGRAVIA ACE,1.38153505325098,103.865049710723,
4,HOLLAND VILLAGE WAY,279036,SKYE AT HOLLAND (U/C),1.31216454554039,103.792689741396,name_change,SKYE AT HOLLAND,1.31216454554039,103.792689741396,
15,POLLEN VIEW,807178,POLLEN COLLECTION (U/C),1.38084317995319,103.859140010389,name_change,POLLEN COLLECTION,1.38084317995319,103.859140010389,
109,RANGOON ROAD,218390,THE RANZ (U/C),1.31483736975364,103.853640097008,name_change,THE RANZ,1.31483736975364,103.853640097008,
2,YISHUN CENTRAL 2,768024,NKF DIALYSIS CENTRE,1.42355699300713,103.837376800572,name_change,YISHUN COMMUNITY HOSPITAL,1.4237674572872,103.837242211173,
516A,MILTONIA CLOSE,761516,MILTONIA BREEZE @ YISHUN,1.41967464990868,103.848868735192,name_change,NIL,1.41967464990868,103.848868735192,
24,POLLEN PLACE,807228,POLLEN COLLECTION (U/C),1.38113615557848,103.85939145207,name_change,POLLEN COLLECTION,1.38113615557848,103.85939145207,
18,POLLEN CRESCENT,807500,POLLEN COLLECTION (U/C),1.38269971632824,103.858997568366,name_change,POLLEN COLLECTION,1.38269971632824,103.858997568366,
18,POLLEN VIEW,806857,POLLEN COLLECTION (U/C),1.38046125651946,103.859186343012,name_change,POLLEN COLLECTION,1.38046125651946,103.859186343012,
65,COMMONWEALTH AVENUE WEST,130065,ULU PANDAN VISTA,1.31244451597778,103.777890907325,name_change,NIL,1.31244451597778,103.777890907325,
102B,PLANTATION CLOSE,692102,PLANTATION VERGE,1.35084766714941,103.734299170866,name_change,NIL,1.35084766714941,103.734299170866,
100,PLANTATION CLOSE,690100,PLANTATION VERGE,1.34941612316812,103.736056530888,name_change,NIL,1.34941612316812,103.736056530888,
98,VICTORIA STREET,188066,CENTRAL ARTS LIBRARY,1.29743229408405,103.854071363949,name_change,INFORMATICS ACADEMY,1.29762767084737,103.854548604259,
9,POLLEN WALK,807470,POLLEN COLLECTION (U/C),1.38214712391681,103.859208485757,name_change,POLLEN COLLECTION,1.38214712391681,103.859208485757,
521,BELGRAVIA DRIVE,808084,BELGRAVIA ACE (U/C),1.38127458824158,103.865580447887,name_change,BELGRAVIA ACE,1.38127458824158,103.865580447887,
391,BELGRAVIA DRIVE,807679,BELGRAVIA ACE (U/C),1.38120820783759,103.86455701475,name_change,BELGRAVIA ACE,1.38120820783759,103.86455701475,
24,POLLEN VIEW,806860,POLLEN COLLECTION (U/C),1.38051548613554,103.859372956361,name_change,POLLEN COLLECTION,1.38051548613554,103.859372956361,
98,HAVELOCK ROAD,160098,HAVELOCK HILLSIDE,1.28824701094753,103.831608803819,name_change,NIL,1.28824701094753,103.831608803819,
447,BELGRAVIA DRIVE,807852,BELGRAVIA ACE (U/C),1.38183762415691,103.864836347977,name_change,BELGRAVIA ACE,1.38183762415691,103.864836347977,
7,OPAL CRESCENT,328402,THE OPAL HAUZ (U/C),1.32757031918841,103.867212460971,name_change,THE OPAL HAUZ,1.32757031918841,103.867212460971,
128A,SERANGOON NORTH AVENUE 1,551128,SERANGOON NORTH VISTA,1.36470290134259,103.872934841064,name_change,NIL,1.36470290134259,103.872934841064,
64A,COMMONWEALTH AVENUE WEST,131064,ULU PANDAN VISTA,1.31198190730338,103.779388291881,name_change,NIL,1.31198190730338,103.779388291881,
102,PLANTATION CLOSE,690102,PLANTATION VERGE,1.35087280870057,103.734634565953,name_change,NIL,1.35087280870057,103.734634565953,
27,LORONG 32 GEYLANG,398285,OCHO (U/C),1.31313051507905,103.887183809405,name_change,OCHO,1.31313051507905,103.887183809405,
5,POLLEN CRESCENT,807522,POLLEN COLLECTION (U/C),1.38252665404796,103.859465240312,name_change,POLLEN COLLECTION,1.38252665404796,103.859465240312,
101A,PLANTATION CLOSE,691101,PLANTATION VERGE,1.34998941183508,103.735711599188,name_change,NIL,1.34998941183508,103.735711599188,
27A,PARBURY AVENUE,467342,THE LOOKOUT (U/C),1.31747478113658,103.94329998451,name_change,THE LOOKOUT,1.31747478113658,103.94329998451,
4,TAMPINES STREET 91,528907,PATHLIGHT SCHOOL (TAMPINES),1.34711275884527,103.939451879381,name_change,NIL,1.34711275884527,103.939451879381,
63,TENGAH GARDEN WALK,699892,COPEN GRAND,1.36192349991236,103.729948432183,name_change,COPEN GRAND (U/C),1.36192349991236,103.729948432183,
28,HAVELOCK ROAD,59828,UNION SQUARE RESIDENCES (U/C),1.28800108052059,103.843453713687,name_change,UNION SQUARE RESIDENCES,1.28800108052059,103.843453713687,
125,JALAN RAJAH,320125,RAJAH SUMMIT,1.32800901969858,103.852436708777,name_change,NIL,1.32800901969858,103.852436708777,
427,BELGRAVIA DRIVE,807800,BELGRAVIA ACE (U/C),1.38158511732502,103.864784164935,name_change,BELGRAVIA ACE,1.38158511732502,103.864784164935,
365,BELGRAVIA DRIVE,809820,BELGRAVIA ACE (U/C),1.38112242771599,103.864323568256,name_change,BELGRAVIA ACE,1.38112242771599,103.864323568256,
5,MARINA GARDENS LANE,19917,ONE MARINA GARDENS (U/C),1.27580060851268,103.862936192351,name_change,ONE MARINA GARDENS,1.27580060851268,103.862936192351,
267,SERANGOON AVENUE 3,550267,MARKET,1.35319405066769,103.870920824793,name_change,NIL,1.3531696660359,103.870953693678,
489,BELGRAVIA DRIVE,807958,BELGRAVIA ACE (U/C),1.38133434082287,103.866116984135,name_change,BELGRAVIA ACE,1.38133434082287,103.866116984135,
33C,PARBURY AVENUE,465444,THE LOOKOUT (U/C),1.31717965048235,103.942966483684,name_change,THE LOOKOUT,1.31717965048235,103.942966483684,
419A,FERNVALE LINK,791419,FERNVALE SAILS,1.39326531101486,103.879449859785,name_change,NIL,1.39326531101486,103.879449859785,
4,POLLEN VIEW,806850,POLLEN COLLECTION (U/C),1.38036061626742,103.85882722159,name_change,POLLEN COLLECTION,1.38036061626742,103.85882722159,
65A,COMMONWEALTH AVENUE WEST,131065,ULU PANDAN VISTA,1.31224257832227,103.778445262469,name_change,NIL,1.31224257832227,103.778445262469,
18,FARRER PARK ROAD,210018,FARRER PARK FIELDS,1.30964145284649,103.851166603031,name_change,NIL,1.30964145284649,103.851166603031,
34,PLANTATION CLOSE,690092,OTTO PLACE (U/C),1.34793735286897,103.736758778262,name_change,OTTO PLACE,1.34793735286897,103.736758778262,
5,POLLEN WALK,807347,POLLEN COLLECTION (U/C),1.38207324855798,103.859015560765,name_change,POLLEN COLLECTION,1.38207324855798,103.859015560765,
459B,BUKIT BATOK WEST AVENUE 8,652459,WEST BRICKVILLE @ BUKIT BATOK,1.35471633623249,103.738424366991,name_change,NIL,1.35471633623249,103.738424366991,
19,JALAN ANAK BUKIT,589772,THE RESERVE RESIDENCES (U/C),1.34003686623812,103.777857705193,name_change,THE RESERVE RESIDENCES,1.34003686623812,103.777857705193,
407,BELGRAVIA DRIVE,807707,BELGRAVIA ACE (U/C),1.3814191691911,103.864812784066,name_change,BELGRAVIA ACE,1.3814191691911,103.864812784066,
1B,CLUNY ROAD,259598,NATIONAL BIODIVERSITY CENTRE,1.31654969925993,103.817186800754,name_change,NIL,1.31654969925993,103.817186800754,
16,POLLEN CRESCENT,807499,POLLEN COLLECTION (U/C),1.38272711346667,103.859043635369,name_change,POLLEN COLLECTION,1.38272711346667,103.859043635369,
8,SIN MING ROAD,575628,ARTISAN 8,1.35371810230316,103.836117288176,name_change,NIL,1.35371665672148,103.836115880148,
50,CLUNY PARK ROAD,257488,SINGAPORE BOTANIC GARDENS (THE GARAGE),1.3188797159166,103.8155806673,name_change,THE GARAGE (SINGAPORE BOTANIC GARDENS),1.3188797159166,103.8155806673,
457A,BUKIT BATOK WEST AVENUE 8,651457,WEST BRICKVILLE @ BUKIT BATOK,1.35396541589818,103.738331166574,name_change,NIL,1.35396541589818,103.738331166574,
15,POLLEN CRESCENT,807527,POLLEN COLLECTION (U/C),1.38239626512235,103.859230483791,name_change,POLLEN COLLECTION,1.38239626512235,103.859230483791,
17,POLLEN CRESCENT,807528,POLLEN COLLECTION (U/C),1.38236871141426,103.85918423674,name_change,POLLEN COLLECTION,1.38236871141426,103.85918423674,
402A,JURONG WEST STREET 42,641402,JURONG ARCADIA,1.35328785595113,103.723331769563,name_change,NIL,1.35328785595113,103.723331769563,
592A,WOODLANDS DRIVE 17,731592,WOODLANDS SOUTH PLAINS,1.42640034737548,103.795105013801,name_change,NIL,1.42640034737548,103.795105013801,
303A,PASIR PANJANG ROAD,119477,HARBOUR RESIDENCES (U/C),1.28701469938364,103.779005070862,name_change,HARBOUR RESIDENCES,1.28701469938364,103.779005070862,
16A,FARRER PARK ROAD,211016,FARRER PARK FIELDS,1.30995868157789,103.850521656178,name_change,NIL,1.30995868157789,103.850521656178,
26C,CAVAN ROAD,209854,NEST HOTEL,1.31087924800926,103.861821440459,name_change,HOTEL SNOW LAVENDER,1.31087924800926,103.861821440459,
117,BUKIT BATOK WEST AVENUE 8,659860,ALTURA (U/C),1.36012332124884,103.742108001375,name_change,ALTURA,1.36012332124884,103.742108001375,
2A,MOUNT EMILY ROAD,228484,DUET @ EMILY,1.30436404694499,103.849430096662,name_change,NIL,1.30436404694499,103.849430096662,
31,LORONG 4 GEYLANG,399283,G31 STUDIO (U/C),1.31005776960178,103.876196876566,name_change,G31 STUDIO,1.31005776960178,103.876196876566,
501,OLD CHOA CHU KANG ROAD,698928,HOME TEAM ACADEMY (BLK 1),1.3728276965341,103.722414544985,name_change,HOME TEAM ACADEMY (BLK 10),1.37187204750828,103.720870792771,
537,BELGRAVIA DRIVE,808092,BELGRAVIA ACE (U/C),1.38117012965807,103.866134877377,name_change,BELGRAVIA ACE,1.38117012965807,103.866134877377,
14,COLLEGE AVENUE WEST,138611,NUS COLLEGE,1.30608809537109,103.771993013067,name_change,YALE-NUS COLLEGE CAMPUS,1.30608809537109,103.771993013067,
158A,GUL CIRCLE,629616,DNV TECHNOLOGY CENTRE WEST,1.31983696234329,103.676044126593,name_change,DNV LABORATORY,1.31983696234329,103.676044126593,
97,HAVELOCK ROAD,160097,HAVELOCK HILLSIDE,1.28901860835749,103.831440994912,name_change,NIL,1.28901860835749,103.831440994912,
22,POLLEN PLACE,807227,POLLEN COLLECTION (U/C),1.38112178627269,103.859339713085,name_change,POLLEN COLLECTION,1.38112178627269,103.859339713085,
404A,JURONG WEST STREET 42,641404,JURONG ARCADIA,1.35408471473791,103.72368130198,name_change,NIL,1.35408471473791,103.72368130198,
24,PLANTATION CLOSE,690097,OTTO PLACE (U/C),1.34793735286897,103.736758778262,name_change,OTTO PLACE,1.34793735286897,103.736758778262,
522B,YISHUN STREET 53,762522,VANDA BREEZE @ YISHUN,1.42227694893791,103.851896840992,name_change,NIL,1.42227694893791,103.851896840992,
47C,BEDOK SOUTH AVENUE 3,463047,BEDOK SOUTH BLOSSOMS,1.32264967954622,103.943538252214,name_change,NIL,1.32264967954622,103.943538252214,
415,BELGRAVIA DRIVE,807711,BELGRAVIA ACE (U/C),1.38136908074966,103.86507850363,name_change,BELGRAVIA ACE,1.38136908074966,103.86507850363,
200,LORONG 2 TOA PAYOH,319642,NKF DIALYSIS CENTRE,1.33525355606987,103.845209814245,name_change,TOA PAYOH WEST COMMUNITY CLUB,1.33522124979435,103.845105800139,
203A,QUEEN'S CRESCENT,141203,QUEENSWAY CANOPY,1.28987991070139,103.799569508701,name_change,NIL,1.28987991070139,103.799569508701,
125A,JALAN RAJAH,321125,RAJAH SUMMIT,1.32783575673049,103.852174038871,name_change,NIL,1.32783575673049,103.852174038871,
13,JALAN ANAK BUKIT,589605,THE RESERVE RESIDENCES (U/C),1.34051114297432,103.777460370071,name_change,THE RESERVE RESIDENCES,1.34051114297432,103.777460370071,
31A,PARBURY AVENUE,465437,THE LOOKOUT (U/C),1.31718383099566,103.943106997802,name_change,THE LOOKOUT,1.31718383099566,103.943106997802,
11,POLLEN WALK,807471,POLLEN COLLECTION (U/C),1.38217635000721,103.859266079577,name_change,POLLEN COLLECTION,1.38217635000721,103.859266079577,
539,BELGRAVIA DRIVE,808093,BELGRAVIA ACE (U/C),1.38092497481214,103.866059968726,name_change,BELGRAVIA ACE,1.38092497481214,103.866059968726,
1,POLLEN CRESCENT,807504,POLLEN COLLECTION (U/C),1.38258489540044,103.85955935737,name_change,POLLEN COLLECTION,1.38258489540044,103.85955935737,
844,YISHUN STREET 81,760844,KHATIB CENTRAL,1.41562517345068,103.835446503581,name_change,KAHTIB CENTRAL,1.41562517345068,103.835446503581,
524C,YISHUN STREET 53,763524,VANDA BREEZE @ YISHUN,1.42168188824283,103.851280569737,name_change,NIL,1.42168188824283,103.851280569737,
97A,HAVELOCK ROAD,161097,HAVELOCK HILLSIDE,1.28853429457901,103.831623124762,name_change,NIL,1.28853429457901,103.831623124762,
31,PARBURY AVENUE,467300,THE LOOKOUT (U/C),1.31718179835871,103.943036785757,name_change,THE LOOKOUT,1.31718179835871,103.943036785757,
6,ANG MO KIO STREET 53,569205,CHENG SAN COMMUNITY CLUB (U/C),1.37191523463477,103.849375024665,name_change,CHENG SAN COMMUNITY CLUB (PENDING U/C),1.37178045438826,103.849569974207,
26,HAVELOCK ROAD,59829,UNION SQUARE ONE,1.28806236232322,103.843220998562,name_change,UNION SQUARE,1.28831753178921,103.843026405676,
419D,FERNVALE L,794419,FERNVALE SAILS,1.39326086641727,103.879947479604,name_change,NIL,1.39326086641727,103.879947479604,
37,POLLEN VIEW,807197,POLLEN COLLECTION (U/C),1.38101374625708,103.859747983002,name_change,POLLEN COLLECTION,1.38101374625708,103.859747983002,
543,BELGRAVIA DRIVE,808095,BELGRAVIA ACE (U/C),1.38096660248192,103.865839484891,name_change,BELGRAVIA ACE,1.38096660248192,103.865839484891,
6,HOLLAND VILLAGE WAY,279037,SKYE AT HOLLAND (U/C),1.31216454554039,103.792689741396,name_change,SKYE AT HOLLAND,1.31216454554039,103.792689741396,
1D,CLUNY ROAD,259600,SINGAPORE BOTANIC GARDENS SEED BANK,1.31790843581655,103.816189656291,name_change,NIL,1.31790843581655,103.816189656291,
381,BELGRAVIA DRIVE,807674,BELGRAVIA ACE (U/C),1.38113338427236,103.864954091514,name_change,BELGRAVIA ACE,1.38113338427236,103.864954091514,
11,POLLEN CRESCENT,807525,POLLEN COLLECTION (U/C),1.38244392833535,103.859326386819,name_change,POLLEN COLLECTION,1.38244392833535,103.859326386819,
22,ORCHARD BOULEVARD,249628,UPPERHOUSE AT ORCHARD BOULEVARD (U/C),1.30199604255669,103.824015107233,name_change,UPPERHOUSE AT ORCHARD BOULEVARD,1.30199604255669,103.824015107233,
50B,GHIM MOH CLOSE,272050,GHIM MOH NATURA,1.30990540281286,103.789998545172,name_change,NIL,1.30990540281286,103.789998545172,
404C,JURONG WEST STREET 42,643404,JURONG ARCADIA,1.35393709142515,103.72351314288,name_change,NIL,1.35393709142515,103.72351314288,
102C,PLANTATION CLOSE,693102,PLANTATION VERGE,1.35101964240157,103.73390179655,name_change,NIL,1.35101964240157,103.73390179655,
215M,PONGGOL SEVENTEENTH AVENUE,829762,WHITE COVE (U/C),1.41469220064287,103.902753393982,name_change,WHITE COVE,1.41469220064287,103.902753393982,
204A,QUEEN'S CRESCENT,141204,QUEENSWAY CANOPY,1.29024177695335,103.799818760424,name_change,NIL,1.29024177695335,103.799818760424,
418B,TEBAN GARDENS ROAD,602418,TEBAN BREEZE,1.32159822364492,103.744665382326,name_change,NIL,1.32159822364492,103.744665382326,
19,POLLEN VIEW,807180,POLLEN COLLECTION (U/C),1.38087981239761,103.859275820638,name_change,POLLEN COLLECTION,1.38087981239761,103.859275820638,
483,BELGRAVIA DRIVE,807955,BELGRAVIA ACE (U/C),1.38159938500032,103.866099731698,name_change,BELGRAVIA ACE,1.38159938500032,103.866099731698,
50,ANG MO KIO STREET 61,569163,YIO CHU KANG COMMUNITY CLUB,1.38132578567055,103.841450468671,name_change,YIO CHU KANG COMMUNITY CLUB (PENDING U/C),1.38132578567055,103.841450468671,
417B,TEBAN GARDENS ROAD,602417,TEBAN BREEZE,1.32223164068431,103.744461245355,name_change,NIL,1.32223164068431,103.744461245355,
117B,JALAN KEMBANGAN,412117,KEMBANGAN WAVE,1.32233228825057,103.913094031136,name_change,NIL,1.32233228825057,103.913094031136,
6,MOUNT EMILY ROAD,228487,DUET @ EMILY,1.30443154029468,103.849328254213,name_change,NIL,1.30443154029468,103.849328254213,
571,BELGRAVIA DRIVE,808109,BELGRAVIA ACE (U/C),1.38085632571814,103.865737001202,name_change,BELGRAVIA ACE,1.38085632571814,103.865737001202,
39,POLLEN VIEW,807198,POLLEN COLLECTION (U/C),1.38102821519503,103.859799514194,name_change,POLLEN COLLECTION,1.38102821519503,103.859799514194,
46,POLLEN VIEW,806995,POLLEN COLLECTION (U/C),1.38067088035738,103.859990748859,name_change,POLLEN COLLECTION,1.38067088035738,103.859990748859,
367,BELGRAVIA DRIVE,809821,BELGRAVIA ACE (U/C),1.38110737328886,103.86440280655,name_change,BELGRAVIA ACE,1.38110737328886,103.86440280655,
23,POLLEN PLACE,807281,POLLEN COLLECTION (U/C),1.38152243947649,103.859379056418,name_change,POLLEN COLLECTION,1.38152243947649,103.859379056418,
484B,FERNVALE DRIVE,792484,FERNVALE OASIS,1.3993985319494,103.876398105666,name_change,NIL,1.3993985319494,103.876398105666,
64,COMMONWEALTH AVENUE WEST,130064,ULU PANDAN VISTA,1.31201312548462,103.778900568955,name_change,NIL,1.31201312548462,103.778900568955,
10,POLLEN VIEW,806853,POLLEN COLLECTION (U/C),1.38040254229917,103.858976828337,name_change,POLLEN COLLECTION,1.38040254229917,103.858976828337,
121,BUKIT BATOK WEST AVENUE 8,659776,ALTURA (U/C),1.3597847682209,103.742530698372,name_change,ALTURA,1.3597847682209,103.742530698372,
31,STADIUM CRESCENT,397639,KALLANG FOOTBALL HUB,1.30319443832322,103.879058807841,name_change,SINGAPORE CRICKET ASSOCIATION,1.30319443832322,103.879058807841,
545,BELGRAVIA DRIVE,808096,BELGRAVIA ACE (U/C),1.38098154363227,103.865760198198,name_change,BELGRAVIA ACE,1.38098154363227,103.865760198198,
22,PLANTATION CLOSE,690096,OTTO PLACE (U/C),1.34793735286897,103.736758778262,name_change,OTTO PLACE,1.34793735286897,103.736758778262,
41,UPPER WELD ROAD,207398,MACPHERSON HOTEL,1.30614571565495,103.853711346797,name_change,NIL,1.30614571565495,103.853711346797,
100A,PLANTATION CLOSE,691100,PLANTATION VERGE,1.34909424343995,103.736059300427,name_change,NIL,1.34909424343995,103.736059300427,
35,POLLEN VIEW,807196,POLLEN COLLECTION (U/C),1.38099902549387,103.859695555904,name_change,POLLEN COLLECTION,1.38099902549387,103.859695555904,
129A,SERANGOON NORTH AVENUE 1,551129,SERANGOON NORTH VISTA,1.36536151107403,103.872742096823,name_change,NIL,1.36536151107403,103.872742096823,
24,YEW SIANG ROAD,117758,NIL,1.27829432328441,103.792469016188,name_change,BREAKTHROUGH MISSIONS,1.27829432328441,103.792469016188,
50,KEONG SAIK ROAD,89154,A HOTEL CHINATOWN,1.28079216317408,103.841812323258,name_change,HOTEL 1929,1.28079216317408,103.841812323258,
940,OLD CHOA CHU KANG ROAD,698910,CHOA CHU KANG CEMETERY OFFICE,1.3727227877632,103.690421315958,name_change,NIL,1.3727227877632,103.690421315958,
100,JURONG ISLAND HIGHWAY,627867,NIL,1.27776680299102,103.681296002911,location_change,NIL,1.26907088657711,103.69845992241,2139.089828315481
1,POLLEN PLACE,807235,POLLEN COLLECTION (U/C),1.38135977236079,103.858805767269,name_change,POLLEN COLLECTION,1.38135977236079,103.858805767269,
25,PARBURY AVENUE,467339,THE LOOKOUT (U/C),1.31742950956906,103.943153162887,name_change,THE LOOKOUT,1.31742950956906,103.943153162887,
195C,SERANGOON ROAD,218067,THE QUAY HOTEL LITTLE INDIA,1.30917901197119,103.853224451135,name_change,BROADWAY HOTEL,1.30917901197119,103.853224451135,
527B,YISHUN STREET 53,762527,ARANDA BREEZE @ YISHUN,1.42375220583707,103.853266697579,name_change,NIL,1.42375220583707,103.853266697579,
12,POLLEN PLACE,807205,POLLEN COLLECTION (U/C),1.38104004851578,103.859044558281,name_change,POLLEN COLLECTION,1.38104004851578,103.859044558281,
477,BELGRAVIA DRIVE,807921,BELGRAVIA ACE (U/C),1.38163506951587,103.865909765284,name_change,BELGRAVIA ACE,1.38163506951587,103.865909765284,
457,BUKIT BATOK WEST AVENUE 8,650457,WEST BRICKVILLE @ BUKIT BATOK,1.35393914173101,103.737358494456,name_change,NIL,1.35393914173101,103.737358494456,
23,JALAN ANAK BUKIT,589774,THE RESERVE RESIDENCES (U/C),1.33962855388413,103.777571997447,name_change,THE RESERVE RESIDENCES,1.33962855388413,103.777571997447,
215G,PONGGOL SEVENTEENTH AVENUE,829721,WHITE COVE (U/C),1.41446088255558,103.90294874563,name_change,WHITE COVE,1.41446088255558,103.90294874563,
305A,PASIR PANJANG ROAD,119479,HARBOUR RESIDENCES (U/C),1.28701469938364,103.779005070862,name_change,HARBOUR RESIDENCES,1.28701469938364,103.779005070862,
5,POLLEN PLACE,807237,POLLEN COLLECTION (U/C),1.38139160167878,103.858912253924,name_change,POLLEN COLLECTION,1.38139160167878,103.858912253924,
21,JALAN ANAK BUKIT,589773,THE RESERVE RESIDENCES (U/C),1.33983650602981,103.777767727642,name_change,THE RESERVE RESIDENCES,1.33983650602981,103.777767727642,
16,FARRER PARK ROAD,210016,FARRER PARK FIELDS,1.31083473096323,103.851157426954,name_change,NIL,1.31083473096323,103.851157426954,
821,UPPER THOMSON ROAD,787104,SPRINGLEAF RESIDENCE (U/C),1.39601248653792,103.817563198325,name_change,NIL,1.3965557139197,103.8172904975,
2,TEMASEK BOULEVARD,38982,CONRAD SINGAPORE MARINA BAY,1.29349139796574,103.858779513419,name_change,CONRAD CENTENNIAL SINGAPORE,1.29349139796574,103.858779513419,
23A,PARBURY AVENUE,467338,THE LOOKOUT (U/C),1.31747625687824,103.943070580925,name_change,THE LOOKOUT,1.31747625687824,103.943070580925,
16C,FARRER PARK ROAD,213016,FARRER PARK FIELDS,1.31048714110364,103.850523568211,name_change,NIL,1.31048714110364,103.850523568211,
4A,MOUNT EMILY ROAD,228486,DUET @ EMILY,1.3043991356942,103.849385237837,name_change,NIL,1.3043991356942,103.849385237837,
531,BELGRAVIA DRIVE,808089,BELGRAVIA ACE (U/C),1.38120384123934,103.865955366169,name_change,BELGRAVIA ACE,1.38120384123934,103.865955366169,
129C,SERANGOON NORTH AVENUE 1,553129,SERANGOON NORTH VISTA,1.36482075946204,103.873508497326,name_change,NIL,1.36482075946204,103.873508497326,
9,POLLEN CRESCENT,807524,POLLEN COLLECTION (U/C),1.38247176206401,103.85937310549,name_change,POLLEN COLLECTION,1.38247176206401,103.85937310549,
32,POLLEN PLACE,807232,POLLEN COLLECTION (U/C),1.38118977533038,103.859599983825,name_change,POLLEN COLLECTION,1.38118977533038,103.859599983825,
516C,MILTONIA CLOSE,763516,MILTONIA BREEZE @ YISHUN,1.41893271775295,103.849254615958,name_change,NIL,1.41893271775295,103.849254615958,
100,AYER MERBAU ROAD,628277,NIL,1.26459596437031,103.724067254057,location_change,NIL,1.26861017689147,103.716455524149,956.6901888824432
32,POLLEN VIEW,806988,POLLEN COLLECTION (U/C),1.38057299778325,103.859585075253,name_change,POLLEN COLLECTION,1.38057299778325,103.859585075253,
194,WOODLANDS CENTRE ROAD,730194,MARSILING RIDGE (U/C),1.43541449197441,103.773057763485,name_change,NIL,1.43541449197441,103.773057763485,
215N,PONGGOL SEVENTEENTH AVENUE,829763,WHITE COVE (U/C),1.41476567162839,103.902787099345,name_change,WHITE COVE,1.41476567162839,103.902787099345,
6B,MOUNT EMILY ROAD,228487,DUET @ EMILY,1.30443154056841,103.849328253941,name_change,NIL,1.30443154056841,103.849328253941,
3,POLLEN VIEW,806998,POLLEN COLLECTION (U/C),1.38075677488844,103.858832279749,name_change,POLLEN COLLECTION,1.38075677488844,103.858832279749,
417A,TEBAN GARDENS ROAD,601417,TEBAN BREEZE,1.32218661274686,103.744081615979,name_change,NIL,1.32218661274686,103.744081615979,
82,ANSON ROAD,79994,NEWPORT PLAZA (U/C),1.27318825020003,103.843693475066,name_change,NEWPORT PLAZA,1.27318825020003,103.843693475066,
509,BELGRAVIA DRIVE,808078,BELGRAVIA ACE (U/C),1.38146897625146,103.865401633726,name_change,BELGRAVIA ACE,1.38146897625146,103.865401633726,
303,PASIR PANJANG ROAD,118645,HARBOUR RESIDENCES (U/C),1.28701469938364,103.779005070862,name_change,HARBOUR RESIDENCES,1.28701469938364,103.779005070862,
8,POLLEN PLACE,807203,POLLEN COLLECTION (U/C),1.38101061790557,103.858939751961,name_change,POLLEN COLLECTION,1.38101061790557,103.858939751961,
29C,PARBURY AVENUE,465435,THE LOOKOUT (U/C),1.31730980610617,103.943245478548,name_change,THE LOOKOUT,1.31730980610617,103.943245478548,
453,BELGRAVIA DRIVE,807855,BELGRAVIA ACE (U/C),1.38179284460676,103.865072676091,name_change,BELGRAVIA ACE,1.38179284460676,103.865072676091,
9,JALAN ANAK BUKIT,589603,THE RESERVE RESIDENCES (U/C),1.33991958805043,103.776935231106,name_change,THE RESERVE RESIDENCES,1.33991958805043,103.776935231106,
1F,CLUNY ROAD,259602,SINGAPORE BOTANIC GARDENS (CENTRE FOR EDUCATION AND OUTREACH),1.31897194885683,103.816161610453,name_change,NIL,1.31897194885683,103.816161610453,
9,POLLEN VIEW,807175,POLLEN COLLECTION (U/C),1.38079944708914,103.858984255205,name_change,POLLEN COLLECTION,1.38079944708914,103.858984255205,
12,POLLEN CRESCENT,807497,POLLEN COLLECTION (U/C),1.38278221458955,103.859136282607,name_change,POLLEN COLLECTION,1.38278221458955,103.859136282607,
2,MOUNT EMILY ROAD,228484,DUET @ EMILY,1.30436404749245,103.84943009639,name_change,NIL,1.30436404749245,103.84943009639,
215S,PONGGOL SEVENTEENTH AVENUE,829767,WHITE COVE (U/C),1.4150562546887,103.902919759807,name_change,WHITE COVE,1.4150562546887,103.902919759807,
46,JALAN CHEMPEDAK,578428,SEMBAWANG HILLS ESTATE,1.36997027149435,103.829144842077,name_change,NIL,1.3699747823695,103.829162942282,
111,BUKIT BATOK WEST AVENUE 8,659857,ALTURA (U/C),1.35926685989421,103.74209459892,name_change,ALTURA,1.35926685989421,103.74209459892,
27,POLLEN CRESCENT,807533,POLLEN COLLECTION (U/C),1.38223167100419,103.858951595915,name_change,POLLEN COLLECTION,1.38223167100419,103.858951595915,
2,HOLLAND VILLAGE WAY,279035,SKYE AT HOLLAND (U/C),1.31216454554039,103.792689741396,name_change,SKYE AT HOLLAND,1.31216454554039,103.792689741396,
592,WOODLANDS DRIVE 17,730592,WOODLANDS SOUTH PLAINS,1.42676254776941,103.794849928283,name_change,NIL,1.42676254776941,103.794849928283,
27,PARBURY AVENUE,467341,THE LOOKOUT (U/C),1.31747054208942,103.943257430638,name_change,THE LOOKOUT,1.31747054208942,103.943257430638,
29B,PARBURY AVENUE,465434,THE LOOKOUT (U/C),1.31730981955016,103.943176919096,name_change,THE LOOKOUT,1.31730981955016,103.943176919096,
387,BELGRAVIA DRIVE,807677,BELGRAVIA ACE (U/C),1.38117832588798,103.864715597414,name_change,BELGRAVIA ACE,1.38117832588798,103.864715597414,
2,SAINT BARNABAS LANE,329353,THE ARCADY AT BOON KENG (U/C),1.32327389691932,103.86384639614,name_change,THE ARCADY AT BOON KENG,1.32327389691932,103.86384639614,
305,PASIR PANJANG ROAD,118646,HARBOUR RESIDENCES (U/C),1.28701469938364,103.779005070862,name_change,HARBOUR RESIDENCES,1.28701469938364,103.779005070862,
21,POLLEN PLACE,807280,POLLEN COLLECTION (U/C),1.38150792700898,103.859327263028,name_change,POLLEN COLLECTION,1.38150792700898,103.859327263028,
34,POLLEN PLACE,807233,POLLEN COLLECTION (U/C),1.38119378862191,103.859665179745,name_change,POLLEN COLLECTION,1.38119378862191,103.859665179745,
577,BELGRAVIA DRIVE,808112,BELGRAVIA ACE (U/C),1.38080002570421,103.866036962105,name_change,BELGRAVIA ACE,1.38080002570421,103.866036962105,
11,UNITY STREET,237995,ROBERTSON WALK,1.29186333652408,103.841359786872,name_change,CAMBRIDGE CDC @ TANGLIN PTE. LTD.,1.2919705093805,103.841157123421,
485,BELGRAVIA DRIVE,807956,BELGRAVIA ACE (U/C),1.38130961681225,103.866248980501,name_change,BELGRAVIA ACE,1.38130961681225,103.866248980501,
526A,YISHUN STREET 53,761526,ARANDA BREEZE @ YISHUN,1.42270990527917,103.853214510174,name_change,NIL,1.42270990527917,103.853214510174,
215Q,PONGGOL SEVENTEENTH AVENUE,829765,WHITE COVE (U/C),1.41491229145585,103.902853132468,name_change,WHITE COVE,1.41491229145585,103.902853132468,
402C,JURONG WEST STREET 42,643402,JURONG ARCADIA,1.3534995821915,103.723818724691,name_change,NIL,1.3534995821915,103.723818724691,
524E,YISHUN STREET 53,765524,VANDA BREEZE @ YISHUN,1.42209525533145,103.851133183103,name_change,NIL,1.42209525533145,103.851133183103,
406A,JURONG WEST STREET 42,641406,JURONG ARCADIA,1.35451437287806,103.72379293844,name_change,NIL,1.35451437287806,103.72379293844,
203,QUEEN'S CRESCENT,140203,QUEENSWAY CANOPY,1.2892815975358,103.799551519768,name_change,NIL,1.2892815975358,103.799551519768,
458B,BUKIT BATOK WEST AVENUE 8,652458,WEST BRICKVILLE @ BUKIT BATOK,1.35441338121119,103.738003018643,name_change,NIL,1.35441338121119,103.738003018643,
30,POLLEN PLACE,807231,POLLEN COLLECTION (U/C),1.3811769862903,103.859548086019,name_change,POLLEN COLLECTION,1.3811769862903,103.859548086019,
27,POLLEN VIEW,807184,POLLEN COLLECTION (U/C),1.38094051715458,103.859487177235,name_change,POLLEN COLLECTION,1.38094051715458,103.859487177235,
10,COLLEGE AVENUE WEST,138609,NUS COLLEGE,1.3055311451546,103.772048529232,name_change,YALE-NUS COLLEGE CAMPUS,1.3055311451546,103.772048529232,
24,POLLEN WALK,807342,POLLEN COLLECTION (U/C),1.38181641208487,103.859376593301,name_change,POLLEN COLLECTION,1.38181641208487,103.859376593301,
8,POLLEN CRESCENT,807495,POLLEN COLLECTION (U/C),1.38283706004703,103.859228499574,name_change,POLLEN COLLECTION,1.38283706004703,103.859228499574,
515,BELGRAVIA DRIVE,808081,BELGRAVIA ACE (U/C),1.38131335792208,103.865372885217,name_change,BELGRAVIA ACE,1.38131335792208,103.865372885217,
25,GENTING ROAD,349482,NIL,1.32825733595607,103.875595756777,name_change,UNION ENERGY GROUP BUILDING,1.32824882437239,103.875587654786,
126A,JALAN RAJAH,321126,RAJAH SUMMIT,1.32832894790916,103.852314037132,name_change,NIL,1.32832894790916,103.852314037132,
60,STEVENS ROAD,257854,GOSPEL LIGHT BIBLE-PRESBYTERIAN CHURCH,1.31648645213424,103.826411850468,name_change,NIL,1.31661312897699,103.826149850948,
21,KEPPEL ROAD,89067,BEYONDX,1.27280474510421,103.841112448783,name_change,CUSTOMS OPERATIONS CENTRE,1.27280474510421,103.841112448783,
119,BUKIT BATOK WEST AVENUE 8,659775,ALTURA (U/C),1.35995497039694,103.742320012935,name_change,ALTURA,1.35995497039694,103.742320012935,
16,POLLEN WALK,807338,POLLEN COLLECTION (U/C),1.38175842543545,103.859169889428,name_change,POLLEN COLLECTION,1.38175842543545,103.859169889428,
563,BELGRAVIA DRIVE,808105,BELGRAVIA ACE (U/C),1.3809162909443,103.865419229429,name_change,BELGRAVIA ACE,1.3809162909443,103.865419229429,
18,POLLEN WALK,807339,POLLEN COLLECTION (U/C),1.38177283553563,103.859221191897,name_change,POLLEN COLLECTION,1.38177283553563,103.859221191897,
205,QUEEN'S CRESCENT,140205,QUEENSWAY CANOPY,1.29104210758831,103.799946433278,name_change,NIL,1.29104210758831,103.799946433278,
1,LEONIE HILL,239219,ONE LEONIE RESIDENCES (U/C),1.29930788596273,103.832399949956,name_change,ONE LEONIE RESIDENCES,1.29930788596273,103.832399949956,
215E,PONGGOL SEVENTEENTH AVENUE,829719,WHITE COVE (U/C),1.41458141360982,103.903055732791,name_change,WHITE COVE,1.41458141360982,103.903055732791,
421,BELGRAVIA DRIVE,807797,BELGRAVIA ACE (U/C),1.38154926892771,103.864974585841,name_change,BELGRAVIA ACE,1.38154926892771,103.864974585841,
419,FERNVALE LINK,790419,FERNVALE SAILS,1.39372731590883,103.879646351658,name_change,NIL,1.39372731590883,103.879646351658,
24,MARINA VIEW,19960,W RESIDENCES MARINA VIEW – SINGAPORE (U/C),1.27670307917562,103.849736169355,name_change,MARINA VIEW RESIDENCES,1.27670307917562,103.849736169355,
4,MOUNT EMILY ROAD,228486,DUET @ EMILY,1.30439913596795,103.849385237293,name_change,NIL,1.30439913596795,103.849385237293,
20,TOH YI DRIVE,596569,BUKIT TIMAH COMMUNITY CLUB,1.34044437484729,103.771709459352,name_change,BUKIT TIMAH COMMUNITY CLUB (PENDING U/C),1.34044437484729,103.771709459352,
823A,KEAT HONG LINK,681823,KEAT HONG GRANGE,1.37464039774669,103.749261976868,name_change,NIL,1.37464039774669,103.749261976868,
1,PULAU SEBAROK,118326,NIL,1.20465206747341,103.797953699224,location_change,NIL,1.20980415832086,103.792634544923,823.3297942699597
29,POLLEN VIEW,807185,POLLEN COLLECTION (U/C),1.38095519932768,103.859539468883,name_change,POLLEN COLLECTION,1.38095519932768,103.859539468883,
517,MILTONIA CLOSE,760517,MILTONIA BREEZE @ YISHUN,1.4187086581309,103.848908310956,name_change,NIL,1.4187086581309,103.848908310956,
22,MARINA VIEW,19959,W RESIDENCES MARINA VIEW – SINGAPORE (U/C),1.27670307917562,103.849736169355,name_change,MARINA VIEW RESIDENCES,1.27670307917562,103.849736169355,
81,PHOENIX AVENUE,668383,PHOENIX RESIDENCES,1.37513322287524,103.757303595176,name_change,PHOENIX RESIDENCES (U/C),1.37513322287524,103.757303595176,
301,LORONG 6 TOA PAYOH,319392,NIL,1.33060009366633,103.849986778984,name_change,TOA PAYOH SPORTS CENTRE,1.33045992412023,103.850574273679,
31,FLORA DRIVE,509904,KASSIA (U/C),1.35709630624257,103.965501900375,name_change,KASSIA,1.35709630624257,103.965501900375,
517A,MILTONIA CLOSE,761517,MILTONIA BREEZE @ YISHUN,1.41839591779108,103.848852419002,name_change,NIL,1.41839591779108,103.848852419002,
16B,FARRER PARK ROAD,212016,FARRER PARK FIELDS,1.31015510098029,103.850141870986,name_change,NIL,1.31015510098029,103.850141870986,
2,ANG MO KIO STREET 44,569250,PATHLIGHT SCHOOL (ANG MO KIO CAMPUS 2),1.36363517582629,103.85801093879,name_change,PATHLIGHT SCHOOL 3,1.36363517582629,103.85801093879,
10,POLLEN PLACE,807204,POLLEN COLLECTION (U/C),1.3810253986308,103.858992395008,name_change,POLLEN COLLECTION,1.3810253986308,103.858992395008,
121,DEFU LANE 10,539231,DEFU INDUSTRIAL ESTATE,1.35655704298365,103.893077105464,name_change,NIL,1.35668346446962,103.893134280141,
41,POLLEN VIEW,807199,POLLEN COLLECTION (U/C),1.38104946302832,103.859859576399,name_change,POLLEN COLLECTION,1.38104946302832,103.859859576399,
11,SENTUL CRESCENT,828656,PUNGGOL SPORTS CENTRE,1.40856028299114,103.906845295414,name_change,PUNGGOL REGIONAL SPORTS CENTRE,1.40856028299114,103.906845295414,
458A,BUKIT BATOK WEST AVENUE 8,651458,WEST BRICKVILLE @ BUKIT BATOK,1.35440548983641,103.737329153999,name_change,NIL,1.35440548983641,103.737329153999,
579,BELGRAVIA DRIVE,808113,BELGRAVIA ACE (U/C),1.38106228232975,103.86508621265,name_change,BELGRAVIA ACE,1.38106228232975,103.86508621265,
31B,PARBURY AVENUE,465438,THE LOOKOUT (U/C),1.31718619734408,103.943182624024,name_change,THE LOOKOUT,1.31718619734408,103.943182624024,
28,PLANTATION CLOSE,690099,OTTO PLACE (U/C),1.34793735286897,103.736758778262,name_change,OTTO PLACE,1.34793735286897,103.736758778262,
17,SAKRA ROAD,627886,NIL,1.26103987283295,103.703700648738,location_change,NIL,1.26485446056716,103.704820373564,442.0505910969017
291A,JURONG EAST STREET 24,601291,JURONG EAST BREEZE,1.3429629430227,103.74381221645,name_change,NIL,1.3429629430227,103.74381221645,
51,TENGAH GARDEN WALK,699909,COPEN GRAND,1.36150266271849,103.731060572318,name_change,COPEN GRAND (U/C),1.36150266271849,103.731060572318,
53,TENGAH GARDEN WALK,699910,COPEN GRAND,1.36149747523493,103.730779254791,name_change,COPEN GRAND (U/C),1.36149747523493,103.730779254791,
484A,FERNVALE DRIVE,791484,FERNVALE OASIS,1.39981846157647,103.876494004283,name_change,NIL,1.39981846157647,103.876494004283,
526,YISHUN STREET 53,760526,ARANDA BREEZE @ YISHUN,1.4228852948568,103.853495819453,name_change,NIL,1.4228852948568,103.853495819453,
399,BELGRAVIA DRIVE,807683,BELGRAVIA ACE (U/C),1.38147900782709,103.864495259965,name_change,BELGRAVIA ACE,1.38147900782709,103.864495259965,
1,ESPLANADE DRIVE,38981,DBS FOUNDATION OUTDOOR THEATRE,1.28880305036348,103.856003516592,name_change,ESPLANADE - THEATRES ON THE BAY,1.29020501088469,103.855566745359,
32,PLANTATION CLOSE,690091,OTTO PLACE (U/C),1.34793735286897,103.736758778262,name_change,OTTO PLACE,1.34793735286897,103.736758778262,
379,BELGRAVIA DRIVE,807673,BELGRAVIA ACE (U/C),1.38100843487881,103.864931084677,name_change,BELGRAVIA ACE,1.38100843487881,103.864931084677,
535,BELGRAVIA DRIVE,808091,BELGRAVIA ACE (U/C),1.38117946166813,103.866081993642,name_change,BELGRAVIA ACE,1.38117946166813,103.866081993642,
33,POLLEN VIEW,807195,POLLEN COLLECTION (U/C),1.38098428091565,103.859643042589,name_change,POLLEN COLLECTION,1.38098428091565,103.859643042589,
28,POLLEN WALK,807344,POLLEN COLLECTION (U/C),1.38186295712511,103.859494411666,name_change,POLLEN COLLECTION,1.38186295712511,103.859494411666,
2,TECK CHYE TERRACE,546620,MBER TECK CHYE TERRACE (U/C),1.35326755733712,103.876595000986,name_change,MBER TECK CHYE TERRACE,1.35326755733712,103.876595000986,
824,KEAT HONG LINK,680824,KEAT HONG GRANGE,1.37338924377409,103.748100878973,name_change,NIL,1.37338924377409,103.748100878973,
507,BELGRAVIA DRIVE,807967,BELGRAVIA ACE (U/C),1.38145491164927,103.865477674363,name_change,BELGRAVIA ACE,1.38145491164927,103.865477674363,
24,COLLEGE AVENUE WEST,138531,NUS COLLEGE,1.30769533190976,103.7726333349,name_change,YALE-NUS COLLEGE CAMPUS,1.30769533190976,103.7726333349,
822A,KEAT HONG LINK,681822,KEAT HONG GRANGE,1.3754343404318,103.749102914537,name_change,NIL,1.3754343404318,103.749102914537,
11,POLLEN VIEW,807176,POLLEN COLLECTION (U/C),1.38081407589768,103.859036355917,name_change,POLLEN COLLECTION,1.38081407589768,103.859036355917,
5,BEDOK NORTH STREET 2,469645,NIL,1.32585711804408,103.938328168425,name_change,BEDOK SPORTS CENTRE,1.32585711804408,103.938328168425,
102A,PLANTATION CLOSE,691102,PLANTATION VERGE,1.35104929333639,103.734755311012,name_change,NIL,1.35104929333639,103.734755311012,
499,BELGRAVIA DRIVE,807963,BELGRAVIA ACE (U/C),1.38140515492413,103.865741444908,name_change,BELGRAVIA ACE,1.38140515492413,103.865741444908,
529B,YISHUN STREET 53,762529,ARANDA BREEZE @ YISHUN,1.42387472864082,103.853758201685,name_change,NIL,1.42387472864082,103.853758201685,
129B,SERANGOON NORTH AVENUE 1,552129,SERANGOON NORTH VISTA,1.36521771543803,103.873268118125,name_change,NIL,1.36521771543803,103.873268118125,
10,POLLEN WALK,807335,POLLEN COLLECTION (U/C),1.38171442049437,103.859013223862,name_change,POLLEN COLLECTION,1.38171442049437,103.859013223862,
65,WOODLEIGH PARK,357875,NIL,1.34011527351959,103.862721396199,location_change,NIL,1.33743254426552,103.866870149215,549.2600810839314
451,BELGRAVIA DRIVE,807854,BELGRAVIA ACE (U/C),1.38180685004388,103.864998575476,name_change,BELGRAVIA ACE,1.38180685004388,103.864998575476,
35C,PARBURY AVENUE,465448,THE LOOKOUT (U/C),1.31730920785041,103.942977189845,name_change,THE LOOKOUT,1.31730920785041,103.942977189845,
3,POLLEN WALK,807346,POLLEN COLLECTION (U/C),1.38206828709884,103.858869022791,name_change,POLLEN COLLECTION,1.38206828709884,103.858869022791,
822,KEAT HONG LINK,680822,KEAT HONG GRANGE,1.37494274712015,103.749023588303,name_change,NIL,1.37494274712015,103.749023588303,
34,POLLEN VIEW,806989,POLLEN COLLECTION (U/C),1.38058769555538,103.859637523012,name_change,POLLEN COLLECTION,1.38058769555538,103.859637523012,
22,POLLEN CRESCENT,807502,POLLEN COLLECTION (U/C),1.38264442988602,103.85890461053,name_change,POLLEN COLLECTION,1.38264442988602,103.85890461053,
50,SERANGOON AVENUE 2,556129,BRADDELL HEIGHTS COMMUNITY CLUB,1.35169038154618,103.870408875865,name_change,BRADDELL HEIGHTS COMMUNITY CLUB (PENDING U/C),1.3516281467669,103.870443227253,
33,FLORA DRIVE,509905,KASSIA (U/C),1.35709630624257,103.965501900375,name_change,KASSIA,1.35709630624257,103.965501900375,
565,BELGRAVIA DRIVE,808106,BELGRAVIA ACE (U/C),1.38090131449027,103.865498778039,name_change,BELGRAVIA ACE,1.38090131449027,103.865498778039,
527,BELGRAVIA DRIVE,808087,BELGRAVIA ACE (U/C),1.38123875484257,103.865770397141,name_change,BELGRAVIA ACE,1.38123875484257,103.865770397141,
213,BIDADARI PARK DRIVE,360213,NKF DIALYSIS CENTRE,1.34286809502833,103.873113073076,name_change,WOODLEIGH HILLSIDE,1.3428529512408,103.87283195267,
459A,BUKIT BATOK WEST AVENUE 8,651459,WEST BRICKVILLE @ BUKIT BATOK,1.3546900383292,103.737446382588,name_change,NIL,1.3546900383292,103.737446382588,
519,MILTONIA CLOSE,760519,MILTONIA BREEZE @ YISHUN,1.41877206919692,103.850586731094,name_change,NIL,1.41877206919692,103.850586731094,
26,POLLEN PLACE,807229,POLLEN COLLECTION (U/C),1.3811479224909,103.859444521282,name_change,POLLEN COLLECTION,1.3811479224909,103.859444521282,
479,BELGRAVIA DRIVE,807922,BELGRAVIA ACE (U/C),1.38162416402489,103.865967614828,name_change,BELGRAVIA ACE,1.38162416402489,103.865967614828,
485B,FERNVALE DRIVE,792485,FERNVALE OASIS,1.39897005807123,103.877006877359,name_change,NIL,1.39897005807123,103.877006877359,
518,MILTONIA CLOSE,760518,MILTONIA BREEZE @ YISHUN,1.41861158425913,103.850082471328,name_change,NIL,1.41861158425913,103.850082471328,
495,BELGRAVIA DRIVE,807961,BELGRAVIA ACE (U/C),1.38137021503048,103.865927430883,name_change,BELGRAVIA ACE,1.38137021503048,103.865927430883,
22,JALAN LAKUM,808840,SELETAR HILLS ESTATE,1.38500779925579,103.872259225868,name_change,NIL,1.38491521419354,103.872236073353,
37,PARBURY AVENUE,465449,THE LOOKOUT (U/C),1.31746727804203,103.942801620336,name_change,THE LOOKOUT,1.31746727804203,103.942801620336,
215B,PONGGOL SEVENTEENTH AVENUE,829716,WHITE COVE (U/C),1.4147558117909,103.90322167929,name_change,WHITE COVE,1.4147558117909,103.90322167929,
17,POLLEN WALK,807474,POLLEN COLLECTION (U/C),1.38222178410535,103.85942131104,name_change,POLLEN COLLECTION,1.38222178410535,103.85942131104,
5,POLLEN VIEW,807173,POLLEN COLLECTION (U/C),1.38077086008806,103.858882441777,name_change,POLLEN COLLECTION,1.38077086008806,103.858882441777,
406C,JURONG WEST STREET 42,643406,JURONG ARCADIA,1.35478098120653,103.723363207795,name_change,NIL,1.35478098120653,103.723363207795,
31,POLLEN VIEW,807186,POLLEN COLLECTION (U/C),1.38096975066055,103.859591292181,name_change,POLLEN COLLECTION,1.38096975066055,103.859591292181,
23,POLLEN VIEW,807182,POLLEN COLLECTION (U/C),1.38091137835181,103.859383399275,name_change,POLLEN COLLECTION,1.38091137835181,103.859383399275,
223,GUILLEMARD ROAD,399738,MORI,1.31131219787605,103.882972095616,name_change,NIL,1.31123492835897,103.883119307947,
19,FARRER PARK ROAD,210019,FARRER PARK ARENA,1.31120173506295,103.849818361057,name_change,NIL,1.31120173506295,103.849818361057,
6,POLLEN CRESCENT,807482,POLLEN COLLECTION (U/C),1.38286473884662,103.859275040103,name_change,POLLEN COLLECTION,1.38286473884662,103.859275040103,
215H,PONGGOL SEVENTEENTH AVENUE,829722,WHITE COVE (U/C),1.41439964080026,103.902889355003,name_change,WHITE COVE,1.41439964080026,103.902889355003,
10,POLLEN CRESCENT,807496,POLLEN COLLECTION (U/C),1.38280950113919,103.859182163033,name_change,POLLEN COLLECTION,1.38280950113919,103.859182163033,
2,TEMBUSU DRIVE,627621,NIL,1.26746414180234,103.672515616861,location_change,NIL,1.26501965580378,103.67463592908,359.781152105197
39B,PARBURY AVENUE,465452,THE LOOKOUT (U/C),1.31759326172683,103.942882817347,name_change,THE LOOKOUT,1.31759326172683,103.942882817347,
303B,PASIR PANJANG ROAD,119478,HARBOUR RESIDENCES (U/C),1.28701469938364,103.779005070862,name_change,HARBOUR RESIDENCES,1.28701469938364,103.779005070862,
590A,WOODLANDS DRIVE 17,731590,WOODLANDS SOUTH PLAINS,1.42721261855993,103.796861349272,name_change,NIL,1.42721261855993,103.796861349272,
195,SERANGOON ROAD,218067,THE QUAY HOTEL LITTLE INDIA,1.30917901197119,103.853224450863,name_change,BROADWAY HOTEL,1.30917901197119,103.853224450863,
590C,WOODLANDS DRIVE 17,733590,WOODLANDS SOUTH PLAINS,1.42655027696657,103.796757454947,name_change,NIL,1.42655027696657,103.796757454947,
405,BELGRAVIA DRIVE,807706,BELGRAVIA ACE (U/C),1.38143003276872,103.864755233972,name_change,BELGRAVIA ACE,1.38143003276872,103.864755233972,
1,WOODLANDS STREET 31,738581,FUCHUN COMMUNITY CLUB (U/C),1.42958660649594,103.774850125046,name_change,FUCHUN COMMUNITY CLUB (PENDING U/C),1.42958660649594,103.774850125046,
12,POLLEN WALK,807336,POLLEN COLLECTION (U/C),1.38172912265954,103.85906556557,name_change,POLLEN COLLECTION,1.38172912265954,103.85906556557,
23,PARBURY AVENUE,467337,THE LOOKOUT (U/C),1.31742935333518,103.943071382553,name_change,THE LOOKOUT,1.31742935333518,103.943071382553,
18B,FARRER PARK ROAD,212018,FARRER PARK FIELDS,1.31048603918761,103.851544214089,name_change,NIL,1.31048603918761,103.851544214089,
215A,PONGGOL SEVENTEENTH AVENUE,829715,WHITE COVE (U/C),1.41481224750749,103.903275578705,name_change,WHITE COVE,1.41481224750749,103.903275578705,
16,COLLEGE AVENUE WEST,138527,NUS COLLEGE,1.30642273791527,103.771795452114,name_change,YALE-NUS COLLEGE,1.30630452078538,103.771789872765,
24,POLLEN CRESCENT,807503,POLLEN COLLECTION (U/C),1.38256767343916,103.858891661259,name_change,POLLEN COLLECTION,1.38256767343916,103.858891661259,
469,BELGRAVIA DRIVE,807917,BELGRAVIA ACE (U/C),1.3816848681596,103.86564466283,name_change,BELGRAVIA ACE,1.3816848681596,103.86564466283,
129,SERANGOON NORTH AVENUE 1,550129,SERANGOON NORTH VISTA,1.36517363038702,103.872747377491,name_change,NIL,1.36517363038702,103.872747377491,
681,PUNGGOL DRIVE,820681,NKF DIALYSIS CENTRE,1.40259581502678,103.912962428692,name_change,OASIS TERRACES,1.40278015725693,103.913215101343,
7,POLLEN VIEW,807174,POLLEN COLLECTION (U/C),1.38078475231237,103.858931919502,name_change,POLLEN COLLECTION,1.38078475231237,103.858931919502,
165C,JALAN LOYANG BESAR,509838,THE SHOREFRONT (U/C),1.3791551466529,103.960109613673,name_change,THE SHOREFRONT,1.3791551466529,103.960109613673,
591A,WOODLANDS DRIVE 17,731591,WOODLANDS SOUTH PLAINS,1.42703335156834,103.795346803224,name_change,NIL,1.42703335156834,103.795346803224,
40,POLLEN VIEW,806992,POLLEN COLLECTION (U/C),1.38063144643878,103.859793641015,name_change,POLLEN COLLECTION,1.38063144643878,103.859793641015,
18,COLLEGE AVENUE WEST,138528,NUS COLLEGE,1.30714440669788,103.77197858734,name_change,YALE-NUS COLLEGE CAMPUS,1.30714440669788,103.77197858734,
21,POLLEN CRESCENT,807530,POLLEN COLLECTION (U/C),1.38231323227297,103.859091115995,name_change,POLLEN COLLECTION,1.38231323227297,103.859091115995,
52,GHIM MOH LINK,270052,GHIM MOH NATURA,1.30877894086919,103.790177581593,name_change,NIL,1.30877894086919,103.790177581593,
66,COMMONWEALTH AVENUE WEST,130066,ULU PANDAN VISTA,1.31288680661371,103.778110579738,name_change,NIL,1.31288680661371,103.778110579738,
89,KOON SENG ROAD,427030,KOON SENG HOUSE  (U/C),1.31222193982018,103.904564129604,name_change,KOON SENG HOUSE,1.31222193982018,103.904564129604,
80,TENGAH GARDEN AVENUE,699915,PIONEER PRIMARY SCHOOL (U/C),1.35442592930738,103.732790920197,name_change,NIL,1.35361485610214,103.733287640266,
33,PARBURY AVENUE,465441,THE LOOKOUT (U/C),1.31717477377658,103.942759718591,name_change,THE LOOKOUT,1.31717477377658,103.942759718591,
98A,HAVELOCK ROAD,161098,HAVELOCK HILLSIDE,1.2886000256343,103.830505948469,name_change,NIL,1.2886000256343,103.830505948469,
17,POLLEN PLACE,807278,POLLEN COLLECTION (U/C),1.38147887907791,103.859223587039,name_change,POLLEN COLLECTION,1.38147887907791,103.859223587039,
541,BELGRAVIA DRIVE,808094,BELGRAVIA ACE (U/C),1.38093992281416,103.865980610234,name_change,BELGRAVIA ACE,1.38093992281416,103.865980610234,
33A,PARBURY AVENUE,465442,THE LOOKOUT (U/C),1.31717623066162,103.942826012027,name_change,THE LOOKOUT,1.31717623066162,103.942826012027,
402B,JURONG WEST STREET 42,642402,JURONG ARCADIA,1.35375548706627,103.723269236795,name_change,NIL,1.35375548706627,103.723269236795,
141,MIDDLE ROAD,188976,COLIWOO BUGIS,1.29943775475739,103.85240273741,name_change,GSM BUILDING,1.29943775475739,103.85240273741,
590B,WOODLANDS DRIVE 17,732590,WOODLANDS SOUTH PLAINS,1.4268107796703,103.796866779539,name_change,NIL,1.4268107796703,103.796866779539,
65,TENGAH GARDEN WALK,699893,COPEN GRAND,1.36192301424331,103.730200840655,name_change,COPEN GRAND (U/C),1.36192301424331,103.730200840655,
429,BELGRAVIA DRIVE,807801,BELGRAVIA ACE (U/C),1.38160928443009,103.864656078792,name_change,BELGRAVIA ACE,1.38160928443009,103.864656078792,
28,POLLEN PLACE,807230,POLLEN COLLECTION (U/C),1.38116182425215,103.859496861339,name_change,POLLEN COLLECTION,1.38116182425215,103.859496861339,
65B,COMMONWEALTH AVENUE WEST,132065,ULU PANDAN VISTA,1.31245649651275,103.778288140825,name_change,NIL,1.31245649651275,103.778288140825,
406B,JURONG WEST STREET 42,642406,JURONG ARCADIA,1.35436169953039,103.724549192298,name_change,NIL,1.35436169953039,103.724549192298,
418,TEBAN GARDENS ROAD,600418,TEBAN BREEZE,1.32190006910473,103.743943463407,name_change,NIL,1.32190006910473,103.743943463407,
397,BELGRAVIA DRIVE,807682,BELGRAVIA ACE (U/C),1.38148987167077,103.86443771014,name_change,BELGRAVIA ACE,1.38148987167077,103.86443771014,
425,BELGRAVIA DRIVE,807799,BELGRAVIA ACE (U/C),1.38157432355113,103.864841518664,name_change,BELGRAVIA ACE,1.38157432355113,103.864841518664,
11,JALAN ANAK BUKIT,589604,THE RESERVE RESIDENCES (U/C),1.34022383162895,103.777148587722,name_change,THE RESERVE RESIDENCES,1.34022383162895,103.777148587722,
435,ANG MO KIO AVENUE 10,560435,CHENG SAN COMMUNITY CLUB (TEMP OFFICE),1.36766116325929,103.854307499675,name_change,CHONG BOON RISE,1.36770367834269,103.854214313011,
389,BELGRAVIA DRIVE,807678,BELGRAVIA ACE (U/C),1.38119345889021,103.864636111891,name_change,BELGRAVIA ACE,1.38119345889021,103.864636111891,
2000,UPPER CHANGI ROAD NORTH,508899,AIRPORT FIRE STATION 1,1.36978735831026,103.983270740951,name_change,NIL,1.36915922496461,103.983195958795,
549,BELGRAVIA DRIVE,808098,BELGRAVIA ACE (U/C),1.38101148998466,103.865601174683,name_change,BELGRAVIA ACE,1.38101148998466,103.865601174683,
180,BEDOK RESERVOIR ROAD,479220,EUNOS COMMUNITY CLUB (U/C),1.33262678312198,103.915230025095,name_change,EUNOS COMMUNITY CLUB (PENDING U/C),1.33262678312198,103.915230025095,
107,PLANTATION CLOSE,690107,PLANTATION VERGE,1.35030627334562,103.736767614388,name_change,NIL,1.35030627334562,103.736767614388,
126,JALAN RAJAH,320126,RAJAH SUMMIT,1.3285299875695,103.85275874857,name_change,NIL,1.3285299875695,103.85275874857,
824B,KEAT HONG LINK,682824,KEAT HONG GRANGE,1.37368934584153,103.747996129126,name_change,NIL,1.37368934584153,103.747996129126,
501,BELGRAVIA DRIVE,807964,BELGRAVIA ACE (U/C),1.38141926716021,103.865665697742,name_change,BELGRAVIA ACE,1.38141926716021,103.865665697742,
29A,PARBURY AVENUE,465433,THE LOOKOUT (U/C),1.3173090602456,103.943108359066,name_change,THE LOOKOUT,1.3173090602456,103.943108359066,
523B,YISHUN STREET 53,762523,VANDA BREEZE @ YISHUN,1.42160037981637,103.852548064657,name_change,NIL,1.42160037981637,103.852548064657,
22,POLLEN WALK,807341,POLLEN COLLECTION (U/C),1.38180217306728,103.859325639511,name_change,POLLEN COLLECTION,1.38180217306728,103.859325639511,
14,POLLEN WALK,807337,POLLEN COLLECTION (U/C),1.38174386478698,103.859118050613,name_change,POLLEN COLLECTION,1.38174386478698,103.859118050613,
8,LORONG 25A GEYLANG,388222,ZYANYA,1.31392103072017,103.883276357397,name_change,ZYANYA (U/C),1.31388177226647,103.883274426427,
535,CLEMENTI ROAD,599489,NGEE ANN POLYTECHNIC (BLK 18),1.33526728612273,103.776080176193,name_change,NGEE ANN POLYTECHNIC (BLK 1),1.33351616007246,103.776976659192,
465,BELGRAVIA DRIVE,807915,BELGRAVIA ACE (U/C),1.38171562507198,103.865482399447,name_change,BELGRAVIA ACE,1.38171562507198,103.865482399447,
20,POLLEN WALK,807340,POLLEN COLLECTION (U/C),1.38178756835298,103.859273644576,name_change,POLLEN COLLECTION,1.38178756835298,103.859273644576,
83,PHOENIX AVENUE,668384,PHOENIX RESIDENCES,1.37540371918058,103.757211757355,name_change,PHOENIX RESIDENCES (U/C),1.37540371918058,103.757211757355,
591B,WOODLANDS DRIVE 17,732591,WOODLANDS SOUTH PLAINS,1.42675388312019,103.79567696626,name_change,NIL,1.42675388312019,103.79567696626,
13,POLLEN WALK,807472,POLLEN COLLECTION (U/C),1.38219303509589,103.859317591233,name_change,POLLEN COLLECTION,1.38219303509589,103.859317591233,
278,JERVOIS ROAD,249076,SRI MENANTI ESTATE,1.29459429224728,103.824137947949,name_change,NIL,1.29453508497147,103.82423457479,
517B,MILTONIA CLOSE,762517,MILTONIA BREEZE @ YISHUN,1.41886444369591,103.848719952768,name_change,NIL,1.41886444369591,103.848719952768,
822B,KEAT HONG LINK,682822,KEAT HONG GRANGE,1.37499091145406,103.748249200839,name_change,NIL,1.37499091145406,103.748249200839,
6,POLLEN VIEW,806851,POLLEN COLLECTION (U/C),1.38037453942269,103.858876903836,name_change,POLLEN COLLECTION,1.38037453942269,103.858876903836,
33,ERSKINE ROAD,69333,NIL,1.28082650192656,103.845399433815,name_change,THE SCARLET HOTEL,1.28082650192656,103.845399433815,
373,BELGRAVIA DRIVE,809824,BELGRAVIA ACE (U/C),1.38105337676564,103.864692591132,name_change,BELGRAVIA ACE,1.38105337676564,103.864692591132,
529,YISHUN STREET 53,760529,ARANDA BREEZE @ YISHUN,1.4241643729817,103.852962218674,name_change,NIL,1.4241643729817,103.852962218674,
23,POLLEN WALK,807477,POLLEN COLLECTION (U/C),1.38229475196053,103.859569151468,name_change,POLLEN COLLECTION,1.38229475196053,103.859569151468,
475,BELGRAVIA DRIVE,807920,BELGRAVIA ACE (U/C),1.38164917079809,103.865834750012,name_change,BELGRAVIA ACE,1.38164917079809,103.865834750012,
527,YISHUN STREET 53,760527,ARANDA BREEZE @ YISHUN,1.42346617431464,103.85249887877,name_change,NIL,1.42346617431464,103.85249887877,
518A,MILTONIA CLOSE,761518,MILTONIA BREEZE @ YISHUN,1.41821317149286,103.85030757168,name_change,NIL,1.41821317149286,103.85030757168,
403,BELGRAVIA DRIVE,807705,BELGRAVIA ACE (U/C),1.38145413335338,103.864627269411,name_change,BELGRAVIA ACE,1.38145413335338,103.864627269411,
19C,FARRER PARK ROAD,213019,FARRER PARK ARENA,1.3119165425624,103.848990588993,name_change,NIL,1.3119165425624,103.848990588993,
443,BELGRAVIA DRIVE,807850,BELGRAVIA ACE (U/C),1.38186246279992,103.864703114872,name_change,BELGRAVIA ACE,1.38186246279992,103.864703114872,
401,BELGRAVIA DRIVE,807704,BELGRAVIA ACE (U/C),1.38146499665277,103.864569719315,name_change,BELGRAVIA ACE,1.38146499665277,103.864569719315,
1G,CLUNY ROAD,259603,SINGAPORE BOTANIC GARDENS (CENTRE FOR ETHNOBOTANY),1.31942115865974,103.816533762095,name_change,NIL,1.3195183559152,103.816557954578,
110,ALEXANDRA VIEW,150110,ALEXANDRA VALE,1.2900749406325,103.817543942463,name_change,NIL,1.2900749406325,103.817543942463,
12,COLLEGE AVENUE WEST,138610,NUS COLLEGE,1.30638712623098,103.77206806682,name_change,YALE-NUS COLLEGE CAMPUS,1.30638712623098,103.77206806682,
87,MARSHALL ROAD,424885,87 MARSHALL (U/C),1.30611482731069,103.901282674604,name_change,87 MARSHALL,1.30611482731069,103.901282674604,
575,BELGRAVIA DRIVE,808111,BELGRAVIA ACE (U/C),1.38081497315788,103.865957603616,name_change,BELGRAVIA ACE,1.38081497315788,103.865957603616,
4B,MOUNT EMILY ROAD,228486,DUET @ EMILY,1.3043991356942,103.849385237837,name_change,NIL,1.3043991356942,103.849385237837,
123,BUKIT BATOK WEST AVENUE 8,659777,ALTURA (U/C),1.35958778711891,103.742461009831,name_change,ALTURA,1.35958778711891,103.742461009831,
47A,BEDOK SOUTH AVENUE 3,461047,BEDOK SOUTH BLOSSOMS,1.32216332515817,103.942541315174,name_change,NIL,1.32216332515817,103.942541315174,
13,POLLEN CRESCENT,807526,POLLEN COLLECTION (U/C),1.38242343752683,103.859276091141,name_change,POLLEN COLLECTION,1.38242343752683,103.859276091141,
567,BELGRAVIA DRIVE,808107,BELGRAVIA ACE (U/C),1.38088626549913,103.865577983679,name_change,BELGRAVIA ACE,1.38088626549913,103.865577983679,
67,TENGAH GARDEN WALK,699894,COPEN GRAND,1.36192145614213,103.730461439514,name_change,COPEN GRAND (U/C),1.36192145614213,103.730461439514,
18,POLLEN PLACE,807208,POLLEN COLLECTION (U/C),1.38109386973247,103.859231190163,name_change,POLLEN COLLECTION,1.38109386973247,103.859231190163,
19B,FARRER PARK ROAD,212019,FARRER PARK ARENA,1.3120626268803,103.849479603967,name_change,NIL,1.3120626268803,103.849479603967,
493,BELGRAVIA DRIVE,807960,BELGRAVIA ACE (U/C),1.38135948583605,103.86598434345,name_change,BELGRAVIA ACE,1.38135948583605,103.86598434345,
2001A,UPPER CHANGI ROAD NORTH,508898,SELARANG FIRE TRAINING GROUND,1.37074735498996,103.981658138174,name_change,NIL,1.37062214569753,103.981287709616,
44,POLLEN VIEW,806994,POLLEN COLLECTION (U/C),1.38066072755685,103.859898125301,name_change,POLLEN COLLECTION,1.38066072755685,103.859898125301,
19A,FARRER PARK ROAD,211019,FARRER PARK ARENA,1.31162409319636,103.850152212208,name_change,NIL,1.31162409319636,103.850152212208,
20,POLLEN PLACE,807226,POLLEN COLLECTION (U/C),1.38110730391802,103.859287616174,name_change,POLLEN COLLECTION,1.38110730391802,103.859287616174,
35,ORCHARD ROAD,238902,NIL,1.29946051650063,103.843384738464,name_change,ISTANA HERITAGE GALLERY,1.29946051650063,103.843384738464,
36,POLLEN PLACE,807234,POLLEN COLLECTION (U/C),1.38121089614952,103.859734254249,name_change,POLLEN COLLECTION,1.38121089614952,103.859734254249,
513,BELGRAVIA DRIVE,808080,BELGRAVIA ACE (U/C),1.38132404413227,103.865315493962,name_change,BELGRAVIA ACE,1.38132404413227,103.865315493962,
485C,FERNVALE DRIVE,793485,FERNVALE OASIS,1.39900694144556,103.876428560552,name_change,NIL,1.39900694144556,103.876428560552,
522,YISHUN STREET 53,760522,VANDA BREEZE @ YISHUN,1.42258441864806,103.851589376715,name_change,NIL,1.42258441864806,103.851589376715,
377,BELGRAVIA DRIVE,807672,BELGRAVIA ACE (U/C),1.38102341295559,103.864851586104,name_change,BELGRAVIA ACE,1.38102341295559,103.864851586104,
69,TENGAH GARDEN WALK,699895,COPEN GRAND,1.36190078977329,103.730790607778,name_change,COPEN GRAND (U/C),1.36190078977329,103.730790607778,
25A,PARBURY AVENUE,467340,THE LOOKOUT (U/C),1.31747640079402,103.943152361804,name_change,THE LOOKOUT,1.31747640079402,103.943152361804,
497,BELGRAVIA DRIVE,807962,BELGRAVIA ACE (U/C),1.38139415281738,103.865798735254,name_change,BELGRAVIA ACE,1.38139415281738,103.865798735254,
59,TENGAH GARDEN WALK,699913,COPEN GRAND,1.36150164949926,103.730169909399,name_change,COPEN GRAND (U/C),1.36150164949926,103.730169909399,
1,CLUNY ROAD,259569,SINGAPORE BOTANIC GARDENS (BANDSTAND GAZEBO),1.31038657419727,103.816319662593,name_and_location_change,NATIONAL PARKS BOARD (NPARKS),1.31568827087057,103.816190606231,589.6963173309879
561,BELGRAVIA DRIVE,808104,BELGRAVIA ACE (U/C),1.38093128162969,103.865339683811,name_change,BELGRAVIA ACE,1.38093128162969,103.865339683811,
47B,BEDOK SOUTH AVENUE 3,462047,BEDOK SOUTH BLOSSOMS,1.32267640653852,103.943083310429,name_change,NIL,1.32267640653852,103.943083310429,
487,BELGRAVIA DRIVE,807957,BELGRAVIA ACE (U/C),1.38132034546555,103.866192067937,name_change,BELGRAVIA ACE,1.38132034546555,103.866192067937,
297B,LORONG 6 TOA PAYOH,319389,NIL,1.33028857436685,103.851567502968,name_change,TOA PAYOH SPORTS HALL,1.33028857436685,103.851567502968,
11,INSTITUTION HILL,239666,HILL HOUSE (U/C),1.29529704033624,103.839610739402,name_change,HILL HOUSE,1.29529704033624,103.839610739402,
115,BUKIT BATOK WEST AVENUE 8,659859,ALTURA (U/C),1.35970765125423,103.742113550639,name_change,ALTURA,1.35970765125423,103.742113550639,
524,YISHUN STREET 53,760524,VANDA BREEZE @ YISHUN,1.42180603372916,103.851449357571,name_change,NIL,1.42180603372916,103.851449357571,
524B,YISHUN STREET 53,762524,VANDA BREEZE @ YISHUN,1.42162419446172,103.851861173096,name_change,NIL,1.42162419446172,103.851861173096,
413,BELGRAVIA DRIVE,807710,BELGRAVIA ACE (U/C),1.38137994460742,103.865020953539,name_change,BELGRAVIA ACE,1.38137994460742,103.865020953539,
15,JALAN ANAK BUKIT,589770,THE RESERVE RESIDENCES (U/C),1.34084176825735,103.777682636132,name_change,THE RESERVE RESIDENCES,1.34084176825735,103.777682636132,
385,BELGRAVIA DRIVE,807676,BELGRAVIA ACE (U/C),1.38116331113287,103.864795292906,name_change,BELGRAVIA ACE,1.38116331113287,103.864795292906,
215L,PONGGOL SEVENTEENTH AVENUE,829761,WHITE COVE (U/C),1.41461905070362,103.902721062966,name_change,WHITE COVE,1.41461905070362,103.902721062966,
524D,YISHUN STREET 53,764524,VANDA BREEZE @ YISHUN,1.42171209105192,103.850788460024,name_change,NIL,1.42171209105192,103.850788460024,
26,LENTOR CENTRAL,788879,HILLOCK GREEN (U/C),1.38509631948606,103.833849401084,name_change,HILLOCK GREEN,1.38509631948606,103.833849401084,
75,AIRPORT CARGO ROAD,819458,CHANGI NEXUS ONE,1.37063267523031,103.992714926767,name_change,DHL EXPRESS SOUTH EAST ASIA HUB,1.37063267523031,103.992714926767,
26,CAVAN ROAD,209854,NEST HOTEL,1.31087924800926,103.861821440459,name_change,HOTEL SNOW LAVENDER,1.31087924800926,103.861821440459,
26,POLLEN WALK,807343,POLLEN COLLECTION (U/C),1.38183083203113,103.859428238196,name_change,POLLEN COLLECTION,1.38183083203113,103.859428238196,
1,MOUNT PLEASANT ROAD,298333,THOMSON POLICE COMPLEX (BLK 1),1.32862230231263,103.837652705219,name_change,THOMSON POLICE COMPLEX (BLK 10 ANNEX),1.33053467731909,103.836685458855,
511,BELGRAVIA DRIVE,808079,BELGRAVIA ACE (U/C),1.38147997834863,103.865344343105,name_change,BELGRAVIA ACE,1.38147997834863,103.865344343105,
20,MARINA VIEW,18963,W RESIDENCES MARINA VIEW – SINGAPORE (U/C),1.27670307917562,103.849736169355,name_change,MARINA VIEW RESIDENCES,1.27670307917562,103.849736169355,
485,FERNVALE DRIVE,790485,FERNVALE OASIS,1.39952398160981,103.876773080622,name_change,NIL,1.39952398160981,103.876773080622,
553,BELGRAVIA DRIVE,808100,BELGRAVIA ACE (U/C),1.38104138704942,103.865442525952,name_change,BELGRAVIA ACE,1.38104138704942,103.865442525952,
485A,FERNVALE DRIVE,791485,FERNVALE OASIS,1.39945056434308,103.876976641799,name_change,NIL,1.39945056434308,103.876976641799,
519,BELGRAVIA DRIVE,808083,BELGRAVIA ACE (U/C),1.38128857289683,103.865505886285,name_change,BELGRAVIA ACE,1.38128857289683,103.865505886285,
85,PHOENIX AVENUE,668385,PHOENIX RESIDENCES,1.37547898050058,103.757439743986,name_change,PHOENIX RESIDENCES (U/C),1.37547898050058,103.757439743986,
19,POLLEN WALK,807475,POLLEN COLLECTION (U/C),1.38223621937353,103.859473487122,name_change,POLLEN COLLECTION,1.38223621937353,103.859473487122,
7,JALAN ANAK BUKIT,589602,THE RESERVE RESIDENCES (U/C),1.33925969146384,103.777399760922,name_change,THE RESERVE RESIDENCES,1.33925969146384,103.777399760922,
14,POLLEN VIEW,806855,POLLEN COLLECTION (U/C),1.38043215684734,103.859082504153,name_change,POLLEN COLLECTION,1.38043215684734,103.859082504153,
63,COMMONWEALTH AVENUE WEST,130063,ULU PANDAN VISTA,1.31182953718649,103.779754780955,name_change,NIL,1.31182953718649,103.779754780955,
19,POLLEN PLACE,807279,POLLEN COLLECTION (U/C),1.3814935264927,103.859275862923,name_change,POLLEN COLLECTION,1.3814935264927,103.859275862923,
20,COLLEGE AVENUE WEST,138529,NUS COLLEGE,1.30705741093022,103.772529916797,name_change,YALE-NUS COLLEGE CAMPUS,1.30705741093022,103.772529916797,
14,POLLEN PLACE,807206,POLLEN COLLECTION (U/C),1.38105435761026,103.859095991827,name_change,POLLEN COLLECTION,1.38105435761026,103.859095991827,
291B,JURONG EAST STREET 24,602291,JURONG EAST BREEZE,1.34341583048324,103.744086035589,name_change,NIL,1.34341583048324,103.744086035589,
8,POLLEN VIEW,806852,POLLEN COLLECTION (U/C),1.38038818639121,103.858925600966,name_change,POLLEN COLLECTION,1.38038818639121,103.858925600966,
1999,LORONG 8 TOA PAYOH,319258,TOA PAYOH SOUTH COMMUNITY CLUB,1.33489037473653,103.859378974667,name_change,TOA PAYOH SOUTH COMMUNITY CLUB (PENDING RELOCATION),1.33489037473653,103.859378974667,
33B,PARBURY AVENUE,465443,THE LOOKOUT (U/C),1.31717780107335,103.942893899228,name_change,THE LOOKOUT,1.31717780107335,103.942893899228,
20,PLANTATION CLOSE,690096,OTTO PLACE (U/C),1.34793735286897,103.736758778262,name_change,OTTO PLACE,1.34793735286897,103.736758778262,
215,PONGGOL SEVENTEENTH AVENUE,829714,WHITE COVE (U/C),1.41493886602854,103.903095443621,name_change,WHITE COVE,1.41493886602854,103.903095443621,
527A,YISHUN STREET 53,761527,ARANDA BREEZE @ YISHUN,1.42322072679567,103.852811426965,name_change,NIL,1.42322072679567,103.852811426965,
529A,YISHUN STREET 53,761529,ARANDA BREEZE @ YISHUN,1.42432273945436,103.853145277598,name_change,NIL,1.42432273945436,103.853145277598,
519A,MILTONIA CLOSE,761519,MILTONIA BREEZE @ YISHUN,1.41928906498783,103.850240361199,name_change,NIL,1.41928906498783,103.850240361199,
435,BELGRAVIA DRIVE,807804,BELGRAVIA ACE (U/C),1.38164494829168,103.864466747971,name_change,BELGRAVIA ACE,1.38164494829168,103.864466747971,
845,YISHUN STREET 81,760845,KHATIB CENTRAL,1.4160188050375,103.835000766612,name_change,KAHTIB CENTRAL,1.4160188050375,103.835000766612,
165A,JALAN LOYANG BESAR,509836,THE SHOREFRONT (U/C),1.3791551466529,103.960109613673,name_change,THE SHOREFRONT,1.3791551466529,103.960109613673,
36,POLLEN VIEW,806990,POLLEN COLLECTION (U/C),1.38060215409346,103.859689113486,name_change,POLLEN COLLECTION,1.38060215409346,103.859689113486,
37,NORTH CANAL ROAD,59293,HABYT CLARKE QUAY,1.2870554646758,103.847101670945,name_change,CHAMPION HOTEL CITY,1.2870554646758,103.847101670945,
39,PARBURY AVENUE,465450,THE LOOKOUT (U/C),1.31746172196764,103.942878758118,name_change,THE LOOKOUT,1.31746172196764,103.942878758118,
16,POLLEN VIEW,806856,POLLEN COLLECTION (U/C),1.38044665755086,103.859134247746,name_change,POLLEN COLLECTION,1.38044665755086,103.859134247746,
463,BELGRAVIA DRIVE,807914,BELGRAVIA ACE (U/C),1.38172991632519,103.865406360437,name_change,BELGRAVIA ACE,1.38172991632519,103.865406360437,
63,MEDIA CIRCLE,139816,BLOOMSBURY RESIDENCES (U/C),1.29444235984052,103.79512874632,name_change,BLOOMSBURY RESIDENCES,1.29444235984052,103.79512874632,
529,BELGRAVIA DRIVE,808088,BELGRAVIA ACE (U/C),1.38121472044273,103.865898149261,name_change,BELGRAVIA ACE,1.38121472044273,103.865898149261,
26,POLLEN VIEW,806985,POLLEN COLLECTION (U/C),1.38052917818168,103.859428711931,name_change,POLLEN COLLECTION,1.38052917818168,103.859428711931,
473,BELGRAVIA DRIVE,807919,BELGRAVIA ACE (U/C),1.38166007601212,103.865776899923,name_change,BELGRAVIA ACE,1.38166007601212,103.865776899923,
433,BELGRAVIA DRIVE,807803,BELGRAVIA ACE (U/C),1.38163415397796,103.864524101431,name_change,BELGRAVIA ACE,1.38163415397796,103.864524101431,
31D,PARBURY AVENUE,465440,THE LOOKOUT (U/C),1.31719023928964,103.943336517566,name_change,THE LOOKOUT,1.31719023928964,103.943336517566,
27,POLLEN WALK,807479,POLLEN COLLECTION (U/C),1.38233490512264,103.859681031639,name_change,POLLEN COLLECTION,1.38233490512264,103.859681031639,
557,BELGRAVIA DRIVE,808102,BELGRAVIA ACE (U/C),1.38107134350773,103.86528357396,name_change,BELGRAVIA ACE,1.38107134350773,103.86528357396,
29D,PARBURY AVENUE,465436,THE LOOKOUT (U/C),1.31731007834746,103.943316052515,name_change,THE LOOKOUT,1.31731007834746,103.943316052515,
17,POLLEN VIEW,807179,POLLEN COLLECTION (U/C),1.38085748736181,103.85919523289,name_change,POLLEN COLLECTION,1.38085748736181,103.85919523289,
22,LENTOR CENTRAL,788877,HILLOCK GREEN (U/C),1.38509631948606,103.833849401084,name_change,HILLOCK GREEN,1.38509631948606,103.833849401084,
2,POLLEN CRESCENT,807480,POLLEN COLLECTION (U/C),1.38292202816602,103.859368952901,name_change,POLLEN COLLECTION,1.38292202816602,103.859368952901,
517,BELGRAVIA DRIVE,808082,BELGRAVIA ACE (U/C),1.38129947618239,103.865448339733,name_change,BELGRAVIA ACE,1.38129947618239,103.865448339733,
113,BUKIT BATOK WEST AVENUE 8,659858,ALTURA (U/C),1.35943485657108,103.74186955616,name_change,ALTURA,1.35943485657108,103.74186955616,
526B,YISHUN STREET 53,762526,ARANDA BREEZE @ YISHUN,1.42329803319593,103.853424633343,name_change,NIL,1.42329803319593,103.853424633343,
23,POLLEN CRESCENT,807531,POLLEN COLLECTION (U/C),1.38228568047814,103.859044872755,name_change,POLLEN COLLECTION,1.38228568047814,103.859044872755,
46A,BEDOK SOUTH AVENUE 3,461046,BEDOK SOUTH BLOSSOMS,1.32137675563342,103.943315866925,name_change,NIL,1.32137675563342,103.943315866925,
35,FLORA DRIVE,509906,KASSIA (U/C),1.35709630624257,103.965501900375,name_change,KASSIA,1.35709630624257,103.965501900375,
21,LORONG K TELOK KURAU,425617,K SUITES (U/C),1.31259475279896,103.907889140249,name_change,K SUITES,1.31259475279896,103.907889140249,
30,PLANTATION CLOSE,690090,OTTO PLACE (U/C),1.34793735286897,103.736758778262,name_change,OTTO PLACE,1.34793735286897,103.736758778262,
1,HAIG LANE,438803,ROYAL HALLMARK,1.30907421145446,103.898319919507,name_change,ROYAL HALLMARK (U/C),1.30907421145446,103.898319919507,
525,BELGRAVIA DRIVE,808086,BELGRAVIA ACE (U/C),1.38124963376781,103.865713180232,name_change,BELGRAVIA ACE,1.38124963376781,103.865713180232,
628A,YEW TEE CLOSE,681628,HEART OF YEW TEE,1.39739412482995,103.74605587408,name_change,NIL,1.39739412482995,103.74605587408,
50,JURONG ISLAND HIGHWAY,627877,NIL,1.2805727238784,103.715853150469,location_change,NIL,1.28176147502858,103.718748794438,347.98312654587124
6,POLLEN PLACE,807202,POLLEN COLLECTION (U/C),1.38099649218381,103.858890611757,name_change,POLLEN COLLECTION,1.38099649218381,103.858890611757,
423,BELGRAVIA DRIVE,807798,BELGRAVIA ACE (U/C),1.38156006325228,103.864917232113,name_change,BELGRAVIA ACE,1.38156006325228,103.864917232113,
293,JURONG EAST STREET 24,600293,JURONG EAST BREEZE,1.3435002948629,103.74443924567,name_change,NIL,1.3435002948629,103.74443924567,
205A,QUEEN'S CRESCENT,141205,QUEENSWAY CANOPY,1.29074817992701,103.799818753796,name_change,NIL,1.29074817992701,103.799818753796,
3,POLLEN PLACE,807236,POLLEN COLLECTION (U/C),1.38137695452645,103.858860267703,name_change,POLLEN COLLECTION,1.38137695452645,103.858860267703,
30,POLLEN VIEW,806987,POLLEN COLLECTION (U/C),1.38055842373224,103.859533068649,name_change,POLLEN COLLECTION,1.38055842373224,103.859533068649,
39,FLORA DRIVE,509919,KASSIA (U/C),1.35709630624257,103.965501900375,name_change,KASSIA,1.35709630624257,103.965501900375,
26,COLLEGE AVENUE WEST,138532,NUS COLLEGE,1.30789140001494,103.772683674139,name_change,YALE-NUS COLLEGE CAMPUS,1.30789140001494,103.772683674139,
25,POLLEN WALK,807478,POLLEN COLLECTION (U/C),1.3823091781993,103.859620689758,name_change,POLLEN COLLECTION,1.3823091781993,103.859620689758,
16D,FARRER PARK ROAD,214016,FARRER PARK FIELDS,1.31107251473053,103.851019625812,name_change,NIL,1.31107251473053,103.851019625812,
22,CROSS STREET,48421,NIL,1.28423869111672,103.846705363258,name_change,CROSS STREET EXCHANGE,1.28423869111672,103.846705363258,
1,MARINA GARDENS LANE,19921,ONE MARINA GARDENS (U/C),1.27580060851268,103.862936192351,name_change,ONE MARINA GARDENS,1.27580060851268,103.862936192351,
101,PLANTATION CLOSE,690101,PLANTATION VERGE,1.35033776500774,103.734616669723,name_change,NIL,1.35033776500774,103.734616669723,
294,JURONG EAST STREET 24,600294,JURONG EAST BREEZE,1.34319388383525,103.74446926302,name_change,NIL,1.34319388383525,103.74446926302,
28,POLLEN VIEW,806986,POLLEN COLLECTION (U/C),1.38054388690626,103.85948119586,name_change,POLLEN COLLECTION,1.38054388690626,103.85948119586,
523,BELGRAVIA DRIVE,808085,BELGRAVIA ACE (U/C),1.38126370904581,103.865637664797,name_change,BELGRAVIA ACE,1.38126370904581,103.865637664797,
1,PRINCE EDWARD ROAD,69834,THE SKYWATERS (U/C),1.27576865091487,103.847251003733,name_change,THE SKYWATERS,1.27576865091487,103.847251003733,
419C,FERNVALE LINK,793419,FERNVALE SAILS,1.39406414560515,103.880156321116,name_change,NIL,1.39406414560515,103.880156321116,
113A,BUKIT BATOK WEST AVENUE 6,651113,NKF DIALYSIS CENTRE,1.34985034118806,103.745279954109,name_change,SKY VISTA @ BUKIT BATOK,1.34995908935029,103.745361698743,
522C,YISHUN STREET 53,763522,VANDA BREEZE @ YISHUN,1.42192219591661,103.852144033721,name_change,NIL,1.42192219591661,103.852144033721,
404B,JURONG WEST STREET 42,642404,JURONG ARCADIA,1.35404858805182,103.724078161362,name_change,NIL,1.35404858805182,103.724078161362,
25,JANSEN ROAD,548429,JANSEN HOUSE (U/C),1.35984838451574,103.876534204601,name_change,JANSEN HOUSE,1.35984838451574,103.876534204601,
591,WOODLANDS DRIVE 17,730591,WOODLANDS SOUTH PLAINS,1.42639164403187,103.795515770647,name_change,NIL,1.42639164403187,103.795515770647,
439,BELGRAVIA DRIVE,807806,BELGRAVIA ACE (U/C),1.38188737833999,103.864570969959,name_change,BELGRAVIA ACE,1.38188737833999,103.864570969959,
206,QUEEN'S CRESCENT,140206,QUEENSWAY CANOPY,1.29175154761495,103.799474350355,name_change,NIL,1.29175154761495,103.799474350355,
70A,BEDOK RESERVOIR ROAD,479312,EUNOS COMMUNITY CLUB (TEMP OFFICE),1.33230754120576,103.913455267951,name_change,TEMPORARY SITE OFFICE,1.33242605678847,103.913396070774,
201,CHESTNUT AVENUE,679525,NIL,1.37168064590228,103.779806932515,location_change,NIL,1.37749613665976,103.777438972627,698.1761120048952
411,BELGRAVIA DRIVE,807709,BELGRAVIA ACE (U/C),1.38139412086788,103.864945659761,name_change,BELGRAVIA ACE,1.38139412086788,103.864945659761,
195B,SERANGOON ROAD,218067,THE QUAY HOTEL LITTLE INDIA,1.30917901197119,103.853224451135,name_change,BROADWAY HOTEL,1.30917901197119,103.853224451135,
39A,PARBURY AVENUE,465451,THE LOOKOUT (U/C),1.31753694792912,103.942880914613,name_change,THE LOOKOUT,1.31753694792912,103.942880914613,
2,OWEN ROAD,218842,OWEN HOUSE BY HABYT,1.31170733332103,103.854953206249,name_change,NIL,1.31170733332103,103.854953206249,
28,COLLEGE AVENUE WEST,138533,NUS COLLEGE,1.30798323455178,103.772253905877,name_change,YALE-NUS COLLEGE CAMPUS,1.30798323455178,103.772253905877,
105,BEDOK NORTH AVENUE 4,460105,NKF DIALYSIS CENTRE,1.33368859457924,103.936473903592,name_change,PEARL GARDEN,1.33372280929,103.936517719048,
299,LORONG 6 TOA PAYOH,319390,NIL,1.33028857436685,103.851567502968,name_change,TOA PAYOH SPORTS HALL,1.33028857436685,103.851567502968,
160,LORONG 6 TOA PAYOH,319380,TOA PAYOH EAST COMMUNITY CLUB,1.33631536496443,103.854848437202,name_change,TOA PAYOH EAST COMMUNITY CLUB (PENDING RELOCATION),1.33631536496443,103.854848437202,
4,POLLEN WALK,807285,POLLEN COLLECTION (U/C),1.38167086663707,103.858858160544,name_change,POLLEN COLLECTION,1.38167086663707,103.858858160544,
503,BELGRAVIA DRIVE,807965,BELGRAVIA ACE (U/C),1.38143026871627,103.865608407123,name_change,BELGRAVIA ACE,1.38143026871627,103.865608407123,
48A,BEDOK SOUTH AVENUE 3,461048,BEDOK SOUTH BLOSSOMS,1.32317828263286,103.943617153822,name_change,NIL,1.32317828263286,103.943617153822,
26A,CAVAN ROAD,209854,NEST HOTEL,1.31087924800926,103.861821440459,name_change,HOTEL SNOW LAVENDER,1.31087924800926,103.861821440459,
20,POLLEN VIEW,806858,POLLEN COLLECTION (U/C),1.38047577337032,103.859238142362,name_change,POLLEN COLLECTION,1.38047577337032,103.859238142362,
3A,AVIATION PARK ROAD,499979,TEMPORARY SITE OFFICE,1.36845813068753,104.011492234086,name_change,NIL,1.36845813068753,104.011492234086,
51,JOO CHIAT ROAD,427373,AQUEEN HERITAGE HOTEL - JOO CHIAT,1.31498200860554,103.89862059683,name_change,AM HOTEL,1.31498200860554,103.89862059683,
29,PARBURY AVENUE,465432,THE LOOKOUT (U/C),1.31730922418099,103.943041100739,name_change,THE LOOKOUT,1.31730922418099,103.943041100739,
181,HAIG ROAD,438780,ARDOR RESIDENCE (U/C),1.30641753986541,103.899438706866,name_change,ARDOR RESIDENCE,1.30641753986541,103.899438706866,
516B,MILTONIA CLOSE,762516,MILTONIA BREEZE @ YISHUN,1.41954282954133,103.849581475992,name_change,NIL,1.41954282954133,103.849581475992,
60,KHEAM HOCK ROAD,298824,DUNEARN ESTATE,1.32972931832858,103.820143577883,name_change,NIL,1.32974821068208,103.820116625365,
297C,LORONG 6 TOA PAYOH,319389,NIL,1.33021801545927,103.85195095117,name_change,SINGAPORE TABLE TENNIS ACADEMY,1.33025700558676,103.851966024301,
