blk_no,street,postal_code,name,lat,lon,change_type,prev_name,prev_lat,prev_lon,location_change_meters
59,MARINA COASTAL DRIVE,19964,NIL,1.26797299807086,103.859122035309,new_building,,,,
70,TELOK AYER STREET,48458,AMOY HOTEL,1.28303335965486,103.848666383796,new_building,,,,
3,PRINCE EDWARD ROAD,69835,THE SKYWATERS,1.27572262809462,103.847266612595,new_building,,,,
8A,SHENTON WAY,69846,THE SKYWATERS,1.27572262809462,103.847266612595,new_building,,,,
69,SCIENCE PARK DRIVE,119317,LYNDENWOODS (U/C),1.29132682464133,103.788260858007,new_building,,,,
437,CLEMENTI CLOSE,120437,CLEMENTI EMERALD,1.31664918422922,103.762051682614,new_building,,,,
438,CLEMENTI CLOSE,120438,CLEMENTI EMERALD,1.31729073830566,103.762656171406,new_building,,,,
437A,CLEMENTI CLOSE,121437,CLEMENTI EMERALD,1.31647266685186,103.762961522245,new_building,,,,
438A,CLEMENTI CLOSE,121438,CLEMENTI EMERALD,1.31686971326399,103.762723628508,new_building,,,,
437B,CLEMENTI CLOSE,122437,CLEMENTI EMERALD,1.31662373060985,103.762393868662,new_building,,,,
438B,CLEMENTI CLOSE,122438,CLEMENTI EMERALD,1.31725205617556,103.762959005306,new_building,,,,
64,FABER WALK,129624,FABER RESIDENCE (U/C),1.32266425545534,103.753872307473,new_building,,,,
66,FABER WALK,129625,FABER RESIDENCE (U/C),1.32276138463463,103.753476073315,new_building,,,,
68,FABER WALK,129626,FABER RESIDENCE (U/C),1.3226391247454,103.753326277681,new_building,,,,
70,FABER WALK,129627,FABER RESIDENCE (U/C),1.32251285476178,103.753171061755,new_building,,,,
2,CLEMENTI CLOSE,129634,CLEMENTI POLYCLINIC,1.31703025735992,103.763480642855,new_building,,,,
2,CLEMENTI CLOSE,129634,NATIONAL HEALTHCARE GROUP POLYCLINICS (CLEMENTI POLYCLINIC),1.31703355684198,103.763506485103,new_building,,,,
54,FABER WALK,129849,FABER RESIDENCE (U/C),1.32250577329919,103.754273623469,new_building,,,,
56,FABER WALK,129850,FABER RESIDENCE (U/C),1.3223835134567,103.754123827807,new_building,,,,
58,FABER WALK,129851,FABER RESIDENCE (U/C),1.32225724352152,103.753968611854,new_building,,,,
60,FABER WALK,129852,FABER RESIDENCE (U/C),1.32241572562963,103.753567295882,new_building,,,,
62,FABER WALK,129853,FABER RESIDENCE (U/C),1.32254199558927,103.753722511823,new_building,,,,
185,MEI CHIN ROAD,140185,STIRLING HORIZON,1.29200741192021,103.800962553555,new_building,,,,
186,MEI CHIN ROAD,140186,STIRLING HORIZON,1.29166535542444,103.801236930997,new_building,,,,
187,MEI CHIN ROAD,140187,STIRLING HORIZON,1.29301990039928,103.801810807466,new_building,,,,
189,MEI CHIN ROAD,140189,STIRLING HORIZON,1.29381487720351,103.801889533735,new_building,,,,
190,MEI CHIN ROAD,140190,STIRLING HORIZON,1.29413953888947,103.802034176316,new_building,,,,
186A,MEI CHIN ROAD,141186,STIRLING HORIZON,1.29206919022228,103.801396859311,new_building,,,,
187A,MEI CHIN ROAD,141187,STIRLING HORIZON,1.29333044071733,103.801842672075,new_building,,,,
186B,MEI CHIN ROAD,142186,STIRLING HORIZON,1.29272711304594,103.801627215937,new_building,,,,
523,UPPER CHANGI ROAD,142945,NIL,1.33553516929138,103.952775835916,new_building,,,,
70,MARGARET DRIVE,149926,PENRITH (U/C),1.29617826940302,103.808766507183,new_building,,,,
72,MARGARET DRIVE,149927,PENRITH (U/C),1.29575849316746,103.808695216483,new_building,,,,
9,KIM SENG ROAD,169555,ZYON GRAND (U/C),1.29057222318949,103.833663072327,new_building,,,,
7,KIM SENG ROAD,169556,ZYON GALLERIA,1.29057222318949,103.833663072327,new_building,,,,
5,KIM SENG ROAD,169557,ZYON GRAND (U/C),1.29057222318949,103.833663072327,new_building,,,,
3,KIM SENG ROAD,169558,ZYON GRAND (U/C),1.29057222318949,103.833663072327,new_building,,,,
1,ZION PROMENADE,169564,PROMENADE PEAK (U/C),1.29157008048749,103.833142480825,new_building,,,,
253,VICTORIA STREET,188068,BUGIS VILLAGE,1.30090252607461,103.855262679246,new_building,,,,
65,QUEEN STREET,188544,BUGIS VILLAGE,1.30089736824545,103.854869709434,new_building,,,,
66,QUEEN STREET,188545,BUGIS VILLAGE,1.30089736824545,103.854869709434,new_building,,,,
67,QUEEN STREET,188546,BUGIS VILLAGE,1.30089736824545,103.854869709434,new_building,,,,
20,CRAWFORD STREET,190020,CRAWFORD HEIGHTS,1.30563432294019,103.864739448575,new_building,,,,
21,CRAWFORD STREET,190021,CRAWFORD HEIGHTS,1.30501456390922,103.864674954432,new_building,,,,
20A,CRAWFORD STREET,191020,CRAWFORD HEIGHTS,1.30519457504196,103.864786099367,new_building,,,,
598,SERANGOON ROAD,218210,NIL,1.31522075766025,103.858397109361,new_building,,,,
100A,NORFOLK ROAD,219833,NIL,1.31570075546604,103.847354541269,new_building,,,,
23,HERTFORD ROAD,219907,NIL,1.31315416408335,103.848215870566,new_building,,,,
27,HERTFORD ROAD,219908,NIL,1.31324129713639,103.848303346261,new_building,,,,
29,MACKENZIE ROAD,228683,MACKENZIE REGENCY,1.30465722284432,103.849480361389,new_building,,,,
7,UNITY STREET,239591,THE ROBERTSON OPUS (U/C),1.29192554149368,103.841540921931,new_building,,,,
9,UNITY STREET,239592,THE ROBERTSON OPUS (U/C),1.29192554149368,103.841540921931,new_building,,,,
13,UNITY STREET,239593,THE ROBERTSON OPUS (U/C),1.29192554149368,103.841540921931,new_building,,,,
15,UNITY STREET,239594,THE ROBERTSON OPUS (U/C),1.29192554149368,103.841540921931,new_building,,,,
17,UNITY STREET,239595,ROBERTSON WALK,1.29173909592834,103.841194495006,new_building,,,,
11,RIVER VALLEY GREEN,239637,RIVER GREEN (U/C),1.29477065384575,103.833209033497,new_building,,,,
111,TANGLIN ROAD,240111,ALEXANDRA VISTA,1.29343629413741,103.81622390245,new_building,,,,
112,TANGLIN ROAD,240112,ALEXANDRA VISTA,1.29304343218374,103.81674358779,new_building,,,,
111A,TANGLIN ROAD,241111,ALEXANDRA VISTA,1.29370691110386,103.816326985176,new_building,,,,
112A,TANGLIN ROAD,241112,ALEXANDRA VISTA,1.29292792023667,103.817179588292,new_building,,,,
111B,TANGLIN ROAD,242111,ALEXANDRA VISTA,1.29313079573355,103.816174023979,new_building,,,,
1,ZION CLOSE,247811,MILL POINT,1.29290709268773,103.830450365955,new_building,,,,
7A,TANGLIN HILL,248042,TANGLIN BRUNEI HOSTEL,1.30250096960999,103.813976677975,new_building,,,,
6,ROBIN DRIVE,259035,THE GIVERNY RESIDENCES (U/C),1.31899080448526,103.827575722615,new_building,,,,
90,FERNHILL ROAD,259131,LADYHILL PARK,1.31181048077139,103.823534083764,new_building,,,,
67,HOLLAND VILLAGE WAY,270067,HOLLAND VISTA,1.31049760838052,103.793732082564,new_building,,,,
68,HOLLAND VILLAGE WAY,270068,HOLLAND VISTA,1.31084413667355,103.793148897517,new_building,,,,
68A,HOLLAND VILLAGE WAY,271068,HOLLAND VISTA,1.31027378807376,103.793193787236,new_building,,,,
23A,MAPLE AVENUE,278529,EDEN PARK,1.33009079564825,103.791924874155,new_building,,,,
444,HOLLAND ROAD,279216,BAN GUAN PARK,1.32276118629116,103.784007423333,new_building,,,,
79A,HILLCREST ROAD,289359,NIL,1.33187850227672,103.807635780201,new_building,,,,
15,JALAN SEJARAH,299061,CAPITOL PARK (15),1.3291961824587,103.816887678573,new_building,,,,
60A,KHEAM HOCK ROAD,299165,DUNEARN ESTATE,1.32978660619863,103.820134272782,new_building,,,,
2,MOULMEIN ROAD,308076,NIL,1.32030365621302,103.851174739453,new_building,,,,
2,MOULMEIN ROAD,308076,BLK 800,1.31966496445997,103.850946409013,new_building,,,,
2,MOULMEIN ROAD,308076,BLK 804,1.32058716971891,103.850894074987,new_building,,,,
2,MOULMEIN ROAD,308076,BLK 805,1.3204936004681,103.851342468592,new_building,,,,
2,MOULMEIN ROAD,308076,BLK 806,1.32062106762195,103.851843423249,new_building,,,,
2,MOULMEIN ROAD,308076,BLK 807,1.32041864755958,103.85188443565,new_building,,,,
2,MOULMEIN ROAD,308076,BLK 811,1.31967227985675,103.851267084937,new_building,,,,
2,MOULMEIN ROAD,308076,BLK 812,1.31963958405826,103.851609154283,new_building,,,,
2,MOULMEIN ROAD,308076,BLK 870,1.32123957585086,103.850648239242,new_building,,,,
2,MOULMEIN ROAD,308076,BLK 871,1.3208000550058,103.851363802238,new_building,,,,
2,MOULMEIN ROAD,308076,BLK 872,1.32043705529536,103.850480257866,new_building,,,,
2,MOULMEIN ROAD,308076,BLK 873,1.3208667951611,103.850485493585,new_building,,,,
2,MOULMEIN ROAD,308076,BLK 874,1.32124694150445,103.850445068383,new_building,,,,
2,MOULMEIN ROAD,308076,BLK 874A,1.32104688588146,103.850340546427,new_building,,,,
2,MOULMEIN ROAD,308076,BLK 876,1.32167696221938,103.851222018292,new_building,,,,
2,MOULMEIN ROAD,308076,BLK 878,1.32250834680383,103.850813154494,new_building,,,,
2,MOULMEIN ROAD,308076,BLK 891,1.31963911982397,103.850019813667,new_building,,,,
2,MOULMEIN ROAD,308076,BLK 892,1.31986145557397,103.849978509432,new_building,,,,
2,MOULMEIN ROAD,308076,BLK 893,1.3203122276973,103.850067244645,new_building,,,,
2,MOULMEIN ROAD,308076,BLK 801,1.31949588635718,103.849974805986,new_building,,,,
2,MOULMEIN ROAD,308076,BLK 802,1.31997261862954,103.85079553328,new_building,,,,
2,MOULMEIN ROAD,308076,BLK 803,1.32022831661368,103.850332523353,new_building,,,,
2,MOULMEIN ROAD,308076,BLK 803A,1.32014579793837,103.850525426065,new_building,,,,
2,MOULMEIN ROAD,308076,BLK 808,1.32040964099871,103.851543397222,new_building,,,,
2,MOULMEIN ROAD,308076,BLK 809,1.32027246591016,103.851373893282,new_building,,,,
2,MOULMEIN ROAD,308076,BLK 810,1.32009900533088,103.851164903157,new_building,,,,
2,MOULMEIN ROAD,308076,BLK 813,1.31989729910989,103.851956035088,new_building,,,,
2,MOULMEIN ROAD,308076,BLK 814,1.31961884886698,103.852466985662,new_building,,,,
2,MOULMEIN ROAD,308076,BLK 815,1.31973076539898,103.852607755142,new_building,,,,
2,MOULMEIN ROAD,308076,BLK 871B,1.32101783477649,103.851395776766,new_building,,,,
2,MOULMEIN ROAD,308076,BLK 875,1.32153449516762,103.850292883349,new_building,,,,
2,MOULMEIN ROAD,308076,BLK 876A,1.32138523854126,103.851249341136,new_building,,,,
2,MOULMEIN ROAD,308076,BLK 877,1.32214573380323,103.85086356394,new_building,,,,
2,MOULMEIN ROAD,308076,BLK 879,1.32229338428733,103.85112606353,new_building,,,,
2,MOULMEIN ROAD,308076,BLK 890,1.31966629759975,103.850666803607,new_building,,,,
2,MOULMEIN ROAD,308076,BLK 894,1.32042570209861,103.849896524008,new_building,,,,
2A,JALAN PASIRAN,309297,NIL,1.3189417872467,103.837371433601,new_building,,,,
4,JALAN PASIR RIA,309313,NIL,1.31889798544223,103.837464014124,new_building,,,,
4A,JALAN PASIR RIA,309314,NIL,1.31886099249219,103.837542202362,new_building,,,,
10,CHANCERY HILL ROAD,309651,NIL,1.32490441739295,103.839076136395,new_building,,,,
10A,CHANCERY HILL ROAD,309652,NIL,1.3249498477959,103.839057826928,new_building,,,,
16,DYSON ROAD,309738,NIL,1.32501772540441,103.839266824811,new_building,,,,
8A,CHANCERY HILL ROAD,309831,NIL,1.3248571981644,103.839086213472,new_building,,,,
231,LAVENDER STREET,338779,NIL,1.31484790720171,103.859425468029,new_building,,,,
233,LAVENDER STREET,338780,NIL,1.31488735518082,103.859394401775,new_building,,,,
235,LAVENDER STREET,338781,NIL,1.314919735322,103.859368414815,new_building,,,,
51,ALKAFF CRESCENT,349994,BIDADARI POLYCLINIC AND ORANGE VALLEY NURSING HOME,1.33695589269021,103.875100372666,new_building,,,,
51,ALKAFF CRESCENT,349994,NATIONAL HEALTHCARE GROUP POLYCLINICS (BIDADARI POLYCLINIC),1.33692717938356,103.875090268295,new_building,,,,
51,ALKAFF CRESCENT,349994,ORANGE VALLEY NURSING HOME (BIDADARI),1.33699178458959,103.875113449306,new_building,,,,
3A,MELROSE DRIVE,359564,BRADDELL HEIGHTS ESTATE,1.34806665665648,103.864864201964,new_building,,,,
3B,MELROSE DRIVE,359575,BRADDELL HEIGHTS ESTATE,1.34817585944666,103.864773637043,new_building,,,,
115,UPPER ALJUNIED ROAD,367858,BIDADARI PARK CARPARK,1.33920313062044,103.875209943697,new_building,,,,
135,MERPATI ROAD,370135,MERPATI ALCOVE,1.32713410510961,103.881633808549,new_building,,,,
136,MERPATI ROAD,370136,MERPATI ALCOVE,1.32650957507866,103.883052663116,new_building,,,,
135A,MERPATI ROAD,371135,MERPATI ALCOVE,1.3272018308678,103.880966947637,new_building,,,,
136A,MERPATI ROAD,371136,MERPATI ALCOVE,1.32625125043468,103.88348222923,new_building,,,,
43B,LORONG 25 GEYLANG,388309,UNION TROVE,1.31476605478417,103.882298105994,new_building,,,,
43A,LORONG 25 GEYLANG,388309,UNION TROVE,1.31476605478417,103.882298105994,new_building,,,,
18,JALAN DAMAI,418000,KAKI BUKIT POLYCLINIC,1.33360757028569,103.90999012933,new_building,,,,
18,JALAN DAMAI,418000,LENTOR HEALTH NURSING HOME (KAKI BUKIT),1.33347851792612,103.909972559027,new_building,,,,
18,JALAN DAMAI,418000,SINGHEALTH POLYCLINICS (KAKI BUKIT POLYCLINIC),1.33364970020935,103.909955120126,new_building,,,,
68A,JALAN SELAMAT,419383,KIMNAN PARK,1.32620464463369,103.915582646734,new_building,,,,
3,JALAN GRISEK,419429,NIL,1.32524192181059,103.916992607073,new_building,,,,
9A,JALAN KRIAN,419625,NIL,1.32443859262476,103.916668915794,new_building,,,,
3A,JALAN GRISEK,419671,NIL,1.32520411737602,103.91705820645,new_building,,,,
72,LANGSAT ROAD,426739,NIL,1.31521021329006,103.902842637265,new_building,,,,
92,MEYER ROAD,438584,NIL,1.29787324578686,103.893052280555,new_building,,,,
10,FOUNDERS DRIVE,438585,FOUNDERS' MEMORIAL,1.28899993874357,103.869656314982,new_building,,,,
13,JALAN NURI,438661,NIL,1.29823835644396,103.89290073566,new_building,,,,
47,MEYER ROAD,438662,NIL,1.29658357614391,103.885890481952,new_building,,,,
101A,MARINE PARADE ROAD,449972,NIL,1.3045710281472,103.908025722796,new_building,,,,
33B,WOO MON CHEW ROAD,456285,NIL,1.31647671504911,103.929276321192,new_building,,,,
133A,UPPER EAST COAST ROAD,456341,NIL,1.31397385040191,103.930134228373,new_building,,,,
26C,SIGLAP ROAD,456827,MARINE GARDEN,1.31122269638048,103.92548220895,new_building,,,,
911,BAYSHORE STREET,460911,BAYSHORE VISTA,1.31375126968076,103.946446622606,new_building,,,,
912,BAYSHORE STREET,460912,BAYSHORE VISTA,1.313392078507,103.946555481344,new_building,,,,
913,BAYSHORE STREET,460913,BAYSHORE VISTA,1.31275165877252,103.946555613266,new_building,,,,
914,BAYSHORE STREET,460914,BAYSHORE PALMS,1.31542551757733,103.945447380085,new_building,,,,
915,BAYSHORE STREET,460915,BAYSHORE PALMS,1.31491722522744,103.945972378629,new_building,,,,
916,BAYSHORE STREET,460916,BAYSHORE PALMS,1.31451801318179,103.944920954773,new_building,,,,
911A,BAYSHORE STREET,461911,BAYSHORE VISTA,1.31403525029124,103.946189815615,new_building,,,,
912A,BAYSHORE STREET,461912,BAYSHORE VISTA,1.31319171257396,103.946274938838,new_building,,,,
914A,BAYSHORE STREET,461914,BAYSHORE PALMS,1.31501908512726,103.94482207556,new_building,,,,
915A,BAYSHORE STREET,461915,BAYSHORE PALMS,1.31516443264412,103.945955700115,new_building,,,,
916A,BAYSHORE STREET,461916,BAYSHORE PALMS,1.31482300480407,103.945230110517,new_building,,,,
911B,BAYSHORE STREET,462911,BAYSHORE VISTA,1.31355090428618,103.946166080337,new_building,,,,
912B,BAYSHORE STREET,462912,BAYSHORE VISTA,1.31299426968515,103.945634034803,new_building,,,,
915B,BAYSHORE STREET,462915,BAYSHORE PALMS,1.31450986650245,103.946032257691,new_building,,,,
916B,BAYSHORE STREET,462916,BAYSHORE PALMS,1.31439316936174,103.945259803832,new_building,,,,
911C,BAYSHORE STREET,463911,BAYSHORE VISTA,1.31385449810468,103.94558812482,new_building,,,,
912C,BAYSHORE STREET,463912,BAYSHORE VISTA,1.31335221035622,103.945532644247,new_building,,,,
109,TANAH MERAH KECHIL ROAD SOUTH,468466,NIL,1.32298417938394,103.946155085899,new_building,,,,
111,TANAH MERAH KECHIL ROAD SOUTH,468467,NIL,1.32292824757102,103.9461745651,new_building,,,,
113,TANAH MERAH KECHIL ROAD SOUTH,468468,NIL,1.32287451289771,103.94620243505,new_building,,,,
523A,UPPER CHANGI ROAD,488478,NIL,1.33555619698247,103.952823706114,new_building,,,,
523C,UPPER CHANGI ROAD,488479,NIL,1.33556689846406,103.952864566481,new_building,,,,
58A,MERAGI ROAD,488904,EAST VIEW GARDEN,1.34343330444767,103.960253021787,new_building,,,,
89A,CHANGI BUSINESS PARK CENTRAL 2,489719,NIL,1.34252012769331,103.967479036134,new_building,,,,
95,TANAH MERAH COAST ROAD,499853,NIL,1.3138596110704,104.00769057528,new_building,,,,
32,JALAN LOYANG BESAR,508806,COASTAL CABANA,1.37610845711924,103.956614203743,new_building,,,,
22,JALAN LOYANG BESAR,508826,COASTAL CABANA,1.37637543146253,103.957117218296,new_building,,,,
24,JALAN LOYANG BESAR,508827,COASTAL CABANA,1.37638115760527,103.95732784366,new_building,,,,
26,JALAN LOYANG BESAR,508828,COASTAL CABANA,1.37612982472101,103.957337135905,new_building,,,,
28,JALAN LOYANG BESAR,508829,COASTAL CABANA,1.37612396417596,103.957126484446,new_building,,,,
30,JALAN LOYANG BESAR,508830,COASTAL CABANA,1.37611394638989,103.956832784466,new_building,,,,
12,JALAN LOYANG BESAR,508831,COASTAL CABANA,1.37662802951639,103.957108334064,new_building,,,,
14,JALAN LOYANG BESAR,508832,COASTAL CABANA,1.3766191992958,103.956817740086,new_building,,,,
16,JALAN LOYANG BESAR,508833,COASTAL CABANA,1.37661485259786,103.956598933361,new_building,,,,
18,JALAN LOYANG BESAR,508834,COASTAL CABANA,1.37636040774502,103.956606374702,new_building,,,,
20,JALAN LOYANG BESAR,508835,COASTAL CABANA,1.37636567446197,103.956825109921,new_building,,,,
2,JALAN LOYANG BESAR,508855,COASTAL CABANA,1.37686790443313,103.956591377718,new_building,,,,
4,JALAN LOYANG BESAR,508856,COASTAL CABANA,1.37687244109605,103.95681025655,new_building,,,,
6,JALAN LOYANG BESAR,508857,COASTAL CABANA,1.37688140443087,103.957099275806,new_building,,,,
8,JALAN LOYANG BESAR,508858,COASTAL CABANA,1.37688643037287,103.957309736087,new_building,,,,
10,JALAN LOYANG BESAR,508859,COASTAL CABANA,1.37663279102964,103.957318884334,new_building,,,,
10,CHANGI CREEK WAY,508881,NIL,1.38884572355937,103.997852990248,new_building,,,,
49,CHANGI VILLAGE ROAD,509970,SREE RAMAR TEMPLE,1.38712234075316,103.986879891682,new_building,,,,
591,PASIR RIS GREEN,510591,COSTA RIVIERA I,1.37606820940475,103.949576838157,new_building,,,,
592,PASIR RIS GREEN,510592,COSTA RIVIERA I,1.37550455110335,103.949667480585,new_building,,,,
593,PASIR RIS DRIVE 3,510593,COSTA RIVIERA II,1.37545424274403,103.950466878593,new_building,,,,
594,PASIR RIS DRIVE 3,510594,COSTA RIVIERA II,1.37535196931972,103.952122333332,new_building,,,,
591A,PASIR RIS GREEN,511591,COSTA RIVIERA I,1.37644855305153,103.949402261353,new_building,,,,
592A,PASIR RIS GREEN,511592,COSTA RIVIERA I,1.37568294930619,103.949039878381,new_building,,,,
593A,PASIR RIS DRIVE 3,511593,COSTA RIVIERA II,1.37538248923577,103.950988231721,new_building,,,,
594A,PASIR RIS DRIVE 3,511594,COSTA RIVIERA II,1.37542761569179,103.95179003509,new_building,,,,
591B,PASIR RIS GREEN,512591,COSTA RIVIERA I,1.37650971575074,103.949648644396,new_building,,,,
592B,PASIR RIS GREEN,512592,COSTA RIVIERA I,1.37554909163641,103.949440198687,new_building,,,,
593B,PASIR RIS DRIVE 3,512593,COSTA RIVIERA II,1.37591377858228,103.950784460707,new_building,,,,
594B,PASIR RIS DRIVE 3,512594,COSTA RIVIERA II,1.37571951911138,103.952205360378,new_building,,,,
593C,PASIR RIS DRIVE 3,513593,COSTA RIVIERA II,1.37591376174844,103.951123776025,new_building,,,,
21A,PASIR RIS STREET 21,519660,TEMPORARY SITE OFFICE,1.36596007766651,103.964884875608,new_building,,,,
169,SIMEI ROAD,520169,SIMEI SYMPHONY,1.341616865871,103.959205220451,new_building,,,,
170,SIMEI ROAD,520170,SIMEI SYMPHONY,1.34038768799915,103.960620198556,new_building,,,,
169A,SIMEI ROAD,521169,SIMEI SYMPHONY,1.34084694038326,103.959684265762,new_building,,,,
170A,SIMEI ROAD,521170,SIMEI SYMPHONY,1.3404634899162,103.960300758915,new_building,,,,
169B,SIMEI ROAD,522169,SIMEI SYMPHONY,1.34108687225081,103.960040323594,new_building,,,,
170B,SIMEI ROAD,522170,SIMEI SYMPHONY,1.34093766551234,103.960317686332,new_building,,,,
545,UPPER SERANGOON ROAD,534554,NIL,1.34663246293281,103.871402999253,new_building,,,,
1,SERANGOON RIVER ROAD,536012,DEFU MRT STATION (CR07),1.362556148341,103.898195425088,new_building,,,,
600A,KALLANG PAYA LEBAR EXPRESSWAY,536013,NIL,1.35116277192592,103.898652410474,new_building,,,,
1,LORONG LOW KOON,537197,NIL,1.36697658244979,103.892719402463,new_building,,,,
12A,ROSYTH ROAD,546388,NIL,1.36254760582586,103.874791354897,new_building,,,,
50,HILLSIDE DRIVE,548917,NIL,1.35963047895657,103.87589273675,new_building,,,,
50A,HILLSIDE DRIVE,548918,NIL,1.35968033487656,103.875853564644,new_building,,,,
50B,HILLSIDE DRIVE,548919,NIL,1.35971843654824,103.875808082715,new_building,,,,
31,COWDRAY AVENUE,558032,SERANGOON GARDEN ESTATE,1.36677661259101,103.865047651374,new_building,,,,
2G,BURGHLEY DRIVE,559496,NIL,1.35656003706181,103.865425454389,new_building,,,,
8A,BRIGHTON CRESCENT,559592,NIL,1.36265747015012,103.869703996872,new_building,,,,
8B,BRIGHTON CRESCENT,559593,NIL,1.36261678972016,103.869661630751,new_building,,,,
3B,BERWICK DRIVE,559890,SERANGOON GARDEN ESTATE,1.36526446637777,103.861920424021,new_building,,,,
3C,BERWICK DRIVE,559991,SERANGOON GARDEN ESTATE,1.36521406405494,103.861866274939,new_building,,,,
3D,BERWICK DRIVE,559992,SERANGOON GARDEN ESTATE,1.36516989243392,103.861812394103,new_building,,,,
3E,BERWICK DRIVE,559993,SERANGOON GARDEN ESTATE,1.3651275476972,103.861759116811,new_building,,,,
733,ANG MO KIO CENTRAL 3,560733,CENTRAL TRIO @ AMK,1.37546797775142,103.845991716704,new_building,,,,
734,ANG MO KIO CENTRAL 3,560734,CENTRAL TRIO @ AMK,1.37546770688654,103.845334776514,new_building,,,,
733A,ANG MO KIO CENTRAL 3,561733,CENTRAL TRIO @ AMK,1.3752785224134,103.845771330523,new_building,,,,
734A,ANG MO KIO CENTRAL 3,561734,CENTRAL TRIO @ AMK,1.37568331719343,103.845759740296,new_building,,,,
733B,ANG MO KIO CENTRAL 3,562733,CENTRAL TRIO @ AMK,1.37539266524954,103.846367383173,new_building,,,,
29,MAYFLOWER ROAD,568618,MAYFLOWER GARDENS,1.3706182493137,103.840620721798,new_building,,,,
80,ANG MO KIO AVENUE 3,569942,ANG MO KIO MRT STATION (CR11),1.36929944845386,103.850774632986,new_building,,,,
51,UPPER THOMSON ROAD,575557,SAINT THERESA'S HOME,1.34677294656636,103.83627950477,new_building,,,,
9L,JALAN BERJAYA,578703,THOMSON RISE ESTATE,1.35366630255264,103.844560733627,new_building,,,,
13,GARDENIA ROAD,578970,ADELPHI PARK ESTATE,1.35594269693406,103.829158372991,new_building,,,,
100,UPPER BUKIT TIMAH ROAD,589682,BEAUTY WORLD INTEGRATED TRANSPORT HUB,1.33955024942863,103.777099720073,new_building,,,,
230,JALAN JURONG KECHIL,598662,THE SEN (U/C),1.34689430757223,103.767861218438,new_building,,,,
222,JALAN JURONG KECHIL,599444,THE SEN (U/C),1.34689430757223,103.767861218438,new_building,,,,
224,JALAN JURONG KECHIL,599445,THE SEN (U/C),1.34689430757223,103.767861218438,new_building,,,,
226,JALAN JURONG KECHIL,599446,THE SEN (U/C),1.34689430757223,103.767861218438,new_building,,,,
228,JALAN JURONG KECHIL,599447,THE SEN (U/C),1.34689430757223,103.767861218438,new_building,,,,
338A,JURONG EAST AVENUE 1,601338,NIL,1.35048950673869,103.730974523701,new_building,,,,
133,YUNG HO WALK,610133,TAMAN JURONG SKYLINE,1.32747623308089,103.728564512384,new_building,,,,
134,YUNG HO WALK,610134,TAMAN JURONG SKYLINE,1.32633889947369,103.727908876713,new_building,,,,
135,YUNG HO WALK,610135,TAMAN JURONG SKYLINE,1.32682384134343,103.728021393275,new_building,,,,
136,YUNG HO WALK,610136,TAMAN JURONG SKYLINE,1.32703832995407,103.727132087974,new_building,,,,
66A,YUNG KUANG ROAD,611066,NIL,1.33178150391025,103.723126159943,new_building,,,,
134A,YUNG HO WALK,611134,TAMAN JURONG SKYLINE,1.32684262698942,103.729027928457,new_building,,,,
135A,YUNG HO WALK,611135,TAMAN JURONG SKYLINE,1.32708655370641,103.727908584787,new_building,,,,
136A,YUNG HO WALK,611136,TAMAN JURONG SKYLINE,1.32685900177839,103.72688479493,new_building,,,,
134B,YUNG HO WALK,612134,TAMAN JURONG SKYLINE,1.32709713106073,103.728479494873,new_building,,,,
135B,YUNG HO WALK,612135,TAMAN JURONG SKYLINE,1.32653390087073,103.727561450681,new_building,,,,
20,YUNG KUANG ROAD,619657,NATIONAL UNIVERSITY POLYCLINICS (TAMAN JURONG POLYCLINIC),1.33122673088576,103.723026795095,new_building,,,,
20,YUNG KUANG ROAD,619657,TAMAN JURONG POLYCLINIC,1.33123782264044,103.722986843748,new_building,,,,
6A,YUNG HO ROAD,619662,NIL,1.32624862671464,103.721466445308,new_building,,,,
21,JALAN TUKANG,619794,NIL,1.32584264879262,103.713262562916,new_building,,,,
2G,JALAN PAPAN,619834,ASPRI-D WALL PAPAN,1.32198602299754,103.730623059032,new_building,,,,
2E,JALAN PAPAN,619835,NIL,1.32114360401159,103.7291442685,new_building,,,,
23,LOK YANG WAY,628638,LOK YANG CONNECTION,1.32412448011225,103.68577119539,new_building,,,,
10A,TUAS SOUTH AVENUE 12,637132,NIL,1.28354928936787,103.624116353552,new_building,,,,
1A,TUAS SOUTH EDGE,638626,SITE OFFICE,1.26109098006187,103.623066692881,new_building,,,,
6,TUAS VIEW DRIVE,639061,NIL,1.28831344686817,103.628522939619,new_building,,,,
24,TUAS SOUTH AVENUE 10,639064,NIL,1.28543533094931,103.624605189813,new_building,,,,
2A,TUAS WEST DRIVE,639561,NIL,1.34489812545012,103.638465792323,new_building,,,,
18,NANYANG AVENUE,639957,NANYANG GATEWAY MRT STATION (JW3),1.35368874857238,103.686606816138,new_building,,,,
427A,JURONG WEST AVENUE 1,641427,NIL,1.35105663344621,103.725574691858,new_building,,,,
500,JALAN BAHAR,649920,NIL,1.37500619961016,103.697026181968,new_building,,,,
10,BUKIT BATOK WEST AVENUE 9,659839,NIL,1.35346842107271,103.741220066149,new_building,,,,
27,WOODLANDS ROAD,670027,RAIL GREEN II @ CCK,1.38126843472856,103.759167960002,new_building,,,,
33,WOODLANDS ROAD,670033,RAIL GREEN II @ CCK,1.38555907921528,103.756521386788,new_building,,,,
489,BUKIT PANJANG RING ROAD,670489,BANGKIT BREEZE,1.38194968634665,103.773496606598,new_building,,,,
490,BUKIT PANJANG RING ROAD,670490,BANGKIT BREEZE,1.38256871792332,103.773841247418,new_building,,,,
491,BUKIT PANJANG RING ROAD,670491,BANGKIT BREEZE,1.3831466872918,103.774139302434,new_building,,,,
489A,BUKIT PANJANG RING ROAD,671489,BANGKIT BREEZE,1.38184019106307,103.774157807153,new_building,,,,
490A,BUKIT PANJANG RING ROAD,671490,BANGKIT BREEZE,1.38244484000089,103.773368010842,new_building,,,,
491A,BUKIT PANJANG RING ROAD,671491,BANGKIT BREEZE,1.38284651167853,103.773657027595,new_building,,,,
490B,BUKIT PANJANG RING ROAD,672490,BANGKIT BREEZE,1.38225605196728,103.774101292117,new_building,,,,
491B,BUKIT PANJANG RING ROAD,672491,BANGKIT BREEZE,1.38277127481885,103.774045062077,new_building,,,,
491C,BUKIT PANJANG RING ROAD,673491,BANGKIT BREEZE,1.38340761352999,103.774123999512,new_building,,,,
50,DAIRY FARM WALK,679268,NARRA RESIDENCES (U/C),1.36866598874386,103.774481452739,new_building,,,,
52,DAIRY FARM WALK,679269,NARRA RESIDENCES (U/C),1.36866599177023,103.774604143489,new_building,,,,
54,DAIRY FARM WALK,679270,NARRA RESIDENCES (U/C),1.36866599520924,103.774743874802,new_building,,,,
56,DAIRY FARM WALK,679273,NARRA RESIDENCES (U/C),1.36805544515469,103.774723441162,new_building,,,,
58,DAIRY FARM WALK,679274,NARRA RESIDENCES (U/C),1.36805544171602,103.774583709884,new_building,,,,
60,DAIRY FARM WALK,679275,NARRA RESIDENCES (U/C),1.36760953471452,103.774583720729,new_building,,,,
62,DAIRY FARM WALK,679276,NARRA RESIDENCES (U/C),1.36761639850212,103.774737084205,new_building,,,,
64,DAIRY FARM WALK,679277,NARRA RESIDENCES (U/C),1.36755466136772,103.774904081187,new_building,,,,
20A,SEGAR ROAD,679350,NIL,1.39028896209381,103.772000468017,new_building,,,,
5,TENGAH CLOSE,699853,DEPOT,1.36454585288215,103.711710268206,new_building,,,,
3,TENGAH CLOSE,699859,DEPOT,1.36350947492623,103.7129205962,new_building,,,,
21,PLANTATION CRESCENT,699929,TENGAH PLANTATION MRT STATION (JE1),1.35732891143881,103.733467748962,new_building,,,,
3,PLANTATION CRESCENT,699930,NIL,1.35443671249018,103.735915712971,new_building,,,,
25,PLANTATION CRESCENT,699931,NIL,1.35989976464193,103.731417253566,new_building,,,,
7,NEO TIEW HARVEST LINK,719830,NIL,1.42294242683127,103.722086795982,new_building,,,,
14,NEO TIEW LANE 3,719878,NIL,1.42435250837522,103.723373145671,new_building,,,,
103,LIM CHU KANG LANE 3,719969,NIL,1.42920778250016,103.720733361025,new_building,,,,
219,MARSILING LANE,730219,MARSILING PEAK II,1.44530112419792,103.774606624503,new_building,,,,
220,MARSILING LANE,730220,MARSILING PEAK II,1.44512138766887,103.775169732351,new_building,,,,
221,MARSILING LANE,730221,MARSILING PEAK I,1.44454715542128,103.775939810348,new_building,,,,
223,MARSILING LANE,730223,MARSILING PEAK I,1.44375833929638,103.775917430872,new_building,,,,
224,MARSILING LANE,730224,MARSILING PEAK II,1.44455478033436,103.774654633986,new_building,,,,
219A,MARSILING LANE,731219,MARSILING PEAK II,1.44482959522918,103.774614130146,new_building,,,,
220A,MARSILING LANE,731220,MARSILING PEAK II,1.44474892258905,103.775447387109,new_building,,,,
221A,MARSILING LANE,731221,MARSILING PEAK I,1.44421869952438,103.775654970045,new_building,,,,
223A,MARSILING LANE,731223,MARSILING PEAK I,1.44340358002825,103.775723737336,new_building,,,,
224A,MARSILING LANE,731224,MARSILING PEAK II,1.44427310009469,103.775049640658,new_building,,,,
223B,MARSILING LANE,732223,MARSILING PEAK I,1.44370858698867,103.775486053342,new_building,,,,
30A,WOODLANDS CENTRE ROAD,738950,NIL,1.43530999000005,103.772047104776,new_building,,,,
80,WOODLANDS DRIVE 16,738951,NIL,1.43083316720505,103.794704217699,new_building,,,,
10A,WOODLANDS STREET 31,739312,WOODLANDS POLYCLINIC ()ANNEX BLOCK),1.43092682518551,103.77474488937,new_building,,,,
1,WOODLANDS CENTRE ROAD,739342,WOODLANDS CHECKPOINT EXTENSION,1.44065359314818,103.770136836671,new_building,,,,
575,SEMBAWANG PLACE,758941,COUNTRYVIEW,1.43801405262269,103.825129921829,new_building,,,,
51,CANBERRA CRESCENT,759827,CANBERRA CRESCENT RESIDENCES (U/C),1.44992123026952,103.829397162646,new_building,,,,
53,CANBERRA CRESCENT,759828,CANBERRA CRESCENT RESIDENCES (U/C),1.44992123026952,103.829397162646,new_building,,,,
55,CANBERRA CRESCENT,759829,CANBERRA CRESCENT RESIDENCES (U/C),1.44992123026952,103.829397162646,new_building,,,,
57,CANBERRA CRESCENT,759830,CANBERRA CRESCENT RESIDENCES (U/C),1.44992123026952,103.829397162646,new_building,,,,
962,BAH SOON PAH ROAD,760962,CHENCHARU VINES,1.42072583825548,103.825486479052,new_building,,,,
964,BAH SOON PAH ROAD,760964,CHENCHARU VINES,1.42106393776938,103.82604392398,new_building,,,,
965,BAH SOON PAH ROAD,760965,CHENCHARU VINES,1.42035426748298,103.827006178971,new_building,,,,
966,BAH SOON PAH ROAD,760966,CHENCHARU GREEN,1.4189978749557,103.827067592197,new_building,,,,
967,BAH SOON PAH ROAD,760967,CHENCHARU GREEN,1.41925311733324,103.828182030744,new_building,,,,
968,BAH SOON PAH ROAD,760968,CHENCHARU GREEN,1.41737004036313,103.827919722641,new_building,,,,
962A,BAH SOON PAH ROAD,761962,CHENCHARU VINES,1.42032575346907,103.825794763621,new_building,,,,
964A,BAH SOON PAH ROAD,761964,CHENCHARU VINES,1.42123219927695,103.826194232445,new_building,,,,
965A,BAH SOON PAH ROAD,761965,CHENCHARU VINES,1.42010087410372,103.826494005708,new_building,,,,
967A,BAH SOON PAH ROAD,761967,CHENCHARU GREEN,1.41904444531015,103.827565007353,new_building,,,,
968A,BAH SOON PAH ROAD,761968,CHENCHARU GREEN,1.4181146671519,103.827641784944,new_building,,,,
962B,BAH SOON PAH ROAD,762962,CHENCHARU VINES,1.4206955728468,103.82610762483,new_building,,,,
964B,BAH SOON PAH ROAD,762964,CHENCHARU VINES,1.42112704205061,103.826625719597,new_building,,,,
965B,BAH SOON PAH ROAD,762965,CHENCHARU VINES,1.42066241274882,103.826516999299,new_building,,,,
967B,BAH SOON PAH ROAD,762967,CHENCHARU GREEN,1.41860347567421,103.827491616631,new_building,,,,
968B,BAH SOON PAH ROAD,762968,CHENCHARU GREEN,1.41766486194769,103.827559452492,new_building,,,,
965C,BAH SOON PAH ROAD,763965,CHENCHARU VINES,1.42056422590844,103.827090915041,new_building,,,,
811,UPPER THOMSON ROAD,788978,SPRINGLEAF RESIDENCE (U/C),1.39601248653792,103.817563198325,new_building,,,,
813,UPPER THOMSON ROAD,788979,SPRINGLEAF RESIDENCE (U/C),1.39601248653792,103.817563198325,new_building,,,,
815,UPPER THOMSON ROAD,788980,SPRINGLEAF RESIDENCE (U/C),1.39601248653792,103.817563198325,new_building,,,,
817,UPPER THOMSON ROAD,788981,SPRINGLEAF RESIDENCE (U/C),1.39601248653792,103.817563198325,new_building,,,,
819,UPPER THOMSON ROAD,788982,SPRINGLEAF RESIDENCE (U/C),1.39601248653792,103.817563198325,new_building,,,,
398,PICCADILLY,798368,NIL,1.40931006031432,103.872956345539,new_building,,,,
13,SELETAR AEROSPACE LINK,799306,NIL,1.40435171238615,103.859218264559,new_building,,,,
201,JALAN KAYU,799876,NIL,1.39236222072736,103.871699866641,new_building,,,,
54,POLLEN RISE,804198,POLLEN COLLECTION II,1.38011558937931,103.860203299332,new_building,,,,
47,POLLEN RISE,804203,POLLEN COLLECTION II,1.38047588411531,103.860035555714,new_building,,,,
48,POLLEN RISE,804204,POLLEN COLLECTION II,1.38008471563435,103.860031733564,new_building,,,,
49,POLLEN RISE,804205,POLLEN COLLECTION II,1.38051180568898,103.860093269793,new_building,,,,
50,POLLEN RISE,804206,POLLEN COLLECTION II,1.38009925026159,103.860083339262,new_building,,,,
52,POLLEN RISE,804207,POLLEN COLLECTION II,1.38011620166876,103.860135443526,new_building,,,,
42,POLLEN RISE,804208,POLLEN COLLECTION II,1.38004104714735,103.85987669318,new_building,,,,
43,POLLEN RISE,804209,POLLEN COLLECTION II,1.38044871020287,103.859930648801,new_building,,,,
44,POLLEN RISE,804210,POLLEN COLLECTION II,1.38005578843802,103.859929030776,new_building,,,,
45,POLLEN RISE,804211,POLLEN COLLECTION II,1.38046320076102,103.859982266744,new_building,,,,
46,POLLEN RISE,804212,POLLEN COLLECTION II,1.38007045992846,103.859981122231,new_building,,,,
37,POLLEN RISE,804213,POLLEN COLLECTION II,1.38040517666046,103.859775571134,new_building,,,,
38,POLLEN RISE,804214,POLLEN COLLECTION II,1.38001157469017,103.859772054434,new_building,,,,
39,POLLEN RISE,804215,POLLEN COLLECTION II,1.3804198722397,103.859827921249,new_building,,,,
40,POLLEN RISE,804216,POLLEN COLLECTION II,1.38002635047216,103.859824514965,new_building,,,,
41,POLLEN RISE,804217,POLLEN COLLECTION II,1.38043449883984,103.859880024949,new_building,,,,
32,POLLEN RISE,804218,POLLEN COLLECTION II,1.37996797406897,103.859617253946,new_building,,,,
33,POLLEN RISE,804219,POLLEN COLLECTION II,1.38037579562621,103.85967090708,new_building,,,,
34,POLLEN RISE,804220,POLLEN COLLECTION II,1.37998263297516,103.859669299703,new_building,,,,
35,POLLEN RISE,804221,POLLEN COLLECTION II,1.38039052569674,103.859723380129,new_building,,,,
36,POLLEN RISE,804222,POLLEN COLLECTION II,1.37999709890623,103.859720659253,new_building,,,,
27,POLLEN RISE,804223,POLLEN COLLECTION II,1.38033232940215,103.859516069038,new_building,,,,
28,POLLEN RISE,804224,POLLEN COLLECTION II,1.37992193226827,103.859464290119,new_building,,,,
29,POLLEN RISE,804225,POLLEN COLLECTION II,1.3803469428706,103.859568127586,new_building,,,,
30,POLLEN RISE,804226,POLLEN COLLECTION II,1.37994908656575,103.859562670838,new_building,,,,
31,POLLEN RISE,804227,POLLEN COLLECTION II,1.38036136418512,103.859619499654,new_building,,,,
22,POLLEN RISE,804228,POLLEN COLLECTION II,1.37988065922303,103.85930525711,new_building,,,,
23,POLLEN RISE,804229,POLLEN COLLECTION II,1.38029190816788,103.859361544628,new_building,,,,
24,POLLEN RISE,804230,POLLEN COLLECTION II,1.37989500718693,103.859356284839,new_building,,,,
25,POLLEN RISE,804231,POLLEN COLLECTION II,1.38032000821894,103.859459663183,new_building,,,,
26,POLLEN RISE,804232,POLLEN COLLECTION II,1.37990967184616,103.859408436666,new_building,,,,
17,POLLEN RISE,804233,POLLEN COLLECTION II,1.38024424343639,103.859204285927,new_building,,,,
18,POLLEN RISE,804234,POLLEN COLLECTION II,1.37985143528191,103.85920132281,new_building,,,,
19,POLLEN RISE,804235,POLLEN COLLECTION II,1.3802585924972,103.859255313935,new_building,,,,
20,POLLEN RISE,804236,POLLEN COLLECTION II,1.37986607339353,103.859253382161,new_building,,,,
21,POLLEN RISE,804237,POLLEN COLLECTION II,1.38027325743221,103.859307465225,new_building,,,,
12,POLLEN RISE,804238,POLLEN COLLECTION II,1.37980739393305,103.859044690278,new_building,,,,
13,POLLEN RISE,804239,POLLEN COLLECTION II,1.38021501730132,103.859100352427,new_building,,,,
14,POLLEN RISE,804240,POLLEN COLLECTION II,1.37982214235819,103.859097142096,new_building,,,,
15,POLLEN RISE,804241,POLLEN COLLECTION II,1.38022965623618,103.859152411514,new_building,,,,
16,POLLEN RISE,804242,POLLEN COLLECTION II,1.37983684123838,103.859149421208,new_building,,,,
7,POLLEN RISE,804243,POLLEN COLLECTION II,1.38017097211403,103.858943720961,new_building,,,,
8,POLLEN RISE,804244,POLLEN COLLECTION II,1.37977806815566,103.858940391801,new_building,,,,
9,POLLEN RISE,804245,POLLEN COLLECTION II,1.38018572163616,103.858996172787,new_building,,,,
10,POLLEN RISE,804246,POLLEN COLLECTION II,1.37979266849942,103.85899231815,new_building,,,,
11,POLLEN RISE,804247,POLLEN COLLECTION II,1.38020042243456,103.85904845109,new_building,,,,
2,POLLEN RISE,804248,POLLEN COLLECTION II,1.37972955783572,103.858783028692,new_building,,,,
3,POLLEN RISE,804249,POLLEN COLLECTION II,1.3801416433215,103.858839423285,new_building,,,,
4,POLLEN RISE,804250,POLLEN COLLECTION II,1.3797486638153,103.858835817537,new_building,,,,
5,POLLEN RISE,804251,POLLEN COLLECTION II,1.38015624530968,103.85889134937,new_building,,,,
6,POLLEN RISE,804252,POLLEN COLLECTION II,1.37976333888757,103.858888006891,new_building,,,,
1,POLLEN RISE,804253,POLLEN COLLECTION II,1.3801294617146,103.858784044709,new_building,,,,
58,POLLEN LANE,804254,POLLEN COLLECTION II,1.37954657181474,103.860292808975,new_building,,,,
60,POLLEN LANE,804255,POLLEN COLLECTION II,1.3795459595211,103.860360664492,new_building,,,,
52,POLLEN LANE,804259,POLLEN COLLECTION II,1.37950082981009,103.860138487713,new_building,,,,
53,POLLEN LANE,804260,POLLEN COLLECTION II,1.37990618172003,103.860193758907,new_building,,,,
54,POLLEN LANE,804261,POLLEN COLLECTION II,1.37951508551288,103.860189099035,new_building,,,,
55,POLLEN LANE,804262,POLLEN COLLECTION II,1.37994210164782,103.860251474062,new_building,,,,
56,POLLEN LANE,804263,POLLEN COLLECTION II,1.37952962041074,103.860240704721,new_building,,,,
47,POLLEN LANE,804264,POLLEN COLLECTION II,1.37986480028637,103.860038227088,new_building,,,,
48,POLLEN LANE,804265,POLLEN COLLECTION II,1.37947141703535,103.860034058685,new_building,,,,
49,POLLEN LANE,804266,POLLEN COLLECTION II,1.37987900890896,103.860088851744,new_building,,,,
50,POLLEN LANE,804267,POLLEN COLLECTION II,1.37948615859657,103.860086395998,new_building,,,,
51,POLLEN LANE,804268,POLLEN COLLECTION II,1.379893498369,103.860140469948,new_building,,,,
42,POLLEN LANE,804269,POLLEN COLLECTION II,1.37942746907747,103.859878024794,new_building,,,,
43,POLLEN LANE,804270,POLLEN COLLECTION II,1.3798354789346,103.859933772752,new_building,,,,
44,POLLEN LANE,804271,POLLEN COLLECTION II,1.37944194458453,103.859929419962,new_building,,,,
45,POLLEN LANE,804272,POLLEN COLLECTION II,1.37985017396314,103.859986123127,new_building,,,,
46,POLLEN LANE,804273,POLLEN COLLECTION II,1.37945672063705,103.85998188021,new_building,,,,
37,POLLEN LANE,804274,POLLEN COLLECTION II,1.37979166975361,103.859777700219,new_building,,,,
38,POLLEN LANE,804275,POLLEN COLLECTION II,1.37939834397279,103.859774619509,new_building,,,,
39,POLLEN LANE,804276,POLLEN COLLECTION II,1.37980610009662,103.85982910845,new_building,,,,
40,POLLEN LANE,804277,POLLEN COLLECTION II,1.37941300314954,103.859826665255,new_building,,,,
41,POLLEN LANE,804278,POLLEN COLLECTION II,1.37982082906901,103.859881581487,new_building,,,,
36,POLLEN LANE,804413,POLLEN COLLECTION II,1.37937945647287,103.859720036413,new_building,,,,
35,POLLEN LANE,804414,POLLEN COLLECTION II,1.37977724953721,103.859726328163,new_building,,,,
30,POLLEN LANE,804415,POLLEN COLLECTION II,1.3793286817069,103.859529514012,new_building,,,,
31,POLLEN LANE,804416,POLLEN COLLECTION II,1.37975031653461,103.85961786324,new_building,,,,
32,POLLEN LANE,804417,POLLEN COLLECTION II,1.37934334608887,103.859581665556,new_building,,,,
33,POLLEN LANE,804418,POLLEN COLLECTION II,1.37976263716688,103.859674269626,new_building,,,,
34,POLLEN LANE,804419,POLLEN COLLECTION II,1.37935560678091,103.859637518996,new_building,,,,
29,POLLEN LANE,804465,POLLEN COLLECTION II,1.37972428361259,103.859529400299,new_building,,,,
28,POLLEN LANE,804466,POLLEN COLLECTION II,1.37931433347274,103.859478486022,new_building,,,,
27,POLLEN LANE,804467,POLLEN COLLECTION II,1.37970563370165,103.859475320364,new_building,,,,
26,POLLEN LANE,804468,POLLEN COLLECTION II,1.37929974792048,103.859426611085,new_building,,,,
25,POLLEN LANE,804469,POLLEN COLLECTION II,1.37969097150741,103.859423167997,new_building,,,,
24,POLLEN LANE,804481,POLLEN COLLECTION II,1.37928510981239,103.859374551472,new_building,,,,
23,POLLEN LANE,804482,POLLEN COLLECTION II,1.37967662491353,103.859372139729,new_building,,,,
22,POLLEN LANE,804483,POLLEN COLLECTION II,1.37927051577239,103.859322650154,new_building,,,,
21,POLLEN LANE,804484,POLLEN COLLECTION II,1.37966203908538,103.859320264784,new_building,,,,
16,POLLEN LANE,804485,POLLEN COLLECTION II,1.37922634277033,103.859165547403,new_building,,,,
17,POLLEN LANE,804486,POLLEN COLLECTION II,1.37963280994404,103.859216303294,new_building,,,,
18,POLLEN LANE,804487,POLLEN COLLECTION II,1.37924106820041,103.859217919247,new_building,,,,
19,POLLEN LANE,804488,POLLEN COLLECTION II,1.37964740179632,103.859268205164,new_building,,,,
20,POLLEN LANE,804489,POLLEN COLLECTION II,1.37925581689572,103.859270371326,new_building,,,,
15,POLLEN LANE,804518,POLLEN COLLECTION II,1.37961811051774,103.859164024459,new_building,,,,
14,POLLEN LANE,804519,POLLEN COLLECTION II,1.37921174270383,103.859113620793,new_building,,,,
13,POLLEN LANE,804520,POLLEN COLLECTION II,1.37960336346267,103.859111571829,new_building,,,,
8,POLLEN LANE,804521,POLLEN COLLECTION II,1.3791679156726,103.858957753115,new_building,,,,
9,POLLEN LANE,804522,POLLEN COLLECTION II,1.37957403823548,103.85900727336,new_building,,,,
10,POLLEN LANE,804523,POLLEN COLLECTION II,1.37918233809683,103.859009046552,new_building,,,,
11,POLLEN LANE,804524,POLLEN COLLECTION II,1.37958863803042,103.859059199977,new_building,,,,
12,POLLEN LANE,804525,POLLEN COLLECTION II,1.37919701343929,103.859061236167,new_building,,,,
7,POLLEN LANE,804583,POLLEN COLLECTION II,1.3795593100637,103.858954888182,new_building,,,,
2,POLLEN LANE,804584,POLLEN COLLECTION II,1.37911880011581,103.858801672154,new_building,,,,
3,POLLEN LANE,804585,POLLEN COLLECTION II,1.37953021503005,103.858851404028,new_building,,,,
4,POLLEN LANE,804586,POLLEN COLLECTION II,1.37913920686064,103.858855652001,new_building,,,,
5,POLLEN LANE,804587,POLLEN COLLECTION II,1.37954463636149,103.858902698288,new_building,,,,
6,POLLEN LANE,804588,POLLEN COLLECTION II,1.37915356167779,103.858906702558,new_building,,,,
1,POLLEN LANE,804589,POLLEN COLLECTION II,1.37951885243491,103.858795720041,new_building,,,,
60,POLLEN TERRACE,804590,POLLEN COLLECTION II,1.3789591868442,103.860400208135,new_building,,,,
61,POLLEN TERRACE,804591,POLLEN COLLECTION II,1.37937247151227,103.8604088392,new_building,,,,
62,POLLEN TERRACE,804592,POLLEN COLLECTION II,1.37897452212879,103.860452129044,new_building,,,,
64,POLLEN TERRACE,804593,POLLEN COLLECTION II,1.37897426102912,103.860520067231,new_building,,,,
55,POLLEN TERRACE,804595,POLLEN COLLECTION II,1.37930937878323,103.860246216917,new_building,,,,
56,POLLEN TERRACE,804596,POLLEN COLLECTION II,1.37893025966278,103.860297505391,new_building,,,,
57,POLLEN TERRACE,804597,POLLEN COLLECTION II,1.37932386851389,103.860297835381,new_building,,,,
58,POLLEN TERRACE,804598,POLLEN COLLECTION II,1.37894493114566,103.860349596823,new_building,,,,
59,POLLEN TERRACE,804599,POLLEN COLLECTION II,1.37933655186167,103.860351124328,new_building,,,,
50,POLLEN TERRACE,804600,POLLEN COLLECTION II,1.37888604593763,103.860140529117,new_building,,,,
51,POLLEN TERRACE,804601,POLLEN COLLECTION II,1.37928054411743,103.860143488595,new_building,,,,
52,POLLEN TERRACE,804602,POLLEN COLLECTION II,1.37890082171203,103.860192989625,new_building,,,,
53,POLLEN TERRACE,804603,POLLEN COLLECTION II,1.37929517016374,103.860195592544,new_building,,,,
54,POLLEN TERRACE,804604,POLLEN COLLECTION II,1.37891551837969,103.860245167817,new_building,,,,
49,POLLEN TERRACE,804798,POLLEN COLLECTION II,1.37926584881834,103.860091138232,new_building,,,,
48,POLLEN TERRACE,804799,POLLEN COLLECTION II,1.37887157016115,103.860089133959,new_building,,,,
37,POLLEN TERRACE,804800,POLLEN COLLECTION II,1.37918068671134,103.85977522879,new_building,,,,
39,POLLEN TERRACE,804801,POLLEN COLLECTION II,1.37919300734018,103.859831634891,new_building,,,,
41,POLLEN TERRACE,804802,POLLEN COLLECTION II,1.3792076197073,103.859883693688,new_building,,,,
42,POLLEN TERRACE,804803,POLLEN COLLECTION II,1.37882355784353,103.859931145611,new_building,,,,
43,POLLEN TERRACE,804804,POLLEN COLLECTION II,1.3792220399206,103.859935065733,new_building,,,,
47,POLLEN TERRACE,804811,POLLEN COLLECTION II,1.37925119895594,103.860038946978,new_building,,,,
46,POLLEN TERRACE,804812,POLLEN COLLECTION II,1.37885710451125,103.860037774431,new_building,,,,
45,POLLEN TERRACE,804813,POLLEN COLLECTION II,1.37923647026046,103.85998647368,new_building,,,,
44,POLLEN TERRACE,804814,POLLEN COLLECTION II,1.37884244533889,103.859985728695,new_building,,,,
35,POLLEN TERRACE,804937,POLLEN COLLECTION II,1.37915763356113,103.859694721865,new_building,,,,
33,POLLEN TERRACE,804938,POLLEN COLLECTION II,1.37913898365369,103.859640641669,new_building,,,,
31,POLLEN TERRACE,804939,POLLEN COLLECTION II,1.37912432118907,103.859588489586,new_building,,,,
9,POLLEN TERRACE,804940,POLLEN COLLECTION II,1.37896356474855,103.859016725742,new_building,,,,
11,POLLEN TERRACE,804941,POLLEN COLLECTION II,1.3789779863504,103.859068019991,new_building,,,,
13,POLLEN TERRACE,804942,POLLEN COLLECTION II,1.37899265977553,103.859120209874,new_building,,,,
15,POLLEN TERRACE,804943,POLLEN COLLECTION II,1.37900738794393,103.85917259504,new_building,,,,
17,POLLEN TERRACE,804944,POLLEN COLLECTION II,1.37902198773552,103.859224521374,new_building,,,,
29,POLLEN TERRACE,804946,POLLEN COLLECTION II,1.37910997459846,103.859537461328,new_building,,,,
27,POLLEN TERRACE,804947,POLLEN COLLECTION II,1.37909538904741,103.859485586395,new_building,,,,
25,POLLEN TERRACE,804948,POLLEN COLLECTION II,1.3790807517617,103.859433526787,new_building,,,,
23,POLLEN TERRACE,804949,POLLEN COLLECTION II,1.37906615991273,103.859381624928,new_building,,,,
21,POLLEN TERRACE,804953,POLLEN COLLECTION II,1.37905146021609,103.859329345833,new_building,,,,
19,POLLEN TERRACE,804954,POLLEN COLLECTION II,1.37903671343812,103.859276893486,new_building,,,,
148,POLLEN CRESCENT,804955,POLLEN COLLECTION II,1.37892463938267,103.862445310089,new_building,,,,
150,POLLEN CRESCENT,804956,POLLEN COLLECTION II,1.37893923527345,103.862496937806,new_building,,,,
152,POLLEN CRESCENT,804957,POLLEN COLLECTION II,1.37895392504933,103.862548899788,new_building,,,,
154,POLLEN CRESCENT,804958,POLLEN COLLECTION II,1.37896549204435,103.862603782528,new_building,,,,
146,POLLEN CRESCENT,805961,POLLEN COLLECTION II,1.37890993701332,103.862393303232,new_building,,,,
144,POLLEN CRESCENT,805962,POLLEN COLLECTION II,1.3788952371063,103.862341307798,new_building,,,,
142,POLLEN CRESCENT,805963,POLLEN COLLECTION II,1.37888056484396,103.86228940647,new_building,,,,
140,POLLEN CRESCENT,805964,POLLEN COLLECTION II,1.37886586192368,103.862237399614,new_building,,,,
138,POLLEN CRESCENT,805997,POLLEN COLLECTION II,1.3788512400237,103.862185676163,new_building,,,,
136,POLLEN CRESCENT,805998,POLLEN COLLECTION II,1.37883654777628,103.862133704121,new_building,,,,
134,POLLEN CRESCENT,805999,POLLEN COLLECTION II,1.37882185415908,103.862081728273,new_building,,,,
132,POLLEN CRESCENT,806000,POLLEN COLLECTION II,1.37880725825913,103.862030097841,new_building,,,,
122,POLLEN CRESCENT,806001,POLLEN COLLECTION II,1.3787191939707,103.861718483744,new_building,,,,
124,POLLEN CRESCENT,806002,POLLEN COLLECTION II,1.37873122195192,103.861773309636,new_building,,,,
126,POLLEN CRESCENT,806003,POLLEN COLLECTION II,1.37875938949637,103.861873055138,new_building,,,,
128,POLLEN CRESCENT,806004,POLLEN COLLECTION II,1.37877785350079,103.861926084952,new_building,,,,
130,POLLEN CRESCENT,806005,POLLEN COLLECTION II,1.37879255204845,103.861978079021,new_building,,,,
112,POLLEN CRESCENT,806006,POLLEN COLLECTION II,1.37864580301612,103.861458893921,new_building,,,,
114,POLLEN CRESCENT,806007,POLLEN COLLECTION II,1.37866049664725,103.86151086541,new_building,,,,
116,POLLEN CRESCENT,806008,POLLEN COLLECTION II,1.37867519137207,103.861562840979,new_building,,,,
118,POLLEN CRESCENT,806009,POLLEN COLLECTION II,1.37868978810355,103.861614471134,new_building,,,,
120,POLLEN CRESCENT,806010,POLLEN COLLECTION II,1.37870449486981,103.861666490222,new_building,,,,
110,POLLEN CRESCENT,806141,POLLEN COLLECTION II,1.37863117973024,103.861407170479,new_building,,,,
100,POLLEN CRESCENT,806142,POLLEN COLLECTION II,1.37855780489066,103.861147632895,new_building,,,,
102,POLLEN CRESCENT,806143,POLLEN COLLECTION II,1.37857240081015,103.861199260596,new_building,,,,
104,POLLEN CRESCENT,806144,POLLEN COLLECTION II,1.37858710375356,103.86125126744,new_building,,,,
106,POLLEN CRESCENT,806145,POLLEN COLLECTION II,1.37860180368486,103.861303262861,new_building,,,,
108,POLLEN CRESCENT,806146,POLLEN COLLECTION II,1.37861647679033,103.861355163633,new_building,,,,
98,POLLEN CRESCENT,806276,POLLEN COLLECTION II,1.37854311453614,103.861095671201,new_building,,,,
96,POLLEN CRESCENT,806335,POLLEN COLLECTION II,1.37852841788488,103.861043686933,new_building,,,,
94,POLLEN CRESCENT,806336,POLLEN COLLECTION II,1.37851381840356,103.860992046995,new_building,,,,
92,POLLEN CRESCENT,806337,POLLEN COLLECTION II,1.37849910395808,103.860940000989,new_building,,,,
90,POLLEN CRESCENT,806338,POLLEN COLLECTION II,1.3784832417648,103.86088667476,new_building,,,,
95,POLLEN CRESCENT,806339,NIL,1.37875931526037,103.860624866616,new_building,,,,
87,POLLEN CRESCENT,806340,NIL,1.37869968281222,103.86041349932,new_building,,,,
88,POLLEN CRESCENT,806341,NIL,1.37843327502535,103.860730643026,new_building,,,,
89,POLLEN CRESCENT,806342,NIL,1.37871442956502,103.860465951665,new_building,,,,
91,POLLEN CRESCENT,806343,NIL,1.37872962933432,103.860519283873,new_building,,,,
93,POLLEN CRESCENT,806344,NIL,1.37874447216106,103.860572075108,new_building,,,,
86,POLLEN CRESCENT,806448,NIL,1.37841843192825,103.860677851524,new_building,,,,
85,POLLEN CRESCENT,806449,NIL,1.3786849571347,103.860361127209,new_building,,,,
84,POLLEN CRESCENT,806450,NIL,1.37840358910367,103.860625060295,new_building,,,,
83,POLLEN CRESCENT,806451,NIL,1.37867035736803,103.860309200875,new_building,,,,
78,POLLEN CRESCENT,806452,NIL,1.37835891691062,103.860466903651,new_building,,,,
79,POLLEN CRESCENT,806453,NIL,1.37864095582464,103.860204625829,new_building,,,,
80,POLLEN CRESCENT,806454,NIL,1.37837364258594,103.860519275755,new_building,,,,
81,POLLEN CRESCENT,806455,NIL,1.37865562922475,103.860256815711,new_building,,,,
82,POLLEN CRESCENT,806456,NIL,1.37838838933659,103.860571728095,new_building,,,,
73,POLLEN CRESCENT,806457,NIL,1.37859709245983,103.860048619188,new_building,,,,
74,POLLEN CRESCENT,806458,NIL,1.378329589005,103.860362592166,new_building,,,,
75,POLLEN CRESCENT,806459,NIL,1.37861193557097,103.860101410689,new_building,,,,
76,POLLEN CRESCENT,806460,NIL,1.37834431714609,103.860414977324,new_building,,,,
77,POLLEN CRESCENT,806461,NIL,1.37862653424737,103.860153331581,new_building,,,,
72,POLLEN CRESCENT,806490,NIL,1.37831491560704,103.860310402291,new_building,,,,
71,POLLEN CRESCENT,806491,NIL,1.37858224962126,103.859995827958,new_building,,,,
70,POLLEN CRESCENT,806492,NIL,1.37830049403192,103.860259108049,new_building,,,,
69,POLLEN CRESCENT,806493,NIL,1.37856607087117,103.859927077467,new_building,,,,
64,POLLEN CRESCENT,806494,NIL,1.37825620941233,103.860101604447,new_building,,,,
65,POLLEN CRESCENT,806495,NIL,1.37853659841668,103.859822253023,new_building,,,,
66,POLLEN CRESCENT,806496,NIL,1.37827105224871,103.860154395669,new_building,,,,
67,POLLEN CRESCENT,806497,NIL,1.37855132410626,103.859874625128,new_building,,,,
68,POLLEN CRESCENT,806498,NIL,1.37828589535766,103.860207187164,new_building,,,,
59,POLLEN CRESCENT,806499,NIL,1.37849259707055,103.859665751662,new_building,,,,
60,POLLEN CRESCENT,806500,NIL,1.37821055780611,103.859964391362,new_building,,,,
61,POLLEN CRESCENT,806501,NIL,1.37850727048268,103.859717941538,new_building,,,,
62,POLLEN CRESCENT,806502,NIL,1.37822528349272,103.86001676346,new_building,,,,
63,POLLEN CRESCENT,806503,NIL,1.37852199863803,103.859770326696,new_building,,,,
58,POLLEN CRESCENT,806584,NIL,1.37819595803044,103.859912465041,new_building,,,,
57,POLLEN CRESCENT,806585,NIL,1.37847817548146,103.859614457421,new_building,,,,
56,POLLEN CRESCENT,806586,NIL,1.37818122987807,103.859860079889,new_building,,,,
55,POLLEN CRESCENT,806587,NIL,1.37846357679306,103.859562536535,new_building,,,,
50,POLLEN CRESCENT,806588,NIL,1.3781375361973,103.859704674906,new_building,,,,
51,POLLEN CRESCENT,806589,NIL,1.37843389081903,103.859456953817,new_building,,,,
52,POLLEN CRESCENT,806590,NIL,1.37815213488272,103.859756595784,new_building,,,,
53,POLLEN CRESCENT,806591,NIL,1.37844873366977,103.85950974504,new_building,,,,
54,POLLEN CRESCENT,806592,NIL,1.37816655646891,103.85980789002,new_building,,,,
45,POLLEN CRESCENT,806593,NIL,1.37838921854755,103.859298797191,new_building,,,,
46,POLLEN CRESCENT,806594,NIL,1.37810785022929,103.8595990922,new_building,,,,
47,POLLEN CRESCENT,806595,NIL,1.37840394424881,103.859351169289,new_building,,,,
48,POLLEN CRESCENT,806596,NIL,1.37812269307702,103.859651883417,new_building,,,,
49,POLLEN CRESCENT,806597,NIL,1.3784186910255,103.859403621623,new_building,,,,
40,POLLEN CRESCENT,806651,NIL,1.3780631779668,103.859440935593,new_building,,,,
39,POLLEN CRESCENT,806652,NIL,1.37834521716635,103.859142295849,new_building,,,,
38,POLLEN CRESCENT,806653,NIL,1.37804857817949,103.859389009279,new_building,,,,
37,POLLEN CRESCENT,806654,NIL,1.37833079556577,103.859091001613,new_building,,,,
36,POLLEN CRESCENT,806655,NIL,1.3780338500154,103.859336624133,new_building,,,,
35,POLLEN CRESCENT,806656,NIL,1.37831619686577,103.859039080734,new_building,,,,
34,POLLEN CRESCENT,806657,NIL,1.37801917659452,103.85928443427,new_building,,,,
33,POLLEN CRESCENT,806658,NIL,1.37830135373066,103.858986289245,new_building,,,,
32,POLLEN CRESCENT,806659,NIL,1.3780047549969,103.859233140041,new_building,,,,
41,POLLEN CRESCENT,806660,NIL,1.37835989059019,103.859194485718,new_building,,,,
42,POLLEN CRESCENT,806661,NIL,1.37807790366511,103.859493307685,new_building,,,,
43,POLLEN CRESCENT,806662,NIL,1.37837461875728,103.85924687087,new_building,,,,
44,POLLEN CRESCENT,806663,NIL,1.37809265043879,103.859545760012,new_building,,,,
31,POLLEN CRESCENT,806772,NIL,1.37828651086812,103.858933498029,new_building,,,,
30,POLLEN CRESCENT,806773,NIL,1.37799015629984,103.859181219168,new_building,,,,
28,POLLEN CRESCENT,806774,NIL,1.37797531316774,103.859128427685,new_building,,,,
26,POLLEN CRESCENT,806775,NIL,1.37796047030819,103.859075636475,new_building,,,,
40,POLLEN TERRACE,806776,NIL,1.37880236092294,103.859846840243,new_building,,,,
1,POLLEN TERRACE,806777,POLLEN COLLECTION II,1.37890734425993,103.858803095626,new_building,,,,
3,POLLEN TERRACE,806778,POLLEN COLLECTION II,1.3789192800469,103.858859222117,new_building,,,,
5,POLLEN TERRACE,806779,POLLEN COLLECTION II,1.37893412291079,103.858912013347,new_building,,,,
7,POLLEN TERRACE,806780,POLLEN COLLECTION II,1.37894896604723,103.85896480485,new_building,,,,
30,POLLEN TERRACE,806781,NIL,1.37872888711405,103.859585514414,new_building,,,,
32,POLLEN TERRACE,806782,NIL,1.37874356052785,103.859637704295,new_building,,,,
34,POLLEN TERRACE,806783,NIL,1.37875828868486,103.859690089458,new_building,,,,
36,POLLEN TERRACE,806784,NIL,1.37877288846515,103.85974201579,new_building,,,,
38,POLLEN TERRACE,806785,NIL,1.37878761415637,103.859794387899,new_building,,,,
28,POLLEN TERRACE,806800,NIL,1.37871446552334,103.859534220168,new_building,,,,
26,POLLEN TERRACE,806801,NIL,1.37869986683331,103.859482299278,new_building,,,,
24,POLLEN TERRACE,806802,NIL,1.37868502370836,103.859429507778,new_building,,,,
14,POLLEN TERRACE,806803,NIL,1.37861090878754,103.859166633585,new_building,,,,
16,POLLEN TERRACE,806804,NIL,1.37862550857943,103.85921855991,new_building,,,,
18,POLLEN TERRACE,806805,NIL,1.37864023428239,103.859270932013,new_building,,,,
20,POLLEN TERRACE,806806,NIL,1.3786549810607,103.859323384351,new_building,,,,
22,POLLEN TERRACE,806807,NIL,1.37867018085593,103.859376716551,new_building,,,,
4,POLLEN TERRACE,806808,NIL,1.37853764375266,103.858906051936,new_building,,,,
6,POLLEN TERRACE,806809,NIL,1.37855248688945,103.85895884343,new_building,,,,
8,POLLEN TERRACE,806810,NIL,1.3785670855911,103.859010764314,new_building,,,,
10,POLLEN TERRACE,806811,NIL,1.3785815071933,103.859062058554,new_building,,,,
12,POLLEN TERRACE,806812,NIL,1.37859618061879,103.859114248428,new_building,,,,
2,POLLEN TERRACE,806813,NIL,1.37852280088842,103.858853260715,new_building,,,,
69A,NERAM ROAD,808854,SELETAR HILLS ESTATE,1.38533178698621,103.868179489844,new_building,,,,
69B,NERAM ROAD,808855,SELETAR HILLS ESTATE,1.38539267734881,103.868187504649,new_building,,,,
58,AIRPORT BOULEVARD,819989,NIL,1.3530236112212,103.987595915701,new_building,,,,
591A,WOODLANDS DRIVE 17,731591,WOODLANDS SOUTH PLAINS,1.42703335156834,103.795346803224,name_change,NIL,1.42703335156834,103.795346803224,
58B,GHIM MOH LINK,272058,ULU PANDAN BANKS,1.31189529735428,103.780817743201,name_change,NIL,1.31189529735428,103.780817743201,
60,STEVENS ROAD,257854,GOSPEL LIGHT BIBLE-PRESBYTERIAN CHURCH,1.31648645213424,103.826411850468,name_change,NIL,1.31661312897699,103.826149850948,
12,POLLEN VIEW,806854,POLLEN COLLECTION (U/C),1.38041743825984,103.859029982695,name_change,POLLEN COLLECTION,1.38041743825984,103.859029982695,
460,HOUGANG AVENUE 10,530460,HARMONY VIEW @ HOUGANG,1.3732611475703,103.894631713049,name_change,NIL,1.3732611475703,103.894631713049,
467,HOUGANG AVENUE 8,530467,HARMONY VIEW @ HOUGANG,1.37307287188357,103.89685749928,name_change,NIL,1.37307287188357,103.89685749928,
485A,FERNVALE DRIVE,791485,FERNVALE OASIS,1.39945056434308,103.876976641799,name_change,NIL,1.39945056434308,103.876976641799,
55,TENGAH GARDEN WALK,699911,COPEN GRAND,1.36114965205812,103.73064131967,name_change,COPEN GRAND (U/C),1.36114965205812,103.73064131967,
527A,YISHUN STREET 53,761527,ARANDA BREEZE @ YISHUN,1.42322072679567,103.852811426965,name_change,NIL,1.42322072679567,103.852811426965,
23A,PARBURY AVENUE,467338,THE LOOKOUT (U/C),1.31747625687824,103.943070580925,name_change,THE LOOKOUT,1.31747625687824,103.943070580925,
501,OLD CHOA CHU KANG ROAD,698928,HOME TEAM ACADEMY (BLK 1),1.3728276965341,103.722414544985,name_change,HOME TEAM ACADEMY (BLK 10),1.37187204750828,103.720870792771,
100B,PLANTATION CLOSE,692100,PLANTATION VERGE,1.34954888554559,103.735959677242,name_change,NIL,1.34954888554559,103.735959677242,
1,POLLEN WALK,807345,POLLEN COLLECTION (U/C),1.38205306051592,103.858811266484,name_change,POLLEN COLLECTION,1.38205306051592,103.858811266484,
26,POLLEN WALK,807343,POLLEN COLLECTION (U/C),1.38183083203113,103.859428238196,name_change,POLLEN COLLECTION,1.38183083203113,103.859428238196,
423,BELGRAVIA DRIVE,807798,BELGRAVIA ACE (U/C),1.38156006325228,103.864917232113,name_change,BELGRAVIA ACE,1.38156006325228,103.864917232113,
22,JALAN LAKUM,808840,SELETAR HILLS ESTATE,1.38500779925579,103.872259225868,name_change,NIL,1.38491521419354,103.872236073353,
529B,YISHUN STREET 53,762529,ARANDA BREEZE @ YISHUN,1.42387472864082,103.853758201685,name_change,NIL,1.42387472864082,103.853758201685,
418A,TEBAN GARDENS ROAD,601418,TEBAN BREEZE,1.32176817745111,103.74415072823,name_change,NIL,1.32176817745111,103.74415072823,
3,LIM CHU KANG LANE 9,719911,CASHIN HOUSE,1.44774210489076,103.70992504834,name_change,NIL,1.44774210489076,103.70992504834,
940,OLD CHOA CHU KANG ROAD,698910,CHOA CHU KANG CEMETERY OFFICE,1.3727227877632,103.690421315958,name_change,NIL,1.3727227877632,103.690421315958,
305A,PASIR PANJANG ROAD,119479,HARBOUR RESIDENCES (U/C),1.28701469938364,103.779005070862,name_change,HARBOUR RESIDENCES,1.28701469938364,103.779005070862,
475,BELGRAVIA DRIVE,807920,BELGRAVIA ACE (U/C),1.38164917079809,103.865834750012,name_change,BELGRAVIA ACE,1.38164917079809,103.865834750012,
474,BUKIT BATOK WEST AVENUE 5,650474,WEST GLADES @ BUKIT BATOK,1.3574753136612,103.746868001665,name_change,NIL,1.3574753136612,103.746868001665,
1G,CLUNY ROAD,259603,SINGAPORE BOTANIC GARDENS (CENTRE FOR ETHNOBOTANY),1.31942115865974,103.816533762095,name_change,NIL,1.3195183559152,103.816557954578,
391,BELGRAVIA DRIVE,807679,BELGRAVIA ACE (U/C),1.38120820783759,103.86455701475,name_change,BELGRAVIA ACE,1.38120820783759,103.86455701475,
1,MAGAZINE ROAD,59567,UNION SQUARE CENTRAL,1.28842848666711,103.84230028531,name_change,NIL,1.28842848666711,103.84230028531,
515,BELGRAVIA DRIVE,808081,BELGRAVIA ACE (U/C),1.38131335792208,103.865372885217,name_change,BELGRAVIA ACE,1.38131335792208,103.865372885217,
19A,FARRER PARK ROAD,211019,FARRER PARK ARENA,1.31162409319636,103.850152212208,name_change,NIL,1.31162409319636,103.850152212208,
15B,LYNWOOD GROVE,359591,BRADDELL HEIGHTS ESTATE,1.34748453909789,103.862554197453,name_change,NIL,1.34747050252859,103.862562167831,
70A,BEDOK RESERVOIR ROAD,479312,EUNOS COMMUNITY CLUB (TEMP OFFICE),1.33230754120576,103.913455267951,name_change,TEMPORARY SITE OFFICE,1.33242605678847,103.913396070774,
413,HOUGANG AVENUE 10,530413,HARMONY VIEW @ HOUGANG,1.37450179829607,103.895709633695,name_change,HARMONY VIEW,1.37450179829607,103.895709633695,
32,GILSTEAD ROAD,309075,32 GILSTEAD (U/C),1.31763797210019,103.839239630907,name_change,32 GILSTEAD,1.31763797210019,103.839239630907,
461A,SIMS AVENUE,387541,NIL,1.3163127730335,103.88696368953,name_change,ORANGE VALLEY NURSING HOME (SIMS AVENUE),1.3163127730335,103.88696368953,
5,STADIUM WALK,397693,LEISURE PARK KALLANG,1.30230108405227,103.876473975883,name_change,FILMGARDE AT LEISURE PARK KALLANG,1.30240462507128,103.876638148971,
39B,PARBURY AVENUE,465452,THE LOOKOUT (U/C),1.31759326172683,103.942882817347,name_change,THE LOOKOUT,1.31759326172683,103.942882817347,
19,POLLEN VIEW,807180,POLLEN COLLECTION (U/C),1.38087981239761,103.859275820638,name_change,POLLEN COLLECTION,1.38087981239761,103.859275820638,
476,BUKIT BATOK WEST AVENUE 5,650476,WEST GLADES @ BUKIT BATOK,1.35745172420603,103.745899498774,name_change,NIL,1.35745172420603,103.745899498774,
481,BELGRAVIA DRIVE,807923,BELGRAVIA ACE (U/C),1.38161029022079,103.866041881884,name_change,BELGRAVIA ACE,1.38161029022079,103.866041881884,
16,POLLEN WALK,807338,POLLEN COLLECTION (U/C),1.38175842543545,103.859169889428,name_change,POLLEN COLLECTION,1.38175842543545,103.859169889428,
406A,JURONG WEST STREET 42,641406,JURONG ARCADIA,1.35451437287806,103.72379293844,name_change,NIL,1.35451437287806,103.72379293844,
809A,ANG MO KIO STREET 82,561809,PINE VILLE @ AMK,1.37691920385487,103.85338946452,name_change,NIL,1.37691920385487,103.85338946452,
200,JURONG EAST AVENUE 1,609789,JURONG POLYCLINIC AND ECON CARE RESIDENCE (JURONG EAST),1.35062884013196,103.728878030806,name_change,NIL,1.35062884013196,103.728878030806,
20,POLLEN VIEW,806858,POLLEN COLLECTION (U/C),1.38047577337032,103.859238142362,name_change,POLLEN COLLECTION,1.38047577337032,103.859238142362,
1,POLLEN VIEW,806997,POLLEN COLLECTION (U/C),1.38073949692686,103.858776707998,name_change,POLLEN COLLECTION,1.38073949692686,103.858776707998,
11,CANNING WALK,178881,METT SINGAPORE,1.29596841133495,103.845559591547,name_change,HOTEL FORT CANNING,1.29596841133495,103.845559591547,
545,BELGRAVIA DRIVE,808096,BELGRAVIA ACE (U/C),1.38098154363227,103.865760198198,name_change,BELGRAVIA ACE,1.38098154363227,103.865760198198,
808,ANG MO KIO STREET 82,560808,PINE VILLE @ AMK,1.37767118132803,103.854142332118,name_change,NIL,1.37767118132803,103.854142332118,
362,YISHUN AVENUE 3,769060,TEONG SIEW KUAN TEMPLE,1.42249788364062,103.833065403289,name_change,DONG SHAN TEMPLE,1.42249788364062,103.833065403289,
417B,TEBAN GARDENS ROAD,602417,TEBAN BREEZE,1.32223164068431,103.744461245355,name_change,NIL,1.32223164068431,103.744461245355,
31,POLLEN VIEW,807186,POLLEN COLLECTION (U/C),1.38096975066055,103.859591292181,name_change,POLLEN COLLECTION,1.38096975066055,103.859591292181,
128B,SERANGOON NORTH AVENUE 1,552128,SERANGOON NORTH VISTA,1.36494045551144,103.872796280055,name_change,NIL,1.36494045551144,103.872796280055,
429,BELGRAVIA DRIVE,807801,BELGRAVIA ACE (U/C),1.38160928443009,103.864656078792,name_change,BELGRAVIA ACE,1.38160928443009,103.864656078792,
60,KHEAM HOCK ROAD,298824,DUNEARN ESTATE,1.32972931832858,103.820143577883,name_change,NIL,1.32974821068208,103.820116625365,
8,POLLEN WALK,807334,POLLEN COLLECTION (U/C),1.38169999697725,103.858961871895,name_change,POLLEN COLLECTION,1.38169999697725,103.858961871895,
809C,ANG MO KIO STREET 82,563809,PINE VILLE @ AMK,1.37649304220001,103.854110966702,name_change,NIL,1.37649304220001,103.854110966702,
485C,FERNVALE DRIVE,793485,FERNVALE OASIS,1.39900694144556,103.876428560552,name_change,NIL,1.39900694144556,103.876428560552,
21,POLLEN CRESCENT,807530,POLLEN COLLECTION (U/C),1.38231323227297,103.859091115995,name_change,POLLEN COLLECTION,1.38231323227297,103.859091115995,
24,MARINA VIEW,19960,W RESIDENCES MARINA VIEW – SINGAPORE (U/C),1.27670307917562,103.849736169355,name_change,MARINA VIEW RESIDENCES,1.27670307917562,103.849736169355,
489,BELGRAVIA DRIVE,807958,BELGRAVIA ACE (U/C),1.38133434082287,103.866116984135,name_change,BELGRAVIA ACE,1.38133434082287,103.866116984135,
215,PONGGOL SEVENTEENTH AVENUE,829714,WHITE COVE (U/C),1.41493886602854,103.903095443621,name_change,WHITE COVE,1.41493886602854,103.903095443621,
36,POLLEN VIEW,806990,POLLEN COLLECTION (U/C),1.38060215409346,103.859689113486,name_change,POLLEN COLLECTION,1.38060215409346,103.859689113486,
11B,MACKENZIE ROAD,228675,NIL,1.30434908677392,103.849908918351,name_change,G4 STATION BACKPACKERS HOSTEL,1.30434908677392,103.849908918351,
22,COLLEGE AVENUE WEST,138530,NUS COLLEGE,1.30756333329947,103.77262245701,name_change,YALE-NUS COLLEGE CAMPUS,1.30756333329947,103.77262245701,
25,GENTING ROAD,349482,NIL,1.32825733595607,103.875595756777,name_change,UNION ENERGY GROUP BUILDING,1.32824882437239,103.875587654786,
61,TENGAH GARDEN WALK,699891,COPEN GRAND,1.36192865449978,103.729712493673,name_change,COPEN GRAND (U/C),1.36192865449978,103.729712493673,
3,NORTHUMBERLAND ROAD,219569,PICCADILLY GRAND,1.311250279155,103.852455288833,name_change,PICCADILLY GRAND (U/C),1.311250279155,103.852455288833,
9,POLLEN CRESCENT,807524,POLLEN COLLECTION (U/C),1.38247176206401,103.85937310549,name_change,POLLEN COLLECTION,1.38247176206401,103.85937310549,
20,COLLEGE AVENUE WEST,138529,NUS COLLEGE,1.30705741093022,103.772529916797,name_change,YALE-NUS COLLEGE CAMPUS,1.30705741093022,103.772529916797,
3,POLLEN VIEW,806998,POLLEN COLLECTION (U/C),1.38075677488844,103.858832279749,name_change,POLLEN COLLECTION,1.38075677488844,103.858832279749,
483,FERNVALE DRIVE,790483,FERNVALE OASIS,1.40020312640826,103.876313235962,name_change,NIL,1.40020312640826,103.876313235962,
5,POLLEN WALK,807347,POLLEN COLLECTION (U/C),1.38207324855798,103.859015560765,name_change,POLLEN COLLECTION,1.38207324855798,103.859015560765,
297C,LORONG 6 TOA PAYOH,319389,NIL,1.33021801545927,103.85195095117,name_change,SINGAPORE TABLE TENNIS ACADEMY,1.33025700558676,103.851966024301,
5,MARINA GARDENS LANE,19917,ONE MARINA GARDENS (U/C),1.27580060851268,103.862936192351,name_change,ONE MARINA GARDENS,1.27580060851268,103.862936192351,
419C,FERNVALE LINK,793419,FERNVALE SAILS,1.39406414560515,103.880156321116,name_change,NIL,1.39406414560515,103.880156321116,
569,BELGRAVIA DRIVE,808108,BELGRAVIA ACE (U/C),1.3808712783641,103.865657542621,name_change,BELGRAVIA ACE,1.3808712783641,103.865657542621,
529,YISHUN STREET 53,760529,ARANDA BREEZE @ YISHUN,1.4241643729817,103.852962218674,name_change,NIL,1.4241643729817,103.852962218674,
505,BELGRAVIA DRIVE,807966,BELGRAVIA ACE (U/C),1.38144391009636,103.865534964711,name_change,BELGRAVIA ACE,1.38144391009636,103.865534964711,
1A,INTERNATIONAL BUSINESS PARK,609933,CONSULATE OF THE REPUBLIC OF ESTONIA,1.32803882402513,103.748337570084,name_change,NIL,1.32783798911958,103.747950360251,
47,BEDOK SOUTH AVENUE 3,460047,BEDOK SOUTH BLOSSOMS,1.32188497949521,103.942399124062,name_change,NIL,1.32188497949521,103.942399124062,
2001A,UPPER CHANGI ROAD NORTH,508898,SELARANG FIRE TRAINING GROUND,1.37074735498996,103.981658138174,name_change,NIL,1.37062214569753,103.981287709616,
41,YISHUN CLOSE,769302,NORTH GAIA,1.43580016101414,103.84556329937,name_change,NORTH GAIA (U/C),1.43580423395908,103.845549082372,
204,QUEEN'S CRESCENT,140204,QUEENSWAY CANOPY,1.28994659987068,103.799952266367,name_change,NIL,1.28994659987068,103.799952266367,
10,POLLEN PLACE,807204,POLLEN COLLECTION (U/C),1.3810253986308,103.858992395008,name_change,POLLEN COLLECTION,1.3810253986308,103.858992395008,
117B,JALAN KEMBANGAN,412117,KEMBANGAN WAVE,1.32233228825057,103.913094031136,name_change,NIL,1.32233228825057,103.913094031136,
524A,YISHUN STREET 53,761524,VANDA BREEZE @ YISHUN,1.42113426546265,103.852431654212,name_change,NIL,1.42113426546265,103.852431654212,
465,BELGRAVIA DRIVE,807915,BELGRAVIA ACE (U/C),1.38171562507198,103.865482399447,name_change,BELGRAVIA ACE,1.38171562507198,103.865482399447,
2,BUKIT MANIS ROAD,99891,SOFITEL HOTEL SENTOSA SINGAPORE,1.24589687601798,103.827569393578,name_change,SOFITEL SINGAPORE SENTOSA RESORT & SPA,1.24589687601798,103.827569393578,
32,PLANTATION CLOSE,690091,OTTO PLACE (U/C),1.34793735286897,103.736758778262,name_change,OTTO PLACE,1.34793735286897,103.736758778262,
402C,JURONG WEST STREET 42,643402,JURONG ARCADIA,1.3534995821915,103.723818724691,name_change,NIL,1.3534995821915,103.723818724691,
431,BELGRAVIA DRIVE,807802,BELGRAVIA ACE (U/C),1.38162007874699,103.864598725333,name_change,BELGRAVIA ACE,1.38162007874699,103.864598725333,
474B,BUKIT BATOK WEST AVENUE 5,652474,WEST GLADES @ BUKIT BATOK,1.3568090806143,103.746449139943,name_change,NIL,1.3568090806143,103.746449139943,
459B,BUKIT BATOK WEST AVENUE 8,652459,WEST BRICKVILLE @ BUKIT BATOK,1.35471633623249,103.738424366991,name_change,NIL,1.35471633623249,103.738424366991,
83,TAMPINES STREET 62,529449,TENET,1.36855132825317,103.941709770792,name_change,TENET (U/C),1.36855132825317,103.941709770792,
77,TAMPINES STREET 62,529702,TENET,1.36851826550495,103.942399647374,name_change,TENET (U/C),1.36851826550495,103.942399647374,
484B,FERNVALE DRIVE,792484,FERNVALE OASIS,1.3993985319494,103.876398105666,name_change,NIL,1.3993985319494,103.876398105666,
7,POLLEN PLACE,807273,POLLEN COLLECTION (U/C),1.38140630028843,103.85896454014,name_change,POLLEN COLLECTION,1.38140630028843,103.85896454014,
26,EVANS ROAD,259367,THE INITIAL SAMA,1.31874454303372,103.820233186205,name_change,YO:HA @ EVANS,1.31874454303372,103.820233186205,
51,GHIM MOH LINK,270051,GHIM MOH NATURA,1.3095985111411,103.789942943508,name_change,NIL,1.3095985111411,103.789942943508,
2,FUSIONOPOLIS WAY,138634,"AGENCY FOR SCIENCE, TECHNOLOGY AND RESEARCH (A*STAR)",1.29851988332859,103.788648234727,name_change,INNOVIS,1.29842618269904,103.788697913817,
203,QUEEN'S CRESCENT,140203,QUEENSWAY CANOPY,1.2892815975358,103.799551519768,name_change,NIL,1.2892815975358,103.799551519768,
55,GHIM MOH LINK,270055,ULU PANDAN GLADES,1.3095571389636,103.782763348733,name_change,NIL,1.3095571389636,103.782763348733,
19,POLLEN WALK,807475,POLLEN COLLECTION (U/C),1.38223621937353,103.859473487122,name_change,POLLEN COLLECTION,1.38223621937353,103.859473487122,
45,BEDOK SOUTH AVENUE 3,460045,BEDOK SOUTH BLOSSOMS,1.32208339971419,103.943408749166,name_change,NIL,1.32208339971419,103.943408749166,
577,BELGRAVIA DRIVE,808112,BELGRAVIA ACE (U/C),1.38080002570421,103.866036962105,name_change,BELGRAVIA ACE,1.38080002570421,103.866036962105,
524E,YISHUN STREET 53,765524,VANDA BREEZE @ YISHUN,1.42209525533145,103.851133183103,name_change,NIL,1.42209525533145,103.851133183103,
27,POLLEN VIEW,807184,POLLEN COLLECTION (U/C),1.38094051715458,103.859487177235,name_change,POLLEN COLLECTION,1.38094051715458,103.859487177235,
539,BELGRAVIA DRIVE,808093,BELGRAVIA ACE (U/C),1.38092497481214,103.866059968726,name_change,BELGRAVIA ACE,1.38092497481214,103.866059968726,
419,FERNVALE LINK,790419,FERNVALE SAILS,1.39372731590883,103.879646351658,name_change,NIL,1.39372731590883,103.879646351658,
22,MARINA VIEW,19959,W RESIDENCES MARINA VIEW – SINGAPORE (U/C),1.27670307917562,103.849736169355,name_change,MARINA VIEW RESIDENCES,1.27670307917562,103.849736169355,
463,HOUGANG AVENUE 10,530463,HARMONY VIEW @ HOUGANG,1.37235645075277,103.894968078036,name_change,NIL,1.37235645075277,103.894968078036,
63,MEDIA CIRCLE,139816,BLOOMSBURY RESIDENCES (U/C),1.29444235984052,103.79512874632,name_change,BLOOMSBURY RESIDENCES,1.29444235984052,103.79512874632,
28,PLANTATION CLOSE,690099,OTTO PLACE (U/C),1.34793735286897,103.736758778262,name_change,OTTO PLACE,1.34793735286897,103.736758778262,
375,BELGRAVIA DRIVE,807534,BELGRAVIA ACE (U/C),1.38103836173764,103.864772286348,name_change,BELGRAVIA ACE,1.38103836173764,103.864772286348,
80,BOON KENG ROAD,339780,AUMOVIO BUILDING,1.31560969603957,103.863281240839,name_change,CONTINENTAL BUILDING,1.31560969603957,103.863281240839,
37,YISHUN CLOSE,769300,NORTH GAIA,1.43616087275784,103.845103477164,name_change,NORTH GAIA (U/C),1.43615956710933,103.84509259687,
27,PARBURY AVENUE,467341,THE LOOKOUT (U/C),1.31747054208942,103.943257430638,name_change,THE LOOKOUT,1.31747054208942,103.943257430638,
75,AIRPORT CARGO ROAD,819458,CHANGI NEXUS ONE,1.37063267523031,103.992714926767,name_change,DHL EXPRESS SOUTH EAST ASIA HUB,1.37063267523031,103.992714926767,
50,KEONG SAIK ROAD,89154,A HOTEL CHINATOWN,1.28079216317408,103.841812323258,name_change,HOTEL 1929,1.28079216317408,103.841812323258,
71,TAMPINES STREET 62,529699,TENET,1.36801516855694,103.943202444863,name_change,TENET (U/C),1.36801516855694,103.943202444863,
35,POLLEN VIEW,807196,POLLEN COLLECTION (U/C),1.38099902549387,103.859695555904,name_change,POLLEN COLLECTION,1.38099902549387,103.859695555904,
2,HOLLAND VILLAGE WAY,279035,SKYE AT HOLLAND (U/C),1.31216454554039,103.792689741396,name_change,SKYE AT HOLLAND,1.31216454554039,103.792689741396,
21,LORONG K TELOK KURAU,425617,K SUITES (U/C),1.31258516179352,103.90790598785,name_change,K SUITES,1.31259475279896,103.907889140249,
215J,PONGGOL SEVENTEENTH AVENUE,829759,WHITE COVE (U/C),1.41447239035304,103.902655220519,name_change,WHITE COVE,1.41447239035304,103.902655220519,
299,LORONG 6 TOA PAYOH,319390,NIL,1.33028857436685,103.851567502968,name_change,TOA PAYOH SPORTS HALL,1.33028857436685,103.851567502968,
9,POLLEN WALK,807470,POLLEN COLLECTION (U/C),1.38214712391681,103.859208485757,name_change,POLLEN COLLECTION,1.38214712391681,103.859208485757,
6,ANG MO KIO STREET 44,569253,NIL,1.36500301580801,103.859092846726,name_change,PATHLIGHT SCHOOL 2,1.36500301580801,103.859092846726,
824B,KEAT HONG LINK,682824,KEAT HONG GRANGE,1.37368934584153,103.747996129126,name_change,NIL,1.37368934584153,103.747996129126,
524D,YISHUN STREET 53,764524,VANDA BREEZE @ YISHUN,1.42171209105192,103.850788460024,name_change,NIL,1.42171209105192,103.850788460024,
559,BELGRAVIA DRIVE,808103,BELGRAVIA ACE (U/C),1.38094624740087,103.865260277445,name_change,BELGRAVIA ACE,1.38094624740087,103.865260277445,
35,PARBURY AVENUE,465445,THE LOOKOUT (U/C),1.31730904667417,103.942784196563,name_change,THE LOOKOUT,1.31730904667417,103.942784196563,
417A,TEBAN GARDENS ROAD,601417,TEBAN BREEZE,1.32218661274686,103.744081615979,name_change,NIL,1.32218661274686,103.744081615979,
443,BELGRAVIA DRIVE,807850,BELGRAVIA ACE (U/C),1.38186246279992,103.864703114872,name_change,BELGRAVIA ACE,1.38186246279992,103.864703114872,
389,BELGRAVIA DRIVE,807678,BELGRAVIA ACE (U/C),1.38119345889021,103.864636111891,name_change,BELGRAVIA ACE,1.38119345889021,103.864636111891,
21,JALAN ANAK BUKIT,589773,THE RESERVE RESIDENCES (U/C),1.33983650602981,103.777767727642,name_change,THE RESERVE RESIDENCES,1.33983650602981,103.777767727642,
399,BELGRAVIA DRIVE,807683,BELGRAVIA ACE (U/C),1.38147900782709,103.864495259965,name_change,BELGRAVIA ACE,1.38147900782709,103.864495259965,
15,POLLEN PLACE,807277,POLLEN COLLECTION (U/C),1.38146437481867,103.859171817041,name_change,POLLEN COLLECTION,1.38146437481867,103.859171817041,
35,ORCHARD ROAD,238902,NIL,1.29946051650063,103.843384738464,name_change,ISTANA HERITAGE GALLERY,1.29946051650063,103.843384738464,
5,BEDOK NORTH STREET 2,469645,NIL,1.32585711804408,103.938328168425,name_change,BEDOK SPORTS CENTRE,1.32585711804408,103.938328168425,
297,LORONG 6 TOA PAYOH,319389,NIL,1.33041404935825,103.851280023328,name_change,TOA PAYOH SPORTS HALL,1.33041404935825,103.851280023328,
15,HOE CHIANG ROAD,89316,SKY TOWER,1.2737717948156,103.842089338694,name_change,SKY TOWER / SKY PLAZA,1.2737717948156,103.842089338694,
63,TENGAH GARDEN WALK,699892,COPEN GRAND,1.36192349991236,103.729948432183,name_change,COPEN GRAND (U/C),1.36192349991236,103.729948432183,
10,JALAN UBI,409075,KAMPONG KEMBANGAN COMMUNITY CLUB (TEMP OFFICE),1.3177006204915,103.900833499817,name_change,KAMPONG UBI COMMUNITY CENTRE,1.31784644102688,103.900750123561,
404A,JURONG WEST STREET 42,641404,JURONG ARCADIA,1.35408471473791,103.72368130198,name_change,NIL,1.35408471473791,103.72368130198,
526,YISHUN STREET 53,760526,ARANDA BREEZE @ YISHUN,1.4228852948568,103.853495819453,name_change,NIL,1.4228852948568,103.853495819453,
102,PLANTATION CLOSE,690102,PLANTATION VERGE,1.35087280870057,103.734634565953,name_change,NIL,1.35087280870057,103.734634565953,
50,SERANGOON AVENUE 2,556129,BRADDELL HEIGHTS COMMUNITY CLUB,1.35169038154618,103.870408875865,name_change,BRADDELL HEIGHTS COMMUNITY CLUB (PENDING U/C),1.3516281467669,103.870443227253,
13,POLLEN PLACE,807276,POLLEN COLLECTION (U/C),1.38145008022938,103.859120797167,name_change,POLLEN COLLECTION,1.38145008022938,103.859120797167,
73,TAMPINES STREET 62,529700,TENET,1.36814934690513,103.942983314402,name_change,TENET (U/C),1.36814934690513,103.942983314402,
10,POLLEN WALK,807335,POLLEN COLLECTION (U/C),1.38171442049437,103.859013223862,name_change,POLLEN COLLECTION,1.38171442049437,103.859013223862,
1,CLUNY ROAD,259569,SINGAPORE BOTANIC GARDENS (BANDSTAND GAZEBO),1.31038657419727,103.816319662593,name_and_location_change,NATIONAL PARKS BOARD (NPARKS),1.31568827087057,103.816190606231,589.6963173309879
419D,FERNVALE L,794419,FERNVALE SAILS,1.39326086641727,103.879947479604,name_change,NIL,1.39326086641727,103.879947479604,
10,COLLEGE AVENUE WEST,138609,NUS COLLEGE,1.3055311451546,103.772048529232,name_change,YALE-NUS COLLEGE CAMPUS,1.3055311451546,103.772048529232,
22,POLLEN PLACE,807227,POLLEN COLLECTION (U/C),1.38112178627269,103.859339713085,name_change,POLLEN COLLECTION,1.38112178627269,103.859339713085,
471,BELGRAVIA DRIVE,807918,BELGRAVIA ACE (U/C),1.3816739629488,103.865702512376,name_change,BELGRAVIA ACE,1.3816739629488,103.865702512376,
31D,PARBURY AVENUE,465440,THE LOOKOUT (U/C),1.31719023928964,103.943336517566,name_change,THE LOOKOUT,1.31719023928964,103.943336517566,
54,GHIM MOH LINK,270054,ULU PANDAN GLADES,1.3097251226433,103.783420514991,name_change,NIL,1.3097251226433,103.783420514991,
808A,ANG MO KIO STREET 82,561808,PINE VILLE @ AMK,1.37745537179795,103.854075345114,name_change,NIL,1.37745537179795,103.854075345114,
89,KOON SENG ROAD,427030,KOON SENG HOUSE  (U/C),1.31222193982018,103.904564129604,name_change,KOON SENG HOUSE,1.31222193982018,103.904564129604,
195B,SERANGOON ROAD,218067,THE QUAY HOTEL LITTLE INDIA,1.30917901197119,103.853224451135,name_change,BROADWAY HOTEL,1.30917901197119,103.853224451135,
43,YISHUN CLOSE,769303,NORTH GAIA,1.43548696726371,103.845673344342,name_change,NORTH GAIA (U/C),1.43548103497262,103.845665343006,
519A,MILTONIA CLOSE,761519,MILTONIA BREEZE @ YISHUN,1.41928906498783,103.850240361199,name_change,NIL,1.41928906498783,103.850240361199,
215N,PONGGOL SEVENTEENTH AVENUE,829763,WHITE COVE (U/C),1.41476567162839,103.902787099345,name_change,WHITE COVE,1.41476567162839,103.902787099345,
524C,YISHUN STREET 53,763524,VANDA BREEZE @ YISHUN,1.42168188824283,103.851280569737,name_change,NIL,1.42168188824283,103.851280569737,
100A,PLANTATION CLOSE,691100,PLANTATION VERGE,1.34909424343995,103.736059300427,name_change,NIL,1.34909424343995,103.736059300427,
527,BELGRAVIA DRIVE,808087,BELGRAVIA ACE (U/C),1.38123875484257,103.865770397141,name_change,BELGRAVIA ACE,1.38123875484257,103.865770397141,
994,JURONG WEST STREET 93,640994,JURONG WEST CRYSTAL,1.33655599700702,103.693074177043,name_change,NIL,1.33655599700702,103.693074177043,
465,UPPER SERANGOON ROAD,530465,HARMONY VIEW @ HOUGANG,1.37190788342411,103.897012927498,name_change,NIL,1.37190788342411,103.897012927498,
11C,MACKENZIE ROAD,228675,NIL,1.30434908677392,103.849908918351,name_change,G4 STATION BACKPACKERS HOSTEL,1.30434908677392,103.849908918351,
79,PHOENIX AVENUE,668382,PHOENIX RESIDENCES,1.37525459469413,103.757531008357,name_change,PHOENIX RESIDENCES (U/C),1.37525459469413,103.757531008357,
491,BELGRAVIA DRIVE,807959,BELGRAVIA ACE (U/C),1.38134507002045,103.866060071569,name_change,BELGRAVIA ACE,1.38134507002045,103.866060071569,
516C,MILTONIA CLOSE,763516,MILTONIA BREEZE @ YISHUN,1.41893271775295,103.849254615958,name_change,NIL,1.41893271775295,103.849254615958,
379,BELGRAVIA DRIVE,807673,BELGRAVIA ACE (U/C),1.38100843487881,103.864931084677,name_change,BELGRAVIA ACE,1.38100843487881,103.864931084677,
119,BUKIT BATOK WEST AVENUE 8,659775,ALTURA (U/C),1.35995497039694,103.742320012935,name_change,ALTURA,1.35995497039694,103.742320012935,
28,CARPENTER STREET,59827,NIL,1.28833377741415,103.847231504686,name_change,TRAVEL CURATORS HQ,1.28833377741415,103.847231504686,
15,FRANCIS THOMAS DRIVE,359342,ST ANDREW'S SCHOOL (SECONDARY),1.33069360968075,103.866249138562,name_change,SAINT ANDREW'S SECONDARY SCHOOL,1.33069360968075,103.866249138562,
1B,CLUNY ROAD,259598,NATIONAL BIODIVERSITY CENTRE,1.31654969925993,103.817186800754,name_change,NIL,1.31654969925993,103.817186800754,
2,OWEN ROAD,218842,OWEN HOUSE BY HABYT,1.31170733332103,103.854953206249,name_change,NIL,1.31170733332103,103.854953206249,
11,UNITY STREET,237995,ROBERTSON WALK,1.29186333652408,103.841359786872,name_change,CAMBRIDGE CDC @ TANGLIN PTE. LTD.,1.2919705093805,103.841157123421,
822,KEAT HONG LINK,680822,KEAT HONG GRANGE,1.37494274712015,103.749023588303,name_change,NIL,1.37494274712015,103.749023588303,
87,JALAN SATU,390087,MOUNTBATTEN COMMUNITY CLUB,1.30920453703351,103.886918300106,name_change,MOUNTBATTEN COMMUNITY CLUB (U/C),1.30920453703351,103.886918300106,
22,ORCHARD BOULEVARD,249628,UPPERHOUSE AT ORCHARD BOULEVARD (U/C),1.30199604255669,103.824015107233,name_change,UPPERHOUSE AT ORCHARD BOULEVARD,1.30199604255669,103.824015107233,
32,POLLEN PLACE,807232,POLLEN COLLECTION (U/C),1.38118977533038,103.859599983825,name_change,POLLEN COLLECTION,1.38118977533038,103.859599983825,
1,PASIR PANJANG ROAD,118479,ENERGY MARKET AUTHORITY (EMA),1.2723481156692,103.80121156952,name_change,LABRADOR TOWER,1.27221060163207,103.801177385327,
33C,PARBURY AVENUE,465444,THE LOOKOUT (U/C),1.31717965048235,103.942966483684,name_change,THE LOOKOUT,1.31717965048235,103.942966483684,
439,BELGRAVIA DRIVE,807806,BELGRAVIA ACE (U/C),1.38188737833999,103.864570969959,name_change,BELGRAVIA ACE,1.38188737833999,103.864570969959,
23,POLLEN WALK,807477,POLLEN COLLECTION (U/C),1.38229475196053,103.859569151468,name_change,POLLEN COLLECTION,1.38229475196053,103.859569151468,
12,TAI SENG LINK,534233,GRC CENTRE,1.33710194502043,103.890655668763,name_change,NIL,1.33710194502043,103.890655668763,
555,BELGRAVIA DRIVE,808101,BELGRAVIA ACE (U/C),1.38105637773568,103.86536298033,name_change,BELGRAVIA ACE,1.38105637773568,103.86536298033,
22,POLLEN CRESCENT,807502,POLLEN COLLECTION (U/C),1.38264442988602,103.85890461053,name_change,POLLEN COLLECTION,1.38264442988602,103.85890461053,
39,PARBURY AVENUE,465450,THE LOOKOUT (U/C),1.31746172196764,103.942878758118,name_change,THE LOOKOUT,1.31746172196764,103.942878758118,
411,HOUGANG AVENUE 10,530411,HARMONY VIEW @ HOUGANG,1.37409413946214,103.895312625321,name_change,NIL,1.37409413946214,103.895312625321,
29B,PARBURY AVENUE,465434,THE LOOKOUT (U/C),1.31730981955016,103.943176919096,name_change,THE LOOKOUT,1.31730981955016,103.943176919096,
215C,PONGGOL SEVENTEENTH AVENUE,829717,WHITE COVE (U/C),1.41469767979534,103.903166363063,name_change,WHITE COVE,1.41469767979534,103.903166363063,
11,POLLEN VIEW,807176,POLLEN COLLECTION (U/C),1.38081407589768,103.859036355917,name_change,POLLEN COLLECTION,1.38081407589768,103.859036355917,
1,WOODLANDS STREET 31,738581,FUCHUN COMMUNITY CLUB (U/C),1.42958660649594,103.774850125046,name_change,FUCHUN COMMUNITY CLUB (PENDING U/C),1.42958660649594,103.774850125046,
4,POLLEN VIEW,806850,POLLEN COLLECTION (U/C),1.38036061626742,103.85882722159,name_change,POLLEN COLLECTION,1.38036061626742,103.85882722159,
65B,COMMONWEALTH AVENUE WEST,132065,ULU PANDAN VISTA,1.31245649651275,103.778288140825,name_change,NIL,1.31245649651275,103.778288140825,
8,SIN MING ROAD,575628,ARTISAN 8,1.35371810230316,103.836117288176,name_change,NIL,1.35371665672148,103.836115880148,
195C,SERANGOON ROAD,218067,THE QUAY HOTEL LITTLE INDIA,1.30917901197119,103.853224451135,name_change,BROADWAY HOTEL,1.30917901197119,103.853224451135,
34,PLANTATION CLOSE,690092,OTTO PLACE (U/C),1.34793735286897,103.736758778262,name_change,OTTO PLACE,1.34793735286897,103.736758778262,
6,HOLLAND VILLAGE WAY,279037,SKYE AT HOLLAND (U/C),1.31216454554039,103.792689741396,name_change,SKYE AT HOLLAND,1.31216454554039,103.792689741396,
459,BUKIT BATOK WEST AVENUE 8,650459,WEST BRICKVILLE @ BUKIT BATOK,1.35471115217407,103.738741505774,name_change,NIL,1.35471115217407,103.738741505774,
16,FARRER PARK ROAD,210016,FARRER PARK FIELDS,1.31083473096323,103.851157426954,name_change,NIL,1.31083473096323,103.851157426954,
2,FRANCIS THOMAS DRIVE,359337,ST ANDREW'S SCHOOL (JUNIOR),1.33140255308868,103.865117134385,name_change,SAINT ANDREW'S JUNIOR SCHOOL,1.33140255308868,103.865117134385,
46C,BEDOK SOUTH AVENUE 3,463046,BEDOK SOUTH BLOSSOMS,1.32167825408843,103.942632612009,name_change,NIL,1.32167825408843,103.942632612009,
48,BEDOK SOUTH AVENUE 3,460048,BEDOK SOUTH BLOSSOMS,1.32305730219703,103.943537759704,name_change,NIL,1.32305730219703,103.943537759704,
117,BUKIT BATOK WEST AVENUE 8,659860,ALTURA (U/C),1.36012332124884,103.742108001375,name_change,ALTURA,1.36012332124884,103.742108001375,
203A,QUEEN'S CRESCENT,141203,QUEENSWAY CANOPY,1.28987991070139,103.799569508701,name_change,NIL,1.28987991070139,103.799569508701,
25,YISHUN CLOSE,769341,NORTH GAIA,1.43546259823385,103.845206862538,name_change,NORTH GAIA (U/C),1.43545249428861,103.845192449638,
80,TENGAH GARDEN AVENUE,699915,PIONEER PRIMARY SCHOOL (U/C),1.35442592930738,103.732790920197,name_change,NIL,1.35361485610214,103.733287640266,
17,POLLEN PLACE,807278,POLLEN COLLECTION (U/C),1.38147887907791,103.859223587039,name_change,POLLEN COLLECTION,1.38147887907791,103.859223587039,
59,TENGAH GARDEN WALK,699913,COPEN GRAND,1.36150164949926,103.730169909399,name_change,COPEN GRAND (U/C),1.36150164949926,103.730169909399,
215Q,PONGGOL SEVENTEENTH AVENUE,829765,WHITE COVE (U/C),1.41491229145585,103.902853132468,name_change,WHITE COVE,1.41491229145585,103.902853132468,
722,UPPER CHANGI ROAD EAST,486854,SINGAPORE AIRLINES OFFICE,1.34692570653981,103.965377705246,name_change,TECHSQ,1.34692570653981,103.965377705246,
31,PARBURY AVENUE,467300,THE LOOKOUT (U/C),1.31718179835871,103.943036785757,name_change,THE LOOKOUT,1.31718179835871,103.943036785757,
113,BUKIT BATOK WEST AVENUE 8,659858,ALTURA (U/C),1.35943485657108,103.74186955616,name_change,ALTURA,1.35943485657108,103.74186955616,
406B,JURONG WEST STREET 42,642406,JURONG ARCADIA,1.35436169953039,103.724549192298,name_change,NIL,1.35436169953039,103.724549192298,
461,HOUGANG AVENUE 10,530461,HARMONY VIEW @ HOUGANG,1.37273622417586,103.894629349778,name_change,NIL,1.37273622417586,103.894629349778,
20,CROSS STREET,48422,NANKIN YARDS,1.28374576252035,103.847469684006,name_change,CROSS STREET EXCHANGE,1.28374576252035,103.847469684006,
670,BEDOK NORTH STREET 3,469627,KAKI BUKIT COMMUNITY CENTRE,1.33335800926146,103.926857202735,name_change,KAKI BUKIT COMMUNITY CENTRE (U/C),1.33335800926146,103.926857202735,
61,MEDIA CIRCLE,139815,BLOOMSBURY RESIDENCES (U/C),1.29444235984052,103.79512874632,name_change,BLOOMSBURY RESIDENCES,1.29444235984052,103.79512874632,
3,MAGAZINE ROAD,59570,UNION SQUARE THREE,1.2887536712464,103.842484418198,name_change,UNION SQUARE,1.2887536712464,103.842484418198,
435,ANG MO KIO AVENUE 10,560435,CHENG SAN COMMUNITY CLUB (TEMP OFFICE),1.36766116325929,103.854307499675,name_change,CHONG BOON RISE,1.36770367834269,103.854214313011,
278,JERVOIS ROAD,249076,SRI MENANTI ESTATE,1.29459429224728,103.824137947949,name_change,NIL,1.29453508497147,103.82423457479,
19,POLLEN CRESCENT,807529,POLLEN COLLECTION (U/C),1.38234105998443,103.85913782351,name_change,POLLEN COLLECTION,1.38234105998443,103.85913782351,
44B,HORNE ROAD,209067,NIL,1.3093266719998,103.862062340993,name_change,NETWORK COURIER BUILDING,1.3093266719998,103.862062340993,
516,MILTONIA CLOSE,760516,MILTONIA BREEZE @ YISHUN,1.41929218803885,103.848959084357,name_change,NIL,1.41929218803885,103.848959084357,
37,MARINE PARADE,449524,CHOA BUNGALOW,1.3026236120344,103.903873487916,name_change,NIL,1.3026236120344,103.903873487916,
51A,GHIM MOH CLOSE,271051,GHIM MOH NATURA,1.30921750061077,103.79011181444,name_change,NIL,1.30921750061077,103.79011181444,
466,HOUGANG AVENUE 8,530466,HARMONY VIEW @ HOUGANG,1.37251992138059,103.897005554551,name_change,NIL,1.37251992138059,103.897005554551,
35C,PARBURY AVENUE,465448,THE LOOKOUT (U/C),1.31730920785041,103.942977189845,name_change,THE LOOKOUT,1.31730920785041,103.942977189845,
12,LORONG 12 GEYLANG,398993,GOSTAY HOTEL,1.31140044123756,103.878121314712,name_change,NIL,1.31140044123756,103.878121314712,
465A,UPPER SERANGOON ROAD,531465,HARMONY VIEW @ HOUGANG,1.37236821208425,103.897355282941,name_change,MULTI STOREY CAR PARK,1.37236821208425,103.897355282941,
294,JURONG EAST STREET 24,600294,JURONG EAST BREEZE,1.34319388383525,103.74446926302,name_change,NIL,1.34319388383525,103.74446926302,
67,TENGAH GARDEN WALK,699894,COPEN GRAND,1.36192145614213,103.730461439514,name_change,COPEN GRAND (U/C),1.36192145614213,103.730461439514,
35B,PARBURY AVENUE,465447,THE LOOKOUT (U/C),1.31730946190505,103.942914652697,name_change,THE LOOKOUT,1.31730946190505,103.942914652697,
292,JURONG EAST STREET 24,600292,JURONG EAST BREEZE,1.34367999293544,103.744283360822,name_change,NIL,1.34367999293544,103.744283360822,
12,POLLEN WALK,807336,POLLEN COLLECTION (U/C),1.38172912265954,103.85906556557,name_change,POLLEN COLLECTION,1.38172912265954,103.85906556557,
16B,FARRER PARK ROAD,212016,FARRER PARK FIELDS,1.31015510098029,103.850141870986,name_change,NIL,1.31015510098029,103.850141870986,
34,POLLEN VIEW,806989,POLLEN COLLECTION (U/C),1.38058769555538,103.859637523012,name_change,POLLEN COLLECTION,1.38058769555538,103.859637523012,
8,SHENTON WAY,68811,THE SKYWATERS,1.27572262809462,103.847266612595,name_and_location_change,OUE DOWNTOWN,1.27796672382887,103.849007895764,315.8117421496217
31,BIOPOLIS WAY,138669,BIOPROCESSING TECHNOLOGY INSTITUTE,1.30433643799619,103.792461279914,name_change,INSTITUTE OF BIOENGINEERING AND NANOTECHNOLOGY,1.30433643799619,103.792461279914,
13,POLLEN CRESCENT,807526,POLLEN COLLECTION (U/C),1.38242343752683,103.859276091141,name_change,POLLEN COLLECTION,1.38242343752683,103.859276091141,
55A,YISHUN INDUSTRIAL PARK A,768729,VICO INNOVATION CENTRE,1.44171956057712,103.835300496002,name_change,NK CERAMIC BUILDING,1.44171956057712,103.835300496002,
58C,GHIM MOH LINK,273058,ULU PANDAN BANKS,1.31149287862175,103.780535006994,name_change,NIL,1.31149287862175,103.780535006994,
39A,PARBURY AVENUE,465451,THE LOOKOUT (U/C),1.31753694792912,103.942880914613,name_change,THE LOOKOUT,1.31753694792912,103.942880914613,
28,HAVELOCK ROAD,59828,UNION SQUARE RESIDENCES (U/C),1.28800108052059,103.843453713687,name_change,UNION SQUARE RESIDENCES,1.28800108052059,103.843453713687,
9,JALAN ANAK BUKIT,589603,THE RESERVE RESIDENCES (U/C),1.33991958805043,103.776935231106,name_change,THE RESERVE RESIDENCES,1.33991958805043,103.776935231106,
14,COLLEGE AVENUE WEST,138611,NUS COLLEGE,1.30608809537109,103.771993013067,name_change,YALE-NUS COLLEGE CAMPUS,1.30608809537109,103.771993013067,
326A,TENGAH PARK AVENUE,691326,PARC MEADOW @ TENGAH,1.36497653426627,103.735775279624,name_change,PARK MEADOW @ TENGAH,1.36497653426627,103.735775279624,
433,BELGRAVIA DRIVE,807803,BELGRAVIA ACE (U/C),1.38163415397796,103.864524101431,name_change,BELGRAVIA ACE,1.38163415397796,103.864524101431,
25,POLLEN PLACE,807282,POLLEN COLLECTION (U/C),1.38153715668683,103.859431586878,name_change,POLLEN COLLECTION,1.38153715668683,103.859431586878,
32,POLLEN VIEW,806988,POLLEN COLLECTION (U/C),1.38057299778325,103.859585075253,name_change,POLLEN COLLECTION,1.38057299778325,103.859585075253,
328D,TENGAH PARK AVENUE,694328,PARC MEADOW @ TENGAH,1.36721210942622,103.735550222762,name_change,PARK MEADOW @ TENGAH,1.36721210942622,103.735550222762,
437,BELGRAVIA DRIVE,807805,BELGRAVIA ACE (U/C),1.38189828352328,103.86451312013,name_change,BELGRAVIA ACE,1.38189828352328,103.86451312013,
22,LENTOR CENTRAL,788877,HILLOCK GREEN (U/C),1.38509631948606,103.833849401084,name_change,HILLOCK GREEN,1.38509631948606,103.833849401084,
25,JALAN KAKATUA,598543,JURONG PARK,1.34406220300547,103.766278196846,name_change,INNATE MONTESSORI PTE. LTD.,1.34406219315124,103.766278202829,
27A,PARBURY AVENUE,467342,THE LOOKOUT (U/C),1.31747478113658,103.94329998451,name_change,THE LOOKOUT,1.31747478113658,103.94329998451,
81,TAMPINES STREET 62,529448,TENET,1.36887931708119,103.941980406333,name_change,TENET (U/C),1.36887931708119,103.941980406333,
419B,FERNVALE L,792419,FERNVALE SAILS,1.39411239261762,103.879662051171,name_change,NIL,1.39411239261762,103.879662051171,
404B,JURONG WEST STREET 42,642404,JURONG ARCADIA,1.35404858805182,103.724078161362,name_change,NIL,1.35404858805182,103.724078161362,
200,LORONG 2 TOA PAYOH,319642,NKF DIALYSIS CENTRE,1.33525355606987,103.845209814245,name_change,TOA PAYOH WEST COMMUNITY CLUB,1.33522124979435,103.845105800139,
26C,CAVAN ROAD,209854,NEST HOTEL,1.31087924800926,103.861821440459,name_change,HOTEL SNOW LAVENDER,1.31087924800926,103.861821440459,
7,POLLEN WALK,807469,POLLEN COLLECTION (U/C),1.38211397409079,103.859130298078,name_change,POLLEN COLLECTION,1.38211397409079,103.859130298078,
16,CHIN BEE AVENUE,619939,HUBER'S FACTORY,1.33388937886023,103.711894262964,name_change,GHL BUILDING,1.33386105444432,103.711905966056,
461,BELGRAVIA DRIVE,807913,BELGRAVIA ACE (U/C),1.38174082180255,103.865348510616,name_change,BELGRAVIA ACE,1.38174082180255,103.865348510616,
383,BELGRAVIA DRIVE,807675,BELGRAVIA ACE (U/C),1.38114836289743,103.864874592666,name_change,BELGRAVIA ACE,1.38114836289743,103.864874592666,
15,LYNWOOD GROVE,358659,BRADDELL HEIGHTS ESTATE,1.34729353756148,103.862581861178,name_change,NIL,1.34729070219879,103.862584991594,
579,BELGRAVIA DRIVE,808113,BELGRAVIA ACE (U/C),1.38106228232975,103.86508621265,name_change,BELGRAVIA ACE,1.38106228232975,103.86508621265,
297B,LORONG 6 TOA PAYOH,319389,NIL,1.33028857436685,103.851567502968,name_change,TOA PAYOH SPORTS HALL,1.33028857436685,103.851567502968,
18B,FARRER PARK ROAD,212018,FARRER PARK FIELDS,1.31048603918761,103.851544214089,name_change,NIL,1.31048603918761,103.851544214089,
53,TENGAH GARDEN WALK,699910,COPEN GRAND,1.36149747523493,103.730779254791,name_change,COPEN GRAND (U/C),1.36149747523493,103.730779254791,
98,VICTORIA STREET,188066,CENTRAL ARTS LIBRARY,1.29743229408405,103.854071363949,name_change,INFORMATICS ACADEMY,1.29762767084737,103.854548604259,
824A,KEAT HONG LINK,681824,KEAT HONG GRANGE,1.37392459380546,103.748455592259,name_change,NIL,1.37392459380546,103.748455592259,
473,BELGRAVIA DRIVE,807919,BELGRAVIA ACE (U/C),1.38166007601212,103.865776899923,name_change,BELGRAVIA ACE,1.38166007601212,103.865776899923,
15,POLLEN VIEW,807178,POLLEN COLLECTION (U/C),1.38084317995319,103.859140010389,name_change,POLLEN COLLECTION,1.38084317995319,103.859140010389,
1,POLLEN CRESCENT,807504,POLLEN COLLECTION (U/C),1.38258489540044,103.85955935737,name_change,POLLEN COLLECTION,1.38258489540044,103.85955935737,
30,POLLEN VIEW,806987,POLLEN COLLECTION (U/C),1.38055842373224,103.859533068649,name_change,POLLEN COLLECTION,1.38055842373224,103.859533068649,
541,BELGRAVIA DRIVE,808094,BELGRAVIA ACE (U/C),1.38093992281416,103.865980610234,name_change,BELGRAVIA ACE,1.38093992281416,103.865980610234,
24,LENTOR CENTRAL,788878,HILLOCK GREEN (U/C),1.38509631948606,103.833849401084,name_change,HILLOCK GREEN,1.38509631948606,103.833849401084,
507,BELGRAVIA DRIVE,807967,BELGRAVIA ACE (U/C),1.38145491164927,103.865477674363,name_change,BELGRAVIA ACE,1.38145491164927,103.865477674363,
11,SENTUL CRESCENT,828656,PUNGGOL SPORTS CENTRE,1.40856028299114,103.906845295414,name_change,PUNGGOL REGIONAL SPORTS CENTRE,1.40856028299114,103.906845295414,
1E,CLUNY ROAD,259601,SINGAPORE BOTANIC GARDENS (CENTRE OF URBAN GREENERY AND ECOLOGY),1.3184000275445,103.816024271327,name_change,SINGAPORE ENVIRONMENT COUNCIL,1.3184000275445,103.816024271327,
4,POLLEN WALK,807285,POLLEN COLLECTION (U/C),1.38167086663707,103.858858160544,name_change,POLLEN COLLECTION,1.38167086663707,103.858858160544,
524B,YISHUN STREET 53,762524,VANDA BREEZE @ YISHUN,1.42162419446172,103.851861173096,name_change,NIL,1.42162419446172,103.851861173096,
57D,GHIM MOH LINK,274057,ULU PANDAN BANKS,1.31069731425188,103.781930289881,name_change,NIL,1.31069731425188,103.781930289881,
213,BIDADARI PARK DRIVE,360213,NKF DIALYSIS CENTRE,1.34286809502833,103.873113073076,name_change,WOODLEIGH HILLSIDE,1.3428529512408,103.87283195267,
15,POLLEN CRESCENT,807527,POLLEN COLLECTION (U/C),1.38239626512235,103.859230483791,name_change,POLLEN COLLECTION,1.38239626512235,103.859230483791,
26,HAVELOCK ROAD,59829,UNION SQUARE ONE,1.28806236232322,103.843220998562,name_change,UNION SQUARE,1.28831753178921,103.843026405676,
12,POLLEN PLACE,807205,POLLEN COLLECTION (U/C),1.38104004851578,103.859044558281,name_change,POLLEN COLLECTION,1.38104004851578,103.859044558281,
418,TEBAN GARDENS ROAD,600418,TEBAN BREEZE,1.32190006910473,103.743943463407,name_change,NIL,1.32190006910473,103.743943463407,
39,ARTILLERY AVENUE,99958,SENTOSA DEVELOPMENT CORPORATION (SDC),1.25055881843172,103.827328911126,name_change,SENTOSA DEVELOPMENT CORPORATION,1.25055881843172,103.827328911126,
8,POLLEN VIEW,806852,POLLEN COLLECTION (U/C),1.38038818639121,103.858925600966,name_change,POLLEN COLLECTION,1.38038818639121,103.858925600966,
215B,PONGGOL SEVENTEENTH AVENUE,829716,WHITE COVE (U/C),1.4147558117909,103.90322167929,name_change,WHITE COVE,1.4147558117909,103.90322167929,
31C,PARBURY AVENUE,465439,THE LOOKOUT (U/C),1.31718766121114,103.943257870532,name_change,THE LOOKOUT,1.31718766121114,103.943257870532,
467,BELGRAVIA DRIVE,807916,BELGRAVIA ACE (U/C),1.3817047195914,103.865540249267,name_change,BELGRAVIA ACE,1.3817047195914,103.865540249267,
330C,TENGAH PARK AVENUE,693330,PARC MEADOW @ TENGAH,1.36630443433671,103.736047566968,name_change,PARK MEADOW @ TENGAH,1.36630443433671,103.736047566968,
34,POLLEN PLACE,807233,POLLEN COLLECTION (U/C),1.38119378862191,103.859665179745,name_change,POLLEN COLLECTION,1.38119378862191,103.859665179745,
215L,PONGGOL SEVENTEENTH AVENUE,829761,WHITE COVE (U/C),1.41461905070362,103.902721062966,name_change,WHITE COVE,1.41461905070362,103.902721062966,
101,PLANTATION CLOSE,690101,PLANTATION VERGE,1.35033776500774,103.734616669723,name_change,NIL,1.35033776500774,103.734616669723,
522B,YISHUN STREET 53,762522,VANDA BREEZE @ YISHUN,1.42227694893791,103.851896840992,name_change,NIL,1.42227694893791,103.851896840992,
17,JALAN ANAK BUKIT,589771,THE RESERVE RESIDENCES (U/C),1.3402896585538,103.778006375027,name_change,THE RESERVE RESIDENCES,1.3402896585538,103.778006375027,
402B,JURONG WEST STREET 42,642402,JURONG ARCADIA,1.35375548706627,103.723269236795,name_change,NIL,1.35375548706627,103.723269236795,
133,LORONG L TELOK KURAU,425570,ONE 33 RESIDENCES (U/C),1.31287480689074,103.914767600499,name_change,NIL,1.31287480689074,103.914767600499,
328C,TENGAH PARK AVENUE,693328,PARC MEADOW @ TENGAH,1.3666344897117,103.735558873553,name_change,PARK MEADOW @ TENGAH,1.3666344897117,103.735558873553,
16,POLLEN PLACE,807207,POLLEN COLLECTION (U/C),1.38107153757391,103.859151003579,name_change,POLLEN COLLECTION,1.38107153757391,103.859151003579,
6,POLLEN PLACE,807202,POLLEN COLLECTION (U/C),1.38099649218381,103.858890611757,name_change,POLLEN COLLECTION,1.38099649218381,103.858890611757,
628A,YEW TEE CLOSE,681628,HEART OF YEW TEE,1.39739412482995,103.74605587408,name_change,NIL,1.39739412482995,103.74605587408,
2,POLLEN VIEW,806849,POLLEN COLLECTION (U/C),1.38034678871089,103.858771306102,name_change,POLLEN COLLECTION,1.38034678871089,103.858771306102,
409,HOUGANG AVENUE 10,530409,HARMONY VIEW @ HOUGANG,1.37369229134185,103.895116210204,name_change,NIL,1.37369229134185,103.895116210204,
24,YEW SIANG ROAD,117758,NIL,1.27829432328441,103.792469016188,name_change,BREAKTHROUGH MISSIONS,1.27829432328441,103.792469016188,
567,BELGRAVIA DRIVE,808107,BELGRAVIA ACE (U/C),1.38088626549913,103.865577983679,name_change,BELGRAVIA ACE,1.38088626549913,103.865577983679,
39,FLORA DRIVE,509919,KASSIA (U/C),1.35709630624257,103.965501900375,name_change,KASSIA,1.35709630624257,103.965501900375,
52A,GHIM MOH CLOSE,271052,GHIM MOH NATURA,1.30897179808792,103.790674903663,name_change,NIL,1.30897179808792,103.790674903663,
126,JALAN RAJAH,320126,RAJAH SUMMIT,1.3285299875695,103.85275874857,name_change,NIL,1.3285299875695,103.85275874857,
6,POLLEN WALK,807286,POLLEN COLLECTION (U/C),1.38168549572186,103.858910244139,name_change,POLLEN COLLECTION,1.38168549572186,103.858910244139,
119,PLANTATION CRESCENT,690119,TENGAH COMMUNITY CENTRE,1.35679191605789,103.734649374006,name_change,PLANTATION GROVE,1.35675242730193,103.734500042413,
219,JALAN KAYU,799442,JALAN KAYU ESTATE,1.39560897228059,103.872793988554,name_change,NIL,1.39560897228059,103.872793988554,
31B,PARBURY AVENUE,465438,THE LOOKOUT (U/C),1.31718619734408,103.943182624024,name_change,THE LOOKOUT,1.31718619734408,103.943182624024,
101B,PLANTATION CLOSE,692101,PLANTATION VERGE,1.35047255909552,103.73528218277,name_change,NIL,1.35047255909552,103.73528218277,
484,FERNVALE DRIVE,790484,FERNVALE OASIS,1.40020352656839,103.877109122901,name_change,NIL,1.40020352656839,103.877109122901,
519,MILTONIA CLOSE,760519,MILTONIA BREEZE @ YISHUN,1.41877206919692,103.850586731094,name_change,NIL,1.41877206919692,103.850586731094,
22,CROSS STREET,48421,NIL,1.28423869111672,103.846705363258,name_change,CROSS STREET EXCHANGE,1.28423869111672,103.846705363258,
377,BELGRAVIA DRIVE,807672,BELGRAVIA ACE (U/C),1.38102341295559,103.864851586104,name_change,BELGRAVIA ACE,1.38102341295559,103.864851586104,
9,LENTOR CENTRAL,788891,LENTOR MODERN,1.38569700727019,103.834957690324,name_change,LENTOR MODERN (U/C),1.38572990744435,103.834582217675,
24,POLLEN VIEW,806860,POLLEN COLLECTION (U/C),1.38051548613554,103.859372956361,name_change,POLLEN COLLECTION,1.38051548613554,103.859372956361,
215S,PONGGOL SEVENTEENTH AVENUE,829767,WHITE COVE (U/C),1.4150562546887,103.902919759807,name_change,WHITE COVE,1.4150562546887,103.902919759807,
69,NAMLY PLACE,267216,SHAMROCK PARK,1.32410068314346,103.796407014407,name_change,NIL,1.32410661540296,103.796493121561,
806A,ANG MO KIO STREET 82,561806,PINE VILLE @ AMK,1.37786964638682,103.854387730263,name_change,NIL,1.37786964638682,103.854387730263,
320,UBI ROAD 3,408649,COMFORTDELGRO AUTOMOTIVE CENTRE,1.33171718292445,103.898416682937,name_change,NIL,1.33171718292445,103.898416682937,
477,BELGRAVIA DRIVE,807921,BELGRAVIA ACE (U/C),1.38163506951587,103.865909765284,name_change,BELGRAVIA ACE,1.38163506951587,103.865909765284,
23,POLLEN VIEW,807182,POLLEN COLLECTION (U/C),1.38091137835181,103.859383399275,name_change,POLLEN COLLECTION,1.38091137835181,103.859383399275,
1F,CLUNY ROAD,259602,SINGAPORE BOTANIC GARDENS (CENTRE FOR EDUCATION AND OUTREACH),1.31897194885683,103.816161610453,name_change,NIL,1.31897194885683,103.816161610453,
418B,TEBAN GARDENS ROAD,602418,TEBAN BREEZE,1.32159822364492,103.744665382326,name_change,NIL,1.32159822364492,103.744665382326,
5,LENTOR CENTRAL,788889,LENTOR MODERN,1.38566947273434,103.834549283745,name_change,LENTOR MODERN (U/C),1.38572990744435,103.834582217675,
26A,CAVAN ROAD,209854,NEST HOTEL,1.31087924800926,103.861821440459,name_change,HOTEL SNOW LAVENDER,1.31087924800926,103.861821440459,
435,BELGRAVIA DRIVE,807804,BELGRAVIA ACE (U/C),1.38164494829168,103.864466747971,name_change,BELGRAVIA ACE,1.38164494829168,103.864466747971,
47C,BEDOK SOUTH AVENUE 3,463047,BEDOK SOUTH BLOSSOMS,1.32264967954622,103.943538252214,name_change,NIL,1.32264967954622,103.943538252214,
23,PARBURY AVENUE,467337,THE LOOKOUT (U/C),1.31742935333518,103.943071382553,name_change,THE LOOKOUT,1.31742935333518,103.943071382553,
2,TECK CHYE TERRACE,546620,MBER TECK CHYE TERRACE (U/C),1.35326755733712,103.876595000986,name_change,MBER TECK CHYE TERRACE,1.35326755733712,103.876595000986,
50,JURONG ISLAND HIGHWAY,627877,NIL,1.2805727238784,103.715853150469,location_change,NIL,1.28176147502858,103.718748794438,347.98312654587124
57B,GHIM MOH LINK,272057,ULU PANDAN BANKS,1.31165449060319,103.781332587452,name_change,NIL,1.31165449060319,103.781332587452,
31,INTERNATIONAL BUSINESS PARK,609921,CREATIVE O PRESCHOOLERS' BAY,1.32880462855507,103.745882872825,name_change,NIL,1.32910540395565,103.746173268778,
50,GHIM MOH CLOSE,270050,GHIM MOH NATURA,1.31017143953319,103.790510790692,name_change,NIL,1.31017143953319,103.790510790692,
809,ANG MO KIO STREET 82,560809,PINE VILLE @ AMK,1.37654723723619,103.854415526424,name_change,NIL,1.37654723723619,103.854415526424,
421,BELGRAVIA DRIVE,807797,BELGRAVIA ACE (U/C),1.38154926892771,103.864974585841,name_change,BELGRAVIA ACE,1.38154926892771,103.864974585841,
403,HOUGANG AVENUE 10,530403,HARMONY VIEW @ HOUGANG,1.37464202327741,103.896353833316,name_change,HARMONY VIEW,1.37464202327741,103.896353833316,
397,BELGRAVIA DRIVE,807682,BELGRAVIA ACE (U/C),1.38148987167077,103.86443771014,name_change,BELGRAVIA ACE,1.38148987167077,103.86443771014,
17,POLLEN CRESCENT,807528,POLLEN COLLECTION (U/C),1.38236871141426,103.85918423674,name_change,POLLEN COLLECTION,1.38236871141426,103.85918423674,
31,STADIUM CRESCENT,397639,KALLANG FOOTBALL HUB,1.30319443832322,103.879058807841,name_change,SINGAPORE CRICKET ASSOCIATION,1.30319443832322,103.879058807841,
195,SERANGOON ROAD,218067,THE QUAY HOTEL LITTLE INDIA,1.30917901197119,103.853224450863,name_change,BROADWAY HOTEL,1.30917901197119,103.853224450863,
22,POLLEN WALK,807341,POLLEN COLLECTION (U/C),1.38180217306728,103.859325639511,name_change,POLLEN COLLECTION,1.38180217306728,103.859325639511,
31A,PARBURY AVENUE,465437,THE LOOKOUT (U/C),1.31718383099566,103.943106997802,name_change,THE LOOKOUT,1.31718383099566,103.943106997802,
215F,PONGGOL SEVENTEENTH AVENUE,829720,WHITE COVE (U/C),1.41452328434718,103.903000414668,name_change,WHITE COVE,1.41452328434718,103.903000414668,
303A,PASIR PANJANG ROAD,119477,HARBOUR RESIDENCES (U/C),1.28701469938364,103.779005070862,name_change,HARBOUR RESIDENCES,1.28701469938364,103.779005070862,
29C,PARBURY AVENUE,465435,THE LOOKOUT (U/C),1.31730980610617,103.943245478548,name_change,THE LOOKOUT,1.31730980610617,103.943245478548,
328B,TENGAH PARK AVENUE,692328,PARC MEADOW @ TENGAH,1.3667778999161,103.735128814983,name_change,PARK MEADOW @ TENGAH,1.3667778999161,103.735128814983,
2,ANG MO KIO STREET 44,569250,PATHLIGHT SCHOOL (ANG MO KIO CAMPUS 2),1.36363517582629,103.85801093879,name_change,PATHLIGHT SCHOOL 3,1.36363517582629,103.85801093879,
85,TAMPINES STREET 62,529450,TENET,1.36839350178103,103.941897713077,name_change,TENET (U/C),1.36839350178103,103.941897713077,
53,GHIM MOH LINK,270053,ULU PANDAN GLADES,1.31043433494085,103.784039068902,name_change,NIL,1.31043433494085,103.784039068902,
69,TENGAH GARDEN WALK,699895,COPEN GRAND,1.36190078977329,103.730790607778,name_change,COPEN GRAND (U/C),1.36190078977329,103.730790607778,
20,POLLEN CRESCENT,807501,POLLEN COLLECTION (U/C),1.3826720514831,103.858951053682,name_change,POLLEN COLLECTION,1.3826720514831,103.858951053682,
1,WOODLANDS SQUARE,738099,CAUSEWAY POINT,1.4360700650803,103.785981524253,name_change,CATHAY CINEPLEX CAUSEWAY POINT,1.43600784474269,103.78568873405,
844,YISHUN STREET 81,760844,KHATIB CENTRAL,1.41562517345068,103.835446503581,name_change,KAHTIB CENTRAL,1.41562517345068,103.835446503581,
529,BELGRAVIA DRIVE,808088,BELGRAVIA ACE (U/C),1.38121472044273,103.865898149261,name_change,BELGRAVIA ACE,1.38121472044273,103.865898149261,
419,BELGRAVIA DRIVE,807796,BELGRAVIA ACE (U/C),1.38153505325098,103.865049710723,name_change,BELGRAVIA ACE,1.38153505325098,103.865049710723,
515,MILTONIA CLOSE,760515,MILTONIA BREEZE @ YISHUN,1.4192698143365,103.84849236836,name_change,NIL,1.4192698143365,103.84849236836,
3,POLLEN PLACE,807236,POLLEN COLLECTION (U/C),1.38137695452645,103.858860267703,name_change,POLLEN COLLECTION,1.38137695452645,103.858860267703,
21,POLLEN VIEW,807181,POLLEN COLLECTION (U/C),1.3808964615954,103.859330274278,name_change,POLLEN COLLECTION,1.3808964615954,103.859330274278,
447,BELGRAVIA DRIVE,807852,BELGRAVIA ACE (U/C),1.38183762415691,103.864836347977,name_change,BELGRAVIA ACE,1.38183762415691,103.864836347977,
523,BELGRAVIA DRIVE,808085,BELGRAVIA ACE (U/C),1.38126370904581,103.865637664797,name_change,BELGRAVIA ACE,1.38126370904581,103.865637664797,
11,MACKENZIE ROAD,228675,NIL,1.30434908677393,103.849908918079,name_change,G4 STATION BACKPACKERS HOSTEL,1.30434908677393,103.849908918079,
591B,WOODLANDS DRIVE 17,732591,WOODLANDS SOUTH PLAINS,1.42675388312019,103.79567696626,name_change,NIL,1.42675388312019,103.79567696626,
331,TENGAH PARK AVENUE,690331,PARC MEADOW @ TENGAH,1.36574754571894,103.736042403556,name_change,PARK MEADOW @ TENGAH,1.36574754571894,103.736042403556,
47A,BEDOK SOUTH AVENUE 3,461047,BEDOK SOUTH BLOSSOMS,1.32216332515817,103.942541315174,name_change,NIL,1.32216332515817,103.942541315174,
48B,BEDOK SOUTH AVENUE 3,462048,BEDOK SOUTH BLOSSOMS,1.32301770321171,103.94293048043,name_change,NIL,1.32301770321171,103.94293048043,
11,POLLEN PLACE,807275,POLLEN COLLECTION (U/C),1.38143558062111,103.859069046753,name_change,POLLEN COLLECTION,1.38143558062111,103.859069046753,
19C,FARRER PARK ROAD,213019,FARRER PARK ARENA,1.3119165425624,103.848990588993,name_change,NIL,1.3119165425624,103.848990588993,
474A,BUKIT BATOK WEST AVENUE 5,651474,WEST GLADES @ BUKIT BATOK,1.35687676059032,103.746817659513,name_change,NIL,1.35687676059032,103.746817659513,
65A,COMMONWEALTH AVENUE WEST,131065,ULU PANDAN VISTA,1.31224257832227,103.778445262469,name_change,NIL,1.31224257832227,103.778445262469,
475,BUKIT BATOK WEST AVENUE 5,650475,WEST GLADES @ BUKIT BATOK,1.35710168292617,103.746177231805,name_change,NIL,1.35710168292617,103.746177231805,
123,BUKIT BATOK WEST AVENUE 8,659777,ALTURA (U/C),1.35958778711891,103.742461009831,name_change,ALTURA,1.35958778711891,103.742461009831,
79,TAMPINES STREET 62,529703,TENET,1.36870241487034,103.942183216283,name_change,TENET (U/C),1.36870241487034,103.942183216283,
41,UPPER WELD ROAD,207398,MACPHERSON HOTEL,1.30614571565495,103.853711346797,name_change,NIL,1.30614571565495,103.853711346797,
7,CHANGI SOUTH LANE,486119,NIL,1.33236014165715,103.953372767457,name_change,KIAN ANN BUILDING,1.33245703746953,103.953917658931,
215K,PONGGOL SEVENTEENTH AVENUE,829760,WHITE COVE (U/C),1.41454580388522,103.902687975018,name_change,WHITE COVE,1.41454580388522,103.902687975018,
571,BELGRAVIA DRIVE,808109,BELGRAVIA ACE (U/C),1.38085632571814,103.865737001202,name_change,BELGRAVIA ACE,1.38085632571814,103.865737001202,
57A,GHIM MOH LINK,271057,ULU PANDAN BANKS,1.3111624392886,103.781249892388,name_change,NIL,1.3111624392886,103.781249892388,
524,YISHUN STREET 53,760524,VANDA BREEZE @ YISHUN,1.42180603372916,103.851449357571,name_change,NIL,1.42180603372916,103.851449357571,
2,POLLEN PLACE,807200,POLLEN COLLECTION (U/C),1.38096919778777,103.858784835038,name_change,POLLEN COLLECTION,1.38096919778777,103.858784835038,
19,FARRER PARK ROAD,210019,FARRER PARK ARENA,1.31120173506295,103.849818361057,name_change,NIL,1.31120173506295,103.849818361057,
1,FUSIONOPOLIS WAY,138632,CONNEXIS,1.29943736719293,103.787576666868,name_change,"AGENCY FOR SCIENCE, TECHNOLOGY AND RESEARCH (A*STAR)",1.2995985718601,103.787640882653,
457,BELGRAVIA DRIVE,807857,BELGRAVIA ACE (U/C),1.38176771824671,103.865206147439,name_change,BELGRAVIA ACE,1.38176771824671,103.865206147439,
1,LENTOR CENTRAL,788887,LENTOR MODERN,1.38550907050444,103.83456993327,name_change,LENTOR MODERN (U/C),1.38572990744435,103.834582217675,
36,KAKI BUKIT PLACE,416214,LOCK+STORE KAKI BUKIT,1.33437270393432,103.902590874511,name_change,RAVAGO ASIA BUILDING,1.33437270393432,103.902590874511,
13,JALAN ANAK BUKIT,589605,THE RESERVE RESIDENCES (U/C),1.34051114297432,103.777460370071,name_change,THE RESERVE RESIDENCES,1.34051114297432,103.777460370071,
360,YISHUN AVENUE 3,769059,TEONG SIEW KUAN TEMPLE,1.42249788364062,103.833065403289,name_change,DONG SHAN TEMPLE,1.42250353594748,103.833066132209,
20,TOH YI DRIVE,596569,BUKIT TIMAH COMMUNITY CLUB,1.34044437484729,103.771709459352,name_change,BUKIT TIMAH COMMUNITY CLUB (PENDING U/C),1.34044437484729,103.771709459352,
38,POLLEN VIEW,806991,POLLEN COLLECTION (U/C),1.38061679000213,103.859741340668,name_change,POLLEN COLLECTION,1.38061679000213,103.859741340668,
458,BUKIT BATOK WEST AVENUE 8,650458,WEST BRICKVILLE @ BUKIT BATOK,1.3541602936949,103.737762969669,name_change,NIL,1.3541602936949,103.737762969669,
50,LORONG 21 GEYLANG,388465,JUN YUAN BUILDING,1.31567694656431,103.879766321174,name_change,LE DAO BUILDING,1.31567694656431,103.879766321174,
419A,FERNVALE LINK,791419,FERNVALE SAILS,1.39326531101486,103.879449859785,name_change,NIL,1.39326531101486,103.879449859785,
35,YISHUN CLOSE,769299,NORTH GAIA,1.43648380091158,103.845318416947,name_change,NORTH GAIA (U/C),1.43647164996088,103.845310334796,
105,SOPHIA ROAD,228170,SOPHIA REGENCY,1.30254668108558,103.846337135937,name_change,SOPHIA REGENCY (U/C),1.30254668108558,103.846337135937,
25A,PARBURY AVENUE,467340,THE LOOKOUT (U/C),1.31747640079402,103.943152361804,name_change,THE LOOKOUT,1.31747640079402,103.943152361804,
993A,JURONG WEST STREET 93,641993,JURONG WEST CRYSTAL,1.33614413321084,103.693763197376,name_change,NIL,1.33614413321084,103.693763197376,
194A,WOODLANDS CENTRE ROAD,731194,MARSILING RIDGE,1.43501798422042,103.772958780842,name_change,NIL,1.43501798422042,103.772958780842,
37,FLORA DRIVE,509912,KASSIA (U/C),1.35709630624257,103.965501900375,name_change,KASSIA,1.35709630624257,103.965501900375,
44C,HORNE ROAD,209067,NIL,1.3093266719998,103.862062340993,name_change,NETWORK COURIER BUILDING,1.3093266719998,103.862062340993,
25,POLLEN VIEW,807183,POLLEN COLLECTION (U/C),1.38092613224245,103.859435943593,name_change,POLLEN COLLECTION,1.38092613224245,103.859435943593,
234,TEMBELING ROAD,423719,PARQ BELLA (U/C),1.30781616903784,103.904426643781,name_change,PARQ BELLA,1.30777710184092,103.904380613038,
18,MARINA GARDENS DRIVE,18953,CONSERVATORY CAFE,1.28432592708225,103.865489068919,name_and_location_change,NIL,1.28175826056524,103.861585715893,519.4295435203175
58A,GHIM MOH LINK,271058,ULU PANDAN BANKS,1.31206551545252,103.780099946471,name_change,NIL,1.31206551545252,103.780099946471,
46B,BEDOK SOUTH AVENUE 3,462046,BEDOK SOUTH BLOSSOMS,1.32126567349011,103.942746344884,name_change,NIL,1.32126567349011,103.942746344884,
215D,PONGGOL SEVENTEENTH AVENUE,829718,WHITE COVE (U/C),1.41463954204933,103.903111066148,name_change,WHITE COVE,1.41463954204933,103.903111066148,
117A,JALAN KEMBANGAN,411117,KEMBANGAN WAVE,1.32268355501331,103.913022311205,name_change,NIL,1.32268355501331,103.913022311205,
501,BELGRAVIA DRIVE,807964,BELGRAVIA ACE (U/C),1.38141926716021,103.865665697742,name_change,BELGRAVIA ACE,1.38141926716021,103.865665697742,
535,BELGRAVIA DRIVE,808091,BELGRAVIA ACE (U/C),1.38117946166813,103.866081993642,name_change,BELGRAVIA ACE,1.38117946166813,103.866081993642,
8,POLLEN CRESCENT,807495,POLLEN COLLECTION (U/C),1.38283706004703,103.859228499574,name_change,POLLEN COLLECTION,1.38283706004703,103.859228499574,
19B,FARRER PARK ROAD,212019,FARRER PARK ARENA,1.3120626268803,103.849479603967,name_change,NIL,1.3120626268803,103.849479603967,
59,PENJURU ROAD,609142,NIL,1.30217816743926,103.732876447907,location_change,NIL,1.30440574405769,103.735168988719,355.39126756134385
1,PUNGGOL COAST ROAD,828608,DIGIPEN INSTITUTE TECHNOLOGY OF SINGAPORE,1.41333310429546,103.913035184508,name_change,NIL,1.41333310429546,103.913035184508,
100,PLANTATION CLOSE,690100,PLANTATION VERGE,1.34941612316812,103.736056530888,name_change,NIL,1.34941612316812,103.736056530888,
57,TENGAH GARDEN WALK,699912,COPEN GRAND,1.36149804974031,103.73043949934,name_change,COPEN GRAND (U/C),1.36149804974031,103.73043949934,
215R,PONGGOL SEVENTEENTH AVENUE,829766,WHITE COVE (U/C),1.41498560342156,103.902886151345,name_change,WHITE COVE,1.41498560342156,103.902886151345,
401,HOUGANG AVENUE 10,530401,HARMONY VIEW @ HOUGANG,1.37484339485806,103.896994161364,name_change,HARMONY VIEW,1.37484339485806,103.896994161364,
26B,CAVAN ROAD,209854,NEST HOTEL,1.31087924800926,103.861821440459,name_change,HOTEL SNOW LAVENDER,1.31087924800926,103.861821440459,
64A,COMMONWEALTH AVENUE WEST,131064,ULU PANDAN VISTA,1.31198190730338,103.779388291881,name_change,NIL,1.31198190730338,103.779388291881,
58,GHIM MOH LINK,270058,ULU PANDAN BANKS,1.31174472512874,103.780199358694,name_change,NIL,1.31174472512874,103.780199358694,
2,SAINT BARNABAS LANE,329353,THE ARCADY AT BOON KENG (U/C),1.32327389691932,103.86384639614,name_change,THE ARCADY AT BOON KENG,1.32327389691932,103.86384639614,
29,PARBURY AVENUE,465432,THE LOOKOUT (U/C),1.31730922418099,103.943041100739,name_change,THE LOOKOUT,1.31730922418099,103.943041100739,
575,BELGRAVIA DRIVE,808111,BELGRAVIA ACE (U/C),1.38081497315788,103.865957603616,name_change,BELGRAVIA ACE,1.38081497315788,103.865957603616,
457A,BUKIT BATOK WEST AVENUE 8,651457,WEST BRICKVILLE @ BUKIT BATOK,1.35396541589818,103.738331166574,name_change,NIL,1.35396541589818,103.738331166574,
411,BELGRAVIA DRIVE,807709,BELGRAVIA ACE (U/C),1.38139412086788,103.864945659761,name_change,BELGRAVIA ACE,1.38139412086788,103.864945659761,
3,STADIUM DRIVE,397630,SPORT SINGAPORE (SPORTSG),1.30325257450447,103.8753598324,name_change,SINGAPORE SPORTS HUB,1.30309320792601,103.87508768942,
11,JALAN TAN TOCK SENG,308433,JOHNS HOPKINS SINGAPORE INTERNATIONAL MEDICAL CENTRE,1.32100978515427,103.845757369413,name_and_location_change,NIL,1.3194999277015,103.849900554786,490.223885853894
457,BUKIT BATOK WEST AVENUE 8,650457,WEST BRICKVILLE @ BUKIT BATOK,1.35393914173101,103.737358494456,name_change,NIL,1.35393914173101,103.737358494456,
39,YISHUN CLOSE,769301,NORTH GAIA,1.43604987107528,103.845378373899,name_change,NORTH GAIA (U/C),1.43603394374403,103.845363635668,
503,BELGRAVIA DRIVE,807965,BELGRAVIA ACE (U/C),1.38143026871627,103.865608407123,name_change,BELGRAVIA ACE,1.38143026871627,103.865608407123,
51,SERAYA AVENUE,627832,NIL,1.27282315121877,103.731667166187,location_change,NIL,1.27225806812095,103.727423458878,475.9284254414904
65,MEDIA CIRCLE,139817,BLOOMSBURY RESIDENCES (U/C),1.29444235984052,103.79512874632,name_change,BLOOMSBURY RESIDENCES,1.29444235984052,103.79512874632,
223,GUILLEMARD ROAD,399738,MORI,1.31131219787605,103.882972095616,name_change,NIL,1.31123492835897,103.883119307947,
13,TUKANG INNOVATION DRIVE,619677,GREENPHYTO INNOVATION CENTRE,1.32360145622345,103.71653070725,name_change,NIL,1.32360145622345,103.71653070725,
15,JALAN ANAK BUKIT,589770,THE RESERVE RESIDENCES (U/C),1.34084176825735,103.777682636132,name_change,THE RESERVE RESIDENCES,1.34084176825735,103.777682636132,
330A,TENGAH PARK AVENUE,691330,PARC MEADOW @ TENGAH,1.36668728839636,103.736419863319,name_change,PARK MEADOW @ TENGAH,1.36668728839636,103.736419863319,
297A,LORONG 6 TOA PAYOH,319389,NIL,1.33028857436685,103.851567502968,name_change,TOA PAYOH SPORTS HALL,1.33028857436685,103.851567502968,
47B,BEDOK SOUTH AVENUE 3,462047,BEDOK SOUTH BLOSSOMS,1.32267640653852,103.943083310429,name_change,NIL,1.32267640653852,103.943083310429,
2,CRAWFORD STREET,207218,GAMBLING REGULATORY AUTHORITY OF SINGAPORE (GRA),1.30714378604945,103.863559614173,name_change,ICA SERVICES CENTRE,1.3072198606128,103.863508256942,
1,WOODLANDS STREET 81,738526,WOODLANDS COMMUNITY CLUB (U/C),1.43981512387409,103.788244210049,name_change,WOODLANDS COMMUNITY CLUB (PENDING U/C),1.43981512387409,103.788244210049,
7,LENTOR CENTRAL,788890,LENTOR MODERN,1.38524139884185,103.83518381546,name_change,LENTOR MODERN (U/C),1.38572990744435,103.834582217675,
41,POLLEN VIEW,807199,POLLEN COLLECTION (U/C),1.38104946302832,103.859859576399,name_change,POLLEN COLLECTION,1.38104946302832,103.859859576399,
165C,JALAN LOYANG BESAR,509838,THE SHOREFRONT (U/C),1.37920071637966,103.960152419678,name_change,THE SHOREFRONT,1.3791551466529,103.960109613673,
29,YISHUN CLOSE,769343,NORTH GAIA,1.43581329414758,103.844885826153,name_change,NORTH GAIA (U/C),1.4358006482821,103.844878616265,
367,BELGRAVIA DRIVE,809821,BELGRAVIA ACE (U/C),1.38110737328886,103.86440280655,name_change,BELGRAVIA ACE,1.38110737328886,103.86440280655,
463,BELGRAVIA DRIVE,807914,BELGRAVIA ACE (U/C),1.38172991632519,103.865406360437,name_change,BELGRAVIA ACE,1.38172991632519,103.865406360437,
97A,HAVELOCK ROAD,161097,HAVELOCK HILLSIDE,1.28853429457901,103.831623124762,name_change,NIL,1.28853429457901,103.831623124762,
23,POLLEN CRESCENT,807531,POLLEN COLLECTION (U/C),1.38228568047814,103.859044872755,name_change,POLLEN COLLECTION,1.38228568047814,103.859044872755,
16A,FARRER PARK ROAD,211016,FARRER PARK FIELDS,1.30995868157789,103.850521656178,name_change,NIL,1.30995868157789,103.850521656178,
3,MARINA GARDENS LANE,19916,ONE MARINA GARDENS (U/C),1.27580060851268,103.862936192351,name_change,ONE MARINA GARDENS,1.27580060851268,103.862936192351,
48,ANCHORVALE CRESCENT,549936,OUTRAM SECONDARY SCHOOL (U/C),1.39775020428346,103.891230426312,name_change,SECONDARY SCHOOL (U/C),1.39775020428346,103.891230426312,
517B,MILTONIA CLOSE,762517,MILTONIA BREEZE @ YISHUN,1.41886444369591,103.848719952768,name_change,NIL,1.41886444369591,103.848719952768,
45,YISHUN CLOSE,769294,NORTH GAIA,1.43532048902847,103.845478333076,name_change,NORTH GAIA (U/C),1.43531639018077,103.845473584711,
823,KEAT HONG LINK,680823,KEAT HONG GRANGE,1.37430732894525,103.748566632809,name_change,NIL,1.37430732894525,103.748566632809,
111,BUKIT BATOK WEST AVENUE 8,659857,ALTURA (U/C),1.35926685989421,103.74209459892,name_change,ALTURA,1.35926685989421,103.74209459892,
1,POLLEN PLACE,807235,POLLEN COLLECTION (U/C),1.38135977236079,103.858805767269,name_change,POLLEN COLLECTION,1.38135977236079,103.858805767269,
305,PASIR PANJANG ROAD,118646,HARBOUR RESIDENCES (U/C),1.28701469938364,103.779005070862,name_change,HARBOUR RESIDENCES,1.28701469938364,103.779005070862,
61,MERANTI CRESCENT,627807,NIL,1.23879231174687,103.685897668792,location_change,NIL,1.23612189612029,103.68093588601,626.4423138171596
327,TENGAH PARK AVENUE,690327,PARC MEADOW @ TENGAH,1.36511525327288,103.734619451,name_change,PARK MEADOW @ TENGAH,1.36511525327288,103.734619451,
17,POLLEN VIEW,807179,POLLEN COLLECTION (U/C),1.38085748736181,103.85919523289,name_change,POLLEN COLLECTION,1.38085748736181,103.85919523289,
11,JALAN ANAK BUKIT,589604,THE RESERVE RESIDENCES (U/C),1.34022383162895,103.777148587722,name_change,THE RESERVE RESIDENCES,1.34022383162895,103.777148587722,
369,BELGRAVIA DRIVE,809822,BELGRAVIA ACE (U/C),1.38108325816608,103.864534008204,name_change,BELGRAVIA ACE,1.38108325816608,103.864534008204,
1,SEGAR ROAD,677738,NEIGHBOURHOOD POLICE POST BUKIT PANJANG,1.38688900135978,103.771719585228,name_change,NEIGHBOURHOOD POLICE CENTRE BUKIT PANJANG,1.38688900135978,103.771719585228,
11A,MACKENZIE ROAD,228675,NIL,1.30434908677392,103.849908918351,name_change,G4 STATION BACKPACKERS HOSTEL,1.30434908677392,103.849908918351,
25,POLLEN CRESCENT,807532,POLLEN COLLECTION (U/C),1.38225911002117,103.858998006147,name_change,POLLEN COLLECTION,1.38225911002117,103.858998006147,
22,POLLEN VIEW,806859,POLLEN COLLECTION (U/C),1.38049245350825,103.85929194052,name_change,POLLEN COLLECTION,1.38049245350825,103.85929194052,
33A,HONGKONG STREET,59672,NIL,1.28743955901693,103.847130213821,name_change,VINTAGE INN @ CLARKE QUAY,1.28743955901693,103.847130213821,
515A,MILTONIA CLOSE,761515,MILTONIA BREEZE @ YISHUN,1.41939832614146,103.848106989021,name_change,NIL,1.41939832614146,103.848106989021,
561,BELGRAVIA DRIVE,808104,BELGRAVIA ACE (U/C),1.38093128162969,103.865339683811,name_change,BELGRAVIA ACE,1.38093128162969,103.865339683811,
385,BELGRAVIA DRIVE,807676,BELGRAVIA ACE (U/C),1.38116331113287,103.864795292906,name_change,BELGRAVIA ACE,1.38116331113287,103.864795292906,
822B,KEAT HONG LINK,682822,KEAT HONG GRANGE,1.37499091145406,103.748249200839,name_change,NIL,1.37499091145406,103.748249200839,
451,BELGRAVIA DRIVE,807854,BELGRAVIA ACE (U/C),1.38180685004388,103.864998575476,name_change,BELGRAVIA ACE,1.38180685004388,103.864998575476,
165A,JALAN LOYANG BESAR,509836,THE SHOREFRONT (U/C),1.37913982177449,103.960012252899,name_change,THE SHOREFRONT,1.3791551466529,103.960109613673,
547,BELGRAVIA DRIVE,808097,BELGRAVIA ACE (U/C),1.38099649901647,103.865680736893,name_change,BELGRAVIA ACE,1.38099649901647,103.865680736893,
126A,JALAN RAJAH,321126,RAJAH SUMMIT,1.32832894790916,103.852314037132,name_change,NIL,1.32832894790916,103.852314037132,
24,COLLEGE AVENUE WEST,138531,NUS COLLEGE,1.30769533190976,103.7726333349,name_change,YALE-NUS COLLEGE CAMPUS,1.30769533190976,103.7726333349,
2000,UPPER CHANGI ROAD NORTH,508899,AIRPORT FIRE STATION 1,1.36978735831026,103.983270740951,name_change,NIL,1.36915922496461,103.983195958795,
1,LEONIE HILL,239219,ONE LEONIE RESIDENCES (U/C),1.29930788596273,103.832399949956,name_change,ONE LEONIE RESIDENCES,1.29930788596273,103.832399949956,
15A,LYNWOOD GROVE,359590,BRADDELL HEIGHTS ESTATE,1.34738903819289,103.862568029316,name_change,NIL,1.34740320051432,103.862573724674,
18A,FARRER PARK ROAD,211018,FARRER PARK FIELDS,1.31017638548135,103.851032856973,name_change,NIL,1.31017638548135,103.851032856973,
238A,THOMSON ROAD,307684,COMMUNICABLE DISEASES AGENCY (CDA),1.32016866401286,103.843945394793,name_change,MDA CUSTOMER & LICENSING SERVICES (BROADCASTING),1.31983835175195,103.844029230613,
6,ANG MO KIO STREET 53,569205,CHENG SAN COMMUNITY CLUB (U/C),1.37191523463477,103.849375024665,name_change,CHENG SAN COMMUNITY CLUB (PENDING U/C),1.37178045438826,103.849569974207,
73,TENGAH GARDEN WALK,699887,COPEN GRAND,1.36191143783474,103.731287512954,name_change,COPEN GRAND (U/C),1.36191143783474,103.731287512954,
18,CROSS STREET,48423,18 CROSS,1.28355426127583,103.846882908595,name_change,CROSS STREET EXCHANGE,1.28355426127583,103.846882908595,
40,ORCHARD ROAD,238837,MACDONALD HOUSE,1.29922058109912,103.846140168396,name_change,MACDONALD HSE,1.29922058109912,103.846140168396,
522,YISHUN STREET 53,760522,VANDA BREEZE @ YISHUN,1.42258441864806,103.851589376715,name_change,NIL,1.42258441864806,103.851589376715,
811A,CHOA CHU KANG AVENUE 7,681811,BRICKLAND COMMUNITY CENTRE,1.37373323250934,103.745947621659,name_change,KEAT HONG COLOURS,1.3737308481902,103.745929784531,
9,POLLEN VIEW,807175,POLLEN COLLECTION (U/C),1.38079944708914,103.858984255205,name_change,POLLEN COLLECTION,1.38079944708914,103.858984255205,
406,HOUGANG AVENUE 10,530406,AMAR KIDZ @ HOUGANG PTE. LTD.,1.37363949194651,103.896187665708,name_change,NIL,1.3736394979687,103.896187663804,
4,POLLEN PLACE,807201,POLLEN COLLECTION (U/C),1.38098325280753,103.858841492233,name_change,POLLEN COLLECTION,1.38098325280753,103.858841492233,
403,BELGRAVIA DRIVE,807705,BELGRAVIA ACE (U/C),1.38145413335338,103.864627269411,name_change,BELGRAVIA ACE,1.38145413335338,103.864627269411,
22,PLANTATION CLOSE,690096,OTTO PLACE (U/C),1.34793735286897,103.736758778262,name_change,OTTO PLACE,1.34793735286897,103.736758778262,
980,UPPER CHANGI ROAD NORTH,507708,SINGAPORE PRISON SERVICE (HEADQUARTERS),1.3546968449925,103.969691074144,name_change,SINGAPORE CORPORATION OF REHABILITATIVE ENTERPRISES (SCORE),1.35479571540641,103.969632611487,
13,POLLEN WALK,807472,POLLEN COLLECTION (U/C),1.38219303509589,103.859317591233,name_change,POLLEN COLLECTION,1.38219303509589,103.859317591233,
35,FLORA DRIVE,509906,KASSIA (U/C),1.35709630624257,103.965501900375,name_change,KASSIA,1.35709630624257,103.965501900375,
27,POLLEN CRESCENT,807533,POLLEN COLLECTION (U/C),1.38223167100419,103.858951595915,name_change,POLLEN COLLECTION,1.38223167100419,103.858951595915,
18C,FARRER PARK ROAD,213018,FARRER PARK FIELDS,1.31024838394802,103.851916620299,name_change,NIL,1.31024838394802,103.851916620299,
327A,TENGAH PARK AVENUE,691327,PARC MEADOW @ TENGAH,1.36582688212019,103.734303563539,name_change,PARK MEADOW @ TENGAH,1.36582688212019,103.734303563539,
165B,JALAN LOYANG BESAR,509837,THE SHOREFRONT (U/C),1.37917457321751,103.960077692193,name_change,THE SHOREFRONT,1.3791551466529,103.960109613673,
33,FLORA DRIVE,509905,KASSIA (U/C),1.35709630624257,103.965501900375,name_change,KASSIA,1.35709630624257,103.965501900375,
557,BELGRAVIA DRIVE,808102,BELGRAVIA ACE (U/C),1.38107134350773,103.86528357396,name_change,BELGRAVIA ACE,1.38107134350773,103.86528357396,
326B,TENGAH PARK AVENUE,692326,PARC MEADOW @ TENGAH,1.36457562719055,103.735523137227,name_change,PARK MEADOW @ TENGAH,1.36457562719055,103.735523137227,
52,GHIM MOH LINK,270052,GHIM MOH NATURA,1.30877894086919,103.790177581593,name_change,NIL,1.30877894086919,103.790177581593,
590C,WOODLANDS DRIVE 17,733590,WOODLANDS SOUTH PLAINS,1.42655027696657,103.796757454947,name_change,NIL,1.42655027696657,103.796757454947,
238B,THOMSON ROAD,307685,CENTRAL PROVIDENT FUND BOARD (CPFB),1.3193876785315,103.844120677616,name_change,CENTRAL PROVIDENT FUND BOARD (CPF),1.3193876785315,103.844120677616,
590A,WOODLANDS DRIVE 17,731590,WOODLANDS SOUTH PLAINS,1.42721261855993,103.796861349272,name_change,NIL,1.42721261855993,103.796861349272,
46,JALAN CHEMPEDAK,578428,SEMBAWANG HILLS ESTATE,1.36997027149435,103.829144842077,name_change,NIL,1.3699747823695,103.829162942282,
495,BELGRAVIA DRIVE,807961,BELGRAVIA ACE (U/C),1.38137021503048,103.865927430883,name_change,BELGRAVIA ACE,1.38137021503048,103.865927430883,
89,TAMPINES STREET 62,529452,TENET,1.36801958691266,103.942372611138,name_change,TENET (U/C),1.36801958691266,103.942372611138,
21,POLLEN WALK,807476,POLLEN COLLECTION (U/C),1.38228036267598,103.859517482628,name_change,POLLEN COLLECTION,1.38228036267598,103.859517482628,
71,SCIENCE PARK DRIVE,118253,LYNDENWOODS (U/C),1.2912624343038,103.788375803369,name_change,LYNDENWOODS,1.2912624343038,103.788375803369,
2,POLLEN WALK,807284,POLLEN COLLECTION (U/C),1.3816570147163,103.858802569497,name_change,POLLEN COLLECTION,1.3816570147163,103.858802569497,
427,BELGRAVIA DRIVE,807800,BELGRAVIA ACE (U/C),1.38158511732502,103.864784164935,name_change,BELGRAVIA ACE,1.38158511732502,103.864784164935,
34,HONGKONG STREET,59673,NIL,1.28743955901693,103.847130213821,name_change,VINTAGE INN @ CLARKE QUAY,1.28743955901693,103.847130213821,
180,BEDOK RESERVOIR ROAD,479220,EUNOS COMMUNITY CLUB (U/C),1.33262678312198,103.915230025095,name_change,EUNOS COMMUNITY CLUB (PENDING U/C),1.33262678312198,103.915230025095,
85,PHOENIX AVENUE,668385,PHOENIX RESIDENCES,1.37547898050058,103.757439743986,name_change,PHOENIX RESIDENCES (U/C),1.37547898050058,103.757439743986,
993,JURONG WEST STREET 93,640993,JURONG WEST CRYSTAL,1.33666121249097,103.693455495264,name_change,NIL,1.33666121249097,103.693455495264,
110,ALEXANDRA VIEW,150110,ALEXANDRA VALE,1.2900749406325,103.817543942463,name_change,NIL,1.2900749406325,103.817543942463,
821,UPPER THOMSON ROAD,787104,SPRINGLEAF RESIDENCE (U/C),1.39601248653792,103.817563198325,name_change,NIL,1.3965557139197,103.8172904975,
328A,TENGAH PARK AVENUE,691328,PARC MEADOW @ TENGAH,1.36595049510377,103.735054030619,name_change,PARK MEADOW @ TENGAH,1.36595049510377,103.735054030619,
476A,BUKIT BATOK WEST AVENUE 5,651476,WEST GLADES @ BUKIT BATOK,1.35736141009041,103.745399703544,name_change,NIL,1.35736141009041,103.745399703544,
57C,GHIM MOH LINK,273057,ULU PANDAN BANKS,1.31128978222781,103.78210444114,name_change,NIL,1.31128978222781,103.78210444114,
44,LORONG 6 GEYLANG,399199,Z HOTEL,1.30999425446286,103.8765022671,name_change,OH MY SUITES,1.30999425446286,103.8765022671,
28,POLLEN VIEW,806986,POLLEN COLLECTION (U/C),1.38054388690626,103.85948119586,name_change,POLLEN COLLECTION,1.38054388690626,103.85948119586,
48A,BEDOK SOUTH AVENUE 3,461048,BEDOK SOUTH BLOSSOMS,1.32317828263286,103.943617153822,name_change,NIL,1.32317828263286,103.943617153822,
405,HOUGANG AVENUE 10,530405,HARMONY VIEW @ HOUGANG,1.37404969557747,103.896459281626,name_change,NIL,1.37404969557747,103.896459281626,
29,POLLEN CRESCENT,806848,POLLEN COLLECTION (U/C),1.38220400400661,103.858901515032,name_change,POLLEN COLLECTION,1.38220400400661,103.858901515032,
1,STARS AVENUE,138507,HOME TEAM SCIENCE AND TECHNOLOGY AGENCY (HTX),1.29590891610673,103.792311644301,name_change,MEDIACORP CAMPUS,1.29555838785737,103.792222006423,
18,POLLEN CRESCENT,807500,POLLEN COLLECTION (U/C),1.38269971632824,103.858997568366,name_change,POLLEN COLLECTION,1.38269971632824,103.858997568366,
487,BELGRAVIA DRIVE,807957,BELGRAVIA ACE (U/C),1.38132034546555,103.866192067937,name_change,BELGRAVIA ACE,1.38132034546555,103.866192067937,
459A,BUKIT BATOK WEST AVENUE 8,651459,WEST BRICKVILLE @ BUKIT BATOK,1.3546900383292,103.737446382588,name_change,NIL,1.3546900383292,103.737446382588,
326,TENGAH PARK AVENUE,690326,PARC MEADOW @ TENGAH,1.36538376156937,103.735358633899,name_change,PARK MEADOW @ TENGAH,1.36538376156937,103.735358633899,
417,BELGRAVIA DRIVE,807712,BELGRAVIA ACE (U/C),1.38152411849605,103.865107230627,name_change,BELGRAVIA ACE,1.38152411849605,103.865107230627,
21,SHELFORD ROAD,288411,21 SHELFORD,1.32740019884468,103.812256773798,name_change,KELLET COURT,1.32740019884468,103.812256773798,
404C,JURONG WEST STREET 42,643404,JURONG ARCADIA,1.35393709142515,103.72351314288,name_change,NIL,1.35393709142515,103.72351314288,
5,POLLEN CRESCENT,807522,POLLEN COLLECTION (U/C),1.38252665404796,103.859465240312,name_change,POLLEN COLLECTION,1.38252665404796,103.859465240312,
30,PLANTATION CLOSE,690090,OTTO PLACE (U/C),1.34793735286897,103.736758778262,name_change,OTTO PLACE,1.34793735286897,103.736758778262,
590,WOODLANDS DRIVE 17,730590,WOODLANDS SOUTH PLAINS,1.42706342071295,103.795954395848,name_change,NIL,1.42706342071295,103.795954395848,
102C,PLANTATION CLOSE,693102,PLANTATION VERGE,1.35101964240157,103.73390179655,name_change,NIL,1.35101964240157,103.73390179655,
33B,PARBURY AVENUE,465443,THE LOOKOUT (U/C),1.31717780107335,103.942893899228,name_change,THE LOOKOUT,1.31717780107335,103.942893899228,
806,ANG MO KIO STREET 82,560806,PINE VILLE @ AMK,1.3775465009548,103.853607072248,name_change,NIL,1.3775465009548,103.853607072248,
509,BELGRAVIA DRIVE,808078,BELGRAVIA ACE (U/C),1.38146897625146,103.865401633726,name_change,BELGRAVIA ACE,1.38146897625146,103.865401633726,
7,POLLEN CRESCENT,807523,POLLEN COLLECTION (U/C),1.38249925226347,103.859419247832,name_change,POLLEN COLLECTION,1.38249925226347,103.859419247832,
523B,YISHUN STREET 53,762523,VANDA BREEZE @ YISHUN,1.42160037981637,103.852548064657,name_change,NIL,1.42160037981637,103.852548064657,
601,RIFLE RANGE ROAD,588398,NIL,1.3606052603701,103.799431453361,location_change,NIL,1.3556001772533,103.796247570564,659.5487701588022
526A,YISHUN STREET 53,761526,ARANDA BREEZE @ YISHUN,1.42270990527917,103.853214510174,name_change,NIL,1.42270990527917,103.853214510174,
44,HORNE ROAD,209067,NIL,1.3093266719998,103.862062340721,name_change,NETWORK COURIER BUILDING,1.3093266719998,103.862062340721,
517A,MILTONIA CLOSE,761517,MILTONIA BREEZE @ YISHUN,1.41839591779108,103.848852419002,name_change,NIL,1.41839591779108,103.848852419002,
121,BUKIT BATOK WEST AVENUE 8,659776,ALTURA (U/C),1.3597847682209,103.742530698372,name_change,ALTURA,1.3597847682209,103.742530698372,
458A,BUKIT BATOK WEST AVENUE 8,651458,WEST BRICKVILLE @ BUKIT BATOK,1.35440548983641,103.737329153999,name_change,NIL,1.35440548983641,103.737329153999,
14,POLLEN PLACE,807206,POLLEN COLLECTION (U/C),1.38105435761026,103.859095991827,name_change,POLLEN COLLECTION,1.38105435761026,103.859095991827,
513,BELGRAVIA DRIVE,808080,BELGRAVIA ACE (U/C),1.38132404413227,103.865315493962,name_change,BELGRAVIA ACE,1.38132404413227,103.865315493962,
330,TENGAH PARK AVENUE,690330,PARC MEADOW @ TENGAH,1.36634909226014,103.736461090569,name_change,PARK MEADOW @ TENGAH,1.36634909226014,103.736461090569,
425,BELGRAVIA DRIVE,807799,BELGRAVIA ACE (U/C),1.38157432355113,103.864841518664,name_change,BELGRAVIA ACE,1.38157432355113,103.864841518664,
205,QUEEN'S CRESCENT,140205,QUEENSWAY CANOPY,1.29104210758831,103.799946433278,name_change,NIL,1.29104210758831,103.799946433278,
2,POLLEN CRESCENT,807480,POLLEN COLLECTION (U/C),1.38292202816602,103.859368952901,name_change,POLLEN COLLECTION,1.38292202816602,103.859368952901,
2A,PENJURU ROAD,609853,WEST 1800 DORMITORY,1.32611392294789,103.736367908689,name_change,PRIME LODGE,1.32611392294789,103.736367908689,
175A,CHIN SWEE ROAD,169879,NIL,1.28575609430357,103.838921630122,name_change,HOTEL RE! @ PEARL'S HILL,1.28575609430357,103.838921630122,
537,BELGRAVIA DRIVE,808092,BELGRAVIA ACE (U/C),1.38117012965807,103.866134877377,name_change,BELGRAVIA ACE,1.38117012965807,103.866134877377,
518A,MILTONIA CLOSE,761518,MILTONIA BREEZE @ YISHUN,1.41821317149286,103.85030757168,name_change,NIL,1.41821317149286,103.85030757168,
33E,HONGKONG STREET,59672,NIL,1.28743955901693,103.847130213821,name_change,VINTAGE INN @ CLARKE QUAY,1.28743955901693,103.847130213821,
327C,TENGAH PARK AVENUE,693327,PARC MEADOW @ TENGAH,1.36716648097279,103.734553568903,name_change,PARK MEADOW @ TENGAH,1.36716648097279,103.734553568903,
19,JALAN ANAK BUKIT,589772,THE RESERVE RESIDENCES (U/C),1.34003686623812,103.777857705193,name_change,THE RESERVE RESIDENCES,1.34003686623812,103.777857705193,
46,POLLEN VIEW,806995,POLLEN COLLECTION (U/C),1.38067088035738,103.859990748859,name_change,POLLEN COLLECTION,1.38067088035738,103.859990748859,
74,GRANGE ROAD,249578,GRANGE 1866,1.2998826225442,103.828975333714,name_change,NIL,1.2998826225442,103.828975333714,
126,YISHUN STREET 11,760126,CHONG PANG COMMUNITY CLUB (TEMP OFFICE),1.43350905989816,103.830011887888,name_change,CHONG PANG COMMUNITY CLUB (TEMPORARY OFFICE),1.43350905989816,103.830011887888,
25,POLLEN WALK,807478,POLLEN COLLECTION (U/C),1.3823091781993,103.859620689758,name_change,POLLEN COLLECTION,1.3823091781993,103.859620689758,
573,BELGRAVIA DRIVE,808110,BELGRAVIA ACE (U/C),1.38084138511614,103.865816287347,name_change,BELGRAVIA ACE,1.38084138511614,103.865816287347,
65,TENGAH GARDEN WALK,699893,COPEN GRAND,1.36192301424331,103.730200840655,name_change,COPEN GRAND (U/C),1.36192301424331,103.730200840655,
44A,HORNE ROAD,209067,NIL,1.3093266719998,103.862062340993,name_change,NETWORK COURIER BUILDING,1.3093266719998,103.862062340993,
83,PHOENIX AVENUE,668384,PHOENIX RESIDENCES,1.37540371918058,103.757211757355,name_change,PHOENIX RESIDENCES (U/C),1.37540371918058,103.757211757355,
455,BELGRAVIA DRIVE,807856,BELGRAVIA ACE (U/C),1.38178193886239,103.865130525642,name_change,BELGRAVIA ACE,1.38178193886239,103.865130525642,
27,YISHUN CLOSE,769342,NORTH GAIA,1.43563592030696,103.845045166237,name_change,NORTH GAIA (U/C),1.43563554422954,103.845039099299,
215P,PONGGOL SEVENTEENTH AVENUE,829764,WHITE COVE (U/C),1.41483899700864,103.902820105163,name_change,WHITE COVE,1.41483899700864,103.902820105163,
29D,PARBURY AVENUE,465436,THE LOOKOUT (U/C),1.31731007834746,103.943316052515,name_change,THE LOOKOUT,1.31731007834746,103.943316052515,
393,BELGRAVIA DRIVE,807680,BELGRAVIA ACE (U/C),1.38123331852109,103.864426326873,name_change,BELGRAVIA ACE,1.38123331852109,103.864426326873,
100,AYER MERBAU ROAD,628277,NIL,1.26459596437031,103.724067254057,location_change,NIL,1.26861017689147,103.716455524149,956.6901888824432
46,BEDOK SOUTH AVENUE 3,460046,BEDOK SOUTH BLOSSOMS,1.32148575339878,103.942854747015,name_change,NIL,1.32148575339878,103.942854747015,
523,YISHUN STREET 53,760523,VANDA BREEZE @ YISHUN,1.421869148662,103.852708910704,name_change,NIL,1.421869148662,103.852708910704,
33,POLLEN VIEW,807195,POLLEN COLLECTION (U/C),1.38098428091565,103.859643042589,name_change,POLLEN COLLECTION,1.38098428091565,103.859643042589,
1,ANCHORVALE STREET,544835,NKF DIALYSIS CENTRE SENGKANG COMMUNITY HOSPITAL,1.39625507668544,103.89115157341,name_change,SENGKANG COMMUNITY HOSPITAL,1.39602238832875,103.891834051543,
9,POLLEN PLACE,807274,POLLEN COLLECTION (U/C),1.38142093128567,103.85901676108,name_change,POLLEN COLLECTION,1.38142093128567,103.85901676108,
31,FLORA DRIVE,509904,KASSIA (U/C),1.35709630624257,103.965501900375,name_change,KASSIA,1.35709630624257,103.965501900375,
11,POLLEN CRESCENT,807525,POLLEN COLLECTION (U/C),1.38244392833535,103.859326386819,name_change,POLLEN COLLECTION,1.38244392833535,103.859326386819,
10,DOVER DRIVE,138683,NIL,1.30100873824913,103.780125250887,name_change,SINGAPORE INSTITUTE OF TECHNOLOGY@DOVER,1.30100873824913,103.780125250887,
125,JALAN RAJAH,320125,RAJAH SUMMIT,1.32800901969858,103.852436708777,name_change,NIL,1.32800901969858,103.852436708777,
332A,TENGAH PARK AVENUE,691332,PARC MEADOW @ TENGAH,1.36515757135033,103.736192450729,name_change,PARK MEADOW @ TENGAH,1.36515757135033,103.736192450729,
61,COMMONWEALTH AVENUE WEST,130061,ULU PANDAN VISTA,1.31120951222812,103.780005837853,name_change,NIL,1.31120951222812,103.780005837853,
132,SOPHIA ROAD,228186,SOPHIA MEADOW (U/C),1.30334983426539,103.846052676852,name_change,THE PRESBYTERIAN CHURCH IN SINGAPORE,1.30336298803027,103.846038079647,
98,HAVELOCK ROAD,160098,HAVELOCK HILLSIDE,1.28824701094753,103.831608803819,name_change,NIL,1.28824701094753,103.831608803819,
521,BELGRAVIA DRIVE,808084,BELGRAVIA ACE (U/C),1.38127458824158,103.865580447887,name_change,BELGRAVIA ACE,1.38127458824158,103.865580447887,
479,BELGRAVIA DRIVE,807922,BELGRAVIA ACE (U/C),1.38162416402489,103.865967614828,name_change,BELGRAVIA ACE,1.38162416402489,103.865967614828,
7,OPAL CRESCENT,328402,THE OPAL HAUZ (U/C),1.32757031918841,103.867212460971,name_change,THE OPAL HAUZ,1.32757031918841,103.867212460971,
28,LENTOR CENTRAL,788880,HILLOCK GREEN (U/C),1.38509631948606,103.833849401084,name_change,HILLOCK GREEN,1.38509631948606,103.833849401084,
48C,BEDOK SOUTH AVENUE 3,463048,BEDOK SOUTH BLOSSOMS,1.32379427695986,103.94375148618,name_change,NIL,1.32379427695986,103.94375148618,
205B,QUEEN'S CRESCENT,142205,QUEENSWAY CANOPY,1.2910556545888,103.799429245104,name_change,NIL,1.2910556545888,103.799429245104,
2125,SEMBAWANG ROAD,758528,SEMBAWANG COMMUNITY CLUB (U/C),1.45170096407609,103.828806792729,name_change,SEMBAWANG COMMUNITY CLUB,1.45165195153032,103.82846410211,
563,BELGRAVIA DRIVE,808105,BELGRAVIA ACE (U/C),1.3809162909443,103.865419229429,name_change,BELGRAVIA ACE,1.3809162909443,103.865419229429,
87,MARSHALL ROAD,424885,87 MARSHALL (U/C),1.30611482731069,103.901282674604,name_change,87 MARSHALL,1.30611482731069,103.901282674604,
19,WOODLANDS INDUSTRIAL PARK E4,757721,MANDAI LIAN HUP TNG,1.45091645902879,103.795640242996,name_change,NIL,1.45093434540778,103.795420907376,
1D,CLUNY ROAD,259600,SINGAPORE BOTANIC GARDENS SEED BANK,1.31790843581655,103.816189656291,name_change,NIL,1.31790843581655,103.816189656291,
195A,SERANGOON ROAD,218067,THE QUAY HOTEL LITTLE INDIA,1.30917901197119,103.853224451135,name_change,BROADWAY HOTEL,1.30917901197119,103.853224451135,
129C,SERANGOON NORTH AVENUE 1,553129,SERANGOON NORTH VISTA,1.36482075946204,103.873508497326,name_change,NIL,1.36482075946204,103.873508497326,
16,POLLEN VIEW,806856,POLLEN COLLECTION (U/C),1.38044665755086,103.859134247746,name_change,POLLEN COLLECTION,1.38044665755086,103.859134247746,
395,BELGRAVIA DRIVE,807681,BELGRAVIA ACE (U/C),1.38124827659545,103.864347067632,name_change,BELGRAVIA ACE,1.38124827659545,103.864347067632,
591,WOODLANDS DRIVE 17,730591,WOODLANDS SOUTH PLAINS,1.42639164403187,103.795515770647,name_change,NIL,1.42639164403187,103.795515770647,
414,HOUGANG AVENUE 10,530414,HARMONY VIEW @ HOUGANG,1.37490432858877,103.895995982843,name_change,HARMONY VIEW,1.37490432858877,103.895995982843,
129B,SERANGOON NORTH AVENUE 1,552129,SERANGOON NORTH VISTA,1.36521771543803,103.873268118125,name_change,NIL,1.36521771543803,103.873268118125,
1,HAIG LANE,438803,ROYAL HALLMARK,1.30907421145446,103.898319919507,name_change,ROYAL HALLMARK (U/C),1.30907421145446,103.898319919507,
474C,BUKIT BATOK WEST AVENUE 5,653474,WEST GLADES @ BUKIT BATOK,1.35687611003426,103.74550701233,name_change,NIL,1.35687611003426,103.74550701233,
518,MILTONIA CLOSE,760518,MILTONIA BREEZE @ YISHUN,1.41861158425913,103.850082471328,name_change,NIL,1.41861158425913,103.850082471328,
824,KEAT HONG LINK,680824,KEAT HONG GRANGE,1.37338924377409,103.748100878973,name_change,NIL,1.37338924377409,103.748100878973,
91,TAMPINES STREET 62,529443,TENET,1.36789433118458,103.942598008141,name_change,TENET (U/C),1.36789433118458,103.942598008141,
33C,HONGKONG STREET,59672,NIL,1.28743955901693,103.847130213821,name_change,RIVER CITY INN,1.28745127669101,103.847132947727,
2,YISHUN STREET 42,768039,XCL WORLD ACADEMY,1.42417897859263,103.850354892277,name_change,NIL,1.42515128796705,103.851089615155,
565,BELGRAVIA DRIVE,808106,BELGRAVIA ACE (U/C),1.38090131449027,103.865498778039,name_change,BELGRAVIA ACE,1.38090131449027,103.865498778039,
1999,LORONG 8 TOA PAYOH,319258,TOA PAYOH SOUTH COMMUNITY CLUB,1.33489037473653,103.859378974667,name_change,TOA PAYOH SOUTH COMMUNITY CLUB (PENDING RELOCATION),1.33489037473653,103.859378974667,
522A,YISHUN STREET 53,761522,VANDA BREEZE @ YISHUN,1.42244816684334,103.852395069678,name_change,NIL,1.42244816684334,103.852395069678,
11,POLLEN WALK,807471,POLLEN COLLECTION (U/C),1.38217635000721,103.859266079577,name_change,POLLEN COLLECTION,1.38217635000721,103.859266079577,
128,SERANGOON NORTH AVENUE 1,550128,SERANGOON NORTH VISTA,1.36437643964958,103.873592808441,name_change,NIL,1.36437643964958,103.873592808441,
75,TAMPINES STREET 62,529701,TENET,1.36828336080127,103.942738597263,name_change,TENET (U/C),1.36828336080127,103.942738597263,
519B,MILTONIA CLOSE,762519,MILTONIA BREEZE @ YISHUN,1.41899222992341,103.850807774197,name_change,NIL,1.41899222992341,103.850807774197,
445,BELGRAVIA DRIVE,807851,BELGRAVIA ACE (U/C),1.38184852962038,103.864778498695,name_change,BELGRAVIA ACE,1.38184852962038,103.864778498695,
12,POLLEN CRESCENT,807497,POLLEN COLLECTION (U/C),1.38278221458955,103.859136282607,name_change,POLLEN COLLECTION,1.38278221458955,103.859136282607,
2,TEMASEK BOULEVARD,38982,CONRAD SINGAPORE MARINA BAY,1.29349139796574,103.858779513419,name_change,CONRAD CENTENNIAL SINGAPORE,1.29349139796574,103.858779513419,
381,BELGRAVIA DRIVE,807674,BELGRAVIA ACE (U/C),1.38113338427236,103.864954091514,name_change,BELGRAVIA ACE,1.38113338427236,103.864954091514,
215G,PONGGOL SEVENTEENTH AVENUE,829721,WHITE COVE (U/C),1.41446088255558,103.90294874563,name_change,WHITE COVE,1.41446088255558,103.90294874563,
5,AYER CHAWAN PLACE,627869,NIL,1.27139138658537,103.694542326207,location_change,NIL,1.26744707804549,103.691289464791,568.4386900420002
80,MANDAI LAKE ROAD,729826,GIANT PANDA FOREST,1.40365248268001,103.792498795944,name_and_location_change,NIL,1.40050829280518,103.789963566126,449.06057121687934
809D,ANG MO KIO STREET 82,564809,PINE VILLE @ AMK,1.37643575044041,103.853480556055,name_change,NIL,1.37643575044041,103.853480556055,
60,TUAS SOUTH AVENUE 9,637607,NIL,1.28758125005723,103.646458903436,location_change,NIL,1.28724649182866,103.640099217979,707.9654913272576
413,BELGRAVIA DRIVE,807710,BELGRAVIA ACE (U/C),1.38137994460742,103.865020953539,name_change,BELGRAVIA ACE,1.38137994460742,103.865020953539,
25,TRENGGANU STREET,58476,NIL,1.28256767941304,103.844175159658,name_change,HOTEL CALMO CHINATOWN,1.28256767941304,103.844175159658,
517C,MILTONIA CLOSE,763517,MILTONIA BREEZE @ YISHUN,1.41847025094394,103.849379684961,name_change,NIL,1.41847025094394,103.849379684961,
766,TYERSALL AVENUE,257699,ISTANA WOODNEUK,1.30880176827531,103.812244460773,name_change,NIL,1.30880176827531,103.812244460773,
181,JOO CHIAT ROAD,427452,HOTEL SAKURA BY VENUE,1.31229180141071,103.900510976436,name_change,HOTEL 81 - SAKURA,1.31229180141071,103.900510976436,
409,BELGRAVIA DRIVE,807708,BELGRAVIA ACE (U/C),1.38140498444872,103.864888109668,name_change,BELGRAVIA ACE,1.38140498444872,103.864888109668,
51,TENGAH GARDEN WALK,699909,COPEN GRAND,1.36150266271849,103.731060572318,name_change,COPEN GRAND (U/C),1.36150266271849,103.731060572318,
261,VICTORIA STREET,189876,BUGIS STREET,1.30067380210192,103.85483094344,name_change,BUGIS VILLAGE,1.30026250997993,103.854749110816,
13,POLLEN VIEW,807177,POLLEN COLLECTION (U/C),1.38082859439504,103.859088063073,name_change,POLLEN COLLECTION,1.38082859439504,103.859088063073,
50,ANG MO KIO STREET 61,569163,YIO CHU KANG COMMUNITY CLUB,1.38132578567055,103.841450468671,name_change,YIO CHU KANG COMMUNITY CLUB (PENDING U/C),1.38132578567055,103.841450468671,
468,HOUGANG AVENUE 8,530468,HARMONY VIEW @ HOUGANG,1.37372775627824,103.897221529451,name_change,NIL,1.37372775627824,103.897221529451,
29,POLLEN VIEW,807185,POLLEN COLLECTION (U/C),1.38095519932768,103.859539468883,name_change,POLLEN COLLECTION,1.38095519932768,103.859539468883,
483,BELGRAVIA DRIVE,807955,BELGRAVIA ACE (U/C),1.38159938500032,103.866099731698,name_change,BELGRAVIA ACE,1.38159938500032,103.866099731698,
45,MAXWELL ROAD,69118,COMPETITION AND CONSUMER COMMISSION OF SINGAPORE (CCS),1.2795512783646,103.845209377351,name_change,COMPETITION COMMISSION OF SINGAPORE (CCS),1.2795512783646,103.845209377351,
461,SIMS AVENUE,387541,NIL,1.31631277275976,103.886963689258,name_change,ORANGE VALLEY NURSING HOME (SIMS AVENUE),1.31645516058633,103.887218606441,
6,PHOENIX ROAD,668159,THE ARDEN,1.3765865450876,103.756984005168,name_change,THE ARDEN (U/C),1.3765865450876,103.756984005168,
20,POLLEN WALK,807340,POLLEN COLLECTION (U/C),1.38178756835298,103.859273644576,name_change,POLLEN COLLECTION,1.38178756835298,103.859273644576,
592,WOODLANDS DRIVE 17,730592,WOODLANDS SOUTH PLAINS,1.42676254776941,103.794849928283,name_change,NIL,1.42676254776941,103.794849928283,
81,PHOENIX AVENUE,668383,PHOENIX RESIDENCES,1.37513322287524,103.757303595176,name_change,PHOENIX RESIDENCES (U/C),1.37513322287524,103.757303595176,
5,POLLEN VIEW,807173,POLLEN COLLECTION (U/C),1.38077086008806,103.858882441777,name_change,POLLEN COLLECTION,1.38077086008806,103.858882441777,
8,LORONG 25A GEYLANG,388222,ZYANYA,1.31392103072017,103.883276357397,name_change,ZYANYA (U/C),1.31388177226647,103.883274426427,
462,HOUGANG AVENUE 10,530462,HARMONY VIEW @ HOUGANG,1.37222557449695,103.894640407148,name_change,NIL,1.37222557449695,103.894640407148,
3,POLLEN WALK,807346,POLLEN COLLECTION (U/C),1.38206828709884,103.858869022791,name_change,POLLEN COLLECTION,1.38206828709884,103.858869022791,
4,TAMPINES STREET 91,528907,PATHLIGHT SCHOOL (TAMPINES),1.34711275884527,103.939451879381,name_change,NIL,1.34711275884527,103.939451879381,
14,POLLEN CRESCENT,807498,POLLEN COLLECTION (U/C),1.38275465595361,103.859089945524,name_change,POLLEN COLLECTION,1.38275465595361,103.859089945524,
11,WOODLANDS CLOSE,737853,BETHESDA CHRISTIAN CENTRE,1.43482603452741,103.802773360648,name_change,CALROSE ACADEMY PTE. LTD.,1.43475840297332,103.802721060156,
201,CHESTNUT AVENUE,679525,NIL,1.37168064590228,103.779806932515,location_change,NIL,1.37749613665976,103.777438972627,698.1761120048952
27,POLLEN WALK,807479,POLLEN COLLECTION (U/C),1.38233490512264,103.859681031639,name_change,POLLEN COLLECTION,1.38233490512264,103.859681031639,
30,POLLEN PLACE,807231,POLLEN COLLECTION (U/C),1.3811769862903,103.859548086019,name_change,POLLEN COLLECTION,1.3811769862903,103.859548086019,
16D,FARRER PARK ROAD,214016,FARRER PARK FIELDS,1.31107251473053,103.851019625812,name_change,NIL,1.31107251473053,103.851019625812,
18,POLLEN VIEW,806857,POLLEN COLLECTION (U/C),1.38046125651946,103.859186343012,name_change,POLLEN COLLECTION,1.38046125651946,103.859186343012,
404,HOUGANG AVENUE 10,530404,HARMONY VIEW @ HOUGANG,1.37384186784809,103.895829596218,name_change,NIL,1.37384186784809,103.895829596218,
412,HOUGANG AVENUE 10,530412,HARMONY VIEW @ HOUGANG,1.374704823057,103.895365669184,name_change,HARMONY VIEW,1.374704823057,103.895365669184,
204A,QUEEN'S CRESCENT,141204,QUEENSWAY CANOPY,1.29024177695335,103.799818760424,name_change,NIL,1.29024177695335,103.799818760424,
475A,BUKIT BATOK WEST AVENUE 5,651475,WEST GLADES @ BUKIT BATOK,1.35738868721591,103.746444446688,name_change,NIL,1.35738868721591,103.746444446688,
330B,TENGAH PARK AVENUE,692330,PARC MEADOW @ TENGAH,1.36636002257175,103.736904916916,name_change,PARK MEADOW @ TENGAH,1.36636002257175,103.736904916916,
215A,PONGGOL SEVENTEENTH AVENUE,829715,WHITE COVE (U/C),1.41481224750749,103.903275578705,name_change,WHITE COVE,1.41481224750749,103.903275578705,
301,LORONG 6 TOA PAYOH,319392,NIL,1.33060009366633,103.849986778984,name_change,TOA PAYOH SPORTS CENTRE,1.33045992412023,103.850574273679,
291A,JURONG EAST STREET 24,601291,JURONG EAST BREEZE,1.3429629430227,103.74381221645,name_change,NIL,1.3429629430227,103.74381221645,
50,CLUNY PARK ROAD,257488,SINGAPORE BOTANIC GARDENS (THE GARAGE),1.3188797159166,103.8155806673,name_change,THE GARAGE (SINGAPORE BOTANIC GARDENS),1.3188797159166,103.8155806673,
551,BELGRAVIA DRIVE,808099,BELGRAVIA ACE (U/C),1.38102641032083,103.865522074566,name_change,BELGRAVIA ACE,1.38102641032083,103.865522074566,
206,QUEEN'S CRESCENT,140206,QUEENSWAY CANOPY,1.29175154761495,103.799474350355,name_change,NIL,1.29175154761495,103.799474350355,
24,POLLEN PLACE,807228,POLLEN COLLECTION (U/C),1.38113615557848,103.85939145207,name_change,POLLEN COLLECTION,1.38113615557848,103.85939145207,
63,COMMONWEALTH AVENUE WEST,130063,ULU PANDAN VISTA,1.31182953718649,103.779754780955,name_change,NIL,1.31182953718649,103.779754780955,
7,JALAN ANAK BUKIT,589602,THE RESERVE RESIDENCES (U/C),1.33925969146384,103.777399760922,name_change,THE RESERVE RESIDENCES,1.33925969146384,103.777399760922,
18,POLLEN WALK,807339,POLLEN COLLECTION (U/C),1.38177283553563,103.859221191897,name_change,POLLEN COLLECTION,1.38177283553563,103.859221191897,
3A,AVIATION PARK ROAD,499979,TEMPORARY SITE OFFICE,1.36845813068753,104.011492234086,name_change,NIL,1.36845813068753,104.011492234086,
33,HONGKONG STREET,59672,NIL,1.28743955874319,103.847130213549,name_change,VINTAGE INN @ CLARKE QUAY,1.28743955874319,103.847130213549,
3,POLLEN CRESCENT,807521,POLLEN COLLECTION (U/C),1.38255432901406,103.859511486011,name_change,POLLEN COLLECTION,1.38255432901406,103.859511486011,
33A,PARBURY AVENUE,465442,THE LOOKOUT (U/C),1.31717623066162,103.942826012027,name_change,THE LOOKOUT,1.31717623066162,103.942826012027,
20,THOMSON TERRACE,574551,THOMSON HILLS ESTATE,1.37898257055972,103.830958460565,name_change,THOMSON HILLS ESTATE (U/C),1.37898423951944,103.830969206228,
50,JURONG GATEWAY ROAD,608549,JEM,1.33329334473462,103.743278742341,name_change,CATHAY CINEPLEX JEM,1.33332819303974,103.743359442234,
1,ESPLANADE DRIVE,38981,DBS FOUNDATION OUTDOOR THEATRE,1.28880305036348,103.856003516592,name_change,ESPLANADE - THEATRES ON THE BAY,1.29020501088469,103.855566745359,
485,BELGRAVIA DRIVE,807956,BELGRAVIA ACE (U/C),1.38130961681225,103.866248980501,name_change,BELGRAVIA ACE,1.38130961681225,103.866248980501,
43,THOMSON ROAD,307583,NIL,1.31492414413907,103.84485935765,name_change,KARTAR APARTMENTS,1.31492241285227,103.844843392551,
3,LENTOR CENTRAL,788888,LENTOR MODERN,1.38607053422693,103.833920038562,name_change,LENTOR MODERN (U/C),1.38572990744435,103.834582217675,
56,GHIM MOH LINK,270056,ULU PANDAN BANKS,1.31047570363015,103.781282011023,name_change,NIL,1.31047570363015,103.781282011023,
71,TENGAH GARDEN WALK,699886,COPEN GRAND,1.36190672929397,103.731042025984,name_change,COPEN GRAND (U/C),1.36190672929397,103.731042025984,
2,YISHUN CENTRAL 2,768024,NKF DIALYSIS CENTRE,1.42355699300713,103.837376800572,name_change,YISHUN COMMUNITY HOSPITAL,1.4237674572872,103.837242211173,
37,NORTH CANAL ROAD,59293,HABYT CLARKE QUAY,1.2870554646758,103.847101670945,name_change,CHAMPION HOTEL CITY,1.2870554646758,103.847101670945,
2,SEAH IM ROAD,99114,NIL,1.26674250106732,103.818958003592,name_change,SEAH IM FOOD CENTRE,1.26656813225079,103.819248035765,
50A,GHIM MOH CLOSE,271050,GHIM MOH NATURA,1.30970134638704,103.790422390773,name_change,NIL,1.30970134638704,103.790422390773,
65,COMMONWEALTH AVENUE WEST,130065,ULU PANDAN VISTA,1.31244451597778,103.777890907325,name_change,NIL,1.31244451597778,103.777890907325,
4,PHOENIX ROAD,668158,THE ARDEN,1.37690199925909,103.756893686726,name_change,THE ARDEN (U/C),1.37690199925909,103.756893686726,
24,POLLEN CRESCENT,807503,POLLEN COLLECTION (U/C),1.38256767343916,103.858891661259,name_change,POLLEN COLLECTION,1.38256767343916,103.858891661259,
28,COLLEGE AVENUE WEST,138533,NUS COLLEGE,1.30798323455178,103.772253905877,name_change,YALE-NUS COLLEGE CAMPUS,1.30798323455178,103.772253905877,
53A,GHIM MOH LINK,271053,ULU PANDAN GLADES,1.31049306848932,103.783505715028,name_change,NIL,1.31049306848932,103.783505715028,
681,PUNGGOL DRIVE,820681,NKF DIALYSIS CENTRE,1.40259581502678,103.912962428692,name_change,OASIS TERRACES,1.40278015725693,103.913215101343,
40,POLLEN VIEW,806992,POLLEN COLLECTION (U/C),1.38063144643878,103.859793641015,name_change,POLLEN COLLECTION,1.38063144643878,103.859793641015,
215M,PONGGOL SEVENTEENTH AVENUE,829762,WHITE COVE (U/C),1.41469220064287,103.902753393982,name_change,WHITE COVE,1.41469220064287,103.902753393982,
2,JALAN KECHOT,419231,SHINNYO-EN SINGAPORE BUDDHIST CENTRE,1.32204951569078,103.905608586366,name_change,NIL,1.32204951569078,103.905608586366,
64,COMMONWEALTH AVENUE WEST,130064,ULU PANDAN VISTA,1.31201312548462,103.778900568955,name_change,NIL,1.31201312548462,103.778900568955,
402,HOUGANG AVENUE 10,530402,HARMONY VIEW @ HOUGANG,1.37443833237067,103.896698366692,name_change,HARMONY VIEW,1.37443833237067,103.896698366692,
499,BELGRAVIA DRIVE,807963,BELGRAVIA ACE (U/C),1.38140515492413,103.865741444908,name_change,BELGRAVIA ACE,1.38140515492413,103.865741444908,
305B,PASIR PANJANG ROAD,118943,HARBOUR RESIDENCES (U/C),1.28701469938364,103.779005070862,name_change,HARBOUR RESIDENCES,1.28701469938364,103.779005070862,
35,JALAN PARI DEDAP,488626,PEAKVIEW ESTATE,1.33244853432236,103.942714441324,name_change,NIL,1.33243749418889,103.942786988397,
26,COLLEGE AVENUE WEST,138532,NUS COLLEGE,1.30789140001494,103.772683674139,name_change,YALE-NUS COLLEGE CAMPUS,1.30789140001494,103.772683674139,
23,POLLEN PLACE,807281,POLLEN COLLECTION (U/C),1.38152243947649,103.859379056418,name_change,POLLEN COLLECTION,1.38152243947649,103.859379056418,
485B,FERNVALE DRIVE,792485,FERNVALE OASIS,1.39897005807123,103.877006877359,name_change,NIL,1.39897005807123,103.877006877359,
529A,YISHUN STREET 53,761529,ARANDA BREEZE @ YISHUN,1.42432273945436,103.853145277598,name_change,NIL,1.42432273945436,103.853145277598,
291B,JURONG EAST STREET 24,602291,JURONG EAST BREEZE,1.34341583048324,103.744086035589,name_change,NIL,1.34341583048324,103.744086035589,
6,POLLEN CRESCENT,807482,POLLEN COLLECTION (U/C),1.38286473884662,103.859275040103,name_change,POLLEN COLLECTION,1.38286473884662,103.859275040103,
33D,HONGKONG STREET,59672,NIL,1.28743955901693,103.847130213821,name_change,VINTAGE INN @ CLARKE QUAY,1.28743955901693,103.847130213821,
20,MARINA VIEW,18963,W RESIDENCES MARINA VIEW – SINGAPORE (U/C),1.27670307917562,103.849736169355,name_change,MARINA VIEW RESIDENCES,1.27670307917562,103.849736169355,
33B,HONGKONG STREET,59672,338 INN @ CLARKE QUAY,1.28741332125588,103.847112668616,name_change,VINTAGE INN @ CLARKE QUAY,1.28743955901693,103.847130213821,
845,YISHUN STREET 81,760845,KHATIB CENTRAL,1.4160188050375,103.835000766612,name_change,KAHTIB CENTRAL,1.4160188050375,103.835000766612,
7,POLLEN VIEW,807174,POLLEN COLLECTION (U/C),1.38078475231237,103.858931919502,name_change,POLLEN COLLECTION,1.38078475231237,103.858931919502,
115,BUKIT BATOK WEST AVENUE 8,659859,ALTURA (U/C),1.35970765125423,103.742113550639,name_change,ALTURA,1.35970765125423,103.742113550639,
44,POLLEN VIEW,806994,POLLEN COLLECTION (U/C),1.38066072755685,103.859898125301,name_change,POLLEN COLLECTION,1.38066072755685,103.859898125301,
6A,TANJONG RHU ROAD,436884,DE CENTURION,1.29881006027302,103.884350279556,name_change,DE CENTURIAN,1.29881006027302,103.884350279556,
18,FARRER PARK ROAD,210018,FARRER PARK FIELDS,1.30964145284649,103.851166603031,name_change,NIL,1.30964145284649,103.851166603031,
332,TENGAH PARK AVENUE,690332,PARC MEADOW @ TENGAH,1.36558589197351,103.736602999137,name_change,PARK MEADOW @ TENGAH,1.36558589197351,103.736602999137,
464,UPPER SERANGOON ROAD,530464,HARMONY VIEW @ HOUGANG,1.37249606725852,103.896129636264,name_change,NIL,1.37249606725852,103.896129636264,
51,JOO CHIAT ROAD,427373,"STORIES JOO CHIAT, A HOTEL BY COVE",1.31498200860554,103.89862059683,name_change,AM HOTEL,1.31498200860554,103.89862059683,
994A,JURONG WEST STREET 93,641994,JURONG WEST CRYSTAL,1.33617622927297,103.693240168615,name_change,NIL,1.33617622927297,103.693240168615,
449,BELGRAVIA DRIVE,807853,BELGRAVIA ACE (U/C),1.38181775551127,103.864940725923,name_change,BELGRAVIA ACE,1.38181775551127,103.864940725923,
12,SENOKO DRIVE,758200,NIL,1.45766976292268,103.79761924775,name_change,SENOKO INDUSTRIAL ESTATE,1.45766976292268,103.79761924775,
50B,GHIM MOH CLOSE,272050,GHIM MOH NATURA,1.30990540281286,103.789998545172,name_change,NIL,1.30990540281286,103.789998545172,
33,YISHUN CLOSE,769345,NORTH GAIA,1.43631746938476,103.844907374663,name_change,NORTH GAIA (U/C),1.43631163072722,103.844895523625,
10,POLLEN CRESCENT,807496,POLLEN COLLECTION (U/C),1.38280950113919,103.859182163033,name_change,POLLEN COLLECTION,1.38280950113919,103.859182163033,
4,HOLLAND VILLAGE WAY,279036,SKYE AT HOLLAND (U/C),1.31216454554039,103.792689741396,name_change,SKYE AT HOLLAND,1.31216454554039,103.792689741396,
331A,TENGAH PARK AVENUE,691331,PARC MEADOW @ TENGAH,1.36550113045871,103.735835688509,name_change,PARK MEADOW @ TENGAH,1.36550113045871,103.735835688509,
26,POLLEN PLACE,807229,POLLEN COLLECTION (U/C),1.3811479224909,103.859444521282,name_change,POLLEN COLLECTION,1.3811479224909,103.859444521282,
11,INSTITUTION HILL,239666,HILL HOUSE (U/C),1.29530201383804,103.839591890195,name_change,HILL HOUSE,1.29529704033624,103.839610739402,
1,MARINA GARDENS LANE,19921,ONE MARINA GARDENS (U/C),1.27580060851268,103.862936192351,name_change,ONE MARINA GARDENS,1.27580060851268,103.862936192351,
592A,WOODLANDS DRIVE 17,731592,WOODLANDS SOUTH PLAINS,1.42640034737548,103.795105013801,name_change,NIL,1.42640034737548,103.795105013801,
1,WOODLANDS NORTH COAST ROAD,738979,RTS LINK WOODLANDS NORTH STATION,1.45001786057996,103.786094392757,name_change,CIQ BUILDING,1.45010000958897,103.784100658514,
25,PARBURY AVENUE,467339,THE LOOKOUT (U/C),1.31742950956906,103.943153162887,name_change,THE LOOKOUT,1.31742950956906,103.943153162887,
215E,PONGGOL SEVENTEENTH AVENUE,829719,WHITE COVE (U/C),1.41458141360982,103.903055732791,name_change,WHITE COVE,1.41458141360982,103.903055732791,
20,POLLEN PLACE,807226,POLLEN COLLECTION (U/C),1.38110730391802,103.859287616174,name_change,POLLEN COLLECTION,1.38110730391802,103.859287616174,
194,WOODLANDS CENTRE ROAD,730194,MARSILING RIDGE,1.43541449197441,103.773057763485,name_change,NIL,1.43541449197441,103.773057763485,
28,PARRY AVENUE,547255,PERENNIAL LIVING,1.36533280009365,103.879891629619,name_change,PARRY HALL,1.36557058536117,103.87995189186,
543,BELGRAVIA DRIVE,808095,BELGRAVIA ACE (U/C),1.38096660248192,103.865839484891,name_change,BELGRAVIA ACE,1.38096660248192,103.865839484891,
293,JURONG EAST STREET 24,600293,JURONG EAST BREEZE,1.3435002948629,103.74443924567,name_change,NIL,1.3435002948629,103.74443924567,
809B,ANG MO KIO STREET 82,562809,PINE VILLE @ AMK,1.37689630873617,103.85422541254,name_change,NIL,1.37689630873617,103.85422541254,
527B,YISHUN STREET 53,762527,ARANDA BREEZE @ YISHUN,1.42375220583707,103.853266697579,name_change,NIL,1.42375220583707,103.853266697579,
27,POLLEN PLACE,807283,POLLEN COLLECTION (U/C),1.3815567470833,103.85949110321,name_change,POLLEN COLLECTION,1.3815567470833,103.85949110321,
517,MILTONIA CLOSE,760517,MILTONIA BREEZE @ YISHUN,1.4187086581309,103.848908310956,name_change,NIL,1.4187086581309,103.848908310956,
12,UPPER WILKIE ROAD,229503,WILKIE HILLS,1.30331630150941,103.84784893977,name_change,WILKIE HILLS (U/C),1.30337992076141,103.847870249669,
365,BELGRAVIA DRIVE,809820,BELGRAVIA ACE (U/C),1.38112242771599,103.864323568256,name_change,BELGRAVIA ACE,1.38112242771599,103.864323568256,
25,JANSEN ROAD,548429,JANSEN HOUSE (U/C),1.35984838451574,103.876534204601,name_change,JANSEN HOUSE,1.35984838451574,103.876534204601,
26,CAVAN ROAD,209854,NEST HOTEL,1.31087924800926,103.861821440459,name_change,HOTEL SNOW LAVENDER,1.31087924800926,103.861821440459,
303B,PASIR PANJANG ROAD,119478,HARBOUR RESIDENCES (U/C),1.28701469938364,103.779005070862,name_change,HARBOUR RESIDENCES,1.28701469938364,103.779005070862,
497,BELGRAVIA DRIVE,807962,BELGRAVIA ACE (U/C),1.38139415281738,103.865798735254,name_change,BELGRAVIA ACE,1.38139415281738,103.865798735254,
27,LORONG 32 GEYLANG,398285,OCHO (U/C),1.31312736334257,103.887182728518,name_change,OCHO,1.31313051507905,103.887183809405,
11D,MACKENZIE ROAD,228675,NIL,1.30434908677392,103.849908918351,name_change,G4 STATION BACKPACKERS HOSTEL,1.30434908677392,103.849908918351,
129A,SERANGOON NORTH AVENUE 1,551129,SERANGOON NORTH VISTA,1.36536151107403,103.872742096823,name_change,NIL,1.36536151107403,103.872742096823,
215H,PONGGOL SEVENTEENTH AVENUE,829722,WHITE COVE (U/C),1.41439964080026,103.902889355003,name_change,WHITE COVE,1.41439964080026,103.902889355003,
5,POLLEN PLACE,807237,POLLEN COLLECTION (U/C),1.38139160167878,103.858912253924,name_change,POLLEN COLLECTION,1.38139160167878,103.858912253924,
5,JALAN ANAK BUKIT,589601,BEAUTY WORLD INTEGRATED TRANSPORT HUB,1.33948861343345,103.777141326948,name_change,THE RESERVE RESIDENCES,1.33993309773237,103.777416331816,
113A,BUKIT BATOK WEST AVENUE 6,651113,NKF DIALYSIS CENTRE,1.34985034118806,103.745279954109,name_change,SKY VISTA @ BUKIT BATOK,1.34995908935029,103.745361698743,
121,DEFU LANE 10,539231,DEFU INDUSTRIAL ESTATE,1.35655704298365,103.893077105464,name_change,NIL,1.35668346446962,103.893134280141,
204B,QUEEN'S CRESCENT,142204,QUEENSWAY CANOPY,1.29049331801888,103.800352670381,name_change,NIL,1.29049331801888,103.800352670381,
65,WOODLEIGH PARK,357875,NIL,1.34011527351959,103.862721396199,location_change,NIL,1.33743254426552,103.866870149215,549.2600810839314
102A,PLANTATION CLOSE,691102,PLANTATION VERGE,1.35104929333639,103.734755311012,name_change,NIL,1.35104929333639,103.734755311012,
97,HAVELOCK ROAD,160097,HAVELOCK HILLSIDE,1.28901860835749,103.831440994912,name_change,NIL,1.28901860835749,103.831440994912,
371,BELGRAVIA DRIVE,809823,BELGRAVIA ACE (U/C),1.38106806769226,103.864612828731,name_change,BELGRAVIA ACE,1.38106806769226,103.864612828731,
28,POLLEN WALK,807344,POLLEN COLLECTION (U/C),1.38186295712511,103.859494411666,name_change,POLLEN COLLECTION,1.38186295712511,103.859494411666,
17,SAKRA ROAD,627886,NIL,1.26103987283295,103.703700648738,location_change,NIL,1.26485446056716,103.704820373564,442.0505910969017
523A,YISHUN STREET 53,761523,VANDA BREEZE @ YISHUN,1.4221629233466,103.852664595625,name_change,NIL,1.4221629233466,103.852664595625,
5,CHANDER ROAD,219528,SIDDH PEETH SHREE LAKSHMINARAYAN TEMPLE,1.30775967850112,103.850915055091,name_change,NIL,1.30774014690879,103.850826426805,
531,BELGRAVIA DRIVE,808089,BELGRAVIA ACE (U/C),1.38120384123934,103.865955366169,name_change,BELGRAVIA ACE,1.38120384123934,103.865955366169,
102B,PLANTATION CLOSE,692102,PLANTATION VERGE,1.35084766714941,103.734299170866,name_change,NIL,1.35084766714941,103.734299170866,
61,STAMFORD ROAD,178892,PRESERVATION OF MONUMENTS BOARD (PMB),1.29449804576973,103.850126913031,name_change,NATIONAL HERITAGE BOARD (NHB),1.29448225459417,103.850054625521,
525,BELGRAVIA DRIVE,808086,BELGRAVIA ACE (U/C),1.38124963376781,103.865713180232,name_change,BELGRAVIA ACE,1.38124963376781,103.865713180232,
267,SERANGOON AVENUE 3,550267,MARKET,1.35319405066769,103.870920824793,name_change,NIL,1.3531696660359,103.870953693678,
105,BEDOK NORTH AVENUE 4,460105,NKF DIALYSIS CENTRE,1.33368859457924,103.936473903592,name_change,PEARL GARDEN,1.33372280929,103.936517719048,
16,COLLEGE AVENUE WEST,138527,NUS COLLEGE,1.30642273791527,103.771795452114,name_change,YALE-NUS COLLEGE,1.30630452078538,103.771789872765,
20,PLANTATION CLOSE,690096,OTTO PLACE (U/C),1.34793735286897,103.736758778262,name_change,OTTO PLACE,1.34793735286897,103.736758778262,
10,POLLEN VIEW,806853,POLLEN COLLECTION (U/C),1.38040254229917,103.858976828337,name_change,POLLEN COLLECTION,1.38040254229917,103.858976828337,
141,MIDDLE ROAD,188976,COLIWOO MIDTOWN,1.29943775475739,103.85240273741,name_change,GSM BUILDING,1.29943775475739,103.85240273741,
4,POLLEN CRESCENT,807481,POLLEN COLLECTION (U/C),1.38289200979103,103.859320893061,name_change,POLLEN COLLECTION,1.38289200979103,103.859320893061,
5,LENGKONG TIGA,417408,KAMPONG KEMBANGAN COMMUNITY CLUB (U/C),1.32315520137795,103.912698649271,name_change,KAMPONG KEMBANGAN COMMUNITY CLUB,1.32315520137795,103.912698649271,
6,POLLEN VIEW,806851,POLLEN COLLECTION (U/C),1.38037453942269,103.858876903836,name_change,POLLEN COLLECTION,1.38037453942269,103.858876903836,
48,POLLEN VIEW,806996,POLLEN COLLECTION (U/C),1.38069121295765,103.860063161672,name_change,POLLEN COLLECTION,1.38069121295765,103.860063161672,
458B,BUKIT BATOK WEST AVENUE 8,652458,WEST BRICKVILLE @ BUKIT BATOK,1.35441338121119,103.738003018643,name_change,NIL,1.35441338121119,103.738003018643,
28,POLLEN PLACE,807230,POLLEN COLLECTION (U/C),1.38116182425215,103.859496861339,name_change,POLLEN COLLECTION,1.38116182425215,103.859496861339,
469,BELGRAVIA DRIVE,807917,BELGRAVIA ACE (U/C),1.3816848681596,103.86564466283,name_change,BELGRAVIA ACE,1.3816848681596,103.86564466283,
590B,WOODLANDS DRIVE 17,732590,WOODLANDS SOUTH PLAINS,1.4268107796703,103.796866779539,name_change,NIL,1.4268107796703,103.796866779539,
373,BELGRAVIA DRIVE,809824,BELGRAVIA ACE (U/C),1.38105337676564,103.864692591132,name_change,BELGRAVIA ACE,1.38105337676564,103.864692591132,
527,YISHUN STREET 53,760527,ARANDA BREEZE @ YISHUN,1.42346617431464,103.85249887877,name_change,NIL,1.42346617431464,103.85249887877,
87,TAMPINES STREET 62,529451,TENET,1.36823189032966,103.942093170746,name_change,TENET (U/C),1.36823189032966,103.942093170746,
401,BELGRAVIA DRIVE,807704,BELGRAVIA ACE (U/C),1.38146499665277,103.864569719315,name_change,BELGRAVIA ACE,1.38146499665277,103.864569719315,
23,JALAN ANAK BUKIT,589774,THE RESERVE RESIDENCES (U/C),1.33962855388413,103.777571997447,name_change,THE RESERVE RESIDENCES,1.33962855388413,103.777571997447,
14,POLLEN VIEW,806855,POLLEN COLLECTION (U/C),1.38043215684734,103.859082504153,name_change,POLLEN COLLECTION,1.38043215684734,103.859082504153,
12,COLLEGE AVENUE WEST,138610,NUS COLLEGE,1.30638712623098,103.77206806682,name_change,YALE-NUS COLLEGE CAMPUS,1.30638712623098,103.77206806682,
6,BUKIT TIMAH LINK,589943,8@BT (U/C),1.34137140164237,103.776905804914,name_change,NIL,1.34137140164237,103.776905804914,
553,BELGRAVIA DRIVE,808100,BELGRAVIA ACE (U/C),1.38104138704942,103.865442525952,name_change,BELGRAVIA ACE,1.38104138704942,103.865442525952,
326C,TENGAH PARK AVENUE,693326,PARC MEADOW @ TENGAH,1.36542918200749,103.734979244453,name_change,PARK MEADOW @ TENGAH,1.36542918200749,103.734979244453,
205A,QUEEN'S CRESCENT,141205,QUEENSWAY CANOPY,1.29074817992701,103.799818753796,name_change,NIL,1.29074817992701,103.799818753796,
407,BELGRAVIA DRIVE,807707,BELGRAVIA ACE (U/C),1.3814191691911,103.864812784066,name_change,BELGRAVIA ACE,1.3814191691911,103.864812784066,
493,BELGRAVIA DRIVE,807960,BELGRAVIA ACE (U/C),1.38135948583605,103.86598434345,name_change,BELGRAVIA ACE,1.38135948583605,103.86598434345,
24,PLANTATION CLOSE,690097,OTTO PLACE (U/C),1.34793735286897,103.736758778262,name_change,OTTO PLACE,1.34793735286897,103.736758778262,
511,BELGRAVIA DRIVE,808079,BELGRAVIA ACE (U/C),1.38147997834863,103.865344343105,name_change,BELGRAVIA ACE,1.38147997834863,103.865344343105,
303,JOO CHIAT PLACE,427983,STRAITS AT JOO CHIAT (U/C),1.31508334829522,103.908384589447,name_change,NIL,1.31508334829522,103.908384589447,
160,LORONG 6 TOA PAYOH,319380,TOA PAYOH EAST COMMUNITY CLUB,1.33631536496443,103.854848437202,name_change,TOA PAYOH EAST COMMUNITY CLUB (PENDING RELOCATION),1.33631536496443,103.854848437202,
5,NORTHUMBERLAND ROAD,219570,PICCADILLY GRAND,1.31079412179179,103.852278016349,name_change,PICCADILLY GRAND (U/C),1.31079412179179,103.852278016349,
98A,HAVELOCK ROAD,161098,HAVELOCK HILLSIDE,1.2886000256343,103.830505948469,name_change,NIL,1.2886000256343,103.830505948469,
101A,PLANTATION CLOSE,691101,PLANTATION VERGE,1.34998941183508,103.735711599188,name_change,NIL,1.34998941183508,103.735711599188,
128A,SERANGOON NORTH AVENUE 1,551128,SERANGOON NORTH VISTA,1.36470290134259,103.872934841064,name_change,NIL,1.36470290134259,103.872934841064,
522C,YISHUN STREET 53,763522,VANDA BREEZE @ YISHUN,1.42192219591661,103.852144033721,name_change,NIL,1.42192219591661,103.852144033721,
21,KEPPEL ROAD,89067,BEYONDX,1.27280474510421,103.841112448783,name_change,CUSTOMS OPERATIONS CENTRE,1.27280474510421,103.841112448783,
416,HOUGANG AVENUE 10,530416,HARMONY VIEW @ HOUGANG,1.37568570260788,103.896283815056,name_change,HARMONY VIEW,1.37568570260788,103.896283815056,
37,POLLEN VIEW,807197,POLLEN COLLECTION (U/C),1.38101374625708,103.859747983002,name_change,POLLEN COLLECTION,1.38101374625708,103.859747983002,
453,BELGRAVIA DRIVE,807855,BELGRAVIA ACE (U/C),1.38179284460676,103.865072676091,name_change,BELGRAVIA ACE,1.38179284460676,103.865072676091,
125A,JALAN RAJAH,321125,RAJAH SUMMIT,1.32783575673049,103.852174038871,name_change,NIL,1.32783575673049,103.852174038871,
80,MARINE PARADE ROAD,449269,MARINE PARADE POST OFFICE,1.301041960873,103.905505005847,name_change,CATHAY CINEPLEX PARKWAY PARADE,1.30091736056425,103.90533928065,
516B,MILTONIA CLOSE,762516,MILTONIA BREEZE @ YISHUN,1.41954282954133,103.849581475992,name_change,NIL,1.41954282954133,103.849581475992,
31,LORONG 4 GEYLANG,399283,G31 STUDIO (U/C),1.31005776960178,103.876196876566,name_change,G31 STUDIO,1.31005776960178,103.876196876566,
26,POLLEN VIEW,806985,POLLEN COLLECTION (U/C),1.38052917818168,103.859428711931,name_change,POLLEN COLLECTION,1.38052917818168,103.859428711931,
29A,PARBURY AVENUE,465433,THE LOOKOUT (U/C),1.3173090602456,103.943108359066,name_change,THE LOOKOUT,1.3173090602456,103.943108359066,
33,PARBURY AVENUE,465441,THE LOOKOUT (U/C),1.31717477377658,103.942759718591,name_change,THE LOOKOUT,1.31717477377658,103.942759718591,
46A,BEDOK SOUTH AVENUE 3,461046,BEDOK SOUTH BLOSSOMS,1.32137675563342,103.943315866925,name_change,NIL,1.32137675563342,103.943315866925,
387,BELGRAVIA DRIVE,807677,BELGRAVIA ACE (U/C),1.38117832588798,103.864715597414,name_change,BELGRAVIA ACE,1.38117832588798,103.864715597414,
129,SERANGOON NORTH AVENUE 1,550129,SERANGOON NORTH VISTA,1.36517363038702,103.872747377491,name_change,NIL,1.36517363038702,103.872747377491,
39,POLLEN VIEW,807198,POLLEN COLLECTION (U/C),1.38102821519503,103.859799514194,name_change,POLLEN COLLECTION,1.38102821519503,103.859799514194,
549,BELGRAVIA DRIVE,808098,BELGRAVIA ACE (U/C),1.38101148998466,103.865601174683,name_change,BELGRAVIA ACE,1.38101148998466,103.865601174683,
410,HOUGANG AVENUE 10,530410,HARMONY VIEW @ HOUGANG,1.37388589154893,103.894681773728,name_change,NIL,1.37388589154893,103.894681773728,
533,BELGRAVIA DRIVE,808090,BELGRAVIA ACE (U/C),1.38118972819177,103.866029751248,name_change,BELGRAVIA ACE,1.38118972819177,103.866029751248,
21,POLLEN PLACE,807280,POLLEN COLLECTION (U/C),1.38150792700898,103.859327263028,name_change,POLLEN COLLECTION,1.38150792700898,103.859327263028,
406C,JURONG WEST STREET 42,643406,JURONG ARCADIA,1.35478098120653,103.723363207795,name_change,NIL,1.35478098120653,103.723363207795,
158A,GUL CIRCLE,629616,DNV TECHNOLOGY CENTRE WEST,1.31983696234329,103.676044126593,name_change,DNV LABORATORY,1.31983696234329,103.676044126593,
18,COLLEGE AVENUE WEST,138528,NUS COLLEGE,1.30714440669788,103.77197858734,name_change,YALE-NUS COLLEGE CAMPUS,1.30714440669788,103.77197858734,
2,MOUNT EMILY ROAD,228484,DUET @ EMILY,1.30441456274538,103.84938392703,name_change,NIL,1.30436404749245,103.84943009639,
24,POLLEN WALK,807342,POLLEN COLLECTION (U/C),1.38181641208487,103.859376593301,name_change,POLLEN COLLECTION,1.38181641208487,103.859376593301,
82,ANSON ROAD,79994,NEWPORT PLAZA (U/C),1.27318825020003,103.843693475066,name_change,NEWPORT PLAZA,1.27318825020003,103.843693475066,
402A,JURONG WEST STREET 42,641402,JURONG ARCADIA,1.35328785595113,103.723331769563,name_change,NIL,1.35328785595113,103.723331769563,
8,BUKIT TIMAH LINK,589944,8@BT (U/C),1.34137140164237,103.776905804914,name_change,NIL,1.34137140164237,103.776905804914,
517,BELGRAVIA DRIVE,808082,BELGRAVIA ACE (U/C),1.38129947618239,103.865448339733,name_change,BELGRAVIA ACE,1.38129947618239,103.865448339733,
18,POLLEN PLACE,807208,POLLEN COLLECTION (U/C),1.38109386973247,103.859231190163,name_change,POLLEN COLLECTION,1.38109386973247,103.859231190163,
405,BELGRAVIA DRIVE,807706,BELGRAVIA ACE (U/C),1.38143003276872,103.864755233972,name_change,BELGRAVIA ACE,1.38143003276872,103.864755233972,
823A,KEAT HONG LINK,681823,KEAT HONG GRANGE,1.37464039774669,103.749261976868,name_change,NIL,1.37464039774669,103.749261976868,
107,PLANTATION CLOSE,690107,PLANTATION VERGE,1.35030627334562,103.736767614388,name_change,NIL,1.35030627334562,103.736767614388,
1,SENTUL WALK,829858,PUNGGOL COAST BUS INTERCHANGE,1.41420640947368,103.907934456334,name_change,NIL,1.41420640947368,103.907934456334,
303,PASIR PANJANG ROAD,118645,HARBOUR RESIDENCES (U/C),1.28701469938364,103.779005070862,name_change,HARBOUR RESIDENCES,1.28701469938364,103.779005070862,
2,PHOENIX ROAD,668156,THE ARDEN,1.37722474671689,103.756802169138,name_change,THE ARDEN (U/C),1.37722474671689,103.756802169138,
441,BELGRAVIA DRIVE,807849,BELGRAVIA ACE (U/C),1.38187336826016,103.864645265044,name_change,BELGRAVIA ACE,1.38187336826016,103.864645265044,
16,POLLEN CRESCENT,807499,POLLEN COLLECTION (U/C),1.38272711346667,103.859043635369,name_change,POLLEN COLLECTION,1.38272711346667,103.859043635369,
42,POLLEN VIEW,806993,POLLEN COLLECTION (U/C),1.38064608891445,103.859845889685,name_change,POLLEN COLLECTION,1.38064608891445,103.859845889685,
35A,PARBURY AVENUE,465446,THE LOOKOUT (U/C),1.3173086169742,103.942850942482,name_change,THE LOOKOUT,1.3173086169742,103.942850942482,
15,POLLEN WALK,807473,POLLEN COLLECTION (U/C),1.3822071832276,103.859369143932,name_change,POLLEN COLLECTION,1.3822071832276,103.859369143932,
17,POLLEN WALK,807474,POLLEN COLLECTION (U/C),1.38222178410535,103.85942131104,name_change,POLLEN COLLECTION,1.38222178410535,103.85942131104,
37,PARBURY AVENUE,465449,THE LOOKOUT (U/C),1.31746727804203,103.942801620336,name_change,THE LOOKOUT,1.31746727804203,103.942801620336,
181,HAIG ROAD,438780,ARDOR RESIDENCE (U/C),1.30646411925223,103.899441741387,name_change,ARDOR RESIDENCE,1.30641753986541,103.899438706866,
14,POLLEN WALK,807337,POLLEN COLLECTION (U/C),1.38174386478698,103.859118050613,name_change,POLLEN COLLECTION,1.38174386478698,103.859118050613,
25,GRANGE ROAD,239699,CHEE GUAN CHIANG HOUSE,1.29889331585189,103.835393389335,name_change,NIL,1.29889331585189,103.835393389335,
26,LENTOR CENTRAL,788879,HILLOCK GREEN (U/C),1.38509631948606,103.833849401084,name_change,HILLOCK GREEN,1.38509631948606,103.833849401084,
26,PLANTATION CLOSE,690098,OTTO PLACE (U/C),1.34793735286897,103.736758778262,name_change,OTTO PLACE,1.34793735286897,103.736758778262,
822A,KEAT HONG LINK,681822,KEAT HONG GRANGE,1.3754343404318,103.749102914537,name_change,NIL,1.3754343404318,103.749102914537,
291,JURONG EAST STREET 24,600291,JURONG EAST BREEZE,1.34379945407852,103.743885318418,name_change,NIL,1.34379945407852,103.743885318418,
415,BELGRAVIA DRIVE,807711,BELGRAVIA ACE (U/C),1.38136908074966,103.86507850363,name_change,BELGRAVIA ACE,1.38136908074966,103.86507850363,
110,KILLINEY ROAD,239549,JEWEL @ KILLINEY ORCHARD,1.29818973309181,103.838457981369,name_change,JEWEL @ KILLINEY ORCHARD (U/C),1.29818973309181,103.838457981369,
66,COMMONWEALTH AVENUE WEST,130066,ULU PANDAN VISTA,1.31288680661371,103.778110579738,name_change,NIL,1.31288680661371,103.778110579738,
519,BELGRAVIA DRIVE,808083,BELGRAVIA ACE (U/C),1.38128857289683,103.865505886285,name_change,BELGRAVIA ACE,1.38128857289683,103.865505886285,
484A,FERNVALE DRIVE,791484,FERNVALE OASIS,1.39981846157647,103.876494004283,name_change,NIL,1.39981846157647,103.876494004283,
415,HOUGANG AVENUE 10,530415,HARMONY VIEW @ HOUGANG,1.37517507468581,103.896537715818,name_change,HARMONY VIEW,1.37517507468581,103.896537715818,
57,GHIM MOH LINK,270057,ULU PANDAN BANKS,1.31107745296076,103.781990215358,name_change,NIL,1.31107745296076,103.781990215358,
44,JALAN MERAH SAGA,278116,% ARABICA,1.31156943730169,103.796647802546,name_change,NIL,1.31192195425084,103.796844037126,
19,POLLEN PLACE,807279,POLLEN COLLECTION (U/C),1.3814935264927,103.859275862923,name_change,POLLEN COLLECTION,1.3814935264927,103.859275862923,
407,HOUGANG AVENUE 10,530407,HARMONY VIEW @ HOUGANG,1.3729650974742,103.895673302556,name_change,NIL,1.3729650974742,103.895673302556,
8,POLLEN PLACE,807203,POLLEN COLLECTION (U/C),1.38101061790557,103.858939751961,name_change,POLLEN COLLECTION,1.38101061790557,103.858939751961,
327B,TENGAH PARK AVENUE,692327,PARC MEADOW @ TENGAH,1.36669380883049,103.73441451235,name_change,PARK MEADOW @ TENGAH,1.36669380883049,103.73441451235,
33,ERSKINE ROAD,69333,NIL,1.28082650192656,103.845399433815,name_change,THE SCARLET HOTEL,1.28082650192656,103.845399433815,
526B,YISHUN STREET 53,762526,ARANDA BREEZE @ YISHUN,1.42329803319593,103.853424633343,name_change,NIL,1.42329803319593,103.853424633343,
54A,GHIM MOH LINK,271054,ULU PANDAN GLADES,1.30999782932525,103.783028088738,name_change,NIL,1.30999782932525,103.783028088738,
36,POLLEN PLACE,807234,POLLEN COLLECTION (U/C),1.38121089614952,103.859734254249,name_change,POLLEN COLLECTION,1.38121089614952,103.859734254249,
7,MAGAZINE ROAD,59572,UNION SQUARE SEVEN,1.28856558091833,103.842678965997,name_change,UNION SQUARE,1.28856558091833,103.842678965997,
459,BELGRAVIA DRIVE,807912,BELGRAVIA ACE (U/C),1.38175681332029,103.865263997533,name_change,BELGRAVIA ACE,1.38175681332029,103.865263997533,
485,FERNVALE DRIVE,790485,FERNVALE OASIS,1.39952398160981,103.876773080622,name_change,NIL,1.39952398160981,103.876773080622,
328,TENGAH PARK AVENUE,690328,PARC MEADOW @ TENGAH,1.3661608446871,103.734553857217,name_change,PARK MEADOW @ TENGAH,1.3661608446871,103.734553857217,
1,PULAU SEBAROK,118326,NIL,1.20465206747341,103.797953699224,location_change,NIL,1.20980415832086,103.792634544923,823.3297942699597
31,YISHUN CLOSE,769344,NORTH GAIA,1.43598665698071,103.844724759181,name_change,NORTH GAIA (U/C),1.43598010929259,103.84472526586,
16C,FARRER PARK ROAD,213016,FARRER PARK FIELDS,1.31048714110364,103.850523568211,name_change,NIL,1.31048714110364,103.850523568211,
516A,MILTONIA CLOSE,761516,MILTONIA BREEZE @ YISHUN,1.41967464990868,103.848868735192,name_change,NIL,1.41967464990868,103.848868735192,
