blk_no,street,postal_code,name,lat,lon,change_type,prev_name,prev_lat,prev_lon,location_change_meters
59,MARINA COASTAL DRIVE,19964,NIL,1.26797299807086,103.859122035309,new_building,,,,
70,TELOK AYER STREET,48458,AMOY HOTEL,1.28303335965486,103.848666383796,new_building,,,,
69,SCIENCE PARK DRIVE,119317,LYNDENWOODS (U/C),1.29132682464133,103.788260858007,new_building,,,,
437,CLEMENTI CLOSE,120437,CLEMENTI EMERALD,1.31664918422922,103.762051682614,new_building,,,,
438,CLEMENTI CLOSE,120438,CLEMENTI EMERALD,1.31729073830566,103.762656171406,new_building,,,,
437A,CLEMENTI CLOSE,121437,CLEMENTI EMERALD,1.31647266685186,103.762961522245,new_building,,,,
438A,CLEMENTI CLOSE,121438,CLEMENTI EMERALD,1.31686971326399,103.762723628508,new_building,,,,
437B,CLEMENTI CLOSE,122437,CLEMENTI EMERALD,1.31662373060985,103.762393868662,new_building,,,,
438B,CLEMENTI CLOSE,122438,CLEMENTI EMERALD,1.31725205617556,103.762959005306,new_building,,,,
64,FABER WALK,129624,FABER RESIDENCE (U/C),1.32266425545534,103.753872307473,new_building,,,,
66,FABER WALK,129625,FABER RESIDENCE (U/C),1.32276138463463,103.753476073315,new_building,,,,
68,FABER WALK,129626,FABER RESIDENCE (U/C),1.3226391247454,103.753326277681,new_building,,,,
70,FABER WALK,129627,FABER RESIDENCE (U/C),1.32251285476178,103.753171061755,new_building,,,,
2,CLEMENTI CLOSE,129634,CLEMENTI POLYCLINIC,1.31703025735992,103.763480642855,new_building,,,,
2,CLEMENTI CLOSE,129634,CLEMENTI POLYCLINIC (U/C),1.31703355684198,103.763506485103,new_building,,,,
54,FABER WALK,129849,FABER RESIDENCE (U/C),1.32250577329919,103.754273623469,new_building,,,,
56,FABER WALK,129850,FABER RESIDENCE (U/C),1.3223835134567,103.754123827807,new_building,,,,
58,FABER WALK,129851,FABER RESIDENCE (U/C),1.32225724352152,103.753968611854,new_building,,,,
60,FABER WALK,129852,FABER RESIDENCE (U/C),1.32241572562963,103.753567295882,new_building,,,,
62,FABER WALK,129853,FABER RESIDENCE (U/C),1.32254199558927,103.753722511823,new_building,,,,
185,MEI CHIN ROAD,140185,STIRLING HORIZON,1.29200741192021,103.800962553555,new_building,,,,
186,MEI CHIN ROAD,140186,STIRLING HORIZON,1.29166535542444,103.801236930997,new_building,,,,
187,MEI CHIN ROAD,140187,STIRLING HORIZON,1.29301990039928,103.801810807466,new_building,,,,
189,MEI CHIN ROAD,140189,STIRLING HORIZON,1.29381487720351,103.801889533735,new_building,,,,
190,MEI CHIN ROAD,140190,STIRLING HORIZON,1.29413953888947,103.802034176316,new_building,,,,
186A,MEI CHIN ROAD,141186,STIRLING HORIZON,1.29206919022228,103.801396859311,new_building,,,,
187A,MEI CHIN ROAD,141187,STIRLING HORIZON,1.29333044071733,103.801842672075,new_building,,,,
186B,MEI CHIN ROAD,142186,STIRLING HORIZON,1.29272711304594,103.801627215937,new_building,,,,
70,MARGARET DRIVE,149926,PENRITH (U/C),1.29617826940302,103.808766507183,new_building,,,,
72,MARGARET DRIVE,149927,PENRITH (U/C),1.29575849316746,103.808695216483,new_building,,,,
9,KIM SENG ROAD,169555,ZYON GRAND (U/C),1.29057222318949,103.833663072327,new_building,,,,
7,KIM SENG ROAD,169556,ZYON GALLERIA,1.29057222318949,103.833663072327,new_building,,,,
5,KIM SENG ROAD,169557,ZYON GRAND (U/C),1.29057222318949,103.833663072327,new_building,,,,
3,KIM SENG ROAD,169558,ZYON GRAND (U/C),1.29057222318949,103.833663072327,new_building,,,,
1,ZION PROMENADE,169564,PROMENADE PEAK (U/C),1.29157008048749,103.833142480825,new_building,,,,
253,VICTORIA STREET,188068,BUGIS VILLAGE,1.30090252607461,103.855262679246,new_building,,,,
65,QUEEN STREET,188544,BUGIS VILLAGE,1.30089736824545,103.854869709434,new_building,,,,
66,QUEEN STREET,188545,BUGIS VILLAGE,1.30089736824545,103.854869709434,new_building,,,,
67,QUEEN STREET,188546,BUGIS VILLAGE,1.30089736824545,103.854869709434,new_building,,,,
20,CRAWFORD STREET,190020,CRAWFORD HEIGHTS,1.30563432294019,103.864739448575,new_building,,,,
21,CRAWFORD STREET,190021,CRAWFORD HEIGHTS,1.30501456390922,103.864674954432,new_building,,,,
20A,CRAWFORD STREET,191020,CRAWFORD HEIGHTS,1.30519457504196,103.864786099367,new_building,,,,
598,SERANGOON ROAD,218210,NIL,1.31522075766025,103.858397109361,new_building,,,,
100A,NORFOLK ROAD,219833,NIL,1.31570075546604,103.847354541269,new_building,,,,
29,MACKENZIE ROAD,228683,MACKENZIE REGENCY,1.30465722284432,103.849480361389,new_building,,,,
7,UNITY STREET,239591,THE ROBERTSON OPUS (U/C),1.29192554149368,103.841540921931,new_building,,,,
9,UNITY STREET,239592,THE ROBERTSON OPUS (U/C),1.29192554149368,103.841540921931,new_building,,,,
13,UNITY STREET,239593,THE ROBERTSON OPUS (U/C),1.29192554149368,103.841540921931,new_building,,,,
15,UNITY STREET,239594,THE ROBERTSON OPUS (U/C),1.29192554149368,103.841540921931,new_building,,,,
17,UNITY STREET,239595,ROBERTSON WALK,1.29173909592834,103.841194495006,new_building,,,,
11,RIVER VALLEY GREEN,239637,RIVER GREEN (U/C),1.29477065384575,103.833209033497,new_building,,,,
111,TANGLIN ROAD,240111,ALEXANDRA VISTA,1.29343629413741,103.81622390245,new_building,,,,
112,TANGLIN ROAD,240112,ALEXANDRA VISTA,1.29304343218374,103.81674358779,new_building,,,,
111A,TANGLIN ROAD,241111,ALEXANDRA VISTA,1.29370691110386,103.816326985176,new_building,,,,
112A,TANGLIN ROAD,241112,ALEXANDRA VISTA,1.29292792023667,103.817179588292,new_building,,,,
111B,TANGLIN ROAD,242111,ALEXANDRA VISTA,1.29313079573355,103.816174023979,new_building,,,,
1,ZION CLOSE,247811,MILL POINT,1.29290709268773,103.830450365955,new_building,,,,
7A,TANGLIN HILL,248042,TANGLIN BRUNEI HOSTEL,1.30254320665962,103.813983453284,new_building,,,,
6,ROBIN DRIVE,259035,THE GIVERNY RESIDENCES (U/C),1.31899080448526,103.827575722615,new_building,,,,
90,FERNHILL ROAD,259131,LADYHILL PARK,1.31181048077139,103.823534083764,new_building,,,,
67,HOLLAND VILLAGE WAY,270067,HOLLAND VISTA,1.31049760838052,103.793732082564,new_building,,,,
68,HOLLAND VILLAGE WAY,270068,HOLLAND VISTA,1.31084413667355,103.793148897517,new_building,,,,
68A,HOLLAND VILLAGE WAY,271068,HOLLAND VISTA,1.31027378807376,103.793193787236,new_building,,,,
23A,MAPLE AVENUE,278529,EDEN PARK,1.33009079564825,103.791924874155,new_building,,,,
444,HOLLAND ROAD,279216,BAN GUAN PARK,1.32276118629116,103.784007423333,new_building,,,,
79A,HILLCREST ROAD,289359,NIL,1.33187850227672,103.807635780201,new_building,,,,
15,JALAN SEJARAH,299061,CAPITOL PARK (15),1.3291961824587,103.816887678573,new_building,,,,
60A,KHEAM HOCK ROAD,299165,DUNEARN ESTATE,1.32978660619863,103.820134272782,new_building,,,,
2,MOULMEIN ROAD,308076,NIL,1.32030365621302,103.851174739453,new_building,,,,
2,MOULMEIN ROAD,308076,BLK 800,1.31966496445997,103.850946409013,new_building,,,,
2,MOULMEIN ROAD,308076,BLK 802,1.31997261862954,103.85079553328,new_building,,,,
2,MOULMEIN ROAD,308076,BLK 803A,1.32014579793837,103.850525426065,new_building,,,,
2,MOULMEIN ROAD,308076,BLK 804,1.32058716971891,103.850894074987,new_building,,,,
2,MOULMEIN ROAD,308076,BLK 805,1.3204936004681,103.851342468592,new_building,,,,
2,MOULMEIN ROAD,308076,BLK 807,1.32041864755958,103.85188443565,new_building,,,,
2,MOULMEIN ROAD,308076,BLK 808,1.32040964099871,103.851543397222,new_building,,,,
2,MOULMEIN ROAD,308076,BLK 810,1.32009900533088,103.851164903157,new_building,,,,
2,MOULMEIN ROAD,308076,BLK 811,1.31967227985675,103.851267084937,new_building,,,,
2,MOULMEIN ROAD,308076,BLK 871B,1.32101783477649,103.851395776766,new_building,,,,
2,MOULMEIN ROAD,308076,BLK 876,1.32167696221938,103.851222018292,new_building,,,,
2,MOULMEIN ROAD,308076,BLK 878,1.32250834680383,103.850813154494,new_building,,,,
2,MOULMEIN ROAD,308076,BLK 891,1.31963911982397,103.850019813667,new_building,,,,
2,MOULMEIN ROAD,308076,BLK 801,1.31949588635718,103.849974805986,new_building,,,,
2,MOULMEIN ROAD,308076,BLK 803,1.32022831661368,103.850332523353,new_building,,,,
2,MOULMEIN ROAD,308076,BLK 806,1.32062106762195,103.851843423249,new_building,,,,
2,MOULMEIN ROAD,308076,BLK 809,1.32027246591016,103.851373893282,new_building,,,,
2,MOULMEIN ROAD,308076,BLK 812,1.31963958405826,103.851609154283,new_building,,,,
2,MOULMEIN ROAD,308076,BLK 813,1.31989729910989,103.851956035088,new_building,,,,
2,MOULMEIN ROAD,308076,BLK 814,1.31961884886698,103.852466985662,new_building,,,,
2,MOULMEIN ROAD,308076,BLK 815,1.31973076539898,103.852607755142,new_building,,,,
2,MOULMEIN ROAD,308076,BLK 870,1.32123957585086,103.850648239242,new_building,,,,
2,MOULMEIN ROAD,308076,BLK 871,1.3208000550058,103.851363802238,new_building,,,,
2,MOULMEIN ROAD,308076,BLK 872,1.32043705529536,103.850480257866,new_building,,,,
2,MOULMEIN ROAD,308076,BLK 873,1.3208667951611,103.850485493585,new_building,,,,
2,MOULMEIN ROAD,308076,BLK 874,1.32124694150445,103.850445068383,new_building,,,,
2,MOULMEIN ROAD,308076,BLK 874A,1.32104688588146,103.850340546427,new_building,,,,
2,MOULMEIN ROAD,308076,BLK 875,1.32153449516762,103.850292883349,new_building,,,,
2,MOULMEIN ROAD,308076,BLK 876A,1.32138523854126,103.851249341136,new_building,,,,
2,MOULMEIN ROAD,308076,BLK 877,1.32214573380323,103.85086356394,new_building,,,,
2,MOULMEIN ROAD,308076,BLK 879,1.32229338428733,103.85112606353,new_building,,,,
2,MOULMEIN ROAD,308076,BLK 890,1.31966629759975,103.850666803607,new_building,,,,
2,MOULMEIN ROAD,308076,BLK 892,1.31986145557397,103.849978509432,new_building,,,,
2,MOULMEIN ROAD,308076,BLK 893,1.3203122276973,103.850067244645,new_building,,,,
2,MOULMEIN ROAD,308076,BLK 894,1.32042570209861,103.849896524008,new_building,,,,
2A,JALAN PASIRAN,309297,NIL,1.3189417872467,103.837371433601,new_building,,,,
4,JALAN PASIR RIA,309313,NIL,1.31889798544223,103.837464014124,new_building,,,,
4A,JALAN PASIR RIA,309314,NIL,1.31886099249219,103.837542202362,new_building,,,,
10,CHANCERY HILL ROAD,309651,NIL,1.32490441739295,103.839076136395,new_building,,,,
10A,CHANCERY HILL ROAD,309652,NIL,1.3249498477959,103.839057826928,new_building,,,,
16,DYSON ROAD,309738,NIL,1.32501772540441,103.839266824811,new_building,,,,
8A,CHANCERY HILL ROAD,309831,NIL,1.3248571981644,103.839086213472,new_building,,,,
231,LAVENDER STREET,338779,NIL,1.31484790720171,103.859425468029,new_building,,,,
233,LAVENDER STREET,338780,NIL,1.31488735518082,103.859394401775,new_building,,,,
235,LAVENDER STREET,338781,NIL,1.314919735322,103.859368414815,new_building,,,,
51,ALKAFF CRESCENT,349994,NIL,1.33695589269021,103.875100372666,new_building,,,,
3A,MELROSE DRIVE,359564,BRADDELL HEIGHTS ESTATE,1.34806665665648,103.864864201964,new_building,,,,
3B,MELROSE DRIVE,359575,BRADDELL HEIGHTS ESTATE,1.34817585944666,103.864773637043,new_building,,,,
115,UPPER ALJUNIED ROAD,367858,BIDADARI PARK CARPARK,1.33920313062044,103.875209943697,new_building,,,,
135,MERPATI ROAD,370135,MERPATI ALCOVE,1.32713410510961,103.881633808549,new_building,,,,
136,MERPATI ROAD,370136,MERPATI ALCOVE,1.32650957507866,103.883052663116,new_building,,,,
135A,MERPATI ROAD,371135,MERPATI ALCOVE,1.3272018308678,103.880966947637,new_building,,,,
136A,MERPATI ROAD,371136,MERPATI ALCOVE,1.32625125043468,103.88348222923,new_building,,,,
43B,LORONG 25 GEYLANG,388309,UNION TROVE,1.31476605478417,103.882298105994,new_building,,,,
43A,LORONG 25 GEYLANG,388309,UNION TROVE,1.31476605478417,103.882298105994,new_building,,,,
18,JALAN DAMAI,418000,KAKI BUKIT POLYCLINIC,1.33360757028569,103.90999012933,new_building,,,,
18,JALAN DAMAI,418000,LENTOR HEALTH NURSING HOME (KAKI BUKIT),1.33347851792612,103.909972559027,new_building,,,,
18,JALAN DAMAI,418000,SINGHEALTH POLYCLINICS (KAKI BUKIT POLYCLINIC),1.33364970020935,103.909955120126,new_building,,,,
68A,JALAN SELAMAT,419383,KIMNAN PARK,1.32620464463369,103.915582646734,new_building,,,,
72,LANGSAT ROAD,426739,NIL,1.31521021329006,103.902842637265,new_building,,,,
92,MEYER ROAD,438584,NIL,1.29787324578686,103.893052280555,new_building,,,,
10,FOUNDERS DRIVE,438585,FOUNDERS' MEMORIAL,1.28899993874357,103.869656314982,new_building,,,,
13,JALAN NURI,438661,NIL,1.29823835644396,103.89290073566,new_building,,,,
47,MEYER ROAD,438662,NIL,1.29658357614391,103.885890481952,new_building,,,,
101A,MARINE PARADE ROAD,449972,NIL,1.3045710281472,103.908025722796,new_building,,,,
33B,WOO MON CHEW ROAD,456285,NIL,1.31647671504911,103.929276321192,new_building,,,,
133A,UPPER EAST COAST ROAD,456341,NIL,1.31397385040191,103.930134228373,new_building,,,,
26C,SIGLAP ROAD,456827,MARINE GARDEN,1.31122269638048,103.92548220895,new_building,,,,
911,BAYSHORE STREET,460911,BAYSHORE VISTA,1.31375126968076,103.946446622606,new_building,,,,
912,BAYSHORE STREET,460912,BAYSHORE VISTA,1.313392078507,103.946555481344,new_building,,,,
913,BAYSHORE STREET,460913,BAYSHORE VISTA,1.31275165877252,103.946555613266,new_building,,,,
914,BAYSHORE STREET,460914,BAYSHORE PALMS,1.31542551757733,103.945447380085,new_building,,,,
915,BAYSHORE STREET,460915,BAYSHORE PALMS,1.31491722522744,103.945972378629,new_building,,,,
916,BAYSHORE STREET,460916,BAYSHORE PALMS,1.31451801318179,103.944920954773,new_building,,,,
911A,BAYSHORE STREET,461911,BAYSHORE VISTA,1.31403525029124,103.946189815615,new_building,,,,
912A,BAYSHORE STREET,461912,BAYSHORE VISTA,1.31319171257396,103.946274938838,new_building,,,,
914A,BAYSHORE STREET,461914,BAYSHORE PALMS,1.31501908512726,103.94482207556,new_building,,,,
915A,BAYSHORE STREET,461915,BAYSHORE PALMS,1.31516443264412,103.945955700115,new_building,,,,
916A,BAYSHORE STREET,461916,BAYSHORE PALMS,1.31482300480407,103.945230110517,new_building,,,,
911B,BAYSHORE STREET,462911,BAYSHORE VISTA,1.31355090428618,103.946166080337,new_building,,,,
912B,BAYSHORE STREET,462912,BAYSHORE VISTA,1.31299426968515,103.945634034803,new_building,,,,
915B,BAYSHORE STREET,462915,BAYSHORE PALMS,1.31450986650245,103.946032257691,new_building,,,,
916B,BAYSHORE STREET,462916,BAYSHORE PALMS,1.31439316936174,103.945259803832,new_building,,,,
911C,BAYSHORE STREET,463911,BAYSHORE VISTA,1.31385449810468,103.94558812482,new_building,,,,
912C,BAYSHORE STREET,463912,BAYSHORE VISTA,1.31335221035622,103.945532644247,new_building,,,,
109,TANAH MERAH KECHIL ROAD SOUTH,468466,NIL,1.32297222834798,103.94612851111,new_building,,,,
111,TANAH MERAH KECHIL ROAD SOUTH,468467,NIL,1.32291688757794,103.946164747163,new_building,,,,
113,TANAH MERAH KECHIL ROAD SOUTH,468468,NIL,1.32285800909918,103.94620077989,new_building,,,,
58A,MERAGI ROAD,488904,EAST VIEW GARDEN,1.34343330444767,103.960253021787,new_building,,,,
89A,CHANGI BUSINESS PARK CENTRAL 2,489719,NIL,1.34252012769331,103.967479036134,new_building,,,,
32,JALAN LOYANG BESAR,508806,COASTAL CABANA,1.37610845711924,103.956614203743,new_building,,,,
22,JALAN LOYANG BESAR,508826,COASTAL CABANA,1.37637543146253,103.957117218296,new_building,,,,
24,JALAN LOYANG BESAR,508827,COASTAL CABANA,1.37638115760527,103.95732784366,new_building,,,,
26,JALAN LOYANG BESAR,508828,COASTAL CABANA,1.37612982472101,103.957337135905,new_building,,,,
28,JALAN LOYANG BESAR,508829,COASTAL CABANA,1.37612396417596,103.957126484446,new_building,,,,
30,JALAN LOYANG BESAR,508830,COASTAL CABANA,1.37611394638989,103.956832784466,new_building,,,,
12,JALAN LOYANG BESAR,508831,COASTAL CABANA,1.37662802951639,103.957108334064,new_building,,,,
14,JALAN LOYANG BESAR,508832,COASTAL CABANA,1.3766191992958,103.956817740086,new_building,,,,
16,JALAN LOYANG BESAR,508833,COASTAL CABANA,1.37661485259786,103.956598933361,new_building,,,,
18,JALAN LOYANG BESAR,508834,COASTAL CABANA,1.37636040774502,103.956606374702,new_building,,,,
20,JALAN LOYANG BESAR,508835,COASTAL CABANA,1.37636567446197,103.956825109921,new_building,,,,
2,JALAN LOYANG BESAR,508855,COASTAL CABANA,1.37686790443313,103.956591377718,new_building,,,,
4,JALAN LOYANG BESAR,508856,COASTAL CABANA,1.37687244109605,103.95681025655,new_building,,,,
6,JALAN LOYANG BESAR,508857,COASTAL CABANA,1.37688140443087,103.957099275806,new_building,,,,
8,JALAN LOYANG BESAR,508858,COASTAL CABANA,1.37688643037287,103.957309736087,new_building,,,,
10,JALAN LOYANG BESAR,508859,COASTAL CABANA,1.37663279102964,103.957318884334,new_building,,,,
10,CHANGI CREEK WAY,508881,NIL,1.38884572355937,103.997852990248,new_building,,,,
49,CHANGI VILLAGE ROAD,509970,SREE RAMAR TEMPLE,1.38712234075316,103.986879891682,new_building,,,,
591,PASIR RIS GREEN,510591,COSTA RIVIERA I,1.37606820940475,103.949576838157,new_building,,,,
592,PASIR RIS GREEN,510592,COSTA RIVIERA I,1.37550455110335,103.949667480585,new_building,,,,
593,PASIR RIS DRIVE 3,510593,COSTA RIVIERA II,1.37545424274403,103.950466878593,new_building,,,,
594,PASIR RIS DRIVE 3,510594,COSTA RIVIERA II,1.37535196931972,103.952122333332,new_building,,,,
591A,PASIR RIS GREEN,511591,COSTA RIVIERA I,1.37644855305153,103.949402261353,new_building,,,,
592A,PASIR RIS GREEN,511592,COSTA RIVIERA I,1.37568294930619,103.949039878381,new_building,,,,
593A,PASIR RIS DRIVE 3,511593,COSTA RIVIERA II,1.37538248923577,103.950988231721,new_building,,,,
594A,PASIR RIS DRIVE 3,511594,COSTA RIVIERA II,1.37542761569179,103.95179003509,new_building,,,,
591B,PASIR RIS GREEN,512591,COSTA RIVIERA I,1.37650971575074,103.949648644396,new_building,,,,
592B,PASIR RIS GREEN,512592,COSTA RIVIERA I,1.37554909163641,103.949440198687,new_building,,,,
593B,PASIR RIS DRIVE 3,512593,COSTA RIVIERA II,1.37591377858228,103.950784460707,new_building,,,,
594B,PASIR RIS DRIVE 3,512594,COSTA RIVIERA II,1.37571951911138,103.952205360378,new_building,,,,
593C,PASIR RIS DRIVE 3,513593,COSTA RIVIERA II,1.37591376174844,103.951123776025,new_building,,,,
21A,PASIR RIS STREET 21,519660,TEMPORARY SITE OFFICE,1.36596007766651,103.964884875608,new_building,,,,
169,SIMEI ROAD,520169,SIMEI SYMPHONY,1.341616865871,103.959205220451,new_building,,,,
170,SIMEI ROAD,520170,SIMEI SYMPHONY,1.34038768799915,103.960620198556,new_building,,,,
169A,SIMEI ROAD,521169,SIMEI SYMPHONY,1.34084694038326,103.959684265762,new_building,,,,
170A,SIMEI ROAD,521170,SIMEI SYMPHONY,1.3404634899162,103.960300758915,new_building,,,,
169B,SIMEI ROAD,522169,SIMEI SYMPHONY,1.34108687225081,103.960040323594,new_building,,,,
170B,SIMEI ROAD,522170,SIMEI SYMPHONY,1.34093766551234,103.960317686332,new_building,,,,
545,UPPER SERANGOON ROAD,534554,NIL,1.34663246293281,103.871402999253,new_building,,,,
1,SERANGOON RIVER ROAD,536012,DEFU MRT STATION (CR07),1.362556148341,103.898195425088,new_building,,,,
600A,KALLANG PAYA LEBAR EXPRESSWAY,536013,NIL,1.35116277192592,103.898652410474,new_building,,,,
1,LORONG LOW KOON,537197,NIL,1.36697658244979,103.892719402463,new_building,,,,
12A,ROSYTH ROAD,546388,NIL,1.36254760582586,103.874791354897,new_building,,,,
50,HILLSIDE DRIVE,548917,NIL,1.35963047895657,103.87589273675,new_building,,,,
50A,HILLSIDE DRIVE,548918,NIL,1.35968033487656,103.875853564644,new_building,,,,
50B,HILLSIDE DRIVE,548919,NIL,1.35971843654824,103.875808082715,new_building,,,,
31,COWDRAY AVENUE,558032,SERANGOON GARDEN ESTATE,1.36677661259101,103.865047651374,new_building,,,,
2G,BURGHLEY DRIVE,559496,NIL,1.35656003706181,103.865425454389,new_building,,,,
8A,BRIGHTON CRESCENT,559592,NIL,1.36265747015012,103.869703996872,new_building,,,,
8B,BRIGHTON CRESCENT,559593,NIL,1.36261678972016,103.869661630751,new_building,,,,
3B,BERWICK DRIVE,559890,SERANGOON GARDEN ESTATE,1.36526446637777,103.861920424021,new_building,,,,
3C,BERWICK DRIVE,559991,SERANGOON GARDEN ESTATE,1.36521406405494,103.861866274939,new_building,,,,
3D,BERWICK DRIVE,559992,SERANGOON GARDEN ESTATE,1.36516989243392,103.861812394103,new_building,,,,
3E,BERWICK DRIVE,559993,SERANGOON GARDEN ESTATE,1.3651275476972,103.861759116811,new_building,,,,
733,ANG MO KIO CENTRAL 3,560733,CENTRAL TRIO @ AMK,1.37546797775142,103.845991716704,new_building,,,,
734,ANG MO KIO CENTRAL 3,560734,CENTRAL TRIO @ AMK,1.37546770688654,103.845334776514,new_building,,,,
733A,ANG MO KIO CENTRAL 3,561733,CENTRAL TRIO @ AMK,1.3752785224134,103.845771330523,new_building,,,,
734A,ANG MO KIO CENTRAL 3,561734,CENTRAL TRIO @ AMK,1.37568331719343,103.845759740296,new_building,,,,
733B,ANG MO KIO CENTRAL 3,562733,CENTRAL TRIO @ AMK,1.37539266524954,103.846367383173,new_building,,,,
29,MAYFLOWER ROAD,568618,MAYFLOWER GARDENS,1.3706182493137,103.840620721798,new_building,,,,
80,ANG MO KIO AVENUE 3,569942,ANG MO KIO MRT STATION (CR11),1.36929944845386,103.850774632986,new_building,,,,
51,UPPER THOMSON ROAD,575557,SAINT THERESA'S HOME,1.34657579426019,103.836068440682,new_building,,,,
9L,JALAN BERJAYA,578703,THOMSON RISE ESTATE,1.35366630255264,103.844560733627,new_building,,,,
13,GARDENIA ROAD,578970,ADELPHI PARK ESTATE,1.35594269693406,103.829158372991,new_building,,,,
100,UPPER BUKIT TIMAH ROAD,589682,BEAUTY WORLD INTEGRATED TRANSPORT HUB,1.33955024942863,103.777099720073,new_building,,,,
230,JALAN JURONG KECHIL,598662,THE SEN (U/C),1.34689430757223,103.767861218438,new_building,,,,
222,JALAN JURONG KECHIL,599444,THE SEN (U/C),1.34689430757223,103.767861218438,new_building,,,,
224,JALAN JURONG KECHIL,599445,THE SEN (U/C),1.34689430757223,103.767861218438,new_building,,,,
226,JALAN JURONG KECHIL,599446,THE SEN (U/C),1.34689430757223,103.767861218438,new_building,,,,
228,JALAN JURONG KECHIL,599447,THE SEN (U/C),1.34689430757223,103.767861218438,new_building,,,,
338A,JURONG EAST AVENUE 1,601338,NIL,1.35048950673869,103.730974523701,new_building,,,,
133,YUNG HO WALK,610133,TAMAN JURONG SKYLINE,1.32747623308089,103.728564512384,new_building,,,,
134,YUNG HO WALK,610134,TAMAN JURONG SKYLINE,1.32633889947369,103.727908876713,new_building,,,,
135,YUNG HO WALK,610135,TAMAN JURONG SKYLINE,1.32682384134343,103.728021393275,new_building,,,,
136,YUNG HO WALK,610136,TAMAN JURONG SKYLINE,1.32703832995407,103.727132087974,new_building,,,,
66A,YUNG KUANG ROAD,611066,NIL,1.33178150391025,103.723126159943,new_building,,,,
134A,YUNG HO WALK,611134,TAMAN JURONG SKYLINE,1.32684262698942,103.729027928457,new_building,,,,
135A,YUNG HO WALK,611135,TAMAN JURONG SKYLINE,1.32708655370641,103.727908584787,new_building,,,,
136A,YUNG HO WALK,611136,TAMAN JURONG SKYLINE,1.32685900177839,103.72688479493,new_building,,,,
134B,YUNG HO WALK,612134,TAMAN JURONG SKYLINE,1.32709713106073,103.728479494873,new_building,,,,
135B,YUNG HO WALK,612135,TAMAN JURONG SKYLINE,1.32653390087073,103.727561450681,new_building,,,,
20,YUNG KUANG ROAD,619657,TAMAN JURONG POLYCLINIC,1.33123782264044,103.722986843748,new_building,,,,
6A,YUNG HO ROAD,619662,NIL,1.32624862671464,103.721466445308,new_building,,,,
21,JALAN TUKANG,619794,NIL,1.32584264879262,103.713262562916,new_building,,,,
2G,JALAN PAPAN,619834,ASPRI-D WALL PAPAN,1.32198602299754,103.730623059032,new_building,,,,
2E,JALAN PAPAN,619835,NIL,1.32114360401159,103.7291442685,new_building,,,,
23,LOK YANG WAY,628638,LOK YANG CONNECTION,1.32412448011225,103.68577119539,new_building,,,,
10A,TUAS SOUTH AVENUE 12,637132,NIL,1.28354928936787,103.624116353552,new_building,,,,
1A,TUAS SOUTH EDGE,638626,SITE OFFICE,1.26109098006187,103.623066692881,new_building,,,,
6,TUAS VIEW DRIVE,639061,NIL,1.28831344686817,103.628522939619,new_building,,,,
24,TUAS SOUTH AVENUE 10,639064,NIL,1.28543533094931,103.624605189813,new_building,,,,
427A,JURONG WEST AVENUE 1,641427,NIL,1.35105663344621,103.725574691858,new_building,,,,
500,JALAN BAHAR,649920,NIL,1.37500619961016,103.697026181968,new_building,,,,
10,BUKIT BATOK WEST AVENUE 9,659839,NIL,1.35346842107271,103.741220066149,new_building,,,,
27,WOODLANDS ROAD,670027,RAIL GREEN II @ CCK,1.38126843472856,103.759167960002,new_building,,,,
33,WOODLANDS ROAD,670033,RAIL GREEN II @ CCK,1.38555907921528,103.756521386788,new_building,,,,
489,BUKIT PANJANG RING ROAD,670489,BANGKIT BREEZE,1.38194968634665,103.773496606598,new_building,,,,
490,BUKIT PANJANG RING ROAD,670490,BANGKIT BREEZE,1.38256871792332,103.773841247418,new_building,,,,
491,BUKIT PANJANG RING ROAD,670491,BANGKIT BREEZE,1.3831466872918,103.774139302434,new_building,,,,
489A,BUKIT PANJANG RING ROAD,671489,BANGKIT BREEZE,1.38184019106307,103.774157807153,new_building,,,,
490A,BUKIT PANJANG RING ROAD,671490,BANGKIT BREEZE,1.38244484000089,103.773368010842,new_building,,,,
491A,BUKIT PANJANG RING ROAD,671491,BANGKIT BREEZE,1.38284651167853,103.773657027595,new_building,,,,
490B,BUKIT PANJANG RING ROAD,672490,BANGKIT BREEZE,1.38225605196728,103.774101292117,new_building,,,,
491B,BUKIT PANJANG RING ROAD,672491,BANGKIT BREEZE,1.38277127481885,103.774045062077,new_building,,,,
491C,BUKIT PANJANG RING ROAD,673491,BANGKIT BREEZE,1.38340761352999,103.774123999512,new_building,,,,
20A,SEGAR ROAD,679350,NIL,1.39028896209381,103.772000468017,new_building,,,,
5,TENGAH CLOSE,699853,DEPOT,1.36454585288215,103.711710268206,new_building,,,,
3,TENGAH CLOSE,699859,DEPOT,1.36350947492623,103.7129205962,new_building,,,,
21,PLANTATION CRESCENT,699929,TENGAH PLANTATION MRT STATION (JE1),1.35732891143881,103.733467748962,new_building,,,,
3,PLANTATION CRESCENT,699930,NIL,1.35443671249018,103.735915712971,new_building,,,,
7,NEO TIEW HARVEST LINK,719830,NIL,1.42280894098719,103.721320803431,new_building,,,,
103,LIM CHU KANG LANE 3,719969,NIL,1.42920778250016,103.720733361025,new_building,,,,
219,MARSILING LANE,730219,MARSILING PEAK II,1.44530112419792,103.774606624503,new_building,,,,
220,MARSILING LANE,730220,MARSILING PEAK II,1.44512138766887,103.775169732351,new_building,,,,
221,MARSILING LANE,730221,MARSILING PEAK I,1.44454715542128,103.775939810348,new_building,,,,
223,MARSILING LANE,730223,MARSILING PEAK I,1.44375833929638,103.775917430872,new_building,,,,
224,MARSILING LANE,730224,MARSILING PEAK II,1.44455478033436,103.774654633986,new_building,,,,
219A,MARSILING LANE,731219,MARSILING PEAK II,1.44482959522918,103.774614130146,new_building,,,,
220A,MARSILING LANE,731220,MARSILING PEAK II,1.44474892258905,103.775447387109,new_building,,,,
221A,MARSILING LANE,731221,MARSILING PEAK I,1.44421869952438,103.775654970045,new_building,,,,
223A,MARSILING LANE,731223,MARSILING PEAK I,1.44340358002825,103.775723737336,new_building,,,,
224A,MARSILING LANE,731224,MARSILING PEAK II,1.44427310009469,103.775049640658,new_building,,,,
223B,MARSILING LANE,732223,MARSILING PEAK I,1.44370858698867,103.775486053342,new_building,,,,
30A,WOODLANDS CENTRE ROAD,738950,NIL,1.43530999000005,103.772047104776,new_building,,,,
80,WOODLANDS DRIVE 16,738951,NIL,1.43083316720505,103.794704217699,new_building,,,,
10A,WOODLANDS STREET 31,739312,WOODLANDS POLYCLINIC ()ANNEX BLOCK),1.43092682518551,103.77474488937,new_building,,,,
1,WOODLANDS CENTRE ROAD,739342,WOODLANDS CHECKPOINT EXTENSION,1.44065359314818,103.770136836671,new_building,,,,
575,SEMBAWANG PLACE,758941,COUNTRYVIEW,1.43801405262269,103.825129921829,new_building,,,,
51,CANBERRA CRESCENT,759827,CANBERRA CRESCENT RESIDENCES (U/C),1.44992123026952,103.829397162646,new_building,,,,
53,CANBERRA CRESCENT,759828,CANBERRA CRESCENT RESIDENCES (U/C),1.44992123026952,103.829397162646,new_building,,,,
55,CANBERRA CRESCENT,759829,CANBERRA CRESCENT RESIDENCES (U/C),1.44992123026952,103.829397162646,new_building,,,,
57,CANBERRA CRESCENT,759830,CANBERRA CRESCENT RESIDENCES (U/C),1.44992123026952,103.829397162646,new_building,,,,
962,BAH SOON PAH ROAD,760962,CHENCHARU VINES,1.42072583825548,103.825486479052,new_building,,,,
964,BAH SOON PAH ROAD,760964,CHENCHARU VINES,1.42106393776938,103.82604392398,new_building,,,,
965,BAH SOON PAH ROAD,760965,CHENCHARU VINES,1.42035426748298,103.827006178971,new_building,,,,
966,BAH SOON PAH ROAD,760966,CHENCHARU GREEN,1.4189978749557,103.827067592197,new_building,,,,
967,BAH SOON PAH ROAD,760967,CHENCHARU GREEN,1.41925311733324,103.828182030744,new_building,,,,
968,BAH SOON PAH ROAD,760968,CHENCHARU GREEN,1.41737004036313,103.827919722641,new_building,,,,
962A,BAH SOON PAH ROAD,761962,CHENCHARU VINES,1.42032575346907,103.825794763621,new_building,,,,
964A,BAH SOON PAH ROAD,761964,CHENCHARU VINES,1.42123219927695,103.826194232445,new_building,,,,
965A,BAH SOON PAH ROAD,761965,CHENCHARU VINES,1.42010087410372,103.826494005708,new_building,,,,
967A,BAH SOON PAH ROAD,761967,CHENCHARU GREEN,1.41904444531015,103.827565007353,new_building,,,,
968A,BAH SOON PAH ROAD,761968,CHENCHARU GREEN,1.4181146671519,103.827641784944,new_building,,,,
962B,BAH SOON PAH ROAD,762962,CHENCHARU VINES,1.4206955728468,103.82610762483,new_building,,,,
964B,BAH SOON PAH ROAD,762964,CHENCHARU VINES,1.42112704205061,103.826625719597,new_building,,,,
965B,BAH SOON PAH ROAD,762965,CHENCHARU VINES,1.42066241274882,103.826516999299,new_building,,,,
967B,BAH SOON PAH ROAD,762967,CHENCHARU GREEN,1.41860347567421,103.827491616631,new_building,,,,
968B,BAH SOON PAH ROAD,762968,CHENCHARU GREEN,1.41766486194769,103.827559452492,new_building,,,,
965C,BAH SOON PAH ROAD,763965,CHENCHARU VINES,1.42056422590844,103.827090915041,new_building,,,,
811,UPPER THOMSON ROAD,788978,SPRINGLEAF RESIDENCE (U/C),1.39601248653792,103.817563198325,new_building,,,,
813,UPPER THOMSON ROAD,788979,SPRINGLEAF RESIDENCE (U/C),1.39601248653792,103.817563198325,new_building,,,,
815,UPPER THOMSON ROAD,788980,SPRINGLEAF RESIDENCE (U/C),1.39601248653792,103.817563198325,new_building,,,,
817,UPPER THOMSON ROAD,788981,SPRINGLEAF RESIDENCE (U/C),1.39601248653792,103.817563198325,new_building,,,,
819,UPPER THOMSON ROAD,788982,SPRINGLEAF RESIDENCE (U/C),1.39601248653792,103.817563198325,new_building,,,,
398,PICCADILLY,798368,NIL,1.40931006031432,103.872956345539,new_building,,,,
54,POLLEN RISE,804198,NIL,1.38011558937931,103.860203299332,new_building,,,,
47,POLLEN RISE,804203,NIL,1.38047588411531,103.860035555714,new_building,,,,
48,POLLEN RISE,804204,NIL,1.38008471563435,103.860031733564,new_building,,,,
49,POLLEN RISE,804205,NIL,1.38051180568898,103.860093269793,new_building,,,,
50,POLLEN RISE,804206,NIL,1.38009925026159,103.860083339262,new_building,,,,
52,POLLEN RISE,804207,NIL,1.38011620166876,103.860135443526,new_building,,,,
42,POLLEN RISE,804208,NIL,1.38004104714735,103.85987669318,new_building,,,,
43,POLLEN RISE,804209,NIL,1.38044871020287,103.859930648801,new_building,,,,
44,POLLEN RISE,804210,NIL,1.38005578843802,103.859929030776,new_building,,,,
45,POLLEN RISE,804211,NIL,1.38046320076102,103.859982266744,new_building,,,,
46,POLLEN RISE,804212,NIL,1.38007045992846,103.859981122231,new_building,,,,
37,POLLEN RISE,804213,NIL,1.38040517666046,103.859775571134,new_building,,,,
38,POLLEN RISE,804214,NIL,1.38001157469017,103.859772054434,new_building,,,,
39,POLLEN RISE,804215,NIL,1.3804198722397,103.859827921249,new_building,,,,
40,POLLEN RISE,804216,NIL,1.38002635047216,103.859824514965,new_building,,,,
41,POLLEN RISE,804217,NIL,1.38043449883984,103.859880024949,new_building,,,,
32,POLLEN RISE,804218,NIL,1.37996797406897,103.859617253946,new_building,,,,
33,POLLEN RISE,804219,NIL,1.38037579562621,103.85967090708,new_building,,,,
34,POLLEN RISE,804220,NIL,1.37998263297516,103.859669299703,new_building,,,,
35,POLLEN RISE,804221,NIL,1.38039052569674,103.859723380129,new_building,,,,
36,POLLEN RISE,804222,NIL,1.37999709890623,103.859720659253,new_building,,,,
27,POLLEN RISE,804223,NIL,1.38033232940215,103.859516069038,new_building,,,,
28,POLLEN RISE,804224,NIL,1.37992193226827,103.859464290119,new_building,,,,
29,POLLEN RISE,804225,NIL,1.3803469428706,103.859568127586,new_building,,,,
30,POLLEN RISE,804226,NIL,1.37994908656575,103.859562670838,new_building,,,,
31,POLLEN RISE,804227,NIL,1.38036136418512,103.859619499654,new_building,,,,
22,POLLEN RISE,804228,NIL,1.37988065922303,103.85930525711,new_building,,,,
23,POLLEN RISE,804229,NIL,1.38029190816788,103.859361544628,new_building,,,,
24,POLLEN RISE,804230,NIL,1.37989500718693,103.859356284839,new_building,,,,
25,POLLEN RISE,804231,NIL,1.38032000821894,103.859459663183,new_building,,,,
26,POLLEN RISE,804232,NIL,1.37990967184616,103.859408436666,new_building,,,,
17,POLLEN RISE,804233,NIL,1.38024424343639,103.859204285927,new_building,,,,
18,POLLEN RISE,804234,NIL,1.37985143528191,103.85920132281,new_building,,,,
19,POLLEN RISE,804235,NIL,1.3802585924972,103.859255313935,new_building,,,,
20,POLLEN RISE,804236,NIL,1.37986607339353,103.859253382161,new_building,,,,
21,POLLEN RISE,804237,NIL,1.38027325743221,103.859307465225,new_building,,,,
12,POLLEN RISE,804238,NIL,1.37980739393305,103.859044690278,new_building,,,,
13,POLLEN RISE,804239,NIL,1.38021501730132,103.859100352427,new_building,,,,
14,POLLEN RISE,804240,NIL,1.37982214235819,103.859097142096,new_building,,,,
15,POLLEN RISE,804241,NIL,1.38022965623618,103.859152411514,new_building,,,,
16,POLLEN RISE,804242,NIL,1.37983684123838,103.859149421208,new_building,,,,
7,POLLEN RISE,804243,NIL,1.38017097211403,103.858943720961,new_building,,,,
8,POLLEN RISE,804244,NIL,1.37977806815566,103.858940391801,new_building,,,,
9,POLLEN RISE,804245,NIL,1.38018572163616,103.858996172787,new_building,,,,
10,POLLEN RISE,804246,NIL,1.37979266849942,103.85899231815,new_building,,,,
11,POLLEN RISE,804247,NIL,1.38020042243456,103.85904845109,new_building,,,,
2,POLLEN RISE,804248,NIL,1.37972955783572,103.858783028692,new_building,,,,
3,POLLEN RISE,804249,NIL,1.3801416433215,103.858839423285,new_building,,,,
4,POLLEN RISE,804250,NIL,1.3797486638153,103.858835817537,new_building,,,,
5,POLLEN RISE,804251,NIL,1.38015624530968,103.85889134937,new_building,,,,
6,POLLEN RISE,804252,NIL,1.37976333888757,103.858888006891,new_building,,,,
1,POLLEN RISE,804253,NIL,1.3801294617146,103.858784044709,new_building,,,,
58,POLLEN LANE,804254,NIL,1.37954657181474,103.860292808975,new_building,,,,
60,POLLEN LANE,804255,NIL,1.3795459595211,103.860360664492,new_building,,,,
52,POLLEN LANE,804259,NIL,1.37950082981009,103.860138487713,new_building,,,,
53,POLLEN LANE,804260,NIL,1.37990618172003,103.860193758907,new_building,,,,
54,POLLEN LANE,804261,NIL,1.37951508551288,103.860189099035,new_building,,,,
55,POLLEN LANE,804262,NIL,1.37994210164782,103.860251474062,new_building,,,,
56,POLLEN LANE,804263,NIL,1.37952962041074,103.860240704721,new_building,,,,
47,POLLEN LANE,804264,NIL,1.37986480028637,103.860038227088,new_building,,,,
48,POLLEN LANE,804265,NIL,1.37947141703535,103.860034058685,new_building,,,,
49,POLLEN LANE,804266,NIL,1.37987900890896,103.860088851744,new_building,,,,
50,POLLEN LANE,804267,NIL,1.37948615859657,103.860086395998,new_building,,,,
51,POLLEN LANE,804268,NIL,1.379893498369,103.860140469948,new_building,,,,
42,POLLEN LANE,804269,NIL,1.37942746907747,103.859878024794,new_building,,,,
43,POLLEN LANE,804270,NIL,1.3798354789346,103.859933772752,new_building,,,,
44,POLLEN LANE,804271,NIL,1.37944194458453,103.859929419962,new_building,,,,
45,POLLEN LANE,804272,NIL,1.37985017396314,103.859986123127,new_building,,,,
46,POLLEN LANE,804273,NIL,1.37945672063705,103.85998188021,new_building,,,,
37,POLLEN LANE,804274,NIL,1.37979166975361,103.859777700219,new_building,,,,
38,POLLEN LANE,804275,NIL,1.37939834397279,103.859774619509,new_building,,,,
39,POLLEN LANE,804276,NIL,1.37980610009662,103.85982910845,new_building,,,,
40,POLLEN LANE,804277,NIL,1.37941300314954,103.859826665255,new_building,,,,
41,POLLEN LANE,804278,NIL,1.37982082906901,103.859881581487,new_building,,,,
36,POLLEN LANE,804413,NIL,1.37937945647287,103.859720036413,new_building,,,,
35,POLLEN LANE,804414,NIL,1.37977724953721,103.859726328163,new_building,,,,
30,POLLEN LANE,804415,NIL,1.3793286817069,103.859529514012,new_building,,,,
31,POLLEN LANE,804416,NIL,1.37975031653461,103.85961786324,new_building,,,,
32,POLLEN LANE,804417,NIL,1.37934334608887,103.859581665556,new_building,,,,
33,POLLEN LANE,804418,NIL,1.37976263716688,103.859674269626,new_building,,,,
34,POLLEN LANE,804419,NIL,1.37935560678091,103.859637518996,new_building,,,,
29,POLLEN LANE,804465,NIL,1.37972428361259,103.859529400299,new_building,,,,
28,POLLEN LANE,804466,NIL,1.37931433347274,103.859478486022,new_building,,,,
27,POLLEN LANE,804467,NIL,1.37970563370165,103.859475320364,new_building,,,,
26,POLLEN LANE,804468,NIL,1.37929974792048,103.859426611085,new_building,,,,
25,POLLEN LANE,804469,NIL,1.37969097150741,103.859423167997,new_building,,,,
24,POLLEN LANE,804481,NIL,1.37928510981239,103.859374551472,new_building,,,,
23,POLLEN LANE,804482,NIL,1.37967662491353,103.859372139729,new_building,,,,
22,POLLEN LANE,804483,NIL,1.37927051577239,103.859322650154,new_building,,,,
21,POLLEN LANE,804484,NIL,1.37966203908538,103.859320264784,new_building,,,,
16,POLLEN LANE,804485,NIL,1.37922634277033,103.859165547403,new_building,,,,
17,POLLEN LANE,804486,NIL,1.37963280994404,103.859216303294,new_building,,,,
18,POLLEN LANE,804487,NIL,1.37924106820041,103.859217919247,new_building,,,,
19,POLLEN LANE,804488,NIL,1.37964740179632,103.859268205164,new_building,,,,
20,POLLEN LANE,804489,NIL,1.37925581689572,103.859270371326,new_building,,,,
15,POLLEN LANE,804518,NIL,1.37961811051774,103.859164024459,new_building,,,,
14,POLLEN LANE,804519,NIL,1.37921174270383,103.859113620793,new_building,,,,
13,POLLEN LANE,804520,NIL,1.37960336346267,103.859111571829,new_building,,,,
8,POLLEN LANE,804521,NIL,1.3791679156726,103.858957753115,new_building,,,,
9,POLLEN LANE,804522,NIL,1.37957403823548,103.85900727336,new_building,,,,
10,POLLEN LANE,804523,NIL,1.37918233809683,103.859009046552,new_building,,,,
11,POLLEN LANE,804524,NIL,1.37958863803042,103.859059199977,new_building,,,,
12,POLLEN LANE,804525,NIL,1.37919701343929,103.859061236167,new_building,,,,
7,POLLEN LANE,804583,NIL,1.3795593100637,103.858954888182,new_building,,,,
2,POLLEN LANE,804584,NIL,1.37911880011581,103.858801672154,new_building,,,,
3,POLLEN LANE,804585,NIL,1.37953021503005,103.858851404028,new_building,,,,
4,POLLEN LANE,804586,NIL,1.37913920686064,103.858855652001,new_building,,,,
5,POLLEN LANE,804587,NIL,1.37954463636149,103.858902698288,new_building,,,,
6,POLLEN LANE,804588,NIL,1.37915356167779,103.858906702558,new_building,,,,
1,POLLEN LANE,804589,NIL,1.37951885243491,103.858795720041,new_building,,,,
60,POLLEN TERRACE,804590,NIL,1.3789591868442,103.860400208135,new_building,,,,
61,POLLEN TERRACE,804591,NIL,1.37937247151227,103.8604088392,new_building,,,,
62,POLLEN TERRACE,804592,NIL,1.37897452212879,103.860452129044,new_building,,,,
64,POLLEN TERRACE,804593,NIL,1.37897426102912,103.860520067231,new_building,,,,
55,POLLEN TERRACE,804595,NIL,1.37930937878323,103.860246216917,new_building,,,,
56,POLLEN TERRACE,804596,NIL,1.37893025966278,103.860297505391,new_building,,,,
57,POLLEN TERRACE,804597,NIL,1.37932386851389,103.860297835381,new_building,,,,
58,POLLEN TERRACE,804598,NIL,1.37894493114566,103.860349596823,new_building,,,,
59,POLLEN TERRACE,804599,NIL,1.37933655186167,103.860351124328,new_building,,,,
50,POLLEN TERRACE,804600,NIL,1.37888604593763,103.860140529117,new_building,,,,
51,POLLEN TERRACE,804601,NIL,1.37928054411743,103.860143488595,new_building,,,,
52,POLLEN TERRACE,804602,NIL,1.37890082171203,103.860192989625,new_building,,,,
53,POLLEN TERRACE,804603,NIL,1.37929517016374,103.860195592544,new_building,,,,
54,POLLEN TERRACE,804604,NIL,1.37891551837969,103.860245167817,new_building,,,,
49,POLLEN TERRACE,804798,NIL,1.37926584881834,103.860091138232,new_building,,,,
48,POLLEN TERRACE,804799,NIL,1.37887157016115,103.860089133959,new_building,,,,
37,POLLEN TERRACE,804800,NIL,1.37918068671134,103.85977522879,new_building,,,,
39,POLLEN TERRACE,804801,NIL,1.37919300734018,103.859831634891,new_building,,,,
41,POLLEN TERRACE,804802,NIL,1.3792076197073,103.859883693688,new_building,,,,
42,POLLEN TERRACE,804803,NIL,1.37882355784353,103.859931145611,new_building,,,,
43,POLLEN TERRACE,804804,NIL,1.3792220399206,103.859935065733,new_building,,,,
47,POLLEN TERRACE,804811,NIL,1.37925119895594,103.860038946978,new_building,,,,
46,POLLEN TERRACE,804812,NIL,1.37885710451125,103.860037774431,new_building,,,,
45,POLLEN TERRACE,804813,NIL,1.37923647026046,103.85998647368,new_building,,,,
44,POLLEN TERRACE,804814,NIL,1.37884244533889,103.859985728695,new_building,,,,
35,POLLEN TERRACE,804937,NIL,1.37915763356113,103.859694721865,new_building,,,,
33,POLLEN TERRACE,804938,NIL,1.37913898365369,103.859640641669,new_building,,,,
31,POLLEN TERRACE,804939,NIL,1.37912432118907,103.859588489586,new_building,,,,
9,POLLEN TERRACE,804940,NIL,1.37896356474855,103.859016725742,new_building,,,,
11,POLLEN TERRACE,804941,NIL,1.3789779863504,103.859068019991,new_building,,,,
13,POLLEN TERRACE,804942,NIL,1.37899265977553,103.859120209874,new_building,,,,
15,POLLEN TERRACE,804943,NIL,1.37900738794393,103.85917259504,new_building,,,,
17,POLLEN TERRACE,804944,NIL,1.37902198773552,103.859224521374,new_building,,,,
29,POLLEN TERRACE,804946,NIL,1.37910997459846,103.859537461328,new_building,,,,
27,POLLEN TERRACE,804947,NIL,1.37909538904741,103.859485586395,new_building,,,,
25,POLLEN TERRACE,804948,NIL,1.3790807517617,103.859433526787,new_building,,,,
23,POLLEN TERRACE,804949,NIL,1.37906615991273,103.859381624928,new_building,,,,
21,POLLEN TERRACE,804953,NIL,1.37905146021609,103.859329345833,new_building,,,,
19,POLLEN TERRACE,804954,NIL,1.37903671343812,103.859276893486,new_building,,,,
148,POLLEN CRESCENT,804955,NIL,1.37892463938267,103.862445310089,new_building,,,,
150,POLLEN CRESCENT,804956,NIL,1.37893923527345,103.862496937806,new_building,,,,
152,POLLEN CRESCENT,804957,NIL,1.37895392504933,103.862548899788,new_building,,,,
154,POLLEN CRESCENT,804958,NIL,1.37896549204435,103.862603782528,new_building,,,,
146,POLLEN CRESCENT,805961,NIL,1.37890993701332,103.862393303232,new_building,,,,
144,POLLEN CRESCENT,805962,NIL,1.3788952371063,103.862341307798,new_building,,,,
142,POLLEN CRESCENT,805963,NIL,1.37888056484396,103.86228940647,new_building,,,,
140,POLLEN CRESCENT,805964,NIL,1.37886586192368,103.862237399614,new_building,,,,
138,POLLEN CRESCENT,805997,NIL,1.3788512400237,103.862185676163,new_building,,,,
136,POLLEN CRESCENT,805998,NIL,1.37883654777628,103.862133704121,new_building,,,,
134,POLLEN CRESCENT,805999,NIL,1.37882185415908,103.862081728273,new_building,,,,
132,POLLEN CRESCENT,806000,NIL,1.37880725825913,103.862030097841,new_building,,,,
122,POLLEN CRESCENT,806001,NIL,1.3787191939707,103.861718483744,new_building,,,,
124,POLLEN CRESCENT,806002,NIL,1.37873122195192,103.861773309636,new_building,,,,
126,POLLEN CRESCENT,806003,NIL,1.37875938949637,103.861873055138,new_building,,,,
128,POLLEN CRESCENT,806004,NIL,1.37877785350079,103.861926084952,new_building,,,,
130,POLLEN CRESCENT,806005,NIL,1.37879255204845,103.861978079021,new_building,,,,
112,POLLEN CRESCENT,806006,NIL,1.37864580301612,103.861458893921,new_building,,,,
114,POLLEN CRESCENT,806007,NIL,1.37866049664725,103.86151086541,new_building,,,,
116,POLLEN CRESCENT,806008,NIL,1.37867519137207,103.861562840979,new_building,,,,
118,POLLEN CRESCENT,806009,NIL,1.37868978810355,103.861614471134,new_building,,,,
120,POLLEN CRESCENT,806010,NIL,1.37870449486981,103.861666490222,new_building,,,,
110,POLLEN CRESCENT,806141,NIL,1.37863117973024,103.861407170479,new_building,,,,
100,POLLEN CRESCENT,806142,NIL,1.37855780489066,103.861147632895,new_building,,,,
102,POLLEN CRESCENT,806143,NIL,1.37857240081015,103.861199260596,new_building,,,,
104,POLLEN CRESCENT,806144,NIL,1.37858710375356,103.86125126744,new_building,,,,
106,POLLEN CRESCENT,806145,NIL,1.37860180368486,103.861303262861,new_building,,,,
108,POLLEN CRESCENT,806146,NIL,1.37861647679033,103.861355163633,new_building,,,,
98,POLLEN CRESCENT,806276,NIL,1.37854311453614,103.861095671201,new_building,,,,
96,POLLEN CRESCENT,806335,NIL,1.37852841788488,103.861043686933,new_building,,,,
94,POLLEN CRESCENT,806336,NIL,1.37851381840356,103.860992046995,new_building,,,,
92,POLLEN CRESCENT,806337,NIL,1.37849910395808,103.860940000989,new_building,,,,
90,POLLEN CRESCENT,806338,NIL,1.3784832417648,103.86088667476,new_building,,,,
95,POLLEN CRESCENT,806339,NIL,1.37875931526037,103.860624866616,new_building,,,,
87,POLLEN CRESCENT,806340,NIL,1.37869968281222,103.86041349932,new_building,,,,
88,POLLEN CRESCENT,806341,NIL,1.37843327502535,103.860730643026,new_building,,,,
89,POLLEN CRESCENT,806342,NIL,1.37871442956502,103.860465951665,new_building,,,,
91,POLLEN CRESCENT,806343,NIL,1.37872962933432,103.860519283873,new_building,,,,
93,POLLEN CRESCENT,806344,NIL,1.37874447216106,103.860572075108,new_building,,,,
86,POLLEN CRESCENT,806448,NIL,1.37841843192825,103.860677851524,new_building,,,,
85,POLLEN CRESCENT,806449,NIL,1.3786849571347,103.860361127209,new_building,,,,
84,POLLEN CRESCENT,806450,NIL,1.37840358910367,103.860625060295,new_building,,,,
83,POLLEN CRESCENT,806451,NIL,1.37867035736803,103.860309200875,new_building,,,,
78,POLLEN CRESCENT,806452,NIL,1.37835891691062,103.860466903651,new_building,,,,
79,POLLEN CRESCENT,806453,NIL,1.37864095582464,103.860204625829,new_building,,,,
80,POLLEN CRESCENT,806454,NIL,1.37837364258594,103.860519275755,new_building,,,,
81,POLLEN CRESCENT,806455,NIL,1.37865562922475,103.860256815711,new_building,,,,
82,POLLEN CRESCENT,806456,NIL,1.37838838933659,103.860571728095,new_building,,,,
73,POLLEN CRESCENT,806457,NIL,1.37859709245983,103.860048619188,new_building,,,,
74,POLLEN CRESCENT,806458,NIL,1.378329589005,103.860362592166,new_building,,,,
75,POLLEN CRESCENT,806459,NIL,1.37861193557097,103.860101410689,new_building,,,,
76,POLLEN CRESCENT,806460,NIL,1.37834431714609,103.860414977324,new_building,,,,
77,POLLEN CRESCENT,806461,NIL,1.37862653424737,103.860153331581,new_building,,,,
72,POLLEN CRESCENT,806490,NIL,1.37831491560704,103.860310402291,new_building,,,,
71,POLLEN CRESCENT,806491,NIL,1.37858224962126,103.859995827958,new_building,,,,
70,POLLEN CRESCENT,806492,NIL,1.37830049403192,103.860259108049,new_building,,,,
69,POLLEN CRESCENT,806493,NIL,1.37856607087117,103.859927077467,new_building,,,,
64,POLLEN CRESCENT,806494,NIL,1.37825620941233,103.860101604447,new_building,,,,
65,POLLEN CRESCENT,806495,NIL,1.37853659841668,103.859822253023,new_building,,,,
66,POLLEN CRESCENT,806496,NIL,1.37827105224871,103.860154395669,new_building,,,,
67,POLLEN CRESCENT,806497,NIL,1.37855132410626,103.859874625128,new_building,,,,
68,POLLEN CRESCENT,806498,NIL,1.37828589535766,103.860207187164,new_building,,,,
59,POLLEN CRESCENT,806499,NIL,1.37849259707055,103.859665751662,new_building,,,,
60,POLLEN CRESCENT,806500,NIL,1.37821055780611,103.859964391362,new_building,,,,
61,POLLEN CRESCENT,806501,NIL,1.37850727048268,103.859717941538,new_building,,,,
62,POLLEN CRESCENT,806502,NIL,1.37822528349272,103.86001676346,new_building,,,,
63,POLLEN CRESCENT,806503,NIL,1.37852199863803,103.859770326696,new_building,,,,
58,POLLEN CRESCENT,806584,NIL,1.37819595803044,103.859912465041,new_building,,,,
57,POLLEN CRESCENT,806585,NIL,1.37847817548146,103.859614457421,new_building,,,,
56,POLLEN CRESCENT,806586,NIL,1.37818122987807,103.859860079889,new_building,,,,
55,POLLEN CRESCENT,806587,NIL,1.37846357679306,103.859562536535,new_building,,,,
50,POLLEN CRESCENT,806588,NIL,1.3781375361973,103.859704674906,new_building,,,,
51,POLLEN CRESCENT,806589,NIL,1.37843389081903,103.859456953817,new_building,,,,
52,POLLEN CRESCENT,806590,NIL,1.37815213488272,103.859756595784,new_building,,,,
53,POLLEN CRESCENT,806591,NIL,1.37844873366977,103.85950974504,new_building,,,,
54,POLLEN CRESCENT,806592,NIL,1.37816655646891,103.85980789002,new_building,,,,
45,POLLEN CRESCENT,806593,NIL,1.37838921854755,103.859298797191,new_building,,,,
46,POLLEN CRESCENT,806594,NIL,1.37810785022929,103.8595990922,new_building,,,,
47,POLLEN CRESCENT,806595,NIL,1.37840394424881,103.859351169289,new_building,,,,
48,POLLEN CRESCENT,806596,NIL,1.37812269307702,103.859651883417,new_building,,,,
49,POLLEN CRESCENT,806597,NIL,1.3784186910255,103.859403621623,new_building,,,,
40,POLLEN CRESCENT,806651,NIL,1.3780631779668,103.859440935593,new_building,,,,
39,POLLEN CRESCENT,806652,NIL,1.37834521716635,103.859142295849,new_building,,,,
38,POLLEN CRESCENT,806653,NIL,1.37804857817949,103.859389009279,new_building,,,,
37,POLLEN CRESCENT,806654,NIL,1.37833079556577,103.859091001613,new_building,,,,
36,POLLEN CRESCENT,806655,NIL,1.3780338500154,103.859336624133,new_building,,,,
35,POLLEN CRESCENT,806656,NIL,1.37831619686577,103.859039080734,new_building,,,,
34,POLLEN CRESCENT,806657,NIL,1.37801917659452,103.85928443427,new_building,,,,
33,POLLEN CRESCENT,806658,NIL,1.37830135373066,103.858986289245,new_building,,,,
32,POLLEN CRESCENT,806659,NIL,1.3780047549969,103.859233140041,new_building,,,,
41,POLLEN CRESCENT,806660,NIL,1.37835989059019,103.859194485718,new_building,,,,
42,POLLEN CRESCENT,806661,NIL,1.37807790366511,103.859493307685,new_building,,,,
43,POLLEN CRESCENT,806662,NIL,1.37837461875728,103.85924687087,new_building,,,,
44,POLLEN CRESCENT,806663,NIL,1.37809265043879,103.859545760012,new_building,,,,
31,POLLEN CRESCENT,806772,NIL,1.37828651086812,103.858933498029,new_building,,,,
30,POLLEN CRESCENT,806773,NIL,1.37799015629984,103.859181219168,new_building,,,,
28,POLLEN CRESCENT,806774,NIL,1.37797531316774,103.859128427685,new_building,,,,
26,POLLEN CRESCENT,806775,NIL,1.37796047030819,103.859075636475,new_building,,,,
40,POLLEN TERRACE,806776,NIL,1.37880236092294,103.859846840243,new_building,,,,
1,POLLEN TERRACE,806777,NIL,1.37890734425993,103.858803095626,new_building,,,,
3,POLLEN TERRACE,806778,NIL,1.3789192800469,103.858859222117,new_building,,,,
5,POLLEN TERRACE,806779,NIL,1.37893412291079,103.858912013347,new_building,,,,
7,POLLEN TERRACE,806780,NIL,1.37894896604723,103.85896480485,new_building,,,,
30,POLLEN TERRACE,806781,NIL,1.37872888711405,103.859585514414,new_building,,,,
32,POLLEN TERRACE,806782,NIL,1.37874356052785,103.859637704295,new_building,,,,
34,POLLEN TERRACE,806783,NIL,1.37875828868486,103.859690089458,new_building,,,,
36,POLLEN TERRACE,806784,NIL,1.37877288846515,103.85974201579,new_building,,,,
38,POLLEN TERRACE,806785,NIL,1.37878761415637,103.859794387899,new_building,,,,
28,POLLEN TERRACE,806800,NIL,1.37871446552334,103.859534220168,new_building,,,,
26,POLLEN TERRACE,806801,NIL,1.37869986683331,103.859482299278,new_building,,,,
24,POLLEN TERRACE,806802,NIL,1.37868502370836,103.859429507778,new_building,,,,
14,POLLEN TERRACE,806803,NIL,1.37861090878754,103.859166633585,new_building,,,,
16,POLLEN TERRACE,806804,NIL,1.37862550857943,103.85921855991,new_building,,,,
18,POLLEN TERRACE,806805,NIL,1.37864023428239,103.859270932013,new_building,,,,
20,POLLEN TERRACE,806806,NIL,1.3786549810607,103.859323384351,new_building,,,,
22,POLLEN TERRACE,806807,NIL,1.37867018085593,103.859376716551,new_building,,,,
4,POLLEN TERRACE,806808,NIL,1.37853764375266,103.858906051936,new_building,,,,
6,POLLEN TERRACE,806809,NIL,1.37855248688945,103.85895884343,new_building,,,,
8,POLLEN TERRACE,806810,NIL,1.3785670855911,103.859010764314,new_building,,,,
10,POLLEN TERRACE,806811,NIL,1.3785815071933,103.859062058554,new_building,,,,
12,POLLEN TERRACE,806812,NIL,1.37859618061879,103.859114248428,new_building,,,,
2,POLLEN TERRACE,806813,NIL,1.37852280088842,103.858853260715,new_building,,,,
69A,NERAM ROAD,808854,SELETAR HILLS ESTATE,1.38533178698621,103.868179489844,new_building,,,,
69B,NERAM ROAD,808855,SELETAR HILLS ESTATE,1.38539267734881,103.868187504649,new_building,,,,
37,MARINE PARADE,449524,CHOA BUNGALOW,1.30257558516761,103.90390892855,name_change,NIL,1.3026236120344,103.903873487916,
18,FARRER PARK ROAD,210018,FARRER PARK FIELDS,1.30964145284649,103.851166603031,name_change,NIL,1.30964145284649,103.851166603031,
11,MACKENZIE ROAD,228675,NIL,1.30434908677393,103.849908918079,name_change,G4 STATION BACKPACKERS HOSTEL,1.30434908677393,103.849908918079,
1,STARS AVENUE,138507,HOME TEAM SCIENCE AND TECHNOLOGY AGENCY (HTX),1.29590891610673,103.792311644301,name_change,MEDIACORP CAMPUS,1.29555838785737,103.792222006423,
32,PLANTATION CLOSE,690091,OTTO PLACE (U/C),1.34793735286897,103.736758778262,name_change,OTTO PLACE,1.34793735286897,103.736758778262,
50B,GHIM MOH CLOSE,272050,GHIM MOH NATURA,1.30990540281286,103.789998545172,name_change,NIL,1.30990540281286,103.789998545172,
17,JALAN ANAK BUKIT,589771,THE RESERVE RESIDENCES (U/C),1.3402896585538,103.778006375027,name_change,THE RESERVE RESIDENCES,1.3402896585538,103.778006375027,
524D,YISHUN STREET 53,764524,VANDA BREEZE @ YISHUN,1.42171209105192,103.850788460024,name_change,NIL,1.42171209105192,103.850788460024,
527B,YISHUN STREET 53,762527,ARANDA BREEZE @ YISHUN,1.42375220583707,103.853266697579,name_change,NIL,1.42375220583707,103.853266697579,
7,POLLEN CRESCENT,807523,POLLEN COLLECTION (U/C),1.38249925226347,103.859419247832,name_change,POLLEN COLLECTION,1.38249925226347,103.859419247832,
511,BELGRAVIA DRIVE,808079,BELGRAVIA ACE (U/C),1.38147997834863,103.865344343105,name_change,BELGRAVIA ACE,1.38147997834863,103.865344343105,
393,BELGRAVIA DRIVE,807680,BELGRAVIA ACE (U/C),1.38123331852109,103.864426326873,name_change,BELGRAVIA ACE,1.38123331852109,103.864426326873,
100,BRIGHT HILL DRIVE,579646,PRO-TEACH SCHOOLCARE (AI TONG),1.36058343005814,103.83302033725,name_change,AI TONG SCHOOL,1.3605834338904,103.833020333986,
417,BELGRAVIA DRIVE,807712,BELGRAVIA ACE (U/C),1.38152411849605,103.865107230627,name_change,BELGRAVIA ACE,1.38152411849605,103.865107230627,
20,WOOLLERTON DRIVE,257564,WOOLLERTON PARK,1.31605594743493,103.809089642925,name_change,NIL,1.3160079420537,103.809032121882,
52A,GHIM MOH CLOSE,271052,GHIM MOH NATURA,1.30897179808792,103.790674903663,name_change,NIL,1.30897179808792,103.790674903663,
81,TAMPINES STREET 62,529448,TENET,1.36887931708119,103.941980406333,name_change,TENET (U/C),1.36887931708119,103.941980406333,
412,SAUJANA ROAD,670412,PCF SPARKLETOTS PRESCHOOL @ BUKIT PANJANG 412 (CC),1.38289761651831,103.768275128592,name_change,NIL,1.38289762281394,103.768275120432,
65,TENGAH GARDEN WALK,699893,COPEN GRAND,1.36192301424331,103.730200840655,name_change,COPEN GRAND (U/C),1.36192301424331,103.730200840655,
527,BELGRAVIA DRIVE,808087,BELGRAVIA ACE (U/C),1.38123875484257,103.865770397141,name_change,BELGRAVIA ACE,1.38123875484257,103.865770397141,
305A,PASIR PANJANG ROAD,119479,HARBOUR RESIDENCES (U/C),1.28701469938364,103.779005070862,name_change,HARBOUR RESIDENCES,1.28701469938364,103.779005070862,
34,SIN MING LANE,573955,RED SCHOOLHOUSE PTE LTD,1.36012941316953,103.833738087631,name_change,MIDVIEW CITY,1.36013479804725,103.83370753933,
27A,JURONG PORT ROAD,619101,JURONG INDUSTRIAL ESTATE (BLK 1),1.31614521980581,103.720591653263,name_change,JURONG INDUSTRIAL ESTATE,1.31568941891919,103.720033316124,
53A,GHIM MOH LINK,271053,ULU PANDAN GLADES,1.31049306848932,103.783505715028,name_change,NIL,1.31049306848932,103.783505715028,
151,BENCOOLEN STREET,189656,NANYANG ACADEMY OF FINE ARTS (CAMPUS 3),1.30128402109438,103.851951940692,name_change,LEE FOUNDATION THEATRE,1.30134244089363,103.851991217081,
886C,WOODLANDS DRIVE 50,733886,TREEGROVE@WOODLANDS,1.43781872979632,103.794144768156,name_change,SWEETLANDS CHILDCARE WOODLANDS 886C PTE. LTD.,1.43773146039956,103.794135764157,
11,BROADRICK ROAD,439476,MFC KINDERGARTEN (BROADRICK ROAD),1.29979211214306,103.890672255582,name_change,NIL,1.29978606556682,103.890676249344,
194,WOODLANDS CENTRE ROAD,730194,MARSILING RIDGE,1.43541449197441,103.773057763485,name_change,NIL,1.43541449197441,103.773057763485,
516C,MILTONIA CLOSE,763516,MILTONIA BREEZE @ YISHUN,1.41893271775295,103.849254615958,name_change,NIL,1.41893271775295,103.849254615958,
406B,JURONG WEST STREET 42,642406,JURONG ARCADIA,1.35436169953039,103.724549192298,name_change,NIL,1.35436169953039,103.724549192298,
18C,FARRER PARK ROAD,213018,FARRER PARK FIELDS,1.31024838394802,103.851916620299,name_change,NIL,1.31024838394802,103.851916620299,
246,BISHAN STREET 22,570246,HDB PUBLIC SHELTERS,1.36066100742125,103.843366622934,name_change,NIL,1.36067416170778,103.843353629778,
12,KEE SUN AVENUE,457037,MODERN MONTESSORI KINDERGARTEN,1.31141604877566,103.929290143671,name_change,NIL,1.31141604111144,103.929290136327,
29,POLLEN VIEW,807185,POLLEN COLLECTION (U/C),1.38095519932768,103.859539468883,name_change,POLLEN COLLECTION,1.38095519932768,103.859539468883,
2,ARCHITECTURE DRIVE,117565,NATIONAL UNIVERSITY OF SINGAPORE (SDE2),1.29739542983749,103.771122173375,name_change,NATIONAL UNIVERSITY OF SINGAPORE,1.29745660325612,103.770918476734,
84,SELETAR NORTH LINK,797615,NIL,1.4242714099209,103.889735912434,location_change,NIL,1.42155562012161,103.894478622843,607.5655206769762
389,BELGRAVIA DRIVE,807678,BELGRAVIA ACE (U/C),1.38119345889021,103.864636111891,name_change,BELGRAVIA ACE,1.38119345889021,103.864636111891,
22,COLLEGE AVENUE WEST,138530,NUS COLLEGE,1.30756333329947,103.77262245701,name_change,YALE-NUS COLLEGE CAMPUS,1.30756333329947,103.77262245701,
5,CHANDER ROAD,219528,SIDDH PEETH SHREE LAKSHMINARAYAN TEMPLE,1.30775967850112,103.850915055091,name_change,NIL,1.30774014690879,103.850826426805,
529A,YISHUN STREET 53,761529,ARANDA BREEZE @ YISHUN,1.42432273945436,103.853145277598,name_change,NIL,1.42432273945436,103.853145277598,
16,WINSTEDT ROAD,227988,EPWORTH STUDENT CARE (ANGLO-CHINESE SCHOOL JUNIOR),1.30932252730174,103.841552127373,name_change,ANGLO-CHINESE SCHOOL (JUNIOR),1.30935041274966,103.840950265464,
80,RAFFLES PLACE,48624,UOB PLAZA,1.28540656780796,103.850567541206,name_change,MASJID MOULANA MD ALI,1.28547360879559,103.850332786212,
164,ANG MO KIO AVENUE 8,569822,NANYANG POLYTECHNIC (BLK N),1.3780712040726,103.849986822329,name_change,NANYANG POLYTECHNIC,1.37781903081584,103.848423445675,
367,BELGRAVIA DRIVE,809821,BELGRAVIA ACE (U/C),1.38110737328886,103.86440280655,name_change,BELGRAVIA ACE,1.38110737328886,103.86440280655,
20,POLLEN PLACE,807226,POLLEN COLLECTION (U/C),1.38110730391802,103.859287616174,name_change,POLLEN COLLECTION,1.38110730391802,103.859287616174,
18,PIONEER ROAD,628498,NIL,1.31196599484918,103.686973622172,location_change,NIL,1.30776649760434,103.687179207763,467.5217164920828
404A,JURONG WEST STREET 42,641404,JURONG ARCADIA,1.35408471473791,103.72368130198,name_change,NIL,1.35408471473791,103.72368130198,
501B,WELLINGTON CIRCLE,752501,MONTREAL SPRING,1.45218571400211,103.82136988326,name_change,GLORY JOY CHILD DEVELOPMENT CENTRE,1.45218571290718,103.821369887884,
590,WOODLANDS DRIVE 17,730590,WOODLANDS SOUTH PLAINS,1.42706342071295,103.795954395848,name_change,NIL,1.42706342071295,103.795954395848,
8,POLLEN CRESCENT,807495,POLLEN COLLECTION (U/C),1.38283706004703,103.859228499574,name_change,POLLEN COLLECTION,1.38283706004703,103.859228499574,
59,TENGAH GARDEN WALK,699913,COPEN GRAND,1.36150164949926,103.730169909399,name_change,COPEN GRAND (U/C),1.36150164949926,103.730169909399,
11,JALAN TAN TOCK SENG,308433,TRAVELLERS' HEALTH & VACCINATION CENTRE,1.32122164173383,103.845997101992,name_and_location_change,NIL,1.3194999277015,103.849900554786,474.2845252499234
516B,MILTONIA CLOSE,762516,MILTONIA BREEZE @ YISHUN,1.41954282954133,103.849581475992,name_change,NIL,1.41954282954133,103.849581475992,
476A,BUKIT BATOK WEST AVENUE 5,651476,WEST GLADES @ BUKIT BATOK,1.35736141009041,103.745399703544,name_change,NIL,1.35736141009041,103.745399703544,
129,SERANGOON NORTH AVENUE 1,550129,SERANGOON NORTH VISTA,1.36517363038702,103.872747377491,name_change,NIL,1.36517363038702,103.872747377491,
497,BELGRAVIA DRIVE,807962,BELGRAVIA ACE (U/C),1.38139415281738,103.865798735254,name_change,BELGRAVIA ACE,1.38139415281738,103.865798735254,
173,YISHUN AVENUE 7,760173,KIDZ MEADOW CHILDCARE AND DEVELOPMENT CENTRE,1.43705724393546,103.831120696919,name_change,NIL,1.43706628176725,103.831120689838,
535,UPPER CHANGI ROAD,486975,ZION PRESBYTERIAN CHURCH,1.33615958899646,103.954035885246,name_change,NIL,1.33647490036584,103.954147470688,
27,LORONG 32 GEYLANG,398285,OCHO (U/C),1.31312736334257,103.887182728518,name_change,OCHO,1.31313051507905,103.887183809405,
165C,JALAN LOYANG BESAR,509838,THE SHOREFRONT (U/C),1.37920071637966,103.960152419678,name_change,THE SHOREFRONT,1.3791551466529,103.960109613673,
535,BELGRAVIA DRIVE,808091,BELGRAVIA ACE (U/C),1.38117946166813,103.866081993642,name_change,BELGRAVIA ACE,1.38117946166813,103.866081993642,
567,BELGRAVIA DRIVE,808107,BELGRAVIA ACE (U/C),1.38088626549913,103.865577983679,name_change,BELGRAVIA ACE,1.38088626549913,103.865577983679,
305,PASIR PANJANG ROAD,118646,HARBOUR RESIDENCES (U/C),1.28701469938364,103.779005070862,name_change,HARBOUR RESIDENCES,1.28701469938364,103.779005070862,
413,BELGRAVIA DRIVE,807710,BELGRAVIA ACE (U/C),1.38137994460742,103.865020953539,name_change,BELGRAVIA ACE,1.38137994460742,103.865020953539,
491,BELGRAVIA DRIVE,807959,BELGRAVIA ACE (U/C),1.38134507002045,103.866060071569,name_change,BELGRAVIA ACE,1.38134507002045,103.866060071569,
81,KIM KEAT ROAD,328836,SINGAPORE DENTAL COUNCIL (SDC),1.32645447144908,103.854428813685,name_change,NKF CENTRE,1.32648059531275,103.854441721262,
126A,JALAN RAJAH,321126,RAJAH SUMMIT,1.32832894790916,103.852314037132,name_change,NIL,1.32832894790916,103.852314037132,
503,BELGRAVIA DRIVE,807965,BELGRAVIA ACE (U/C),1.38143026871627,103.865608407123,name_change,BELGRAVIA ACE,1.38143026871627,103.865608407123,
101,WOODLANDS STREET 13,730101,PCF SPARKLETOTS PRESCHOOL @ WOODGROVE 101 (CC),1.43598159724925,103.781929846478,name_change,NIL,1.43598268540185,103.781932747463,
141,SERANGOON NORTH AVENUE 2,550141,PCF SPARKLETOTS PRESCHOOL @ SERANGOON 141 (CC),1.36859420920975,103.874523249204,name_change,NIL,1.36859421304209,103.874523243764,
1,WOODLANDS ROAD,677899,NEW LIFE COMMUNITY SERVICES,1.38052136831842,103.760059425997,name_change,JUNCTION 10,1.38033681049385,103.760167883439,
10,BISHAN STREET 21,574013,RAFFLES INSTITUTION (BLK B),1.3466262961274,103.842995850898,name_change,RAFFLES INSTITUTION (BLK A),1.34632503952747,103.843168636926,
12,POLLEN CRESCENT,807497,POLLEN COLLECTION (U/C),1.38278221458955,103.859136282607,name_change,POLLEN COLLECTION,1.38278221458955,103.859136282607,
328B,TENGAH PARK AVENUE,692328,PARC MEADOW @ TENGAH,1.3667778999161,103.735128814983,name_change,PARK MEADOW @ TENGAH,1.3667778999161,103.735128814983,
9,JALAN NOVENA SELATAN,308564,ENG AUN PARK,1.32261702011799,103.84355560295,name_change,NIL,1.32259537897008,103.843644337336,
21,SERANGOON CENTRAL,556082,SERANGOON MRT STATION (CC13),1.35063361526525,103.872771660431,name_change,SERANGOON MRT STATION,1.3510482896351,103.871070417199,
14,TUA KONG TERRACE,455341,EASTWOOD GARDENS,1.31723319870161,103.925818551914,name_change,NIL,1.31714224439687,103.925850021815,
766,TYERSALL AVENUE,257699,ISTANA WOODNEUK,1.30878410262394,103.812274294115,name_change,NIL,1.30880176827531,103.812244460773,
605,ELIAS ROAD,510605,SIAN CHAY MEDICAL INSTITUTION PASIR RIS WEST BRANCH,1.37705236053642,103.942928679986,name_change,ELIAS VIEW,1.37714407371089,103.94300000834,
517,MILTONIA CLOSE,760517,MILTONIA BREEZE @ YISHUN,1.4187086581309,103.848908310956,name_change,NIL,1.4187086581309,103.848908310956,
320,ORCHARD ROAD,238865,TANG PLAZA,1.30505783090374,103.833060656222,name_change,SINGAPORE MARRIOTT TANG PLAZA HOTEL,1.30502562565776,103.832957478209,
21,LORONG K TELOK KURAU,425617,K SUITES (U/C),1.31258516179352,103.90790598785,name_change,K SUITES,1.31259475279896,103.907889140249,
525,BELGRAVIA DRIVE,808086,BELGRAVIA ACE (U/C),1.38124963376781,103.865713180232,name_change,BELGRAVIA ACE,1.38124963376781,103.865713180232,
694,JURONG WEST CENTRAL 1,640694,PCF SPARKLETOTS PRESCHOOL @ PIONEER 694 (CC),1.34302581073029,103.706879612056,name_change,NIL,1.34312102349205,103.707051960202,
79,PHOENIX AVENUE,668382,PHOENIX RESIDENCES,1.37525459469413,103.757531008357,name_change,PHOENIX RESIDENCES (U/C),1.37525459469413,103.757531008357,
463,BELGRAVIA DRIVE,807914,BELGRAVIA ACE (U/C),1.38172991632519,103.865406360437,name_change,BELGRAVIA ACE,1.38172991632519,103.865406360437,
592,WOODLANDS DRIVE 17,730592,WOODLANDS SOUTH PLAINS,1.42676254776941,103.794849928283,name_change,NIL,1.42676254776941,103.794849928283,
3,MAGAZINE ROAD,59570,UNION SQUARE THREE,1.2887536712464,103.842484418198,name_change,UNION SQUARE,1.2887536712464,103.842484418198,
18,MARINE TERRACE,440018,MY FIRST SKOOL,1.30320859297139,103.914300755195,name_change,MARINE TERRACE BREEZE,1.30320858339073,103.914300755467,
529B,YISHUN STREET 53,762529,ARANDA BREEZE @ YISHUN,1.42387472864082,103.853758201685,name_change,NIL,1.42387472864082,103.853758201685,
108,BEDOK NORTH ROAD,460108,PCF SPARKLETOTS PRESCHOOL @ FENGSHAN 108 (CC),1.3327400821369,103.936223521869,name_change,FENGSHAN ESTATE,1.33274009226511,103.936223519694,
11,UNITY STREET,237995,ROBERTSON WALK,1.29186333652408,103.841359786872,name_change,CAMBRIDGE CDC @ TANGLIN PTE. LTD.,1.2919705093805,103.841157123421,
4,MARIAM CLOSE,508652,CHANGI GROVE,1.36183545718037,103.969165438588,name_change,NIL,1.36182135141267,103.969084760307,
6,ANG MO KIO STREET 44,569253,NIL,1.36500301580801,103.859092846726,name_change,PATHLIGHT SCHOOL 2,1.36500301580801,103.859092846726,
11,MARGATE ROAD,438052,PEOPLEHAUS PTE. LTD.,1.29847423168796,103.889075418723,name_change,NIL,1.29847422183563,103.889075325437,
50,JURONG GATEWAY ROAD,608549,JEM,1.33329334473462,103.743278742341,name_change,CATHAY CINEPLEX JEM,1.33332819303974,103.743359442234,
101A,PLANTATION CLOSE,691101,PLANTATION VERGE,1.34998941183508,103.735711599188,name_change,NIL,1.34998941183508,103.735711599188,
115,BUKIT BATOK WEST AVENUE 8,659859,ALTURA (U/C),1.35970765125423,103.742113550639,name_change,ALTURA,1.35970765125423,103.742113550639,
14,POLLEN CRESCENT,807498,POLLEN COLLECTION (U/C),1.38275465595361,103.859089945524,name_change,POLLEN COLLECTION,1.38275465595361,103.859089945524,
11,LAGUNA GOLF GREEN,488047,LAGUNA NATIONAL GOLF & COUNTRY CLUB,1.32397332034066,103.962657078821,name_change,DUSIT THANI LAGUNA SINGAPORE,1.32351781357882,103.962978101208,
626,BUKIT BATOK CENTRAL,650626,CARPE DIEM KINDERACE PTE. LTD.,1.35175349601751,103.748972264353,name_change,NIL,1.35171974901975,103.749022783849,
46,WAN THO AVENUE,347588,SENNETT ESTATE,1.33256706599324,103.873607345078,name_change,NIL,1.33265731756329,103.873628061514,
33B,HONGKONG STREET,59672,338 INN @ CLARKE QUAY,1.28741332125588,103.847112668616,name_change,VINTAGE INN @ CLARKE QUAY,1.28743955901693,103.847130213821,
420,JURONG WEST STREET 42,640420,LITTLE TALENT CHILDCARE & DEVELOPMENT CENTRE,1.35057174649766,103.727172770969,name_change,NIL,1.35057175087713,103.72717276553,
4,POLLEN VIEW,806850,POLLEN COLLECTION (U/C),1.38036061626742,103.85882722159,name_change,POLLEN COLLECTION,1.38036061626742,103.85882722159,
656C,JURONG WEST STREET 61,643656,MY FIRST SKOOL,1.33598954989667,103.699974206512,name_change,NIL,1.33598955071785,103.69997420624,
21,POLLEN WALK,807476,POLLEN COLLECTION (U/C),1.38228036267598,103.859517482628,name_change,POLLEN COLLECTION,1.38228036267598,103.859517482628,
591B,WOODLANDS DRIVE 17,732591,WOODLANDS SOUTH PLAINS,1.42675388312019,103.79567696626,name_change,NIL,1.42675388312019,103.79567696626,
291A,JURONG EAST STREET 24,601291,JURONG EAST BREEZE,1.3429629430227,103.74381221645,name_change,NIL,1.3429629430227,103.74381221645,
152,UBI AVENUE 4,408826,ARMORCOAT TECHNOLOGIES BUILDING,1.33481103639653,103.896724954466,name_change,NIL,1.3348628856513,103.897118293484,
327B,TENGAH PARK AVENUE,692327,PARC MEADOW @ TENGAH,1.36669380883049,103.73441451235,name_change,PARK MEADOW @ TENGAH,1.36669380883049,103.73441451235,
459,BUKIT BATOK WEST AVENUE 8,650459,WEST BRICKVILLE @ BUKIT BATOK,1.35471115217407,103.738741505774,name_change,NIL,1.35471115217407,103.738741505774,
80,BUKIT BATOK ROAD,658072,4TH SCDF DIVISION HQ / BUKIT BATOK FIRE STATION,1.37345849790283,103.752898593565,name_change,4TH SCDF DIVISION HQ,1.37342679854226,103.752792529782,
15,POLLEN VIEW,807178,POLLEN COLLECTION (U/C),1.38084317995319,103.859140010389,name_change,POLLEN COLLECTION,1.38084317995319,103.859140010389,
371,BELGRAVIA DRIVE,809823,BELGRAVIA ACE (U/C),1.38106806769226,103.864612828731,name_change,BELGRAVIA ACE,1.38106806769226,103.864612828731,
24,JALAN LEPAS,537948,CHARLTON PARK,1.35569533456956,103.88780685704,name_change,NIL,1.35561651042429,103.887845970798,
381,BELGRAVIA DRIVE,807674,BELGRAVIA ACE (U/C),1.38113338427236,103.864954091514,name_change,BELGRAVIA ACE,1.38113338427236,103.864954091514,
2,SCIENCE DRIVE 2,117542,NATIONAL UNIVERSITY OF SINGAPORE (S14),1.29688897920589,103.779692049438,name_change,NATIONAL UNIVERSITY OF SINGAPORE,1.29546718144446,103.779773950198,
61,COMMONWEALTH AVENUE WEST,130061,ULU PANDAN VISTA,1.31120951222812,103.780005837853,name_change,NIL,1.31120951222812,103.780005837853,
1,POLLEN CRESCENT,807504,POLLEN COLLECTION (U/C),1.38258489540044,103.85955935737,name_change,POLLEN COLLECTION,1.38258489540044,103.85955935737,
28,CARPENTER STREET,59827,NIL,1.28833377741415,103.847231504686,name_change,TRAVEL CURATORS HQ,1.28833377741415,103.847231504686,
93,BEDOK NORTH AVENUE 4,460093,SASCO CHILD CARE CENTRE (BEDOK),1.33288899767094,103.94130973733,name_change,NIL,1.33288899931346,103.941309734338,
67,TENGAH GARDEN WALK,699894,COPEN GRAND,1.36192145614213,103.730461439514,name_change,COPEN GRAND (U/C),1.36192145614213,103.730461439514,
201D,TAMPINES STREET 21,524201,TAMPINES 24-HR FAMILY CLINIC,1.35214194752099,103.954010279015,name_change,NIL,1.35226231425316,103.953586491358,
7,POLLEN VIEW,807174,POLLEN COLLECTION (U/C),1.38078475231237,103.858931919502,name_change,POLLEN COLLECTION,1.38078475231237,103.858931919502,
7,CHANGI SOUTH LANE,486119,NIL,1.33236014165715,103.953372767457,name_change,KIAN ANN BUILDING,1.33245703746953,103.953917658931,
524,YISHUN STREET 53,760524,VANDA BREEZE @ YISHUN,1.42180603372916,103.851449357571,name_change,NIL,1.42180603372916,103.851449357571,
399,BELGRAVIA DRIVE,807683,BELGRAVIA ACE (U/C),1.38147900782709,103.864495259965,name_change,BELGRAVIA ACE,1.38147900782709,103.864495259965,
1,FUSIONOPOLIS WAY,138632,CONNEXIS,1.29943736719293,103.787576666868,name_change,"AGENCY FOR SCIENCE, TECHNOLOGY AND RESEARCH (A*STAR)",1.2995985718601,103.787640882653,
29,PARBURY AVENUE,465432,THE LOOKOUT (U/C),1.31730922418099,103.943041100739,name_change,THE LOOKOUT,1.31730922418099,103.943041100739,
56,GHIM MOH LINK,270056,ULU PANDAN BANKS,1.31047570363015,103.781282011023,name_change,NIL,1.31047570363015,103.781282011023,
215A,PONGGOL SEVENTEENTH AVENUE,829715,WHITE COVE (U/C),1.41481224750749,103.903275578705,name_change,WHITE COVE,1.41481224750749,103.903275578705,
4,HOLLAND CLOSE,271004,PCF SPARKLETOTS PRESCHOOL @ BUONA VISTA 4 (DS),1.30796826743788,103.795646469655,name_change,NIL,1.30796826360553,103.795646462312,
30,POLLEN PLACE,807231,POLLEN COLLECTION (U/C),1.3811769862903,103.859548086019,name_change,POLLEN COLLECTION,1.3811769862903,103.859548086019,
51A,GHIM MOH CLOSE,271051,GHIM MOH NATURA,1.30921750061077,103.79011181444,name_change,NIL,1.30921750061077,103.79011181444,
215P,PONGGOL SEVENTEENTH AVENUE,829764,WHITE COVE (U/C),1.41483899700864,103.902820105163,name_change,WHITE COVE,1.41483899700864,103.902820105163,
5,POLLEN CRESCENT,807522,POLLEN COLLECTION (U/C),1.38252665404796,103.859465240312,name_change,POLLEN COLLECTION,1.38252665404796,103.859465240312,
60,BUKIT PANJANG RING ROAD,679946,PRO-TEACH SCHOOL CARE (WEST SPRING),1.38896618016838,103.766256126816,name_change,MOE KINDERGARTEN @ WEST SPRING,1.38917971808454,103.76639772288,
23,POLLEN VIEW,807182,POLLEN COLLECTION (U/C),1.38091137835181,103.859383399275,name_change,POLLEN COLLECTION,1.38091137835181,103.859383399275,
443,TAMPINES STREET 43,520443,PCF SPARKLETOTS PRESCHOOL @ TAMPINES NORTH BLK 443 (KN),1.35885506890602,103.951898883289,name_change,NIL,1.35883952253242,103.951899349516,
16,GREENBANK PARK,589377,GREENBANK PARK,1.34819766623771,103.788362690865,name_change,NIL,1.34819727136327,103.788413466189,
809D,ANG MO KIO STREET 82,564809,PINE VILLE @ AMK,1.37643575044041,103.853480556055,name_change,NIL,1.37643575044041,103.853480556055,
529,BELGRAVIA DRIVE,808088,BELGRAVIA ACE (U/C),1.38121472044273,103.865898149261,name_change,BELGRAVIA ACE,1.38121472044273,103.865898149261,
24,MARINA VIEW,19960,W RESIDENCES MARINA VIEW – SINGAPORE (U/C),1.27670307917562,103.849736169355,name_change,MARINA VIEW RESIDENCES,1.27670307917562,103.849736169355,
44,LORONG 6 GEYLANG,399199,Z HOTEL,1.30999425446286,103.8765022671,name_change,OH MY SUITES,1.30999425446286,103.8765022671,
57C,GHIM MOH LINK,273057,ULU PANDAN BANKS,1.31128978222781,103.78210444114,name_change,NIL,1.31128978222781,103.78210444114,
808,ANG MO KIO STREET 82,560808,PINE VILLE @ AMK,1.37767118132803,103.854142332118,name_change,NIL,1.37767118132803,103.854142332118,
98A,HAVELOCK ROAD,161098,HAVELOCK HILLSIDE,1.2886000256343,103.830505948469,name_change,NIL,1.2886000256343,103.830505948469,
453,BELGRAVIA DRIVE,807855,BELGRAVIA ACE (U/C),1.38179284460676,103.865072676091,name_change,BELGRAVIA ACE,1.38179284460676,103.865072676091,
523B,YISHUN STREET 53,762523,VANDA BREEZE @ YISHUN,1.42160037981637,103.852548064657,name_change,NIL,1.42160037981637,103.852548064657,
509,BELGRAVIA DRIVE,808078,BELGRAVIA ACE (U/C),1.38146897625146,103.865401633726,name_change,BELGRAVIA ACE,1.38146897625146,103.865401633726,
896B,WOODLANDS DRIVE 50,731896,SWEETLANDS CHILDCARE WOODLANDS 896B PTE. LTD.,1.4369244159593,103.792568797689,name_change,NIL,1.43692442499246,103.792568796601,
24,POLLEN CRESCENT,807503,POLLEN COLLECTION (U/C),1.38256767343916,103.858891661259,name_change,POLLEN COLLECTION,1.38256767343916,103.858891661259,
2,TECK CHYE TERRACE,546620,MBER TECK CHYE TERRACE (U/C),1.35326755733712,103.876595000986,name_change,MBER TECK CHYE TERRACE,1.35326755733712,103.876595000986,
7,POLLEN PLACE,807273,POLLEN COLLECTION (U/C),1.38140630028843,103.85896454014,name_change,POLLEN COLLECTION,1.38140630028843,103.85896454014,
808A,ANG MO KIO STREET 82,561808,PINE VILLE @ AMK,1.37745537179795,103.854075345114,name_change,NIL,1.37745537179795,103.854075345114,
31,CHENG SOON GARDEN,599807,CHENG SOON GARDEN,1.33472642366258,103.771858740875,name_change,NIL,1.33480063733043,103.771850411971,
11A,MACKENZIE ROAD,228675,NIL,1.30434908677392,103.849908918351,name_change,G4 STATION BACKPACKERS HOSTEL,1.30434908677392,103.849908918351,
21,KEPPEL ROAD,89067,BEYONDX,1.27280474510421,103.841112448783,name_change,CUSTOMS OPERATIONS CENTRE,1.27280474510421,103.841112448783,
21,POLLEN PLACE,807280,POLLEN COLLECTION (U/C),1.38150792700898,103.859327263028,name_change,POLLEN COLLECTION,1.38150792700898,103.859327263028,
610,CHOA CHU KANG STREET 62,680610,HDB PUBLIC SHELTERS,1.3994268495544,103.743786296472,name_change,NIL,1.39942410073335,103.743786296577,
1,CANTONMENT CLOSE,88256,KIDZ TREEHOUSE @ CANTONMENT,1.27546534984202,103.840041087946,name_change,CANTONMENT PRIMARY SCHOOL,1.27547252623201,103.839962631748,
277,YISHUN STREET 22,760277,PCF SPARKLETOTS PRESCHOOL @ CHONG PANG 277 (CC),1.4379184368119,103.836994609459,name_change,FICUS VALE,1.43791843653816,103.836994608643,
203,QUEEN'S CRESCENT,140203,QUEENSWAY CANOPY,1.2892815975358,103.799551519768,name_change,NIL,1.2892815975358,103.799551519768,
474B,BUKIT BATOK WEST AVENUE 5,652474,WEST GLADES @ BUKIT BATOK,1.3568090806143,103.746449139943,name_change,NIL,1.3568090806143,103.746449139943,
809B,ANG MO KIO STREET 82,562809,PINE VILLE @ AMK,1.37689630873617,103.85422541254,name_change,NIL,1.37689630873617,103.85422541254,
34,POLLEN PLACE,807233,POLLEN COLLECTION (U/C),1.38119378862191,103.859665179745,name_change,POLLEN COLLECTION,1.38119378862191,103.859665179745,
11,LOYANG WAY,508723,LOYANG INDUSTRIAL ESTATE,1.37259934062018,103.970556609285,name_change,NIL,1.37327576568862,103.97083452091,
210,MIDDLE ROAD,188994,TOTE BOARD (TOTE BOARD),1.30108996302321,103.85131529736,name_change,SINGAPORE POOLS BUILDING,1.30117342723628,103.851274599853,
206,TOA PAYOH NORTH,310206,CREATIVO LEARNERS STUDENT CARE SERVICES,1.34231481416805,103.84650890023,name_change,AI ZI LEARNING CENTRE,1.34231481416805,103.84650890023,
55,TENGAH GARDEN WALK,699911,COPEN GRAND,1.36114965205812,103.73064131967,name_change,COPEN GRAND (U/C),1.36114965205812,103.73064131967,
15,SERANGOON NORTH AVENUE 5,554360,MINDCHAMPS PRESCHOOL @ BUANGKOK PTE LTD,1.37598330733968,103.870647306069,name_change,NIL,1.37598331035084,103.870647299542,
523,YISHUN INDUSTRIAL PARK A,768770,SRI VEERAMUTHU MUNEESWARAR TEMPLE,1.44330894181859,103.835954194088,name_change,HOCK HUAT KENG TEMPLE,1.44333598246484,103.835984005053,
303,PASIR PANJANG ROAD,118645,HARBOUR RESIDENCES (U/C),1.28701469938364,103.779005070862,name_change,HARBOUR RESIDENCES,1.28701469938364,103.779005070862,
688,JURONG WEST CENTRAL 1,640688,WHISPERING HEARTS CHILD CARE CENTRE,1.34110457354081,103.705352925978,name_change,NIL,1.34110457956279,103.705352923802,
517,BELGRAVIA DRIVE,808082,BELGRAVIA ACE (U/C),1.38129947618239,103.865448339733,name_change,BELGRAVIA ACE,1.38129947618239,103.865448339733,
11,POLLEN WALK,807471,POLLEN COLLECTION (U/C),1.38217635000721,103.859266079577,name_change,POLLEN COLLECTION,1.38217635000721,103.859266079577,
31,FLORA DRIVE,509904,KASSIA (U/C),1.35709630624257,103.965501900375,name_change,KASSIA,1.35709630624257,103.965501900375,
101,MARINE PARADE ROAD,449971,MARINE PARADE MRT STATION (TE26),1.30261163483383,103.904983086812,name_change,NIL,1.30262288569836,103.904727813023,
353,CLEMENTI AVENUE 2,120353,MARKET & HAWKER CENTRE (BLK 353 CLEMENTI AVE 2),1.31437917978956,103.770919561136,name_change,CLEMENTI AVE 2 MARKET/COOKED FOOD CENTRE,1.31437328536733,103.770805494512,
46B,BEDOK SOUTH AVENUE 3,462046,BEDOK SOUTH BLOSSOMS,1.32126567349011,103.942746344884,name_change,NIL,1.32126567349011,103.942746344884,
28,POLLEN VIEW,806986,POLLEN COLLECTION (U/C),1.38054388690626,103.85948119586,name_change,POLLEN COLLECTION,1.38054388690626,103.85948119586,
6,POLLEN VIEW,806851,POLLEN COLLECTION (U/C),1.38037453942269,103.858876903836,name_change,POLLEN COLLECTION,1.38037453942269,103.858876903836,
502,ANG MO KIO AVENUE 5,560502,PCF SPARKLETOTS PRESCHOOL @ CHENG SAN-SELETAR 502 (CC),1.37572474108554,103.849934308508,name_change,CHENG SAN CREST,1.37572474765516,103.849934305516,
46,POLLEN VIEW,806995,POLLEN COLLECTION (U/C),1.38067088035738,103.859990748859,name_change,POLLEN COLLECTION,1.38067088035738,103.859990748859,
4,TELOK BLANGAH DRIVE,109257,KOON SENG TING TEMPLE,1.27306171572322,103.811638010718,name_change,NIL,1.27297338665759,103.811532951355,
271,BUKIT TIMAH ROAD,259708,CAMBERLEY INTERNATIONAL PRE-SCHOOL PRIVATE LIMITED,1.3164396325472,103.835487586609,name_change,BALMORAL PLAZA,1.31643963008359,103.835487584433,
7,MAGAZINE ROAD,59572,UNION SQUARE SEVEN,1.28856558091833,103.842678965997,name_change,UNION SQUARE,1.28856558091833,103.842678965997,
9,POLLEN VIEW,807175,POLLEN COLLECTION (U/C),1.38079944708914,103.858984255205,name_change,POLLEN COLLECTION,1.38079944708914,103.858984255205,
806,ANG MO KIO STREET 82,560806,PINE VILLE @ AMK,1.3775465009548,103.853607072248,name_change,NIL,1.3775465009548,103.853607072248,
524A,YISHUN STREET 53,761524,VANDA BREEZE @ YISHUN,1.42113426546265,103.852431654212,name_change,NIL,1.42113426546265,103.852431654212,
15,CHOA CHU KANG STREET 51,689336,KUAN TI TEMPLE,1.39170021570687,103.742886711164,name_change,CHOA CHU KANG LIAN HE TEMPLE,1.39166432349481,103.742868881167,
406C,JURONG WEST STREET 42,643406,JURONG ARCADIA,1.35478098120653,103.723363207795,name_change,NIL,1.35478098120653,103.723363207795,
20,POLLEN VIEW,806858,POLLEN COLLECTION (U/C),1.38047577337032,103.859238142362,name_change,POLLEN COLLECTION,1.38047577337032,103.859238142362,
34,SPRINGLEAF DRIVE,788282,SPRINGLEAF GARDEN,1.39938790947496,103.824640851663,name_change,NIL,1.39949749040668,103.824629637965,
215H,PONGGOL SEVENTEENTH AVENUE,829722,WHITE COVE (U/C),1.41439964080026,103.902889355003,name_change,WHITE COVE,1.41439964080026,103.902889355003,
73,TENGAH GARDEN WALK,699887,COPEN GRAND,1.36191143783474,103.731287512954,name_change,COPEN GRAND (U/C),1.36191143783474,103.731287512954,
48A,BEDOK SOUTH AVENUE 3,461048,BEDOK SOUTH BLOSSOMS,1.32317828263286,103.943617153822,name_change,NIL,1.32317828263286,103.943617153822,
11,INSTITUTION HILL,239666,HILL HOUSE (U/C),1.29530201383804,103.839591890195,name_change,HILL HOUSE,1.29529704033624,103.839610739402,
117B,JALAN KEMBANGAN,412117,KEMBANGAN WAVE,1.32233228825057,103.913094031136,name_change,NIL,1.32233228825057,103.913094031136,
499,BELGRAVIA DRIVE,807963,BELGRAVIA ACE (U/C),1.38140515492413,103.865741444908,name_change,BELGRAVIA ACE,1.38140515492413,103.865741444908,
47,BEDOK SOUTH AVENUE 3,460047,BEDOK SOUTH BLOSSOMS,1.32188497949521,103.942399124062,name_change,NIL,1.32188497949521,103.942399124062,
80,JALAN NOORDIN,506995,NATIONAL POLICE CADET CORPS CAMPSITE,1.41814769314274,103.968376724015,name_and_location_change,NATIONAL POLICE CADET CORPS CAMP SITE,1.41844644820699,103.971443646032,342.5363787592505
563,BELGRAVIA DRIVE,808105,BELGRAVIA ACE (U/C),1.3809162909443,103.865419229429,name_change,BELGRAVIA ACE,1.3809162909443,103.865419229429,
89,KOON SENG ROAD,427030,KOON SENG HOUSE  (U/C),1.31222193982018,103.904564129604,name_change,KOON SENG HOUSE,1.31222193982018,103.904564129604,
21,JALAN ANAK BUKIT,589773,THE RESERVE RESIDENCES (U/C),1.33983650602981,103.777767727642,name_change,THE RESERVE RESIDENCES,1.33983650602981,103.777767727642,
47C,BEDOK SOUTH AVENUE 3,463047,BEDOK SOUTH BLOSSOMS,1.32264967954622,103.943538252214,name_change,NIL,1.32264967954622,103.943538252214,
1,NORTH BRIDGE ROAD,179094,HIGH STREET CENTRE,1.28998869553165,103.84921712944,name_change,CONSULATE OF THE DEMOCRATIC REPUBLIC OF CONGO,1.28999676915058,103.849282222609,
26,POLLEN VIEW,806985,POLLEN COLLECTION (U/C),1.38052917818168,103.859428711931,name_change,POLLEN COLLECTION,1.38052917818168,103.859428711931,
1,TOH YI DRIVE,591501,TRANS CENTRE (BUKIT TIMAH),1.33957916725744,103.774635452485,name_change,NEIGHBOURHOOD POLICE POST BUKIT TIMAH,1.33958155877064,103.774586318946,
3,POLLEN VIEW,806998,POLLEN COLLECTION (U/C),1.38075677488844,103.858832279749,name_change,POLLEN COLLECTION,1.38075677488844,103.858832279749,
6,PHOENIX ROAD,668159,THE ARDEN,1.3765865450876,103.756984005168,name_change,THE ARDEN (U/C),1.3765865450876,103.756984005168,
215E,PONGGOL SEVENTEENTH AVENUE,829719,WHITE COVE (U/C),1.41458141360982,103.903055732791,name_change,WHITE COVE,1.41458141360982,103.903055732791,
14,POLLEN WALK,807337,POLLEN COLLECTION (U/C),1.38174386478698,103.859118050613,name_change,POLLEN COLLECTION,1.38174386478698,103.859118050613,
24,LENTOR CENTRAL,788878,HILLOCK GREEN (U/C),1.38509631948606,103.833849401084,name_change,HILLOCK GREEN,1.38509631948606,103.833849401084,
23,POLLEN CRESCENT,807531,POLLEN COLLECTION (U/C),1.38228568047814,103.859044872755,name_change,POLLEN COLLECTION,1.38228568047814,103.859044872755,
32,TOSCA STREET,455468,OPERA ESTATE,1.31900577982409,103.92734347391,name_change,NIL,1.31898003605631,103.927423701211,
285,BUKIT BATOK EAST AVENUE 3,650285,HDB PUBLIC SHELTERS,1.34617496464412,103.757832392184,name_change,NIL,1.34617606948582,103.757834213031,
109,SEMBAWANG ROAD,779105,SPIRITUAL GRACE PRESBYTERIAN CHURCH,1.40550626696102,103.82017820434,name_change,SPIRITUAL GRACE MEMORIAL GARDEN,1.40542679356895,103.820175256215,
4,POLLEN PLACE,807201,POLLEN COLLECTION (U/C),1.38098325280753,103.858841492233,name_change,POLLEN COLLECTION,1.38098325280753,103.858841492233,
455,BELGRAVIA DRIVE,807856,BELGRAVIA ACE (U/C),1.38178193886239,103.865130525642,name_change,BELGRAVIA ACE,1.38178193886239,103.865130525642,
993A,JURONG WEST STREET 93,641993,JURONG WEST CRYSTAL,1.33614413321084,103.693763197376,name_change,NIL,1.33614413321084,103.693763197376,
1,WOODLANDS SQUARE,738099,CAUSEWAY POINT,1.4360700650803,103.785981524253,name_change,CATHAY CINEPLEX CAUSEWAY POINT,1.43600784474269,103.78568873405,
10,POLLEN WALK,807335,POLLEN COLLECTION (U/C),1.38171442049437,103.859013223862,name_change,POLLEN COLLECTION,1.38171442049437,103.859013223862,
387,BELGRAVIA DRIVE,807677,BELGRAVIA ACE (U/C),1.38117832588798,103.864715597414,name_change,BELGRAVIA ACE,1.38117832588798,103.864715597414,
48,BARKER ROAD,309917,METHODIST CENTRE (ANGLO-CHINESE SCHOOL (BARKER ROAD)),1.31908928371585,103.834802703002,name_change,BARKER ROAD METHODIST CHURCH,1.31908514678643,103.834808333396,
208,COMPASSVALE LANE,540208,PCF SPARKLETOTS PRESCHOOL @ SENGKANG CENTRAL 208 (CC),1.38402863973162,103.898104536867,name_change,COMPASSVALE CREST,1.38402864110053,103.898104527891,
20,CHOA CHU KANG STREET 52,689286,PCF YEW TEE BRANCH STUDENT CARE CENTRE,1.39491758725976,103.74472784522,name_change,NEIGHBOURHOOD POLICE CENTRE CHOA CHU KANG,1.39480564592115,103.744971294739,
204A,QUEEN'S CRESCENT,141204,QUEENSWAY CANOPY,1.29024177695335,103.799818760424,name_change,NIL,1.29024177695335,103.799818760424,
18,POLLEN VIEW,806857,POLLEN COLLECTION (U/C),1.38046125651946,103.859186343012,name_change,POLLEN COLLECTION,1.38046125651946,103.859186343012,
63,MEDIA CIRCLE,139816,BLOOMSBURY RESIDENCES (U/C),1.29444235984052,103.79512874632,name_change,BLOOMSBURY RESIDENCES,1.29444235984052,103.79512874632,
25,POLLEN CRESCENT,807532,POLLEN COLLECTION (U/C),1.38225911002117,103.858998006147,name_change,POLLEN COLLECTION,1.38225911002117,103.858998006147,
50,SUMANG WALK,828598,PUNGGOL SOKA CENTRE,1.41100261671728,103.898192966338,name_change,NIL,1.41096645808783,103.898190348309,
50,SERANGOON AVENUE 2,556129,BRADDELL HEIGHTS COMMUNITY CLUB (U/C),1.35161225499691,103.870367873327,name_change,BRADDELL HEIGHTS COMMUNITY CLUB (PENDING U/C),1.3516281467669,103.870443227253,
332A,TENGAH PARK AVENUE,691332,PARC MEADOW @ TENGAH,1.36515757135033,103.736192450729,name_change,PARK MEADOW @ TENGAH,1.36515757135033,103.736192450729,
39,YISHUN CLOSE,769301,NORTH GAIA,1.43604987107528,103.845378373899,name_change,NORTH GAIA (U/C),1.43603394374403,103.845363635668,
9,POLLEN PLACE,807274,POLLEN COLLECTION (U/C),1.38142093128567,103.85901676108,name_change,POLLEN COLLECTION,1.38142093128567,103.85901676108,
8,POLLEN WALK,807334,POLLEN COLLECTION (U/C),1.38169999697725,103.858961871895,name_change,POLLEN COLLECTION,1.38169999697725,103.858961871895,
5,BEDOK NORTH STREET 2,469645,NIL,1.32585711804408,103.938328168425,name_change,BEDOK SPORTS CENTRE,1.32585711804408,103.938328168425,
151,BUKIT BATOK STREET 11,650151,PROMISEDLAND STUDENT CENTRE,1.34883220300872,103.744202213575,name_change,NIL,1.34874703502592,103.744211483999,
561,YISHUN RING ROAD,768682,HONG SAN SEE TEMPLE,1.43487914001384,103.832639927171,name_change,NIL,1.43474652635984,103.832566332526,
29C,PARBURY AVENUE,465435,THE LOOKOUT (U/C),1.31730980610617,103.943245478548,name_change,THE LOOKOUT,1.31730980610617,103.943245478548,
1,POLLEN PLACE,807235,POLLEN COLLECTION (U/C),1.38135977236079,103.858805767269,name_change,POLLEN COLLECTION,1.38135977236079,103.858805767269,
5,MAPLE LANE,277550,EDEN PARK,1.32998285151222,103.792165878659,name_change,NIL,1.33003644460253,103.792249274171,
3,JALAN ANAK BUKIT,588998,SHERWOOD TOWERS,1.33950014743524,103.778815124223,name_change,BUKIT TIMAH PLAZA,1.3386316527745,103.778585430975,
21,LINDEN DRIVE,288735,NANYANG GIRLS' BOARDING SCHOOL,1.3318569515616,103.801004029961,name_change,NIL,1.33232529985715,103.800763950511,
31,THIRD HOSPITAL AVENUE,168753,SINGAPORE GENERAL HOSPITAL (BLK C),1.28110898766809,103.83668802115,name_change,BOWYER BLOCK,1.28057756670391,103.836273492049,
7,CLOVER WAY,579080,CLOVER PARK,1.35020526386262,103.843103760162,name_change,NIL,1.35028900311037,103.843175793861,
5,VANDA ROAD,287775,SAFARI HOUSE PRESCHOOL VANDA,1.33167641576664,103.798359116141,name_change,ORCHID VILLAGE,1.33167641001812,103.798359106894,
291B,JURONG EAST STREET 24,602291,JURONG EAST BREEZE,1.34341583048324,103.744086035589,name_change,NIL,1.34341583048324,103.744086035589,
31,PARBURY AVENUE,467300,THE LOOKOUT (U/C),1.31718179835871,103.943036785757,name_change,THE LOOKOUT,1.31718179835871,103.943036785757,
294,JURONG EAST STREET 24,600294,JURONG EAST BREEZE,1.34319388383525,103.74446926302,name_change,NIL,1.34319388383525,103.74446926302,
50,HAVELOCK ROAD,160050,THE BEO CRESCENT,1.28977813910144,103.826793749912,name_change,MY FIRST SKOOL,1.28977813992267,103.826793758887,
406A,JURONG WEST STREET 42,641406,JURONG ARCADIA,1.35451437287806,103.72379293844,name_change,NIL,1.35451437287806,103.72379293844,
26,CAVAN ROAD,209854,NEST HOTEL,1.31087924800926,103.861821440459,name_change,HOTEL SNOW LAVENDER,1.31087924800926,103.861821440459,
3,HAVELOCK SQUARE,59725,FORMER MINISTRY OF LABOUR BUILDING,1.2869367338449,103.844094902575,name_change,FAMILY JUSTICE COURTS,1.28685478364567,103.842938908745,
567,CHOA CHU KANG STREET 52,680567,PCF SPARKLETOTS PRESCHOOL @ LIMBANG 567 (CC),1.39513213185951,103.74587529176,name_change,NIL,1.39513213569157,103.745875286592,
822A,KEAT HONG LINK,681822,KEAT HONG GRANGE,1.3754343404318,103.749102914537,name_change,NIL,1.3754343404318,103.749102914537,
10B,JALAN JERUJU,768443,SEMBAWANG PRESBYTERIAN CHURCH,1.44126627416175,103.825640146587,name_change,EDELWEISS KINDERGARTEN SEMBAWANG PRESBYTERIAN CHURCH,1.44124434372684,103.825619949965,
16B,FARRER PARK ROAD,212016,FARRER PARK FIELDS,1.31015510098029,103.850141870986,name_change,NIL,1.31015510098029,103.850141870986,
30,JALAN ISHAK,419366,KEMBANGAN ESTATE,1.32555129952016,103.909023722654,name_change,NIL,1.3254550878903,103.909016845863,
501,OLD CHOA CHU KANG ROAD,698928,HOME TEAM ACADEMY (BLK 1),1.3728276965341,103.722414544985,name_change,HOME TEAM ACADEMY (BLK 10),1.37187204750828,103.720870792771,
24,MOUNT SINAI DRIVE,277084,MOUNT SINAI,1.31647904005557,103.78195333351,name_change,NIL,1.31652385980937,103.78201130448,
11C,MACKENZIE ROAD,228675,NIL,1.30434908677392,103.849908918351,name_change,G4 STATION BACKPACKERS HOSTEL,1.30434908677392,103.849908918351,
26,COLLEGE AVENUE WEST,138532,NUS COLLEGE,1.30789140001494,103.772683674139,name_change,YALE-NUS COLLEGE CAMPUS,1.30789140001494,103.772683674139,
61,TENGAH GARDEN WALK,699891,COPEN GRAND,1.36192865449978,103.729712493673,name_change,COPEN GRAND (U/C),1.36192865449978,103.729712493673,
40,ORCHARD ROAD,238837,MACDONALD HOUSE,1.29922058109912,103.846140168396,name_change,MACDONALD HSE,1.29922058109912,103.846140168396,
33,ERSKINE ROAD,69333,NIL,1.28082650192656,103.845399433815,name_change,THE SCARLET HOTEL,1.28082650192656,103.845399433815,
19,FARRER PARK ROAD,210019,FARRER PARK ARENA,1.31120173506295,103.849818361057,name_change,NIL,1.31120173506295,103.849818361057,
223A,JURONG EAST STREET 21,601223,PCF SPARKLETOTS PRESCHOOL @ YUHUA BLK 223A (KN),1.34137214991107,103.736754205444,name_change,NIL,1.3413721526482,103.736754200548,
2,CRAWFORD STREET,207218,GAMBLING REGULATORY AUTHORITY OF SINGAPORE (GRA),1.30714378604945,103.863559614173,name_change,ICA SERVICES CENTRE,1.3072198606128,103.863508256942,
483,TAMPINES STREET 43,520483,PCF SPARKLETOTS PRESCHOOL @ TAMPINES NORTH BLK 483 (KN),1.36143339782532,103.952685917828,name_change,NIL,1.36143340439515,103.952685912661,
8,POLLEN VIEW,806852,POLLEN COLLECTION (U/C),1.38038818639121,103.858925600966,name_change,POLLEN COLLECTION,1.38038818639121,103.858925600966,
13,HAIG ROAD,430013,MARKET & HAWKER CENTRE (BLKS 13/14 HAIG ROAD),1.31514204972284,103.895609544204,name_change,HAIG ROAD MARKET AND COOKED FOOD CENTRE,1.31510752106275,103.895587944619,
297B,LORONG 6 TOA PAYOH,319389,NIL,1.33028857436685,103.851567502968,name_change,TOA PAYOH SPORTS HALL,1.33028857436685,103.851567502968,
517,SERANGOON NORTH AVENUE 4,550517,PCF SPARKLETOTS PRESCHOOL @ JALAN KAYU 517 (CC),1.37132342574468,103.874085637987,name_change,NIL,1.37132342766086,103.874085635267,
152,ANG MO KIO AVENUE 8,569816,NANYANG POLYTECHNIC (BLK F),1.38271339743167,103.849492901449,name_change,NANYANG POLYTECHNIC,1.38111875111583,103.849736066442,
219,BISHAN STREET 23,570219,PCF SPARKLETOTS PRESCHOOL @ BISHAN NORTH 219 (CC),1.3573972751367,103.849430248207,name_change,NIL,1.35739727896901,103.849430241136,
513,BELGRAVIA DRIVE,808080,BELGRAVIA ACE (U/C),1.38132404413227,103.865315493962,name_change,BELGRAVIA ACE,1.38132404413227,103.865315493962,
524E,YISHUN STREET 53,765524,VANDA BREEZE @ YISHUN,1.42209525533145,103.851133183103,name_change,NIL,1.42209525533145,103.851133183103,
50,TANJONG RHU PLACE,436621,LOOK OUT TOWER,1.29901043177707,103.872882724991,name_change,NIL,1.29889515732433,103.873162515552,
379,BELGRAVIA DRIVE,807673,BELGRAVIA ACE (U/C),1.38100843487881,103.864931084677,name_change,BELGRAVIA ACE,1.38100843487881,103.864931084677,
25A,PARBURY AVENUE,467340,THE LOOKOUT (U/C),1.31747640079402,103.943152361804,name_change,THE LOOKOUT,1.31747640079402,103.943152361804,
402C,JURONG WEST STREET 42,643402,JURONG ARCADIA,1.3534995821915,103.723818724691,name_change,NIL,1.3534995821915,103.723818724691,
3,POLLEN PLACE,807236,POLLEN COLLECTION (U/C),1.38137695452645,103.858860267703,name_change,POLLEN COLLECTION,1.38137695452645,103.858860267703,
459A,BUKIT BATOK WEST AVENUE 8,651459,WEST BRICKVILLE @ BUKIT BATOK,1.3546900383292,103.737446382588,name_change,NIL,1.3546900383292,103.737446382588,
549,BELGRAVIA DRIVE,808098,BELGRAVIA ACE (U/C),1.38101148998466,103.865601174683,name_change,BELGRAVIA ACE,1.38101148998466,103.865601174683,
10,LORONG SARINA,416672,ACES MONTESSORI KIDZ CHILD CARE PTE. LTD.,1.31918790944868,103.908056022724,name_change,NIL,1.31918790014122,103.908056040946,
34,HONGKONG STREET,59673,NIL,1.28743955901693,103.847130213821,name_change,VINTAGE INN @ CLARKE QUAY,1.28743955901693,103.847130213821,
63,TENGAH GARDEN WALK,699892,COPEN GRAND,1.36192349991236,103.729948432183,name_change,COPEN GRAND (U/C),1.36192349991236,103.729948432183,
46C,BEDOK SOUTH AVENUE 3,463046,BEDOK SOUTH BLOSSOMS,1.32167825408843,103.942632612009,name_change,NIL,1.32167825408843,103.942632612009,
29A,PARBURY AVENUE,465433,THE LOOKOUT (U/C),1.3173090602456,103.943108359066,name_change,THE LOOKOUT,1.3173090602456,103.943108359066,
385,BELGRAVIA DRIVE,807676,BELGRAVIA ACE (U/C),1.38116331113287,103.864795292906,name_change,BELGRAVIA ACE,1.38116331113287,103.864795292906,
469,BELGRAVIA DRIVE,807917,BELGRAVIA ACE (U/C),1.3816848681596,103.86564466283,name_change,BELGRAVIA ACE,1.3816848681596,103.86564466283,
117,BUKIT BATOK WEST AVENUE 8,659860,ALTURA (U/C),1.36012332124884,103.742108001375,name_change,ALTURA,1.36012332124884,103.742108001375,
418B,TEBAN GARDENS ROAD,602418,TEBAN BREEZE,1.32159822364492,103.744665382326,name_change,NIL,1.32159822364492,103.744665382326,
9,JALAN ANAK BUKIT,589603,THE RESERVE RESIDENCES (U/C),1.33991958805043,103.776935231106,name_change,THE RESERVE RESIDENCES,1.33991958805043,103.776935231106,
129C,SERANGOON NORTH AVENUE 1,553129,SERANGOON NORTH VISTA,1.36482075946204,103.873508497326,name_change,NIL,1.36482075946204,103.873508497326,
161,ANG MO KIO AVENUE 4,560161,ANG MO KIO TOWN COUNCIL (KEBUN BARU OFFICE),1.3741402146495,103.839673303433,name_change,NIL,1.37416445374568,103.839549130658,
21,BEDOK NORTH AVENUE 4,489948,"TAOIST COLLEGE, SINGAPORE",1.33497991918563,103.949579950322,name_change,KOO CHYE BO SENG HONG TEMPLE SAN QING GONG,1.3349764000777,103.949580053235,
34,PLANTATION CLOSE,690092,OTTO PLACE (U/C),1.34793735286897,103.736758778262,name_change,OTTO PLACE,1.34793735286897,103.736758778262,
21,JALAN CHULEK,557459,SERANGOON GARDEN ESTATE,1.36622477629889,103.86767931392,name_change,NIL,1.36612405166083,103.867679523273,
555,BELGRAVIA DRIVE,808101,BELGRAVIA ACE (U/C),1.38105637773568,103.86536298033,name_change,BELGRAVIA ACE,1.38105637773568,103.86536298033,
21,QUEEN'S CLOSE,140021,HDB PUBLIC SHELTERS,1.29327264538796,103.799914659737,name_change,NIL,1.2932777500051,103.799918049241,
10,SCIENCE DRIVE 4,117555,NATIONAL UNIVERSITY OF SINGAPORE (S1A),1.29597617870529,103.778252055321,name_change,NATIONAL UNIVERSITY OF SINGAPORE,1.29608888038316,103.778256889617,
102,PLANTATION CLOSE,690102,PLANTATION VERGE,1.35087280870057,103.734634565953,name_change,NIL,1.35087280870057,103.734634565953,
493,BELGRAVIA DRIVE,807960,BELGRAVIA ACE (U/C),1.38135948583605,103.86598434345,name_change,BELGRAVIA ACE,1.38135948583605,103.86598434345,
33,FLORA DRIVE,509905,KASSIA (U/C),1.35709630624257,103.965501900375,name_change,KASSIA,1.35709630624257,103.965501900375,
27,POLLEN WALK,807479,POLLEN COLLECTION (U/C),1.38233490512264,103.859681031639,name_change,POLLEN COLLECTION,1.38233490512264,103.859681031639,
55,BINCHANG RISE,579917,LAUW AND SONS GARDEN,1.35089219222028,103.846883709109,name_change,NIL,1.35083806729891,103.846833865217,
1,SOMERSET ROAD,238162,SOMERSET MRT STATION (NS23),1.30026416739006,103.839085753124,name_change,SOMERSET MRT STATION,1.30025287710542,103.839158336848,
2,SAINT BARNABAS LANE,329353,THE ARCADY AT BOON KENG (U/C),1.32327389691932,103.86384639614,name_change,THE ARCADY AT BOON KENG,1.32327389691932,103.86384639614,
15,JALAN ANAK BUKIT,589770,THE RESERVE RESIDENCES (U/C),1.34084176825735,103.777682636132,name_change,THE RESERVE RESIDENCES,1.34084176825735,103.777682636132,
20,TRENGGANU STREET,58479,REST CHINATOWN HOTEL,1.28285932778062,103.843899634979,name_change,NIL,1.28289140330993,103.843955467485,
22,ORCHARD BOULEVARD,249628,UPPERHOUSE AT ORCHARD BOULEVARD (U/C),1.30199604255669,103.824015107233,name_change,UPPERHOUSE AT ORCHARD BOULEVARD,1.30199604255669,103.824015107233,
16,POLLEN CRESCENT,807499,POLLEN COLLECTION (U/C),1.38272711346667,103.859043635369,name_change,POLLEN COLLECTION,1.38272711346667,103.859043635369,
65,COMMONWEALTH AVENUE WEST,130065,ULU PANDAN VISTA,1.31244451597778,103.777890907325,name_change,NIL,1.31244451597778,103.777890907325,
73,LENGKONG DUA,417731,MY PREP SCHOOL (CHILDCARE),1.32536006899602,103.911864589473,name_change,NIL,1.32536023447887,103.911825615884,
503,STIRLING ROAD,148959,MDIS RESIDENCES @ STIRLING,1.29677202648703,103.800712927589,name_change,MDIS AUDITORIUM,1.29675041361959,103.800860376435,
19,POLLEN PLACE,807279,POLLEN COLLECTION (U/C),1.3814935264927,103.859275862923,name_change,POLLEN COLLECTION,1.3814935264927,103.859275862923,
128B,SERANGOON NORTH AVENUE 1,552128,SERANGOON NORTH VISTA,1.36494045551144,103.872796280055,name_change,NIL,1.36494045551144,103.872796280055,
577,BELGRAVIA DRIVE,808112,BELGRAVIA ACE (U/C),1.38080002570421,103.866036962105,name_change,BELGRAVIA ACE,1.38080002570421,103.866036962105,
531,BELGRAVIA DRIVE,808089,BELGRAVIA ACE (U/C),1.38120384123934,103.865955366169,name_change,BELGRAVIA ACE,1.38120384123934,103.865955366169,
23,POLLEN WALK,807477,POLLEN COLLECTION (U/C),1.38229475196053,103.859569151468,name_change,POLLEN COLLECTION,1.38229475196053,103.859569151468,
50,EDGEDALE PLAINS,828848,QSF - THE ENABLERS PTE LTD (STUDENT CARE @ GREENDALE PRI),1.39646367174598,103.912450421018,name_change,GREENDALE PRIMARY SCHOOL,1.39648195114256,103.91233462071,
28,HONG SAN TERRACE,688247,HOME @ HONG SAN,1.37805819344637,103.745489388933,name_change,"EVERGREEN PLACE, HOME @ HONG SAN",1.37802603889771,103.745466887052,
1,MERLIMAU ROAD,628260,NIL,1.29012463967714,103.71324832038,location_change,NIL,1.28163643468789,103.713951107482,947.0732745152792
165B,JALAN LOYANG BESAR,509837,THE SHOREFRONT (U/C),1.37917457321751,103.960077692193,name_change,THE SHOREFRONT,1.3791551466529,103.960109613673,
19,WOODLANDS INDUSTRIAL PARK E4,757721,MANDAI LIAN HUP TNG,1.45091645902879,103.795640242996,name_change,NIL,1.45093434540778,103.795420907376,
29D,PARBURY AVENUE,465436,THE LOOKOUT (U/C),1.31731007834746,103.943316052515,name_change,THE LOOKOUT,1.31731007834746,103.943316052515,
31,INTERNATIONAL BUSINESS PARK,609921,CREATIVE O PRESCHOOLERS' BAY,1.32880462855507,103.745882872825,name_change,NIL,1.32910540395565,103.746173268778,
89,SCIENCE PARK DRIVE,118261,CHERIE HEARTS @ SCIENCE PARK I PTE. LTD.,1.28797949416507,103.791337056727,name_change,CHERIE HEARTS @ SCIENCE PARK I PTE LTD,1.28797949416507,103.791337056727,
52,GHIM MOH LINK,270052,GHIM MOH NATURA,1.30877894086919,103.790177581593,name_change,NIL,1.30877894086919,103.790177581593,
11,POLLEN CRESCENT,807525,POLLEN COLLECTION (U/C),1.38244392833535,103.859326386819,name_change,POLLEN COLLECTION,1.38244392833535,103.859326386819,
2,BEATTY ROAD,209954,UMAR PULAVAR TAMIL LANGUAGE CENTRE (U/C),1.31438609169912,103.858938382748,name_change,UMAR PULAVAR TAMIL LANGUAGE CENTRE,1.31437012724792,103.858918904969,
2,JALAN MERDU,548651,SCHOOL HOUSE BYTHEGARDEN @ SENGKANG PTE. LTD.,1.39167651775815,103.900382210559,name_change,BEAUTY GARDEN,1.39168887721389,103.900386351553,
30,CHANGI FERRY ROAD,499675,CHANGI FERRY TERMINAL CHECKPOINT,1.37308982284355,104.007842093391,name_change,CHANGI FERRY TERMINAL,1.37307142144945,104.007775878413,
262A,COMPASSVALE STREET,541262,PCF SPARKLETOTS PRESCHOOL @ SENGKANG CENTRAL 262A (CC),1.39554139258566,103.894940561242,name_change,COMPASSVALE NORTH GATE,1.39554139723917,103.894940558522,
37,POLLEN VIEW,807197,POLLEN COLLECTION (U/C),1.38101374625708,103.859747983002,name_change,POLLEN COLLECTION,1.38101374625708,103.859747983002,
545,BELGRAVIA DRIVE,808096,BELGRAVIA ACE (U/C),1.38098154363227,103.865760198198,name_change,BELGRAVIA ACE,1.38098154363227,103.865760198198,
679,CHOA CHU KANG CRESCENT,680679,KINDERYEARS CHILDCARE & DEVELOPMENT CENTRE,1.40248288767082,103.744473228702,name_change,NIL,1.40262029061291,103.744715544736,
35,PARBURY AVENUE,465445,THE LOOKOUT (U/C),1.31730904667417,103.942784196563,name_change,THE LOOKOUT,1.31730904667417,103.942784196563,
559,BELGRAVIA DRIVE,808103,BELGRAVIA ACE (U/C),1.38094624740087,103.865260277445,name_change,BELGRAVIA ACE,1.38094624740087,103.865260277445,
419A,FERNVALE LINK,791419,FERNVALE SAILS,1.39326531101486,103.879449859785,name_change,NIL,1.39326531101486,103.879449859785,
65B,COMMONWEALTH AVENUE WEST,132065,ULU PANDAN VISTA,1.31245649651275,103.778288140825,name_change,NIL,1.31245649651275,103.778288140825,
373,BELGRAVIA DRIVE,809824,BELGRAVIA ACE (U/C),1.38105337676564,103.864692591132,name_change,BELGRAVIA ACE,1.38105337676564,103.864692591132,
2,YISHUN STREET 42,768039,XCL WORLD ACADEMY,1.42417897859263,103.850354892277,name_change,NIL,1.42515128796705,103.851089615155,
54,CHIN SWEE ROAD,160054,JALAN BESAR TOWN COUNCIL (CHIN SWEE OFFICE),1.28743429136508,103.84123302078,name_change,NIL,1.28743641379469,103.841175875514,
2,SEAH IM ROAD,99114,"WOK ""N"" ROLL",1.26653552438031,103.819154137931,name_change,SEAH IM FOOD CENTRE,1.26656813225079,103.819248035765,
529,YISHUN STREET 53,760529,ARANDA BREEZE @ YISHUN,1.4241643729817,103.852962218674,name_change,NIL,1.4241643729817,103.852962218674,
11,SENTUL CRESCENT,828656,PUNGGOL SPORTS CENTRE,1.40856028299114,103.906845295414,name_change,PUNGGOL REGIONAL SPORTS CENTRE,1.40856028299114,103.906845295414,
35B,PARBURY AVENUE,465447,THE LOOKOUT (U/C),1.31730946190505,103.942914652697,name_change,THE LOOKOUT,1.31730946190505,103.942914652697,
79,TAMPINES STREET 62,529703,TENET,1.36870241487034,103.942183216283,name_change,TENET (U/C),1.36870241487034,103.942183216283,
569,BELGRAVIA DRIVE,808108,BELGRAVIA ACE (U/C),1.3808712783641,103.865657542621,name_change,BELGRAVIA ACE,1.3808712783641,103.865657542621,
13,POLLEN VIEW,807177,POLLEN COLLECTION (U/C),1.38082859439504,103.859088063073,name_change,POLLEN COLLECTION,1.38082859439504,103.859088063073,
475,BUKIT BATOK WEST AVENUE 5,650475,WEST GLADES @ BUKIT BATOK,1.35710168292617,103.746177231805,name_change,NIL,1.35710168292617,103.746177231805,
23,POLLEN PLACE,807281,POLLEN COLLECTION (U/C),1.38152243947649,103.859379056418,name_change,POLLEN COLLECTION,1.38152243947649,103.859379056418,
11,BEDOK NORTH STREET 1,469662,SINGHEALTH POLYCLINICS (BEDOK POLYCLINIC),1.32671219591036,103.932029527683,name_change,BEDOK PUBLIC LIBRARY,1.32662388643563,103.931806159881,
33D,HONGKONG STREET,59672,NIL,1.28743955901693,103.847130213821,name_change,VINTAGE INN @ CLARKE QUAY,1.28743955901693,103.847130213821,
9,POLLEN WALK,807470,POLLEN COLLECTION (U/C),1.38214712391681,103.859208485757,name_change,POLLEN COLLECTION,1.38214712391681,103.859208485757,
37,YISHUN CLOSE,769300,NORTH GAIA,1.43616087275784,103.845103477164,name_change,NORTH GAIA (U/C),1.43615956710933,103.84509259687,
824A,KEAT HONG LINK,681824,KEAT HONG GRANGE,1.37392459380546,103.748455592259,name_change,NIL,1.37392459380546,103.748455592259,
809C,ANG MO KIO STREET 82,563809,PINE VILLE @ AMK,1.37649304220001,103.854110966702,name_change,NIL,1.37649304220001,103.854110966702,
24,POLLEN PLACE,807228,POLLEN COLLECTION (U/C),1.38113615557848,103.85939145207,name_change,POLLEN COLLECTION,1.38113615557848,103.85939145207,
2,POLLEN CRESCENT,807480,POLLEN COLLECTION (U/C),1.38292202816602,103.859368952901,name_change,POLLEN COLLECTION,1.38292202816602,103.859368952901,
156A,RIVERVALE CRESCENT,541156,SENGKANG TOWN COUNCIL (RIVERVALE OFFICE),1.39155979848419,103.907028572529,name_change,RIVERVALE GREEN,1.39166448563591,103.906957251108,
229,CHOA CHU KANG CENTRAL,680229,EARLY LEARNING CENTRE PTE LTD,1.38065374616798,103.746367294001,name_change,NIL,1.38065374945261,103.746367289377,
47B,BEDOK SOUTH AVENUE 3,462047,BEDOK SOUTH BLOSSOMS,1.32267640653852,103.943083310429,name_change,NIL,1.32267640653852,103.943083310429,
126,PENDING ROAD,670126,BUKIT PANJANG FIRE POST,1.37621716161119,103.77012332087,name_change,NIL,1.37636193636024,103.769918847342,
8,JURONG WEST STREET 51,649332,NASCANS @ SHUQUN,1.34760285244673,103.721459527674,name_change,MOE KINDERGARTEN @ SHUQUN,1.34686967259067,103.721559387203,
68,SUNGEI KADUT STREET 1,729370,SUNGEI KADUT INDUSTRIAL ESTATE,1.42435330316999,103.751654695634,name_change,NIL,1.42394953663221,103.750776960165,
21,TAMPINES STREET 71,529067,POI CHING SCHOOL,1.35765122315688,103.935246477199,name_change,NASCANS @ POI CHING,1.35765121877679,103.935246486174,
6,ANG MO KIO STREET 53,569205,CHENG SAN COMMUNITY CLUB (U/C),1.37191523463477,103.849375024665,name_change,CHENG SAN COMMUNITY CLUB (PENDING U/C),1.37178045438826,103.849569974207,
337,SEMBAWANG CRESCENT,750337,PCF SPARKLETOTS PRESCHOOL @ CANBERRA 337 (CC),1.44615096523652,103.815651974178,name_change,NIL,1.44615096906869,103.815651965202,
57,TENGAH GARDEN WALK,699912,COPEN GRAND,1.36149804974031,103.73043949934,name_change,COPEN GRAND (U/C),1.36149804974031,103.73043949934,
43,YISHUN CLOSE,769303,NORTH GAIA,1.43548696726371,103.845673344342,name_change,NORTH GAIA (U/C),1.43548103497262,103.845665343006,
116,MIMOSA CRESCENT,808064,SELETAR HILLS ESTATE,1.38494588019627,103.863498621737,name_change,NIL,1.38501287393818,103.863511248205,
165A,JALAN LOYANG BESAR,509836,THE SHOREFRONT (U/C),1.37913982177449,103.960012252899,name_change,THE SHOREFRONT,1.3791551466529,103.960109613673,
542,CHOA CHU KANG STREET 52,680542,CHOW & CHOWS CHILDCARE & EARLY LEARNING CENTRE (CCK 542) LTD.,1.39360500894625,103.744792623445,name_change,NIL,1.39360501825299,103.744792619365,
845,YISHUN STREET 81,760845,KHATIB CENTRAL,1.4160188050375,103.835000766612,name_change,KAHTIB CENTRAL,1.4160188050375,103.835000766612,
13,POLLEN WALK,807472,POLLEN COLLECTION (U/C),1.38219303509589,103.859317591233,name_change,POLLEN COLLECTION,1.38219303509589,103.859317591233,
1,CASHEW ROAD,679696,CASHEW MRT STATION (DT2),1.36981544925552,103.76443921414,name_change,NIL,1.37002390815881,103.764505614295,
518A,MILTONIA CLOSE,761518,MILTONIA BREEZE @ YISHUN,1.41821317149286,103.85030757168,name_change,NIL,1.41821317149286,103.85030757168,
12,POLLEN PLACE,807205,POLLEN COLLECTION (U/C),1.38104004851578,103.859044558281,name_change,POLLEN COLLECTION,1.38104004851578,103.859044558281,
238,THOMSON ROAD,307683,VELOCITY @ NOVENA SQUARE,1.31978949204523,103.844033569199,name_change,NOVENA SQUARE,1.31996748439185,103.843850630993,
10,SENGKANG CENTRAL,545061,BUANGKOK MRT STATION (NE15),1.38287001971672,103.893122569706,name_change,BUANGKOK MRT STATION,1.38369417199994,103.893049981318,
293,JURONG EAST STREET 24,600293,JURONG EAST BREEZE,1.3435002948629,103.74443924567,name_change,NIL,1.3435002948629,103.74443924567,
431,BELGRAVIA DRIVE,807802,BELGRAVIA ACE (U/C),1.38162007874699,103.864598725333,name_change,BELGRAVIA ACE,1.38162007874699,103.864598725333,
35,FLORA DRIVE,509906,KASSIA (U/C),1.35709630624257,103.965501900375,name_change,KASSIA,1.35709630624257,103.965501900375,
121,ANG MO KIO AVENUE 3,560121,PCF SPARKLETOTS PRESCHOOL @ YIO CHU KANG BLK 121 (KN),1.36970226464475,103.84343759746,name_change,NIL,1.36970563478325,103.843515981311,
25,ALMOND CRESCENT,677781,THE CHILDREN'S CAMPUS,1.37328301559037,103.772967400818,name_change,MERA GARDENS,1.37328302243363,103.772967398098,
1,POLLEN WALK,807345,POLLEN COLLECTION (U/C),1.38205306051592,103.858811266484,name_change,POLLEN COLLECTION,1.38205306051592,103.858811266484,
825,UPPER THOMSON ROAD,787140,SPRINGLEAF MRT STATION (TE4),1.39758106126824,103.817856949947,name_change,NIL,1.39877233345994,103.817994545939,
2001A,UPPER CHANGI ROAD NORTH,508898,SELARANG FIRE TRAINING GROUND,1.37074735498996,103.981658138174,name_change,NIL,1.37062214569753,103.981287709616,
6,RAFFLES BOULEVARD,39594,PSB ACADEMY CITY CAMPUS,1.29120773882285,103.857540736886,name_change,MARINA SQUARE,1.29185533273026,103.85857808906,
326B,TENGAH PARK AVENUE,692326,PARC MEADOW @ TENGAH,1.36457562719055,103.735523137227,name_change,PARK MEADOW @ TENGAH,1.36457562719055,103.735523137227,
12,COLDSTREAM AVENUE,459599,FRANKEL ESTATE,1.31119762957532,103.918364507641,name_change,NIL,1.31118121892624,103.918303404961,
330A,TENGAH PARK AVENUE,691330,PARC MEADOW @ TENGAH,1.36668728839636,103.736419863319,name_change,PARK MEADOW @ TENGAH,1.36668728839636,103.736419863319,
19,POLLEN CRESCENT,807529,POLLEN COLLECTION (U/C),1.38234105998443,103.85913782351,name_change,POLLEN COLLECTION,1.38234105998443,103.85913782351,
299,LORONG 6 TOA PAYOH,319390,NIL,1.33028857436685,103.851567502968,name_change,TOA PAYOH SPORTS HALL,1.33028857436685,103.851567502968,
446,PASIR RIS DRIVE 6,510446,CENTRAL 24-HR CLINIC (PASIR RIS),1.37031157066559,103.957565573283,name_change,NIL,1.37030619298608,103.95772686444,
74,GRANGE ROAD,249578,GRANGE 1866,1.2998826225442,103.828975333714,name_change,NIL,1.2998826225442,103.828975333714,
41,YISHUN CLOSE,769302,NORTH GAIA,1.43580016101414,103.84556329937,name_change,NORTH GAIA (U/C),1.43580423395908,103.845549082372,
582,YIO CHU KANG ROAD,787069,THOMSON GROVE,1.38409287437266,103.836216324745,name_change,NIL,1.38413839872397,103.836337214261,
575,BELGRAVIA DRIVE,808111,BELGRAVIA ACE (U/C),1.38081497315788,103.865957603616,name_change,BELGRAVIA ACE,1.38081497315788,103.865957603616,
307,BEDOK NORTH ROAD,469680,KIDS' LOFT STUDENT CARE @ FENGSHAN,1.3297844580718,103.931824413157,name_change,FENGSHAN PRIMARY SCHOOL,1.32980598760785,103.931710293058,
16,COLLEGE AVENUE WEST,138527,NUS COLLEGE,1.30642273791527,103.771795452114,name_change,YALE-NUS COLLEGE,1.30630452078538,103.771789872765,
39A,PARBURY AVENUE,465451,THE LOOKOUT (U/C),1.31753694792912,103.942880914613,name_change,THE LOOKOUT,1.31753694792912,103.942880914613,
1,MANDAI LINK,728650,FILLING STATION AT MANDAI LINK,1.41118971496271,103.757754240314,name_change,NIL,1.41103060893885,103.758162469457,
7,JALAN ANAK BUKIT,589602,THE RESERVE RESIDENCES (U/C),1.33925969146384,103.777399760922,name_change,THE RESERVE RESIDENCES,1.33925969146384,103.777399760922,
70A,BEDOK RESERVOIR ROAD,479312,EUNOS COMMUNITY CLUB (TEMP OFFICE),1.33230754120576,103.913455267951,name_change,TEMPORARY SITE OFFICE,1.33242605678847,103.913396070774,
121,GEYLANG EAST CENTRAL,380121,FC,1.31804549523722,103.885311479882,name_change,NIL,1.3179301794665,103.885314531751,
303A,PASIR PANJANG ROAD,119477,HARBOUR RESIDENCES (U/C),1.28701469938364,103.779005070862,name_change,HARBOUR RESIDENCES,1.28701469938364,103.779005070862,
102A,PLANTATION CLOSE,691102,PLANTATION VERGE,1.35104929333639,103.734755311012,name_change,NIL,1.35104929333639,103.734755311012,
20,MARINA VIEW,18963,W RESIDENCES MARINA VIEW – SINGAPORE (U/C),1.27670307917562,103.849736169355,name_change,MARINA VIEW RESIDENCES,1.27670307917562,103.849736169355,
17,POLLEN PLACE,807278,POLLEN COLLECTION (U/C),1.38147887907791,103.859223587039,name_change,POLLEN COLLECTION,1.38147887907791,103.859223587039,
551,BELGRAVIA DRIVE,808099,BELGRAVIA ACE (U/C),1.38102641032083,103.865522074566,name_change,BELGRAVIA ACE,1.38102641032083,103.865522074566,
215M,PONGGOL SEVENTEENTH AVENUE,829762,WHITE COVE (U/C),1.41469220064287,103.902753393982,name_change,WHITE COVE,1.41469220064287,103.902753393982,
626,PASIR RIS DRIVE 3,510626,HDB PUBLIC SHELTERS,1.37979337993307,103.940918757328,name_change,NIL,1.37980085474172,103.940918757392,
483,FERNVALE DRIVE,790483,FERNVALE OASIS,1.40020312640826,103.876313235962,name_change,NIL,1.40020312640826,103.876313235962,
10,CIRCUIT LINK,378956,MACPHERSON MRT STATION (DT26),1.32615024457361,103.889298600376,name_change,NIL,1.32628415319164,103.888527791868,
28,PLANTATION CLOSE,690099,OTTO PLACE (U/C),1.34793735286897,103.736758778262,name_change,OTTO PLACE,1.34793735286897,103.736758778262,
33,HONGKONG STREET,59672,NIL,1.28743955874319,103.847130213549,name_change,VINTAGE INN @ CLARKE QUAY,1.28743955874319,103.847130213549,
571,BELGRAVIA DRIVE,808109,BELGRAVIA ACE (U/C),1.38085632571814,103.865737001202,name_change,BELGRAVIA ACE,1.38085632571814,103.865737001202,
102C,PLANTATION CLOSE,693102,PLANTATION VERGE,1.35101964240157,103.73390179655,name_change,NIL,1.35101964240157,103.73390179655,
736,WOODLANDS CIRCLE,730736,FROBEL PRESCHOOL WOODLANDS PTE. LTD.,1.44283764127033,103.796814125448,name_change,NIL,1.44283764811354,103.79681411892,
17,POLLEN WALK,807474,POLLEN COLLECTION (U/C),1.38222178410535,103.85942131104,name_change,POLLEN COLLECTION,1.38222178410535,103.85942131104,
113A,BUKIT BATOK WEST AVENUE 6,651113,NKF DIALYSIS CENTRE,1.34985034118806,103.745279954109,name_change,SKY VISTA @ BUKIT BATOK,1.34995908935029,103.745361698743,
671A,JURONG WEST STREET 65,641671,MY FIRST SKOOL,1.3439721914708,103.702307667142,name_change,NIL,1.34404660790141,103.702361146078,
11,WOODLANDS CLOSE,737853,BETHESDA CHRISTIAN CENTRE,1.43482603452741,103.802773360648,name_change,CALROSE ACADEMY PTE. LTD.,1.43475840297332,103.802721060156,
210,BOON LAY PLACE,640210,NEIGHBOURHOOD POLICE POST BOON LAY,1.34764040805997,103.712965004525,name_change,BOON LAY PLACE,1.3477905271577,103.713134476591,
523,BELGRAVIA DRIVE,808085,BELGRAVIA ACE (U/C),1.38126370904581,103.865637664797,name_change,BELGRAVIA ACE,1.38126370904581,103.865637664797,
10,POLLEN PLACE,807204,POLLEN COLLECTION (U/C),1.3810253986308,103.858992395008,name_change,POLLEN COLLECTION,1.3810253986308,103.858992395008,
201,SERANGOON CENTRAL,550201,NKF DIALYSIS CENTRE SERANGOON,1.35106789029169,103.873396887806,name_change,NIL,1.35097779933054,103.873595480638,
13,JALAN ANAK BUKIT,589605,THE RESERVE RESIDENCES (U/C),1.34051114297432,103.777460370071,name_change,THE RESERVE RESIDENCES,1.34051114297432,103.777460370071,
44,JALAN MERAH SAGA,278116,% ARABICA,1.31156943730169,103.796647802546,name_change,NIL,1.31192195425084,103.796844037126,
15,POLLEN CRESCENT,807527,POLLEN COLLECTION (U/C),1.38239626512235,103.859230483791,name_change,POLLEN COLLECTION,1.38239626512235,103.859230483791,
33C,HONGKONG STREET,59672,NIL,1.28743955901693,103.847130213821,name_change,RIVER CITY INN,1.28745127669101,103.847132947727,
475,BELGRAVIA DRIVE,807920,BELGRAVIA ACE (U/C),1.38164917079809,103.865834750012,name_change,BELGRAVIA ACE,1.38164917079809,103.865834750012,
823,KEAT HONG LINK,680823,KEAT HONG GRANGE,1.37430732894525,103.748566632809,name_change,NIL,1.37430732894525,103.748566632809,
32,GILSTEAD ROAD,309075,32 GILSTEAD (U/C),1.31763797210019,103.839239630907,name_change,32 GILSTEAD,1.31763797210019,103.839239630907,
377,BELGRAVIA DRIVE,807672,BELGRAVIA ACE (U/C),1.38102341295559,103.864851586104,name_change,BELGRAVIA ACE,1.38102341295559,103.864851586104,
5,LENGKONG TIGA,417408,KAMPONG KEMBANGAN COMMUNITY CLUB (U/C),1.32315520137795,103.912698649271,name_change,KAMPONG KEMBANGAN COMMUNITY CLUB,1.32315520137795,103.912698649271,
150,SERANGOON AVENUE 3,554533,LORONG CHUAN MRT STATION (CC14),1.35161217074555,103.864151938651,name_change,LORONG CHUAN MRT STATION,1.35153128621585,103.864812169514,
43,JALAN CHENGAM,578326,SEMBAWANG HILLS ESTATE,1.37340372238288,103.831969558161,name_change,NIL,1.37343665922397,103.831866676443,
31A,PARBURY AVENUE,465437,THE LOOKOUT (U/C),1.31718383099566,103.943106997802,name_change,THE LOOKOUT,1.31718383099566,103.943106997802,
411,BELGRAVIA DRIVE,807709,BELGRAVIA ACE (U/C),1.38139412086788,103.864945659761,name_change,BELGRAVIA ACE,1.38139412086788,103.864945659761,
46,WEST COAST TERRACE,127253,WEST COAST GARDENS,1.3136425881728,103.758021266008,name_change,NIL,1.31369657569422,103.758103775196,
41,TEBAN GARDENS ROAD,600041,PCF SPARKLETOTS PRESCHOOL @ AYER RAJAH 41 (CC),1.32158738006702,103.740986923629,name_change,NIL,1.32158737897173,103.740986913838,
160A,JALAN TECK WHYE,681160,MULTI STOREY CAR PARK,1.38041525424501,103.757295587899,name_change,FOODCOURT,1.38049639723272,103.757079964941,
433,CHOA CHU KANG AVENUE 4,680433,SHEFFIELD KIDSWORLD (CCK) PTE. LTD.,1.38489827735796,103.741651454193,name_change,NIL,1.38493078338858,103.741771823351,
29B,PARBURY AVENUE,465434,THE LOOKOUT (U/C),1.31730981955016,103.943176919096,name_change,THE LOOKOUT,1.31730981955016,103.943176919096,
20,THOMSON TERRACE,574551,THOMSON HILLS ESTATE,1.37898257055972,103.830958460565,name_change,THOMSON HILLS ESTATE (U/C),1.37898423951944,103.830969206228,
591,WOODLANDS DRIVE 17,730591,WOODLANDS SOUTH PLAINS,1.42639164403187,103.795515770647,name_change,NIL,1.42639164403187,103.795515770647,
397,BELGRAVIA DRIVE,807682,BELGRAVIA ACE (U/C),1.38148987167077,103.86443771014,name_change,BELGRAVIA ACE,1.38148987167077,103.86443771014,
507,BELGRAVIA DRIVE,807967,BELGRAVIA ACE (U/C),1.38145491164927,103.865477674363,name_change,BELGRAVIA ACE,1.38145491164927,103.865477674363,
519,MILTONIA CLOSE,760519,MILTONIA BREEZE @ YISHUN,1.41877206919692,103.850586731094,name_change,NIL,1.41877206919692,103.850586731094,
215L,PONGGOL SEVENTEENTH AVENUE,829761,WHITE COVE (U/C),1.41461905070362,103.902721062966,name_change,WHITE COVE,1.41461905070362,103.902721062966,
950,UPPER BUKIT TIMAH ROAD,678213,BUKIT PANJANG MRT STATION (DT1),1.37900211641036,103.761535114929,name_change,NIL,1.37820897327993,103.762263555981,
36,POLLEN PLACE,807234,POLLEN COLLECTION (U/C),1.38121089614952,103.859734254249,name_change,POLLEN COLLECTION,1.38121089614952,103.859734254249,
4A,RUSSELS ROAD,118283,CANTERBURY BABY COVE PTE. LTD.,1.28494407458368,103.796267783508,name_change,NIL,1.28494406993013,103.796267778341,
25,LORONG 29 GEYLANG,388074,ATHENA VILLE,1.31507946592972,103.885668313079,name_change,NIL,1.31500363716868,103.885816035788,
431,PUNGGOL ROAD,546654,THE LITTLE KIDS HOUSE - VEGETARIAN,1.39219326293479,103.901014104505,name_change,BEAUTY GARDEN,1.39219339624406,103.90101405256,
35C,PARBURY AVENUE,465448,THE LOOKOUT (U/C),1.31730920785041,103.942977189845,name_change,THE LOOKOUT,1.31730920785041,103.942977189845,
519A,MILTONIA CLOSE,761519,MILTONIA BREEZE @ YISHUN,1.41928906498783,103.850240361199,name_change,NIL,1.41928906498783,103.850240361199,
12,FIRST AVENUE,268748,VEREINIGUNG DEUTSCHES HAUS (GERMAN CLUB),1.32806945688319,103.800116938843,name_change,NIL,1.32814470412176,103.800115841509,
11,ARTS LINK,117573,NATIONAL UNIVERSITY OF SINGAPORE (AS1),1.29519412875683,103.772142591322,name_change,NATIONAL UNIVERSITY OF SINGAPORE,1.29496551328462,103.77122156673,
42,POLLEN VIEW,806993,POLLEN COLLECTION (U/C),1.38064608891445,103.859845889685,name_change,POLLEN COLLECTION,1.38064608891445,103.859845889685,
485A,FERNVALE DRIVE,791485,FERNVALE OASIS,1.39945056434308,103.876976641799,name_change,NIL,1.39945056434308,103.876976641799,
6,LAKME STREET,456903,OPERA ESTATE,1.31679911104955,103.927713798947,name_change,LEARNINGHILL EDUCARE PTE LTD,1.31676040440232,103.927664517091,
32,CHAI CHEE AVENUE,461032,PCF SPARKLETOTS PRESCHOOL @ KEMBANGAN CHAI CHEE 32 (CC),1.32371729072048,103.925001092941,name_change,ANSAR GARDEN,1.32371728387748,103.92500108451,
485,BELGRAVIA DRIVE,807956,BELGRAVIA ACE (U/C),1.38130961681225,103.866248980501,name_change,BELGRAVIA ACE,1.38130961681225,103.866248980501,
50,GUL ROAD,629351,NIL,1.28789604261493,103.665469812875,location_change,NIL,1.29275911265389,103.668876550303,660.1779135635131
22,CROSS STREET,48421,NIL,1.28423869111672,103.846705363258,name_change,CROSS STREET EXCHANGE,1.28423869111672,103.846705363258,
26,EVANS ROAD,259367,THE INITIAL SAMA,1.31874454303372,103.820233186205,name_change,YO:HA @ EVANS,1.31874454303372,103.820233186205,
145,MEI LING STREET,140145,PCF SPARKLETOTS PRESCHOOL @ QUEENSTOWN 145 (CC),1.29381815215672,103.804886574515,name_change,NIL,1.2938137291276,103.805027900908,
201,PANDAN GARDENS,609337,CALVARY PANDAN KINDERGARTEN,1.3212126380475,103.74598371945,name_change,CALVARY PANDAN BIBLE-PRESBYTERIAN CHURCH,1.32103078825939,103.746110493966,
557,BELGRAVIA DRIVE,808102,BELGRAVIA ACE (U/C),1.38107134350773,103.86528357396,name_change,BELGRAVIA ACE,1.38107134350773,103.86528357396,
590A,WOODLANDS DRIVE 17,731590,WOODLANDS SOUTH PLAINS,1.42721261855993,103.796861349272,name_change,NIL,1.42721261855993,103.796861349272,
39,POLLEN VIEW,807198,POLLEN COLLECTION (U/C),1.38102821519503,103.859799514194,name_change,POLLEN COLLECTION,1.38102821519503,103.859799514194,
266,COMPASSVALE BOW,540266,SENGKANG TOWN COUNCIL (SENGKANG OFFICE),1.38199703112006,103.897031077664,name_change,NIL,1.38187771301641,103.897039857818,
87,MARSHALL ROAD,424885,87 MARSHALL (U/C),1.30611482731069,103.901282674604,name_change,87 MARSHALL,1.30611482731069,103.901282674604,
26B,CAVAN ROAD,209854,NEST HOTEL,1.31087924800926,103.861821440459,name_change,HOTEL SNOW LAVENDER,1.31087924800926,103.861821440459,
35A,PARBURY AVENUE,465446,THE LOOKOUT (U/C),1.3173086169742,103.942850942482,name_change,THE LOOKOUT,1.3173086169742,103.942850942482,
391,BELGRAVIA DRIVE,807679,BELGRAVIA ACE (U/C),1.38120820783759,103.86455701475,name_change,BELGRAVIA ACE,1.38120820783759,103.86455701475,
1,SCIENCE DRIVE 2,117541,NATIONAL UNIVERSITY OF SINGAPORE (S15),1.2971588489482,103.780197588142,name_change,NATIONAL UNIVERSITY OF SINGAPORE,1.29546718144446,103.779773950198,
74,SENOKO DRIVE,758241,SENOKO INDUSTRIAL ESTATE,1.46584943646188,103.80893473528,name_change,NIL,1.46572898227664,103.809102955239,
30,WOODLANDS AVENUE 2,738343,WOODLANDS MRT STATION (NS9),1.43681962961519,103.786066799253,name_change,NIL,1.43681436169078,103.785325969402,
519B,MILTONIA CLOSE,762519,MILTONIA BREEZE @ YISHUN,1.41899222992341,103.850807774197,name_change,NIL,1.41899222992341,103.850807774197,
465,BELGRAVIA DRIVE,807915,BELGRAVIA ACE (U/C),1.38171562507198,103.865482399447,name_change,BELGRAVIA ACE,1.38171562507198,103.865482399447,
5,BOON KENG ROAD,330005,STAR LEARNERS @ BOON KENG PTE. LTD.,1.31629996756972,103.860397464414,name_change,NIL,1.31629995826281,103.860397463054,
25,TRENGGANU STREET,58476,NIL,1.28256767941304,103.844175159658,name_change,HOTEL CALMO CHINATOWN,1.28256767941304,103.844175159658,
137,JALAN BUKIT MERAH,160137,MY FIRST SKOOL,1.27814726246793,103.826958974609,name_change,NIL,1.27814726027803,103.826958969986,
349,CORPORATION DRIVE,610349,NTUC ELDERCARE CENTRE SILVER CIRCLE (TAMAN JURONG),1.3395790060402,103.719356718857,name_change,NIL,1.33953419646662,103.719166865639,
516,MILTONIA CLOSE,760516,MILTONIA BREEZE @ YISHUN,1.41929218803885,103.848959084357,name_change,NIL,1.41929218803885,103.848959084357,
24,COLLEGE AVENUE WEST,138531,NUS COLLEGE,1.30769533190976,103.7726333349,name_change,YALE-NUS COLLEGE CAMPUS,1.30769533190976,103.7726333349,
9,JALAN REBANA,576988,FABER GARDEN,1.36346249831146,103.828482621271,name_change,NIL,1.36350426265164,103.828531312668,
233,CHOA CHU KANG CENTRAL,680233,HDB PUBLIC SHELTERS,1.38017230456915,103.747390682986,name_change,NIL,1.3803055953649,103.747293951775,
433,BELGRAVIA DRIVE,807803,BELGRAVIA ACE (U/C),1.38163415397796,103.864524101431,name_change,BELGRAVIA ACE,1.38163415397796,103.864524101431,
126,BALESTIER ROAD,329681,THE SALVATION ARMY BALESTIER CORPS,1.31944221179283,103.854024104073,name_change,NIL,1.31940607066815,103.853945651921,
88,BOON LAY PLACE,649883,LITTLE EXPLORERS COVE @ BOON LAY,1.34775854852227,103.711179883377,name_change,HOCKEY VILLAGE,1.34749841015121,103.71119757097,
537,BELGRAVIA DRIVE,808092,BELGRAVIA ACE (U/C),1.38117012965807,103.866134877377,name_change,BELGRAVIA ACE,1.38117012965807,103.866134877377,
20,TOH YI DRIVE,596569,BUKIT TIMAH COMMUNITY CLUB,1.34044437484729,103.771709459352,name_change,BUKIT TIMAH COMMUNITY CLUB (PENDING U/C),1.34044437484729,103.771709459352,
1,CLUNY ROAD,259569,SINGAPORE BOTANIC GARDENS (BANDSTAND GAZEBO),1.31038657419727,103.816319662593,name_and_location_change,NATIONAL PARKS BOARD (NPARKS),1.31568827087057,103.816190606231,589.6963173309879
3,NORTHUMBERLAND ROAD,219569,PICCADILLY GRAND,1.311250279155,103.852455288833,name_change,PICCADILLY GRAND (U/C),1.311250279155,103.852455288833,
82,TELOK BLANGAH DRIVE,100082,WEST COAST TOWN COUNCIL (TELOK BLANGAH SERVICE CENTRE),1.27368227268844,103.807651779829,name_change,TELOK BLANGAH MARKET,1.27389076775628,103.807900337544,
41,NANYANG CRESCENT,637472,ELECTROMAGNETIC EFFECTS RESEARCH LAB (EMERL),1.35177695241311,103.679018165262,name_change,ELECTROMAGNETIC EFFECTS RESEARCH LAB,1.3517529647242,103.679009338976,
993,JURONG WEST STREET 93,640993,JURONG WEST CRYSTAL,1.33666121249097,103.693455495264,name_change,NIL,1.33666121249097,103.693455495264,
20,COLLEGE AVENUE WEST,138529,NUS COLLEGE,1.30705741093022,103.772529916797,name_change,YALE-NUS COLLEGE CAMPUS,1.30705741093022,103.772529916797,
20,PLANTATION CLOSE,690096,OTTO PLACE (U/C),1.34793735286897,103.736758778262,name_change,OTTO PLACE,1.34793735286897,103.736758778262,
633,ANG MO KIO AVENUE 6,560633,YIO CHU KANG COMMUNITY CLUB (TEMP OFFICE),1.38116903440473,103.842162414128,name_change,NKF DIALYSIS CENTRE ANG MO KIO,1.38120447407275,103.842513754208,
822B,KEAT HONG LINK,682822,KEAT HONG GRANGE,1.37499091145406,103.748249200839,name_change,NIL,1.37499091145406,103.748249200839,
18,POLLEN PLACE,807208,POLLEN COLLECTION (U/C),1.38109386973247,103.859231190163,name_change,POLLEN COLLECTION,1.38109386973247,103.859231190163,
17,PETIR ROAD,678278,PCF SPARKLETOTS PRESCHOOL @ CASHEW (CC),1.37834972034942,103.76274117487,name_change,BUKIT PANJANG INTEGRATED TRANSPORT HUB,1.37843100800213,103.762842789877,
1D,CLUNY ROAD,259600,SINGAPORE BOTANIC GARDENS SEED BANK,1.31790843581655,103.816189656291,name_change,NIL,1.31790843581655,103.816189656291,
200,ANG MO KIO AVENUE 5,569878,SHG STUDENT CARE (MAYFLOWER PRIMARY SCHOOL),1.37639873282244,103.843165756947,name_change,MAYFLOWER PRIMARY SCHOOL,1.37637683547682,103.843252803742,
50,TELOK BLANGAH WAY,98801,SEKOLAH UGAMA RADIN MAS,1.27513200175593,103.819357659438,name_change,MASJID AL-AMIN,1.27520461393923,103.81927883949,
90,WOODLANDS DRIVE 16,737878,NEW LIFE CHILDREN & STUDENT CARE,1.43012344966325,103.794238188873,name_change,COVENANT EVANGELICAL FREE CHURCH,1.43017235457067,103.794292529493,
23,PARBURY AVENUE,467337,THE LOOKOUT (U/C),1.31742935333518,103.943071382553,name_change,THE LOOKOUT,1.31742935333518,103.943071382553,
264,SERANGOON CENTRAL,550264,NTUC ELDERCARE CENTRE SILVER CIRCLE (SERANGOON CENTRAL),1.35246731376429,103.87210276228,name_change,BRADDELL HEIGHTS COMMUNITY HUB,1.35227408330171,103.872103199544,
25D,SUNGEI KADUT STREET 1,729332,SUNGEI KADUT INDUSTRIAL ESTATE,1.41024630299154,103.750349868017,name_change,NIL,1.40998304427806,103.750492610169,
126,YISHUN STREET 11,760126,CHONG PANG COMMUNITY CLUB (TEMP OFFICE),1.43350905989816,103.830011887888,name_change,CHONG PANG COMMUNITY CLUB (TEMPORARY OFFICE),1.43350905989816,103.830011887888,
439,BELGRAVIA DRIVE,807806,BELGRAVIA ACE (U/C),1.38188737833999,103.864570969959,name_change,BELGRAVIA ACE,1.38188737833999,103.864570969959,
28,PARRY AVENUE,547255,PERENNIAL LIVING,1.36533280009365,103.879891629619,name_change,PARRY HALL,1.36557058536117,103.87995189186,
50,DORSET ROAD,210050,PCF SPARKLETOTS PRESCHOOL-TAI PEI@MOULMEIN-CAIRNHILL 50,1.31313099307775,103.850867852489,name_change,FARRER PARK GARDENS,1.3131547875762,103.850908276253,
419D,FERNVALE L,794419,FERNVALE SAILS,1.39326086641727,103.879947479604,name_change,NIL,1.39326086641727,103.879947479604,
515,MILTONIA CLOSE,760515,MILTONIA BREEZE @ YISHUN,1.4192698143365,103.84849236836,name_change,NIL,1.4192698143365,103.84849236836,
526,YISHUN STREET 53,760526,ARANDA BREEZE @ YISHUN,1.4228852948568,103.853495819453,name_change,NIL,1.4228852948568,103.853495819453,
592A,WOODLANDS DRIVE 17,731592,WOODLANDS SOUTH PLAINS,1.42640034737548,103.795105013801,name_change,NIL,1.42640034737548,103.795105013801,
66,COMMONWEALTH AVENUE WEST,130066,ULU PANDAN VISTA,1.31288680661371,103.778110579738,name_change,NIL,1.31288680661371,103.778110579738,
16,POLLEN WALK,807338,POLLEN COLLECTION (U/C),1.38175842543545,103.859169889428,name_change,POLLEN COLLECTION,1.38175842543545,103.859169889428,
100,PLANTATION CLOSE,690100,PLANTATION VERGE,1.34941612316812,103.736056530888,name_change,NIL,1.34941612316812,103.736056530888,
20,TAMPINES STREET 43,529151,VICTORY FAMILY CENTRE (TAMPINES STREET 43),1.36142014269913,103.952183083639,name_change,NIL,1.36103454930396,103.952164422603,
129A,SERANGOON NORTH AVENUE 1,551129,SERANGOON NORTH VISTA,1.36536151107403,103.872742096823,name_change,NIL,1.36536151107403,103.872742096823,
5,POLLEN WALK,807347,POLLEN COLLECTION (U/C),1.38207324855798,103.859015560765,name_change,POLLEN COLLECTION,1.38207324855798,103.859015560765,
419,FERNVALE LINK,790419,FERNVALE SAILS,1.39372731590883,103.879646351658,name_change,NIL,1.39372731590883,103.879646351658,
458A,BUKIT BATOK WEST AVENUE 8,651458,WEST BRICKVILLE @ BUKIT BATOK,1.35440548983641,103.737329153999,name_change,NIL,1.35440548983641,103.737329153999,
123,HOUGANG AVENUE 1,530123,PRO-TEACH BASC AND TUITION CENTRE (PAYA LEBAR),1.35338313541393,103.886258951798,name_change,NIL,1.35338313924634,103.88625894527,
1,ANCHORVALE STREET,544835,NKF DIALYSIS CENTRE SENGKANG COMMUNITY HOSPITAL,1.39625507668544,103.89115157341,name_change,SENGKANG COMMUNITY HOSPITAL,1.39602238832875,103.891834051543,
670,BEDOK NORTH STREET 3,469627,KAKI BUKIT COMMUNITY CENTRE,1.33335800926146,103.926857202735,name_change,KAKI BUKIT COMMUNITY CENTRE (U/C),1.33335800926146,103.926857202735,
418A,TEBAN GARDENS ROAD,601418,TEBAN BREEZE,1.32176817745111,103.74415072823,name_change,NIL,1.32176817745111,103.74415072823,
27A,PARBURY AVENUE,467342,THE LOOKOUT (U/C),1.31747478113658,103.94329998451,name_change,THE LOOKOUT,1.31747478113658,103.94329998451,
100,CLUNY PARK ROAD,257494,BOTANIC GARDENS MRT STATION (CC19),1.32211373558877,103.814984510627,name_change,BOTANIC GARDENS MRT STATION,1.32238699517166,103.815385463093,
80,MANDAI LAKE ROAD,729826,RIVER SAFARI,1.40400156118078,103.79142665808,name_and_location_change,NIL,1.40050829280518,103.789963566126,421.10856262835944
5,HOY FATT ROAD,159505,MOE SCHOOL CLUSTER CENTRE,1.28782242065805,103.809807496033,name_change,MOE SCHOOL APPRAISAL BRANCH,1.28777770276355,103.809860973387,
526,BEDOK NORTH STREET 3,460526,PCF SPARKLETOTS PRESCHOOL @ KAKI BUKIT BLK 526 (KN),1.33421551577023,103.92912981678,name_change,NIL,1.33421551878132,103.92912981542,
11,POLLEN VIEW,807176,POLLEN COLLECTION (U/C),1.38081407589768,103.859036355917,name_change,POLLEN COLLECTION,1.38081407589768,103.859036355917,
37,PARBURY AVENUE,465449,THE LOOKOUT (U/C),1.31746727804203,103.942801620336,name_change,THE LOOKOUT,1.31746727804203,103.942801620336,
48B,BEDOK SOUTH AVENUE 3,462048,BEDOK SOUTH BLOSSOMS,1.32301770321171,103.94293048043,name_change,NIL,1.32301770321171,103.94293048043,
9,GOLDHILL AVENUE,309007,THE LEARNING VINE CHILDCARE PTE LTD,1.31931780895516,103.832058573062,name_change,GOLDHILL GARDENS,1.31930872020019,103.832058809956,
3,LENTOR CENTRAL,788888,LENTOR MODERN,1.38607053422693,103.833920038562,name_change,LENTOR MODERN (U/C),1.38572990744435,103.834582217675,
46A,BEDOK SOUTH AVENUE 3,461046,BEDOK SOUTH BLOSSOMS,1.32137675563342,103.943315866925,name_change,NIL,1.32137675563342,103.943315866925,
204B,QUEEN'S CRESCENT,142204,QUEENSWAY CANOPY,1.29049331801888,103.800352670381,name_change,NIL,1.29049331801888,103.800352670381,
100B,PLANTATION CLOSE,692100,PLANTATION VERGE,1.34954888554559,103.735959677242,name_change,NIL,1.34954888554559,103.735959677242,
34,POLLEN VIEW,806989,POLLEN COLLECTION (U/C),1.38058769555538,103.859637523012,name_change,POLLEN COLLECTION,1.38058769555538,103.859637523012,
33,POLLEN VIEW,807195,POLLEN COLLECTION (U/C),1.38098428091565,103.859643042589,name_change,POLLEN COLLECTION,1.38098428091565,103.859643042589,
47A,BEDOK SOUTH AVENUE 3,461047,BEDOK SOUTH BLOSSOMS,1.32216332515817,103.942541315174,name_change,NIL,1.32216332515817,103.942541315174,
524C,YISHUN STREET 53,763524,VANDA BREEZE @ YISHUN,1.42168188824283,103.851280569737,name_change,NIL,1.42168188824283,103.851280569737,
8,KAKI BUKIT ROAD 2,417841,RUBY WAREHOUSE COMPLEX,1.33788331344657,103.898649696511,name_change,RUBY WAREHOUSE,1.33788204633937,103.898649636371,
517,JURONG WEST STREET 52,640517,GRACELAND STUDENT CARE CENTRE (JURONG WEST),1.34571919855887,103.719514503616,name_change,NIL,1.34584959149842,103.719724305774,
1E,CLUNY ROAD,259601,SINGAPORE BOTANIC GARDENS (CENTRE OF URBAN GREENERY AND ECOLOGY),1.3184000275445,103.816024271327,name_change,SINGAPORE ENVIRONMENT COUNCIL,1.3184000275445,103.816024271327,
36,GRACE WALK,557746,GRACE PARK,1.35779050536539,103.869791022694,name_change,NIL,1.35776603579632,103.869757961259,
37,FLORA DRIVE,509912,KASSIA (U/C),1.35709630624257,103.965501900375,name_change,KASSIA,1.35709630624257,103.965501900375,
1,MARINA EAST DRIVE,29996,MARINA EAST DESALINATION PLANT (A1720-00006-2017),1.29383800005431,103.876612000112,name_change,NIL,1.29396588639808,103.876995114944,
27,TOH DRIVE,507879,TOH ESTATE,1.36366050264435,103.973337578349,name_change,NIL,1.36366908600398,103.973441383456,
2,ENGINEERING DRIVE 3,117581,NATIONAL UNIVERSITY OF SINGAPORE (E3),1.2995870821797,103.771744521389,name_change,NATIONAL UNIVERSITY OF SINGAPORE,1.29958060550022,103.771481952066,
2,POLLEN WALK,807284,POLLEN COLLECTION (U/C),1.3816570147163,103.858802569497,name_change,POLLEN COLLECTION,1.3816570147163,103.858802569497,
404C,JURONG WEST STREET 42,643404,JURONG ARCADIA,1.35393709142515,103.72351314288,name_change,NIL,1.35393709142515,103.72351314288,
38,BENCOOLEN STREET,189654,NANYANG ACADEMY OF FINE ARTS (CAMPUS 2),1.29870925104059,103.850556741936,name_change,NAFA CAMPUS 2,1.29870922065727,103.850556589903,
383,BELGRAVIA DRIVE,807675,BELGRAVIA ACE (U/C),1.38114836289743,103.864874592666,name_change,BELGRAVIA ACE,1.38114836289743,103.864874592666,
203A,QUEEN'S CRESCENT,141203,QUEENSWAY CANOPY,1.28987991070139,103.799569508701,name_change,NIL,1.28987991070139,103.799569508701,
205,QUEEN'S CRESCENT,140205,QUEENSWAY CANOPY,1.29104210758831,103.799946433278,name_change,NIL,1.29104210758831,103.799946433278,
723,YISHUN STREET 71,760723,PCF SPARKLETOTS PRESCHOOL @ NEE SOON SOUTH 723 (CC),1.4259620249781,103.829779474265,name_change,KHATIB SPRING,1.42601954522146,103.82993946372,
22,POLLEN CRESCENT,807502,POLLEN COLLECTION (U/C),1.38264442988602,103.85890461053,name_change,POLLEN COLLECTION,1.38264442988602,103.85890461053,
18B,FARRER PARK ROAD,212018,FARRER PARK FIELDS,1.31048603918761,103.851544214089,name_change,NIL,1.31048603918761,103.851544214089,
38,POLLEN VIEW,806991,POLLEN COLLECTION (U/C),1.38061679000213,103.859741340668,name_change,POLLEN COLLECTION,1.38061679000213,103.859741340668,
330B,TENGAH PARK AVENUE,692330,PARC MEADOW @ TENGAH,1.36636002257175,103.736904916916,name_change,PARK MEADOW @ TENGAH,1.36636002257175,103.736904916916,
35,BUKIT BATOK STREET 31,659441,PRO-TEACH SCHOOLCARE (DAZHONG),1.35906257616677,103.748122250254,name_change,DAZHONG PRIMARY SCHOOL,1.3591797447277,103.74847210784,
9,KING GEORGE'S AVENUE,208581,PEOPLE'S ASSOCIATION (PA),1.30862466998216,103.859286775724,name_change,OUTWARD BOUND SINGAPORE,1.30863358731785,103.859134584436,
24,POLLEN WALK,807342,POLLEN COLLECTION (U/C),1.38181641208487,103.859376593301,name_change,POLLEN COLLECTION,1.38181641208487,103.859376593301,
604,WOODLANDS DRIVE 42,730604,PCF SPARKLETOTS PRESCHOOL @ WOODLANDS 604 (CC),1.43713528912593,103.796372151079,name_change,NIL,1.4371352956954,103.796372143463,
419B,FERNVALE L,792419,FERNVALE SAILS,1.39411239261762,103.879662051171,name_change,NIL,1.39411239261762,103.879662051171,
435,BELGRAVIA DRIVE,807804,BELGRAVIA ACE (U/C),1.38164494829168,103.864466747971,name_change,BELGRAVIA ACE,1.38164494829168,103.864466747971,
49,MARINE CRESCENT,449761,YMCA STUDENT CARE CENTRE @ TAO NAN,1.30460898085751,103.911502213437,name_change,TAO NAN SCHOOL,1.30528528687321,103.911553152326,
50,ANG MO KIO STREET 61,569163,YIO CHU KANG COMMUNITY CLUB,1.38132578567055,103.841450468671,name_change,YIO CHU KANG COMMUNITY CLUB (PENDING U/C),1.38132578567055,103.841450468671,
26,LENTOR CENTRAL,788879,HILLOCK GREEN (U/C),1.38509631948606,103.833849401084,name_change,HILLOCK GREEN,1.38509631948606,103.833849401084,
401,BELGRAVIA DRIVE,807704,BELGRAVIA ACE (U/C),1.38146499665277,103.864569719315,name_change,BELGRAVIA ACE,1.38146499665277,103.864569719315,
215J,PONGGOL SEVENTEENTH AVENUE,829759,WHITE COVE (U/C),1.41447239035304,103.902655220519,name_change,WHITE COVE,1.41447239035304,103.902655220519,
41,POLLEN VIEW,807199,POLLEN COLLECTION (U/C),1.38104946302832,103.859859576399,name_change,POLLEN COLLECTION,1.38104946302832,103.859859576399,
328,TENGAH PARK AVENUE,690328,PARC MEADOW @ TENGAH,1.3661608446871,103.734553857217,name_change,PARK MEADOW @ TENGAH,1.3661608446871,103.734553857217,
539,BELGRAVIA DRIVE,808093,BELGRAVIA ACE (U/C),1.38092497481214,103.866059968726,name_change,BELGRAVIA ACE,1.38092497481214,103.866059968726,
429,BELGRAVIA DRIVE,807801,BELGRAVIA ACE (U/C),1.38160928443009,103.864656078792,name_change,BELGRAVIA ACE,1.38160928443009,103.864656078792,
78,GILSTEAD ROAD,309116,NOVENA HALL INTERNATIONAL STUDENTS' HOSTEL,1.31851403527106,103.841779014274,name_change,NEWTON GREEN,1.31854159438758,103.841791574645,
2,TEMASEK BOULEVARD,38982,CONRAD SINGAPORE MARINA BAY,1.29349139796574,103.858779513419,name_change,CONRAD CENTENNIAL SINGAPORE,1.29349139796574,103.858779513419,
480,LORONG 2 TOA PAYOH,319641,TOA PAYOH TAMIL METHODIST CHURCH,1.33405958482827,103.846498351413,name_change,TOA PAYOH CHINESE METHODIST CHURCH,1.33401926631981,103.846468752144,
25,PARBURY AVENUE,467339,THE LOOKOUT (U/C),1.31742950956906,103.943153162887,name_change,THE LOOKOUT,1.31742950956906,103.943153162887,
51,TAMPINES STREET 61,528565,MOE KINDERGARTEN @ ANGSANA (U/C),1.3632481897246,103.938914821167,name_change,ANGSANA PRIMARY SCHOOL,1.36360590588314,103.9389409004,
527A,YISHUN STREET 53,761527,ARANDA BREEZE @ YISHUN,1.42322072679567,103.852811426965,name_change,NIL,1.42322072679567,103.852811426965,
1,WOODLANDS STREET 81,738526,WOODLANDS COMMUNITY CLUB (U/C),1.43981512387409,103.788244210049,name_change,WOODLANDS COMMUNITY CLUB (PENDING U/C),1.43981512387409,103.788244210049,
560,PASIR RIS STREET 51,510560,HDB PUBLIC SHELTERS,1.36676999858984,103.950425468295,name_change,NIL,1.36676413373262,103.950422811328,
24,YEW SIANG ROAD,117758,NIL,1.27829432328441,103.792469016188,name_change,BREAKTHROUGH MISSIONS,1.27829432328441,103.792469016188,
151,WEST COAST ROAD,127369,WU TAI SHAN BUDDHIST TEMPLE,1.30324080473257,103.764683976935,name_change,NIL,1.30314389677001,103.76471441998,
121,BUKIT BATOK WEST AVENUE 8,659776,ALTURA (U/C),1.3597847682209,103.742530698372,name_change,ALTURA,1.3597847682209,103.742530698372,
36,POLLEN VIEW,806990,POLLEN COLLECTION (U/C),1.38060215409346,103.859689113486,name_change,POLLEN COLLECTION,1.38060215409346,103.859689113486,
308,JURONG EAST STREET 32,600308,PCF SPARKLETOTS PRESCHOOL @ JURONG CENTRAL 308 (CC),1.3472950403719,103.734573253838,name_change,HONG KAH EAST PLACE,1.34730790760381,103.734583963199,
111,LORONG KISMIS,598112,BUKIT TIMAH PRIMARY SCHOOL,1.3372995575169,103.766828720721,name_change,AFTERSCHOOL @ BUKIT TIMAH PRIMARY SCHOOL,1.3377498622588,103.766855344779,
10,POLLEN CRESCENT,807496,POLLEN COLLECTION (U/C),1.38280950113919,103.859182163033,name_change,POLLEN COLLECTION,1.38280950113919,103.859182163033,
128,SERANGOON NORTH AVENUE 1,550128,SERANGOON NORTH VISTA,1.36437643964958,103.873592808441,name_change,NIL,1.36437643964958,103.873592808441,
25,GRANGE ROAD,239699,CHEE GUAN CHIANG HOUSE,1.2989563614832,103.835398594374,name_change,NIL,1.29889331585189,103.835393389335,
485C,FERNVALE DRIVE,793485,FERNVALE OASIS,1.39900694144556,103.876428560552,name_change,NIL,1.39900694144556,103.876428560552,
811A,CHOA CHU KANG AVENUE 7,681811,BRICKLAND COMMUNITY CENTRE,1.37373323250934,103.745947621659,name_change,KEAT HONG COLOURS,1.3737308481902,103.745929784531,
9,SPRINGLEAF LANE,788055,SPRINGLEAF GARDEN,1.39692212231583,103.820954124996,name_change,NIL,1.39701962629329,103.820919988541,
71,TAMPINES STREET 62,529699,TENET,1.36801516855694,103.943202444863,name_change,TENET (U/C),1.36801516855694,103.943202444863,
39,ARTILLERY AVENUE,99958,SENTOSA DEVELOPMENT CORPORATION (SDC),1.25055881843172,103.827328911126,name_change,SENTOSA DEVELOPMENT CORPORATION,1.25055881843172,103.827328911126,
160,LORONG 6 TOA PAYOH,319380,TOA PAYOH EAST COMMUNITY CLUB,1.33631536496443,103.854848437202,name_change,TOA PAYOH EAST COMMUNITY CLUB (PENDING RELOCATION),1.33631536496443,103.854848437202,
85B,LORONG 4 TOA PAYOH,312085,JESSIN STUDENT CARE CENTRE (85B TOA PAYOH),1.33628535084804,103.848443058798,name_change,NIL,1.33628535194303,103.848443049823,
4,TAMPINES STREET 91,528907,PATHLIGHT SCHOOL (TAMPINES),1.34711275884527,103.939451879381,name_change,NIL,1.34711275884527,103.939451879381,
1,PUNGGOL COAST ROAD,828608,DIGIPEN INSTITUTE TECHNOLOGY OF SINGAPORE,1.41333310429546,103.913035184508,name_change,NIL,1.41333310429546,103.913035184508,
119,BUKIT BATOK WEST AVENUE 6,650119,BUKIT BATOK COMMUNITY CLUB (TEMP OFFICE),1.35040248298301,103.747061718485,name_change,NIL,1.35042197746912,103.746803582857,
101B,PLANTATION CLOSE,692101,PLANTATION VERGE,1.35047255909552,103.73528218277,name_change,NIL,1.35047255909552,103.73528218277,
205A,QUEEN'S CRESCENT,141205,QUEENSWAY CANOPY,1.29074817992701,103.799818753796,name_change,NIL,1.29074817992701,103.799818753796,
301,LORONG 6 TOA PAYOH,319392,NIL,1.32976530773456,103.850991791585,name_change,TOA PAYOH SPORTS CENTRE,1.33045992412023,103.850574273679,
707,CHOA CHU KANG STREET 53,680707,HANIS MONTESSORI KINDERGARTEN (CHOA CHU KANG),1.39038151231369,103.74711597591,name_change,NIL,1.39061452032511,103.747155528207,
6,JALAN JINTAN,229004,KIMSIA PARK,1.3055906397553,103.834004676345,name_change,NIL,1.3055158416708,103.834006437888,
23,JALAN PINTAU,577084,THOMSON GARDEN ESTATE,1.35451022460478,103.838514161559,name_change,NIL,1.35444722967364,103.838497770163,
8,LORONG 25A GEYLANG,388222,ZYANYA,1.31392103072017,103.883276357397,name_change,ZYANYA (U/C),1.31388177226647,103.883274426427,
4,WATTEN CLOSE,287727,WATTEN ESTATE,1.32756963863561,103.809158575777,name_change,NIL,1.32763927922152,103.80920649645,
215D,PONGGOL SEVENTEENTH AVENUE,829718,WHITE COVE (U/C),1.41463954204933,103.903111066148,name_change,WHITE COVE,1.41463954204933,103.903111066148,
18,MARINA GARDENS DRIVE,18953,GARDENS BY THE BAY (CLOUD FOREST),1.28387301464472,103.865993692974,name_and_location_change,NIL,1.28175826056524,103.861585715893,543.5226704893614
270,QUEEN STREET,180270,ALBERT CENTRE MARKET & FOOD CENTRE,1.30100149635856,103.854211650138,name_change,ALBERT CENTRE,1.30110201573423,103.854115779087,
25,GENTING ROAD,349482,NIL,1.32825733595607,103.875595756777,name_change,UNION ENERGY GROUP BUILDING,1.32824882437239,103.875587654786,
80,MARINE PARADE ROAD,449269,MARINE PARADE POST OFFICE,1.301041960873,103.905505005847,name_change,CATHAY CINEPLEX PARKWAY PARADE,1.30091736056425,103.90533928065,
590B,WOODLANDS DRIVE 17,732590,WOODLANDS SOUTH PLAINS,1.4268107796703,103.796866779539,name_change,NIL,1.4268107796703,103.796866779539,
1,TAMPINES INDUSTRIAL AVENUE 3,528777,2ND SCDF DIVISION HQ / TAMPINES FIRE STATION,1.35800488676144,103.929375304828,name_change,2ND SCDF DIVISION HQ,1.3580812477539,103.929394998736,
449,BELGRAVIA DRIVE,807853,BELGRAVIA ACE (U/C),1.38181775551127,103.864940725923,name_change,BELGRAVIA ACE,1.38181775551127,103.864940725923,
2,FUSIONOPOLIS WAY,138634,"AGENCY FOR SCIENCE, TECHNOLOGY AND RESEARCH (A*STAR)",1.29851988332859,103.788648234727,name_change,INNOVIS,1.29842618269904,103.788697913817,
511,CHOA CHU KANG STREET 51,680511,AMAZING STAR MONTESSORI HOUSE (CCK),1.38932946700346,103.740872171249,name_change,NIL,1.38933738267797,103.740876076316,
301,NEO TIEW CRESCENT,718925,SUNGEI BULOH WETLAND RESERVE (RESEARCH AND EDUCATION CENTRE),1.44611665491165,103.72893203125,name_change,SUNGEI BULOH,1.44614056623457,103.728890512078,
809,ANG MO KIO STREET 82,560809,PINE VILLE @ AMK,1.37654723723619,103.854415526424,name_change,NIL,1.37654723723619,103.854415526424,
27,YISHUN CLOSE,769342,NORTH GAIA,1.43563592030696,103.845045166237,name_change,NORTH GAIA (U/C),1.43563554422954,103.845039099299,
994,JURONG WEST STREET 93,640994,JURONG WEST CRYSTAL,1.33655599700702,103.693074177043,name_change,NIL,1.33655599700702,103.693074177043,
81,PHOENIX AVENUE,668383,PHOENIX RESIDENCES,1.37513322287524,103.757303595176,name_change,PHOENIX RESIDENCES (U/C),1.37513322287524,103.757303595176,
27,POLLEN PLACE,807283,POLLEN COLLECTION (U/C),1.3815567470833,103.85949110321,name_change,POLLEN COLLECTION,1.3815567470833,103.85949110321,
87,TAMPINES STREET 62,529451,TENET,1.36823189032966,103.942093170746,name_change,TENET (U/C),1.36823189032966,103.942093170746,
213,BIDADARI PARK DRIVE,360213,NKF DIALYSIS CENTRE,1.34286809502833,103.873113073076,name_change,WOODLEIGH HILLSIDE,1.3428529512408,103.87283195267,
2,UBI VIEW,408556,E-PARK@UBI,1.33249381174626,103.897429857693,name_change,E-PARK @ UBI,1.33278572408088,103.897381361518,
824,KEAT HONG LINK,680824,KEAT HONG GRANGE,1.37338924377409,103.748100878973,name_change,NIL,1.37338924377409,103.748100878973,
27,JALAN LIMBOK,548714,NANYANG PARK,1.36525361982184,103.874923699455,name_change,NIL,1.36529442663066,103.87494964691,
32,POLLEN PLACE,807232,POLLEN COLLECTION (U/C),1.38118977533038,103.859599983825,name_change,POLLEN COLLECTION,1.38118977533038,103.859599983825,
22,POLLEN VIEW,806859,POLLEN COLLECTION (U/C),1.38049245350825,103.85929194052,name_change,POLLEN COLLECTION,1.38049245350825,103.85929194052,
511,BUKIT BATOK STREET 52,650511,NEW HORIZON CENTRE (BUKIT BATOK),1.35271529471877,103.753793458002,name_change,HILLGROVE GARDENS,1.35272298040763,103.753796440794,
522B,YISHUN STREET 53,762522,VANDA BREEZE @ YISHUN,1.42227694893791,103.851896840992,name_change,NIL,1.42227694893791,103.851896840992,
330C,TENGAH PARK AVENUE,693330,PARC MEADOW @ TENGAH,1.36630443433671,103.736047566968,name_change,PARK MEADOW @ TENGAH,1.36630443433671,103.736047566968,
5,JALAN ANAK BUKIT,589601,BEAUTY WORLD INTEGRATED TRANSPORT HUB,1.33948861343345,103.777141326948,name_change,THE RESERVE RESIDENCES,1.33993309773237,103.777416331816,
18,SCIENCE DRIVE 4,117559,NATIONAL UNIVERSITY OF SINGAPORE (S4),1.29566819863815,103.779074788001,name_change,NATIONAL UNIVERSITY OF SINGAPORE,1.29546718144446,103.779773950198,
509,EAST COAST ROAD,429063,LITTLE FAIRYLAND CHILD CARE & DEVELOPMENT CENTRE,1.30956754269648,103.913675445774,name_change,NIL,1.30956753585429,103.913675410417,
35,ALLANBROOKE ROAD,99982,ISLANDER PRE-SCHOOL PTE LTD,1.24840314215115,103.828402689915,name_change,ISLANDER PRE-SCHOOL,1.24841043446067,103.828434447377,
29,POLLEN CRESCENT,806848,POLLEN COLLECTION (U/C),1.38220400400661,103.858901515032,name_change,POLLEN COLLECTION,1.38220400400661,103.858901515032,
331A,TENGAH PARK AVENUE,691331,PARC MEADOW @ TENGAH,1.36550113045871,103.735835688509,name_change,PARK MEADOW @ TENGAH,1.36550113045871,103.735835688509,
504A,MONTREAL DRIVE,751504,PCF SPARKLETOTS PRESCHOOL @ SEMBAWANG 504A (CC),1.4512965609628,103.824120161439,name_change,MONTREAL SPRING,1.45129656287889,103.824120156543,
474A,BUKIT BATOK WEST AVENUE 5,651474,WEST GLADES @ BUKIT BATOK,1.35687676059032,103.746817659513,name_change,NIL,1.35687676059032,103.746817659513,
1,WOODLANDS STREET 31,738581,FUCHUN COMMUNITY CLUB (U/C),1.42958660649594,103.774850125046,name_change,FUCHUN COMMUNITY CLUB (PENDING U/C),1.42958660649594,103.774850125046,
215,PONGGOL SEVENTEENTH AVENUE,829714,WHITE COVE (U/C),1.41493886602854,103.903095443621,name_change,WHITE COVE,1.41493886602854,103.903095443621,
535,CLEMENTI ROAD,599489,NGEE ANN POLYTECHNIC (BLK 16),1.33587693081627,103.776852582576,name_change,NGEE ANN POLYTECHNIC (BLK 1),1.33351616007246,103.776976659192,
235,BUKIT TIMAH ROAD,229901,NEWTON MRT STATION (DT11),1.31399286264569,103.837714613091,name_change,NIL,1.31296382200356,103.838236638438,
2,HOLLAND VILLAGE WAY,279035,SKYE AT HOLLAND (U/C),1.31216454554039,103.792689741396,name_change,SKYE AT HOLLAND,1.31216454554039,103.792689741396,
91,TAMPINES STREET 62,529443,TENET,1.36789433118458,103.942598008141,name_change,TENET (U/C),1.36789433118458,103.942598008141,
98,HAVELOCK ROAD,160098,HAVELOCK HILLSIDE,1.28824701094753,103.831608803819,name_change,NIL,1.28824701094753,103.831608803819,
16,POLLEN VIEW,806856,POLLEN COLLECTION (U/C),1.38044665755086,103.859134247746,name_change,POLLEN COLLECTION,1.38044665755086,103.859134247746,
158A,GUL CIRCLE,629616,DNV TECHNOLOGY CENTRE WEST,1.31983696234329,103.676044126593,name_change,DNV LABORATORY,1.31983696234329,103.676044126593,
215K,PONGGOL SEVENTEENTH AVENUE,829760,WHITE COVE (U/C),1.41454580388522,103.902687975018,name_change,WHITE COVE,1.41454580388522,103.902687975018,
126A,EDGEDALE PLAINS,821126,MY FIRST SKOOL,1.39410054093191,103.911356171377,name_change,NIL,1.39410054969153,103.911356165393,
80,TENGAH GARDEN AVENUE,699915,PIONEER PRIMARY SCHOOL (U/C),1.35442592930738,103.732790920197,name_change,NIL,1.35361485610214,103.733287640266,
31,YISHUN CLOSE,769344,NORTH GAIA,1.43598665698071,103.844724759181,name_change,NORTH GAIA (U/C),1.43598010929259,103.84472526586,
65,MEDIA CIRCLE,139817,BLOOMSBURY RESIDENCES (U/C),1.29444235984052,103.79512874632,name_change,BLOOMSBURY RESIDENCES,1.29444235984052,103.79512874632,
102,BINJAI PARK,589888,BINJAI PARK,1.34238931353045,103.788177852997,name_change,NIL,1.3424473387566,103.788142603029,
18,CROSS STREET,48423,18 CROSS,1.28355426127583,103.846882908595,name_change,CROSS STREET EXCHANGE,1.28355426127583,103.846882908595,
20,CROSS STREET,48422,NANKIN YARDS,1.28374576252035,103.847469684006,name_change,CROSS STREET EXCHANGE,1.28374576252035,103.847469684006,
195,SERANGOON ROAD,218067,THE QUAY HOTEL LITTLE INDIA,1.30917901197119,103.853224450863,name_change,BROADWAY HOTEL,1.30917901197119,103.853224450863,
57B,GHIM MOH LINK,272057,ULU PANDAN BANKS,1.31165449060319,103.781332587452,name_change,NIL,1.31165449060319,103.781332587452,
508,BEDOK NORTH AVENUE 3,460508,MORNING STAR COMMUNITY SERVICES (BEDOK NORTH),1.33340011898402,103.932519442702,name_change,KAKI BUKIT VILLE,1.33340012199511,103.932519441614,
109,CLEMENTI STREET 11,120109,THE ANIMAL CLINIC,1.32189101845703,103.770595266094,name_change,SUNSET WAY RESIDENCE,1.32198067655559,103.770776117357,
6,WOODLANDS LOOP,738346,QCS INDUSTRIAL BUILDING,1.44917211010953,103.804383361265,name_change,NIL,1.44971533098466,103.805018922095,
77,TAMPINES STREET 62,529702,TENET,1.36851826550495,103.942399647374,name_change,TENET (U/C),1.36851826550495,103.942399647374,
23,JALAN ANAK BUKIT,589774,THE RESERVE RESIDENCES (U/C),1.33962855388413,103.777571997447,name_change,THE RESERVE RESIDENCES,1.33962855388413,103.777571997447,
46,BEDOK SOUTH AVENUE 3,460046,BEDOK SOUTH BLOSSOMS,1.32148575339878,103.942854747015,name_change,NIL,1.32148575339878,103.942854747015,
58B,GHIM MOH LINK,272058,ULU PANDAN BANKS,1.31189529735428,103.780817743201,name_change,NIL,1.31189529735428,103.780817743201,
718,JURONG WEST STREET 71,640718,HDB PUBLIC SHELTERS,1.34369738847626,103.697570461982,name_change,ENRICHMENT 718 PTE LTD,1.34372249761305,103.697467051452,
22,POLLEN PLACE,807227,POLLEN COLLECTION (U/C),1.38112178627269,103.859339713085,name_change,POLLEN COLLECTION,1.38112178627269,103.859339713085,
46,JALAN CHEMPEDAK,578428,SEMBAWANG HILLS ESTATE,1.36997027149435,103.829144842077,name_change,NIL,1.3699747823695,103.829162942282,
29A,CUPPAGE ROAD,229456,CUPPAGE TERRACE,1.30206111719236,103.840258476493,name_change,ARENA ESPORTS HOTEL @ ORCHARD CUPPAGE TERRACE,1.30204980673659,103.84028828347,
75,AIRPORT CARGO ROAD,819458,CHANGI NEXUS ONE,1.37063267523031,103.992714926767,name_change,DHL EXPRESS SOUTH EAST ASIA HUB,1.37063267523031,103.992714926767,
287,CHOA CHU KANG AVENUE 2,680287,PCF SPARKLETOTS PRESCHOOL @ KEAT HONG 287 (CC),1.37893094560613,103.741564354362,name_change,HDB PUBLIC SHELTERS,1.3785215910742,103.741685629222,
417B,TEBAN GARDENS ROAD,602417,TEBAN BREEZE,1.32223164068431,103.744461245355,name_change,NIL,1.32223164068431,103.744461245355,
2000,UPPER CHANGI ROAD NORTH,508899,AIRPORT FIRE STATION 1,1.36978735831026,103.983270740951,name_change,NIL,1.36915922496461,103.983195958795,
215G,PONGGOL SEVENTEENTH AVENUE,829721,WHITE COVE (U/C),1.41446088255558,103.90294874563,name_change,WHITE COVE,1.41446088255558,103.90294874563,
8,POLLEN PLACE,807203,POLLEN COLLECTION (U/C),1.38101061790557,103.858939751961,name_change,POLLEN COLLECTION,1.38101061790557,103.858939751961,
64,NAMLY PLACE,267208,SHAMROCK PARK,1.32396304392342,103.796808912952,name_change,NIL,1.32399850332826,103.796886038546,
54,GHIM MOH LINK,270054,ULU PANDAN GLADES,1.3097251226433,103.783420514991,name_change,NIL,1.3097251226433,103.783420514991,
17,WOODLANDS INDUSTRIAL PARK E4,757750,HONG SUN TAN TEMPLE,1.45115014008881,103.795522143619,name_change,NIL,1.45102325582626,103.795381675635,
247,PASIR RIS STREET 21,510247,HDB PUBLIC SHELTERS,1.37068230836737,103.96250106435,name_change,NIL,1.37073379068476,103.96245801481,
575,PASIR RIS STREET 53,510575,MY WORLD PRESCHOOL LTD.,1.37310921796248,103.946261131546,name_change,NIL,1.37318924489331,103.946360527843,
101,TOWNER ROAD,322101,TOWNER POST OFFICE,1.31941264332969,103.8610770486,name_change,NIL,1.31942539040726,103.861087462608,
22,LENTOR CENTRAL,788877,HILLOCK GREEN (U/C),1.38509631948606,103.833849401084,name_change,HILLOCK GREEN,1.38509631948606,103.833849401084,
30,SARACA ROAD,807376,SELETAR HILLS ESTATE,1.38493325084031,103.865254470078,name_change,NIL,1.38487115965813,103.865282552353,
12,UPPER BOON KENG ROAD,380012,PCF SPARKLETOTS PRESCHOOL @ KOLAM AYER BLK 12 (KN),1.31423066717314,103.870061150868,name_change,BOON KENG VILLE,1.31423066306718,103.870061147604,
15,FERNVALE ROAD,797636,PCF SPARKLETOTS KCARE CENTRE @ SENGKANG GREEN,1.39283924999573,103.875158826938,name_change,MOE KINDERGARTEN @ SENGKANG GREEN,1.3925400930811,103.874984869551,
180,ANG MO KIO AVENUE 5,560180,PCF SPARKLETOTS PRESCHOOL @ KEBUN BARU 180 (CC),1.37667706408635,103.83836104381,name_change,KEBUN BARU LINK 2,1.37667706463381,103.838361037555,
1B,CLUNY ROAD,259598,NATIONAL BIODIVERSITY CENTRE,1.31654969925993,103.817186800754,name_change,NIL,1.31654969925993,103.817186800754,
38,CRANE ROAD,429381,CRANE COURT,1.31216250582269,103.898164171599,name_change,NIL,1.31209142665254,103.89832418511,
215C,PONGGOL SEVENTEENTH AVENUE,829717,WHITE COVE (U/C),1.41469767979534,103.903166363063,name_change,WHITE COVE,1.41469767979534,103.903166363063,
233,JURONG EAST STREET 21,600233,PCF SPARKLETOTS PRESCHOOL @ YUHUA 233 (CC),1.34036433428736,103.740931530094,name_change,NIL,1.34037462134713,103.740936554727,
58C,GHIM MOH LINK,273058,ULU PANDAN BANKS,1.31149287862175,103.780535006994,name_change,NIL,1.31149287862175,103.780535006994,
326A,TENGAH PARK AVENUE,691326,PARC MEADOW @ TENGAH,1.36497653426627,103.735775279624,name_change,PARK MEADOW @ TENGAH,1.36497653426627,103.735775279624,
390,ORCHARD ROAD,238871,PALAIS RENAISSANCE,1.30665484543191,103.829588045188,name_change,EMBASSY OF THE REPUBLIC OF PERU,1.30665484543191,103.829588045188,
129B,SERANGOON NORTH AVENUE 1,552129,SERANGOON NORTH VISTA,1.36521771543803,103.873268118125,name_change,NIL,1.36521771543803,103.873268118125,
125,JALAN RAJAH,320125,RAJAH SUMMIT,1.32800901969858,103.852436708777,name_change,NIL,1.32800901969858,103.852436708777,
16,FARRER PARK ROAD,210016,FARRER PARK FIELDS,1.31083473096323,103.851157426954,name_change,NIL,1.31083473096323,103.851157426954,
128A,SERANGOON NORTH AVENUE 1,551128,SERANGOON NORTH VISTA,1.36470290134259,103.872934841064,name_change,NIL,1.36470290134259,103.872934841064,
1,KEE CHOE AVENUE,348941,SENNETT ESTATE,1.33020048669707,103.873256238791,name_change,NIL,1.33014680818196,103.873309664358,
814,JURONG WEST STREET 81,640814,HDB PUBLIC SHELTERS,1.34566738616929,103.695796495026,name_change,NIL,1.34566786108845,103.695791563809,
6,POLLEN PLACE,807202,POLLEN COLLECTION (U/C),1.38099649218381,103.858890611757,name_change,POLLEN COLLECTION,1.38099649218381,103.858890611757,
246,BALESTIER ROAD,329706,HOOVER HOTEL,1.32176388648482,103.853144242099,name_change,NIL,1.32170313862912,103.853069618811,
479,BELGRAVIA DRIVE,807922,BELGRAVIA ACE (U/C),1.38162416402489,103.865967614828,name_change,BELGRAVIA ACE,1.38162416402489,103.865967614828,
28,COLLEGE AVENUE WEST,138533,NUS COLLEGE,1.30798323455178,103.772253905877,name_change,YALE-NUS COLLEGE CAMPUS,1.30798323455178,103.772253905877,
2B,HINDHEDE ROAD,589240,CHURCH OF SINGAPORE (BUKIT TIMAH),1.34463618560807,103.775711946075,name_change,NIL,1.3444350679073,103.775794755835,
1A,INTERNATIONAL BUSINESS PARK,609933,SAFARI HOUSE BABIES & TODDLERS,1.32803882621515,103.748337574979,name_change,NIL,1.32783798911958,103.747950360251,
457A,BUKIT BATOK WEST AVENUE 8,651457,WEST BRICKVILLE @ BUKIT BATOK,1.35396541589818,103.738331166574,name_change,NIL,1.35396541589818,103.738331166574,
424,WOODLANDS STREET 41,730424,HANIS MONTESSORI KINDERGARTEN (WOODLANDS),1.42729302492584,103.774859396818,name_change,NIL,1.42728730939008,103.774859398322,
26,TOH TUCK PLACE,596801,TOH TUCK GARDEN,1.33832447444086,103.765164900834,name_change,NIL,1.33839263410487,103.765153150701,
11,CANNING WALK,178881,THE LEGENDS GOLF & COUNTRY RESORT,1.29581267272093,103.845362054724,name_change,HOTEL FORT CANNING,1.29596841133495,103.845559591547,
2125,SEMBAWANG ROAD,758528,SEMBAWANG COMMUNITY CLUB (U/C),1.45170096407609,103.828806792729,name_change,SEMBAWANG COMMUNITY CLUB,1.45165195153032,103.82846410211,
824,WOODLANDS STREET 81,730824,PCF SPARKLETOTS PRESCHOOL @ WOODLANDS 824 (CC),1.4392326838762,103.788699950515,name_change,NIL,1.43923268770834,103.788699943987,
800,CORPORATION ROAD,649809,JURONG PIONEER JUNIOR COLLEGE (U/C),1.35048483150774,103.713459069456,name_change,JURONG PIONEER JUNIOR COLLEGE,1.35070865666007,103.713448406534,
205B,QUEEN'S CRESCENT,142205,QUEENSWAY CANOPY,1.2910556545888,103.799429245104,name_change,NIL,1.2910556545888,103.799429245104,
2,SCIENCE DRIVE 3,117551,NATIONAL UNIVERSITY OF SINGAPORE (S12),1.29705465826957,103.778576631599,name_change,NATIONAL UNIVERSITY OF SINGAPORE,1.29546718144446,103.779773950198,
10,COLLEGE AVENUE WEST,138609,NUS COLLEGE,1.3055311451546,103.772048529232,name_change,YALE-NUS COLLEGE CAMPUS,1.3055311451546,103.772048529232,
11B,MACKENZIE ROAD,228675,NIL,1.30434908677392,103.849908918351,name_change,G4 STATION BACKPACKERS HOSTEL,1.30434908677392,103.849908918351,
601,YISHUN RING ROAD,768684,GURDWARA SAHIB YISHUN,1.41727602827233,103.837547845648,name_change,NIL,1.41736851394994,103.837615032535,
11,JALAN ANAK BUKIT,589604,THE RESERVE RESIDENCES (U/C),1.34022383162895,103.777148587722,name_change,THE RESERVE RESIDENCES,1.34022383162895,103.777148587722,
25,SENOKO SOUTH ROAD,758081,SENOKO INDUSTRIAL ESTATE,1.45556160110465,103.803642669784,name_change,NIL,1.45582330060896,103.803165325772,
39,PARBURY AVENUE,465450,THE LOOKOUT (U/C),1.31746172196764,103.942878758118,name_change,THE LOOKOUT,1.31746172196764,103.942878758118,
29,YISHUN CLOSE,769343,NORTH GAIA,1.43581329414758,103.844885826153,name_change,NORTH GAIA (U/C),1.4358006482821,103.844878616265,
31,TRAS STREET,79934,TMW MAXWELL (U/C),1.27904247769908,103.844655258107,name_change,TMW MAXWELL,1.27904247769908,103.844655258107,
474,BUKIT BATOK WEST AVENUE 5,650474,WEST GLADES @ BUKIT BATOK,1.3574753136612,103.746868001665,name_change,NIL,1.3574753136612,103.746868001665,
4,PHOENIX ROAD,668158,THE ARDEN,1.37690199925909,103.756893686726,name_change,THE ARDEN (U/C),1.37690199925909,103.756893686726,
70,MARINA VIEW,18962,NEIGHBOURHOOD POLICE CENTRE MARINA BAY,1.27473549954701,103.848994254645,name_change,MARINA BAY FIRE STATION,1.27486187654763,103.849094342097,
116,ENG KONG ROAD,599080,ENG KONG PARK,1.33377539634464,103.768217836338,name_change,NIL,1.33373214441583,103.768167717662,
515,BELGRAVIA DRIVE,808081,BELGRAVIA ACE (U/C),1.38131335792208,103.865372885217,name_change,BELGRAVIA ACE,1.38131335792208,103.865372885217,
4,HOLLAND VILLAGE WAY,279036,SKYE AT HOLLAND (U/C),1.31216454554039,103.792689741396,name_change,SKYE AT HOLLAND,1.31216454554039,103.792689741396,
60,JALAN BULOH PERINDU,457721,SEASIDE PARK,1.30866478081162,103.920937192722,name_change,NIL,1.30874713389382,103.920911922846,
31,LORONG 4 GEYLANG,399283,G31 STUDIO (U/C),1.31005776960178,103.876196876566,name_change,G31 STUDIO,1.31005776960178,103.876196876566,
303B,PASIR PANJANG ROAD,119478,HARBOUR RESIDENCES (U/C),1.28701469938364,103.779005070862,name_change,HARBOUR RESIDENCES,1.28701469938364,103.779005070862,
50,KEONG SAIK ROAD,89154,A HOTEL CHINATOWN,1.28079216317408,103.841812323258,name_change,HOTEL 1929,1.28079216317408,103.841812323258,
505,BELGRAVIA DRIVE,807966,BELGRAVIA ACE (U/C),1.38144391009636,103.865534964711,name_change,BELGRAVIA ACE,1.38144391009636,103.865534964711,
14,POLLEN VIEW,806855,POLLEN COLLECTION (U/C),1.38043215684734,103.859082504153,name_change,POLLEN COLLECTION,1.38043215684734,103.859082504153,
6,BUKIT TIMAH LINK,589943,8@BT (U/C),1.34137140164237,103.776905804914,name_change,NIL,1.34137140164237,103.776905804914,
297A,LORONG 6 TOA PAYOH,319389,NIL,1.33028857436685,103.851567502968,name_change,TOA PAYOH SPORTS HALL,1.33028857436685,103.851567502968,
320,UBI ROAD 3,408649,COMFORTDELGRO AUTOMOTIVE CENTRE,1.33171718292445,103.898416682937,name_change,NIL,1.33171718292445,103.898416682937,
521,BELGRAVIA DRIVE,808084,BELGRAVIA ACE (U/C),1.38127458824158,103.865580447887,name_change,BELGRAVIA ACE,1.38127458824158,103.865580447887,
8,KALLANG SECTOR,349282,INFINEON,1.32427640520443,103.873222727979,name_change,CHERIE HEARTS PRESCHOOL PTE. LTD.,1.32427637536541,103.873222860158,
60,BUKIT TIMAH ROAD,229900,LITTLE INDIA MRT STATION (NE7),1.30680019696174,103.849647059738,name_change,NIL,1.3055689232954,103.849360695152,
5,STADIUM WALK,397693,LEISURE PARK KALLANG,1.30230108405227,103.876473975883,name_change,FILMGARDE AT LEISURE PARK KALLANG,1.30240462507128,103.876638148971,
292B,COMPASSVALE STREET,542292,PCF SPARKLETOTS PRESCHOOL @ SENGKANG CENTRAL BLK 292B (KN),1.39539857873123,103.898745037787,name_change,COMPASSVALE LODGE,1.39539858831188,103.898745037243,
620,BEDOK RESERVOIR ROAD,470620,PCF SPARKLETOTS PRESCHOOL @ EUNOS 620 (CC),1.33433431952628,103.917712569623,name_change,EUNOS HEIGHTS,1.33433432226397,103.917712559288,
105,SOPHIA ROAD,228170,SOPHIA REGENCY,1.30254668108558,103.846337135937,name_change,SOPHIA REGENCY (U/C),1.30254668108558,103.846337135937,
7500A,BEACH ROAD,199591,THE PLAZA,1.29962022781589,103.860647265508,name_change,EMBASSY OF THE REPUBLIC OF ZIMBABWE,1.29945374471428,103.860070222609,
65,WOODLEIGH PARK,357875,NIL,1.34011527351959,103.862721396199,location_change,NIL,1.33743254426552,103.866870149215,549.2600810839314
7,PHOENIX WALK,668111,PHOENIX HEIGHTS,1.37621690246552,103.758307306267,name_change,MONTESSORI @ GRACELAND PTE LTD,1.37628509311549,103.758282343478,
441A,CLEMENTI AVENUE 3,121441,WEST COAST TOWN COUNCIL (CLEMENTI OFFICE),1.31459901035535,103.764813774429,name_change,CLEMENTI TOWERS,1.31463913092205,103.764797687774,
53,GHIM MOH LINK,270053,ULU PANDAN GLADES,1.31043433494085,103.784039068902,name_change,NIL,1.31043433494085,103.784039068902,
1,LEONIE HILL,239219,ONE LEONIE RESIDENCES (U/C),1.29930788596273,103.832399949956,name_change,ONE LEONIE RESIDENCES,1.29930788596273,103.832399949956,
21,CHESTNUT GARDENS,679246,CHESTNUT GARDENS,1.36886053437596,103.768148536616,name_change,NIL,1.36881132422269,103.76813347902,
573,BELGRAVIA DRIVE,808110,BELGRAVIA ACE (U/C),1.38084138511614,103.865816287347,name_change,BELGRAVIA ACE,1.38084138511614,103.865816287347,
409,BELGRAVIA DRIVE,807708,BELGRAVIA ACE (U/C),1.38140498444872,103.864888109668,name_change,BELGRAVIA ACE,1.38140498444872,103.864888109668,
51,NEW UPPER CHANGI ROAD,461051,NEIGHBOURHOOD POLICE POST TANAH MERAH,1.32343585125293,103.942341379723,name_change,NIL,1.32342985805207,103.942269407116,
642,JURONG WEST STREET 61,640642,PCF SPARKLETOTS PRESCHOOL @ PIONEER BLK 642 (KN),1.34036989064657,103.695839832303,name_change,NIL,1.34036989694199,103.695839824959,
523,YISHUN STREET 53,760523,VANDA BREEZE @ YISHUN,1.421869148662,103.852708910704,name_change,NIL,1.421869148662,103.852708910704,
91,KOVAN ROAD,544914,MODERN MONTESSORI CHILD CARE & DEVELOPMENT CENTRE PTE LTD,1.35487036831584,103.877954895052,name_change,NIL,1.35487037160078,103.877954886893,
33E,HONGKONG STREET,59672,NIL,1.28743955901693,103.847130213821,name_change,VINTAGE INN @ CLARKE QUAY,1.28743955901693,103.847130213821,
7,LENTOR CENTRAL,788890,LENTOR MODERN,1.38524139884185,103.83518381546,name_change,LENTOR MODERN (U/C),1.38572990744435,103.834582217675,
311,HOUGANG AVENUE 5,530311,CARELAND STUDENT CARE CENTRE (HOUGANG),1.36566993618767,103.894847770847,name_change,NIL,1.36566733064792,103.894853675162,
10,POLLEN VIEW,806853,POLLEN COLLECTION (U/C),1.38040254229917,103.858976828337,name_change,POLLEN COLLECTION,1.38040254229917,103.858976828337,
119,PLANTATION CRESCENT,690119,TENGAH COMMUNITY CENTRE,1.35679191605789,103.734649374006,name_change,PLANTATION GROVE,1.35675242730193,103.734500042413,
297,LORONG 6 TOA PAYOH,319389,NIL,1.33041404935825,103.851280023328,name_change,TOA PAYOH SPORTS HALL,1.33041404935825,103.851280023328,
124,PENDING ROAD,670124,NEIGHBOURHOOD POLICE POST BUKIT PANJANG SOUTH,1.37684019254113,103.771108878063,name_change,NIL,1.37699935766576,103.771170930202,
28,HAVELOCK ROAD,59828,UNION SQUARE RESIDENCES (U/C),1.28800108052059,103.843453713687,name_change,UNION SQUARE RESIDENCES,1.28800108052059,103.843453713687,
54,SARACA VIEW,807320,SARACA GARDENS,1.38784545838507,103.859609353665,name_change,NIL,1.38792973296232,103.859665101485,
3A,AVIATION PARK ROAD,499979,TEMPORARY SITE OFFICE,1.36845813068753,104.011492234086,name_change,NIL,1.36845813068753,104.011492234086,
19B,FARRER PARK ROAD,212019,FARRER PARK ARENA,1.3120626268803,103.849479603967,name_change,NIL,1.3120626268803,103.849479603967,
121,DEFU LANE 10,539231,DEFU INDUSTRIAL ESTATE,1.35655704298365,103.893077105464,name_change,NIL,1.35668346446962,103.893134280141,
425,BELGRAVIA DRIVE,807799,BELGRAVIA ACE (U/C),1.38157432355113,103.864841518664,name_change,BELGRAVIA ACE,1.38157432355113,103.864841518664,
9,POLLEN CRESCENT,807524,POLLEN COLLECTION (U/C),1.38247176206401,103.85937310549,name_change,POLLEN COLLECTION,1.38247176206401,103.85937310549,
61,STAMFORD ROAD,178892,PRESERVATION OF MONUMENTS BOARD (PMB),1.29449804576973,103.850126913031,name_change,NATIONAL HERITAGE BOARD (NHB),1.29448225459417,103.850054625521,
18,POLLEN CRESCENT,807500,POLLEN COLLECTION (U/C),1.38269971632824,103.858997568366,name_change,POLLEN COLLECTION,1.38269971632824,103.858997568366,
206,QUEEN'S CRESCENT,140206,QUEENSWAY CANOPY,1.29175154761495,103.799474350355,name_change,NIL,1.29175154761495,103.799474350355,
861,NORTH BRIDGE ROAD,198783,NORTH BRIDGE ROAD MARKET AND FOOD CENTRE,1.30614080746519,103.864099281276,name_change,NORTH BRIDGE ROAD MARKET,1.30563433652207,103.863909336656,
150,TELOK AYER STREET,68608,SINGAPORE 'YU HUANG GONG' TEMPLE OF HEAVENLY JADE EMPEROR,1.28125223660416,103.84768860302,name_change,FORMER KENG TECK WHAY BUILDING,1.2812453384752,103.847698670747,
180,BEDOK RESERVOIR ROAD,479220,EUNOS COMMUNITY CLUB (U/C),1.33262678312198,103.915230025095,name_change,EUNOS COMMUNITY CLUB (PENDING U/C),1.33262678312198,103.915230025095,
471,BELGRAVIA DRIVE,807918,BELGRAVIA ACE (U/C),1.3816739629488,103.865702512376,name_change,BELGRAVIA ACE,1.3816739629488,103.865702512376,
225,MOUNTBATTEN ROAD,397997,MOUNTBATTEN VOCATIONAL SCHOOL,1.30796295290938,103.879444095325,name_change,NIL,1.30790762716811,103.880204768786,
8,QUEEN STREET,188535,SAM AT 8Q,1.29714345825765,103.852034469396,name_change,8Q,1.29711316857746,103.85196484973,
33A,PARBURY AVENUE,465442,THE LOOKOUT (U/C),1.31717623066162,103.942826012027,name_change,THE LOOKOUT,1.31717623066162,103.942826012027,
45,BEDOK SOUTH AVENUE 3,460045,BEDOK SOUTH BLOSSOMS,1.32208339971419,103.943408749166,name_change,NIL,1.32208339971419,103.943408749166,
50,LORONG 21 GEYLANG,388465,JUN YUAN BUILDING,1.31567694656431,103.879766321174,name_change,LE DAO BUILDING,1.31567694656431,103.879766321174,
421,BELGRAVIA DRIVE,807797,BELGRAVIA ACE (U/C),1.38154926892771,103.864974585841,name_change,BELGRAVIA ACE,1.38154926892771,103.864974585841,
636C,SENJA ROAD,673636,SKOOL4KIDZ CENTRE,1.3874345429217,103.75911857359,name_change,SENJA PARC VIEW,1.38743454593269,103.759118571415,
527,YISHUN STREET 53,760527,ARANDA BREEZE @ YISHUN,1.42346617431464,103.85249887877,name_change,NIL,1.42346617431464,103.85249887877,
311C,CLEMENTI AVENUE 4,123311,TRIVELIS,1.32010579336827,103.765573470177,name_change,NOBLELAND ARTS N LEARNING PLACE @CLEMENTI PTE. LTD.,1.32010579446331,103.765573473984,
515A,MILTONIA CLOSE,761515,MILTONIA BREEZE @ YISHUN,1.41939832614146,103.848106989021,name_change,NIL,1.41939832614146,103.848106989021,
110,ALEXANDRA VIEW,150110,ALEXANDRA VALE,1.2900749406325,103.817543942463,name_change,NIL,1.2900749406325,103.817543942463,
50,JAMBOL PLACE,119377,CHELSEA VILLAGE,1.27856488399162,103.78958221076,name_change,NIL,1.27851822774992,103.789512495534,
50,WOODLANDS ROAD,677726,NATIONAL UNIVERSITY POLYCLINICS (BUKIT PANJANG POLYCLINIC),1.38275157725546,103.760194676062,name_change,NIL,1.38271254101906,103.760166444878,
517,PASIR RIS STREET 52,510517,PCF SPARKLETOTS PRESCHOOL @ PASIR RIS WEST BLK 517 (KN),1.37468100401123,103.943850343462,name_change,ELIAS PARKS ESTATE,1.37468101222365,103.943850333671,
821,UPPER THOMSON ROAD,787104,SPRINGLEAF RESIDENCE (U/C),1.39601248653792,103.817563198325,name_change,NIL,1.3965557139197,103.8172904975,
21,POLLEN VIEW,807181,POLLEN COLLECTION (U/C),1.3808964615954,103.859330274278,name_change,POLLEN COLLECTION,1.3808964615954,103.859330274278,
5,POLLEN PLACE,807237,POLLEN COLLECTION (U/C),1.38139160167878,103.858912253924,name_change,POLLEN COLLECTION,1.38139160167878,103.858912253924,
28,POLLEN WALK,807344,POLLEN COLLECTION (U/C),1.38186295712511,103.859494411666,name_change,POLLEN COLLECTION,1.38186295712511,103.859494411666,
98,VICTORIA STREET,188066,CENTRAL ARTS LIBRARY,1.29743229408405,103.854071363949,name_change,INFORMATICS ACADEMY,1.29762767084737,103.854548604259,
328D,TENGAH PARK AVENUE,694328,PARC MEADOW @ TENGAH,1.36721210942622,103.735550222762,name_change,PARK MEADOW @ TENGAH,1.36721210942622,103.735550222762,
516A,MILTONIA CLOSE,761516,MILTONIA BREEZE @ YISHUN,1.41967464990868,103.848868735192,name_change,NIL,1.41967464990868,103.848868735192,
10,EU TONG SEN STREET,59815,CLARKE QUAY MRT STATION (NE5),1.28838602407588,103.846555209694,name_change,CLARKE QUAY MRT STATION,1.28745211415803,103.846119192727,
8,YUNNAN WALK 2,638139,ICHIBAN (NOBLE) CHILDCARE PTE. LTD.,1.33915094219999,103.691243087986,name_change,NIL,1.33919213996573,103.691341597089,
66,MARINE DRIVE,440066,YWCA MARINE DRIVE CHILD DEVELOPMENT CENTRE,1.30393796924619,103.909735937973,name_change,MARINE DRIVE GARDENS,1.30391193028103,103.909740471499,
670,EDGEFIELD PLAINS,820670,WATERWAY RIDGES,1.40582243576577,103.913245788569,name_change,E-BRIDGE PRE-SCHOOL,1.40582242673251,103.913245791017,
48,LORONG 23 GEYLANG,388376,SINGAPORE BUDDHIST FREE CLINIC GEYLANG MAIN BRANCH CLINIC,1.31544643230456,103.881487615167,name_change,SINGAPORE BUDDHIST FREE CLINIC,1.31545297063376,103.881462191526,
3,TAI SENG AVENUE,536465,TAI SENG EXCHANGE (BLOCK G),1.33500873761279,103.891775900978,name_change,TAI SENG EXCHANGE,1.33549590911856,103.892027568112,
26,HAVELOCK ROAD,59829,UNION SQUARE ONE,1.28806236232322,103.843220998562,name_change,UNION SQUARE,1.28831753178921,103.843026405676,
25,POLLEN WALK,807478,POLLEN COLLECTION (U/C),1.3823091781993,103.859620689758,name_change,POLLEN COLLECTION,1.3823091781993,103.859620689758,
171,PAYA LEBAR ROAD,409048,MACPHERSON MRT STATION (CC10),1.32607760171665,103.890391305725,name_change,MACPHERSON MRT STATION,1.32683963232487,103.890007860464,
58A,GHIM MOH LINK,271058,ULU PANDAN BANKS,1.31206551545252,103.780099946471,name_change,NIL,1.31206551545252,103.780099946471,
91,TELOK BLANGAH HEIGHTS,109100,SHG STUDENT CARE (BLANGAH RISE PRIMARY SCHOOL),1.27614522920998,103.80861316604,name_change,BLANGAH RISE PRIMARY SCHOOL,1.27612047924037,103.808628535239,
501,BELGRAVIA DRIVE,807964,BELGRAVIA ACE (U/C),1.38141926716021,103.865665697742,name_change,BELGRAVIA ACE,1.38141926716021,103.865665697742,
435,ANG MO KIO AVENUE 10,560435,CHENG SAN COMMUNITY CLUB (TEMP OFFICE),1.36766116325929,103.854307499675,name_change,CHONG BOON RISE,1.36770367834269,103.854214313011,
20,CHOA CHU KANG AVENUE 2,689905,YMCA SCC @ CHUA CHU KANG,1.37760828302593,103.741270440945,name_change,CHUA CHU KANG PRIMARY SCHOOL,1.37775890093367,103.741832917421,
2,POLLEN PLACE,807200,POLLEN COLLECTION (U/C),1.38096919778777,103.858784835038,name_change,POLLEN COLLECTION,1.38096919778777,103.858784835038,
256,OUTRAM ROAD,169053,JUBILEE PRESBYTERIAN CHURCH,1.28575068851142,103.83594085152,name_change,CHINESE KINDERGARTEN,1.2857514128117,103.835938248496,
1,SARACA DRIVE,807505,SARACA GARDENS,1.38616270360036,103.858874407205,name_change,NIL,1.38604249883317,103.858793844074,
181,HAIG ROAD,438780,ARDOR RESIDENCE (U/C),1.30646411925223,103.899441741387,name_change,ARDOR RESIDENCE,1.30641753986541,103.899438706866,
485,FERNVALE DRIVE,790485,FERNVALE OASIS,1.39952398160981,103.876773080622,name_change,NIL,1.39952398160981,103.876773080622,
65A,COMMONWEALTH AVENUE WEST,131065,ULU PANDAN VISTA,1.31224257832227,103.778445262469,name_change,NIL,1.31224257832227,103.778445262469,
234,TEMBELING ROAD,423719,PARQ BELLA (U/C),1.30781616903784,103.904426643781,name_change,PARQ BELLA,1.30777710184092,103.904380613038,
459B,BUKIT BATOK WEST AVENUE 8,652459,WEST BRICKVILLE @ BUKIT BATOK,1.35471633623249,103.738424366991,name_change,NIL,1.35471633623249,103.738424366991,
215B,PONGGOL SEVENTEENTH AVENUE,829716,WHITE COVE (U/C),1.4147558117909,103.90322167929,name_change,WHITE COVE,1.4147558117909,103.90322167929,
22,MARINA VIEW,19959,W RESIDENCES MARINA VIEW – SINGAPORE (U/C),1.27670307917562,103.849736169355,name_change,MARINA VIEW RESIDENCES,1.27670307917562,103.849736169355,
480,SEMBAWANG DRIVE,750480,KIDSZONE CHILDCARE AND DEVELOPMENT CENTRE,1.45209028670548,103.815132332659,name_change,NIL,1.45220212566522,103.815168664829,
18,ARUMUGAM ROAD,409962,EMMAUS EVANGELICAL FREE CHURCH,1.32569575959991,103.891498508698,name_change,ANTIOCH@MACPHERSON,1.3257005724153,103.891508166339,
50,JURONG ISLAND HIGHWAY,627877,NIL,1.2805727238784,103.715853150469,location_change,NIL,1.28176147502858,103.718748794438,347.98312654587124
823A,KEAT HONG LINK,681823,KEAT HONG GRANGE,1.37464039774669,103.749261976868,name_change,NIL,1.37464039774669,103.749261976868,
280,CHOA CHU KANG AVENUE 3,680280,FEI YUE FAMILY SEVICE CENTRE (CHOA CHU KANG),1.38098653958626,103.743144225093,name_change,NIL,1.3808318992022,103.74293968344,
22,JALAN LAKUM,808840,SELETAR HILLS ESTATE,1.38500779925579,103.872259225868,name_change,NIL,1.38491521419354,103.872236073353,
18,AH HOOD ROAD,329983,HIAP HOE BUILDING AT ZHONGSHAN PARK,1.32710813506067,103.846374256983,name_change,ALOFT SINGAPORE NOVENA,1.32717562161128,103.846650410884,
402B,JURONG WEST STREET 42,642402,JURONG ARCADIA,1.35375548706627,103.723269236795,name_change,NIL,1.35375548706627,103.723269236795,
1,MAGAZINE ROAD,59567,UNION SQUARE CENTRAL,1.28842848666711,103.84230028531,name_change,NIL,1.28842848666711,103.84230028531,
987D,JURONG WEST STREET 93,644987,PCF SPARKLETOTS PRESCHOOL @ PIONEER 987D (CC),1.33659660071559,103.695378181378,name_change,NIL,1.33659660947488,103.69537817893,
41,UPPER WELD ROAD,207398,MACPHERSON HOTEL,1.30614571565495,103.853711346797,name_change,NIL,1.30614571565495,103.853711346797,
2,JALAN ISHAK,419313,KEMBANGAN ESTATE,1.32498171116463,103.906161359008,name_change,NIL,1.3248505458237,103.906124842951,
303,JOO CHIAT PLACE,427983,STRAITS AT JOO CHIAT (U/C),1.31508334829522,103.908384589447,name_change,NIL,1.31508334829522,103.908384589447,
1A,TAMPINES STREET 92,528882,SAFRA CLUBHOUSE (TAMPINES),1.34471107296847,103.941701190966,name_change,NURTURESTARS PTE. LTD.,1.34471106639868,103.941701195317,
476,BUKIT BATOK WEST AVENUE 5,650476,WEST GLADES @ BUKIT BATOK,1.35745172420603,103.745899498774,name_change,NIL,1.35745172420603,103.745899498774,
495,BELGRAVIA DRIVE,807961,BELGRAVIA ACE (U/C),1.38137021503048,103.865927430883,name_change,BELGRAVIA ACE,1.38137021503048,103.865927430883,
517B,MILTONIA CLOSE,762517,MILTONIA BREEZE @ YISHUN,1.41886444369591,103.848719952768,name_change,NIL,1.41886444369591,103.848719952768,
44,HORNE ROAD,209067,NIL,1.3093266719998,103.862062340721,name_change,NETWORK COURIER BUILDING,1.3093266719998,103.862062340721,
45,LORONG 5 TOA PAYOH,310045,PCF SPARKLETOTS PRESCHOOL @ TOA PAYOH WEST-BALESTIER 45 (DS),1.33586536681806,103.853751152895,name_change,EAST PAYOH SPRING,1.33586537201904,103.853751144736,
7,OPAL CRESCENT,328402,THE OPAL HAUZ (U/C),1.32757031918841,103.867212460971,name_change,THE OPAL HAUZ,1.32757031918841,103.867212460971,
50,GHIM MOH CLOSE,270050,GHIM MOH NATURA,1.31017143953319,103.790510790692,name_change,NIL,1.31017143953319,103.790510790692,
2,ANG MO KIO STREET 23,569341,ST. LUKE'S ELDERCARE RESIDENCE @ ANG MO KIO,1.36937955612715,103.840196899041,name_change,SAINT LUKE'S ELDERCARE RESIDENCE @ ANG MO KIO,1.36935843904972,103.840276840159,
28,LENTOR CENTRAL,788880,HILLOCK GREEN (U/C),1.38509631948606,103.833849401084,name_change,HILLOCK GREEN,1.38509631948606,103.833849401084,
59,PENJURU ROAD,609142,NIL,1.30217816743926,103.732876447907,location_change,NIL,1.30440574405769,103.735168988719,355.39126756134385
66,NAMLY PLACE,267211,SUNSHINE KINDERGARTEN (WATTEN),1.32402554036861,103.796786630296,name_change,SHAMROCK PARK,1.32402562796246,103.796786584331,
215N,PONGGOL SEVENTEENTH AVENUE,829763,WHITE COVE (U/C),1.41476567162839,103.902787099345,name_change,WHITE COVE,1.41476567162839,103.902787099345,
4,POLLEN WALK,807285,POLLEN COLLECTION (U/C),1.38167086663707,103.858858160544,name_change,POLLEN COLLECTION,1.38167086663707,103.858858160544,
16D,FARRER PARK ROAD,214016,FARRER PARK FIELDS,1.31107251473053,103.851019625812,name_change,NIL,1.31107251473053,103.851019625812,
1,SEGAR ROAD,677738,NEIGHBOURHOOD POLICE POST BUKIT PANJANG,1.38688900135978,103.771719585228,name_change,NEIGHBOURHOOD POLICE CENTRE BUKIT PANJANG,1.38688900135978,103.771719585228,
1,ANTHONY ROAD,229944,CAIRNHILL FIRE POST,1.31030734224291,103.83895719466,name_change,CAIRNHILL COMMUNITY CLUB,1.31038767455028,103.838882707807,
57,GHIM MOH LINK,270057,ULU PANDAN BANKS,1.31107745296076,103.781990215358,name_change,NIL,1.31107745296076,103.781990215358,
2,TEMBUSU DRIVE,627621,NIL,1.26746414180234,103.672515616861,location_change,NIL,1.26501965580378,103.67463592908,359.781152105197
2,ANG MO KIO STREET 44,569250,PATHLIGHT SCHOOL (ANG MO KIO CAMPUS 2),1.36363517582629,103.85801093879,name_change,PATHLIGHT SCHOOL 3,1.36363517582629,103.85801093879,
1,EDGEFIELD WALK,828850,KIDS' KINGDOM CHILD DEVELOPMENT AND LEARNING CENTRE,1.40091489304669,103.909592618758,name_change,CENTRAL CHRISTIAN CHURCH,1.40086188874342,103.909687769552,
105,BEDOK NORTH AVENUE 4,460105,NKF DIALYSIS CENTRE,1.33368859457924,103.936473903592,name_change,PEARL GARDEN,1.33372280929,103.936517719048,
28,POLLEN PLACE,807230,POLLEN COLLECTION (U/C),1.38116182425215,103.859496861339,name_change,POLLEN COLLECTION,1.38116182425215,103.859496861339,
12,POLLEN VIEW,806854,POLLEN COLLECTION (U/C),1.38041743825984,103.859029982695,name_change,POLLEN COLLECTION,1.38041743825984,103.859029982695,
9,SOMAPAH ROAD,487370,SINGAPORE EXPO (HALL 10),1.33865520585863,103.962889225427,name_change,CONNECT@CHANGI,1.33781460768684,103.962367304251,
17,POLLEN CRESCENT,807528,POLLEN COLLECTION (U/C),1.38236871141426,103.85918423674,name_change,POLLEN COLLECTION,1.38236871141426,103.85918423674,
175A,YUNG KUANG ROAD,611175,CORPORATION TIARA,1.33195222315743,103.721513951179,name_change,ACEKIDZ @ SG PTE. LTD.,1.33193786368443,103.721561508725,
940,OLD CHOA CHU KANG ROAD,698910,CHOA CHU KANG CEMETERY OFFICE,1.3727227877632,103.690421315958,name_change,NIL,1.3727227877632,103.690421315958,
125A,JALAN RAJAH,321125,RAJAH SUMMIT,1.32783575673049,103.852174038871,name_change,NIL,1.32783575673049,103.852174038871,
30,PLANTATION CLOSE,690090,OTTO PLACE (U/C),1.34793735286897,103.736758778262,name_change,OTTO PLACE,1.34793735286897,103.736758778262,
844,YISHUN STREET 81,760844,KHATIB CENTRAL,1.41562517345068,103.835446503581,name_change,KAHTIB CENTRAL,1.41562517345068,103.835446503581,
57D,GHIM MOH LINK,274057,ULU PANDAN BANKS,1.31069731425188,103.781930289881,name_change,NIL,1.31069731425188,103.781930289881,
200,JURONG EAST AVENUE 1,609789,JURONG POLYCLINIC AND ECON CARE RESIDENCE (JURONG EAST),1.35062884013196,103.728878030806,name_change,NIL,1.35062884013196,103.728878030806,
24,POLLEN VIEW,806860,POLLEN COLLECTION (U/C),1.38051548613554,103.859372956361,name_change,POLLEN COLLECTION,1.38051548613554,103.859372956361,
195B,SERANGOON ROAD,218067,THE QUAY HOTEL LITTLE INDIA,1.30917901197119,103.853224451135,name_change,BROADWAY HOTEL,1.30917901197119,103.853224451135,
31,STADIUM CRESCENT,397639,KALLANG FOOTBALL HUB,1.30319443832322,103.879058807841,name_change,SINGAPORE CRICKET ASSOCIATION,1.30319443832322,103.879058807841,
547,BELGRAVIA DRIVE,808097,BELGRAVIA ACE (U/C),1.38099649901647,103.865680736893,name_change,BELGRAVIA ACE,1.38099649901647,103.865680736893,
553,BELGRAVIA DRIVE,808100,BELGRAVIA ACE (U/C),1.38104138704942,103.865442525952,name_change,BELGRAVIA ACE,1.38104138704942,103.865442525952,
1,BAYFRONT AVENUE,18971,TOWER 3 (MARINA BAY SANDS SINGAPORE),1.28466203640592,103.861005919029,name_change,MARINA BAY SANDS,1.28345419690844,103.860809048956,
355,SERANGOON ROAD,218115,FONG TAT MOTOR CO. PTE. LTD.,1.31231201046002,103.855638433759,name_change,NIL,1.31238907199903,103.855581028605,
20,POLLEN CRESCENT,807501,POLLEN COLLECTION (U/C),1.3826720514831,103.858951053682,name_change,POLLEN COLLECTION,1.3826720514831,103.858951053682,
25,JALAN KAKATUA,598543,JURONG PARK,1.34406220300547,103.766278196846,name_change,INNATE MONTESSORI PTE. LTD.,1.34406219315124,103.766278202829,
517A,MILTONIA CLOSE,761517,MILTONIA BREEZE @ YISHUN,1.41839591779108,103.848852419002,name_change,NIL,1.41839591779108,103.848852419002,
293,LORONG 6 TOA PAYOH,319387,SAFRA CLUBHOUSE (TOA PAYOH),1.32980734122541,103.854404351339,name_change,NURTURESTARS CHILD CARE,1.32988651708771,103.854213740191,
2,OWEN ROAD,218842,OWEN HOUSE BY HABYT,1.31170733332103,103.854953206249,name_change,NIL,1.31170733332103,103.854953206249,
195C,SERANGOON ROAD,218067,THE QUAY HOTEL LITTLE INDIA,1.30917901197119,103.853224451135,name_change,BROADWAY HOTEL,1.30917901197119,103.853224451135,
33,KRANJI LOOP,739565,KRANJI INDUSTRIAL ESTATE,1.4359862054916,103.753740066158,name_change,CHEK CHAI LONG CHUEN TEMPLE,1.4358713851396,103.753693028161,
458B,BUKIT BATOK WEST AVENUE 8,652458,WEST BRICKVILLE @ BUKIT BATOK,1.35441338121119,103.738003018643,name_change,NIL,1.35441338121119,103.738003018643,
110,KILLINEY ROAD,239549,JEWEL @ KILLINEY ORCHARD,1.29818973309181,103.838457981369,name_change,JEWEL @ KILLINEY ORCHARD (U/C),1.29818973309181,103.838457981369,
419C,FERNVALE LINK,793419,FERNVALE SAILS,1.39406414560515,103.880156321116,name_change,NIL,1.39406414560515,103.880156321116,
200,LORONG 2 TOA PAYOH,319642,NKF DIALYSIS CENTRE,1.33525355606987,103.845209814245,name_change,TOA PAYOH WEST COMMUNITY CLUB,1.33522124979435,103.845105800139,
822,KEAT HONG LINK,680822,KEAT HONG GRANGE,1.37494274712015,103.749023588303,name_change,NIL,1.37494274712015,103.749023588303,
459,BELGRAVIA DRIVE,807912,BELGRAVIA ACE (U/C),1.38175681332029,103.865263997533,name_change,BELGRAVIA ACE,1.38175681332029,103.865263997533,
15,HOE CHIANG ROAD,89316,SKY TOWER,1.2737717948156,103.842089338694,name_change,SKY TOWER / SKY PLAZA,1.2737717948156,103.842089338694,
1F,CLUNY ROAD,259602,SINGAPORE BOTANIC GARDENS (CENTRE FOR EDUCATION AND OUTREACH),1.31897194885683,103.816161610453,name_change,NIL,1.31897194885683,103.816161610453,
27,POLLEN VIEW,807184,POLLEN COLLECTION (U/C),1.38094051715458,103.859487177235,name_change,POLLEN COLLECTION,1.38094051715458,103.859487177235,
21,POLLEN CRESCENT,807530,POLLEN COLLECTION (U/C),1.38231323227297,103.859091115995,name_change,POLLEN COLLECTION,1.38231323227297,103.859091115995,
53,ANG MO KIO AVENUE 3,569933,AMK HUB,1.36938922690344,103.84847796594,name_change,ABUNDANT LIFE FAMILY CHURCH,1.36923561405404,103.848693181185,
153,YUNG HO ROAD,610153,GENESIS CHILD CARE (TJ) PTE LTD,1.32748326048826,103.721043759531,name_change,NIL,1.32748327992351,103.721043765241,
124A,BUKIT MERAH VIEW,151124,PCF SPARKLETOTS PRESCHOOL @ HENDERSON-DAWSON BLK 124A (KN),1.28488705364925,103.822781828267,name_change,NIL,1.28488704625843,103.82278181902,
806,KING GEORGE'S AVENUE,200806,PCF SPARKLETOTS PRESCHOOL @ KAMPONG GLAM BLK 806 (KN),1.3085305123877,103.861142754284,name_change,NIL,1.3085267799688,103.861149049314,
25,POLLEN PLACE,807282,POLLEN COLLECTION (U/C),1.38153715668683,103.859431586878,name_change,POLLEN COLLECTION,1.38153715668683,103.859431586878,
99,PARK VILLAS RISE,545328,PARK VILLAS,1.36777772706489,103.879059077209,name_change,NIL,1.36777247387799,103.878972374888,
2,TUAS BASIN LANE,637066,SIN CHEW LOGISTICS CENTER,1.30869147968667,103.649685523557,name_change,NIL,1.30891093165146,103.649077424757,
27,POLLEN CRESCENT,807533,POLLEN COLLECTION (U/C),1.38223167100419,103.858951595915,name_change,POLLEN COLLECTION,1.38223167100419,103.858951595915,
650,JALAN TENAGA,410650,PCF SPARKLETOTS PRESCHOOL @ EUNOS BLK 650 (KN),1.33186797531279,103.907573919729,name_change,EUNOS DAMAI VILLE,1.3318679857149,103.907573911026,
474C,BUKIT BATOK WEST AVENUE 5,653474,WEST GLADES @ BUKIT BATOK,1.35687611003426,103.74550701233,name_change,NIL,1.35687611003426,103.74550701233,
5,POLLEN VIEW,807173,POLLEN COLLECTION (U/C),1.38077086008806,103.858882441777,name_change,POLLEN COLLECTION,1.38077086008806,103.858882441777,
10A,SILOSO BEACH WALK,99008,MEGA ADVENTURE PARK,1.25561581576602,103.812624295903,name_change,NIL,1.25695589387509,103.814316642164,
89,TAMPINES STREET 62,529452,TENET,1.36801958691266,103.942372611138,name_change,TENET (U/C),1.36801958691266,103.942372611138,
469A,BUKIT TIMAH ROAD,259770,NATIONAL UNIVERSITY OF SINGAPORE (BUKIT TIMAH CAMPUS),1.31834209954134,103.817395994437,name_change,FORMER RAFFLES COLLEGE,1.31930454643842,103.817306074954,
26C,CAVAN ROAD,209854,NEST HOTEL,1.31087924800926,103.861821440459,name_change,HOTEL SNOW LAVENDER,1.31087924800926,103.861821440459,
60,STEVENS ROAD,257854,GOSPEL LIGHT BIBLE-PRESBYTERIAN CHURCH,1.31648645213424,103.826411850468,name_change,NIL,1.31661312897699,103.826149850948,
533,BELGRAVIA DRIVE,808090,BELGRAVIA ACE (U/C),1.38118972819177,103.866029751248,name_change,BELGRAVIA ACE,1.38118972819177,103.866029751248,
35,YISHUN CLOSE,769299,NORTH GAIA,1.43648380091158,103.845318416947,name_change,NORTH GAIA (U/C),1.43647164996088,103.845310334796,
332,TENGAH PARK AVENUE,690332,PARC MEADOW @ TENGAH,1.36558589197351,103.736602999137,name_change,PARK MEADOW @ TENGAH,1.36558589197351,103.736602999137,
1,HAVELOCK SQUARE,59724,NIGHT COURT - COURT 25N & 26N,1.28614323571418,103.843371341343,name_change,COMMUNITY JUSTICE CENTRE (CJC),1.28606658978907,103.843404854271,
111,BUKIT BATOK WEST AVENUE 8,659857,ALTURA (U/C),1.35926685989421,103.74209459892,name_change,ALTURA,1.35926685989421,103.74209459892,
443,BELGRAVIA DRIVE,807850,BELGRAVIA ACE (U/C),1.38186246279992,103.864703114872,name_change,BELGRAVIA ACE,1.38186246279992,103.864703114872,
292,JURONG EAST STREET 24,600292,JURONG EAST BREEZE,1.34367999293544,103.744283360822,name_change,NIL,1.34367999293544,103.744283360822,
44,POLLEN VIEW,806994,POLLEN COLLECTION (U/C),1.38066072755685,103.859898125301,name_change,POLLEN COLLECTION,1.38066072755685,103.859898125301,
58,GHIM MOH LINK,270058,ULU PANDAN BANKS,1.31174472512874,103.780199358694,name_change,NIL,1.31174472512874,103.780199358694,
419,BELGRAVIA DRIVE,807796,BELGRAVIA ACE (U/C),1.38153505325098,103.865049710723,name_change,BELGRAVIA ACE,1.38153505325098,103.865049710723,
45,MAXWELL ROAD,69118,COMPETITION AND CONSUMER COMMISSION OF SINGAPORE (CCS),1.2795512783646,103.845209377351,name_change,COMPETITION COMMISSION OF SINGAPORE (CCS),1.2795512783646,103.845209377351,
33,SENGKANG WEST AVENUE,797653,THE SELETAR MALL,1.39147015374628,103.876125507257,name_change,SHAW THEATRES SELETAR,1.39130622992517,103.876085067727,
20,FIDELIO STREET,458410,OPERA ESTATE,1.31947813324869,103.925879598633,name_change,NIL,1.31952458985798,103.925818868732,
13,POLLEN CRESCENT,807526,POLLEN COLLECTION (U/C),1.38242343752683,103.859276091141,name_change,POLLEN COLLECTION,1.38242343752683,103.859276091141,
541,ANG MO KIO AVENUE 10,560541,MY FIRST SKOOL,1.37392238703482,103.855621370524,name_change,CHENG SAN GREEN,1.37392239168826,103.855621371068,
522,YISHUN STREET 53,760522,VANDA BREEZE @ YISHUN,1.42258441864806,103.851589376715,name_change,NIL,1.42258441864806,103.851589376715,
101,DORSET ROAD,219494,DORSET MANSIONS,1.31350017106513,103.849977133757,name_change,NIL,1.31344485985076,103.850086370216,
6,POLLEN WALK,807286,POLLEN COLLECTION (U/C),1.38168549572186,103.858910244139,name_change,POLLEN COLLECTION,1.38168549572186,103.858910244139,
16A,FARRER PARK ROAD,211016,FARRER PARK FIELDS,1.30995868157789,103.850521656178,name_change,NIL,1.30995868157789,103.850521656178,
306C,ANCHORVALE LINK,543306,LIFE STUDENT CARE (SENGKANG),1.38988768950754,103.888114482602,name_change,ANCHORVALE PLACE,1.38988769881462,103.888114475259,
11D,MACKENZIE ROAD,228675,NIL,1.30434908677392,103.849908918351,name_change,G4 STATION BACKPACKERS HOSTEL,1.30434908677392,103.849908918351,
2,PHOENIX ROAD,668156,THE ARDEN,1.37722474671689,103.756802169138,name_change,THE ARDEN (U/C),1.37722474671689,103.756802169138,
2,MOUNT EMILY ROAD,228484,DUET @ EMILY,1.30441456274538,103.84938392703,name_change,NIL,1.30436404749245,103.84943009639,
715,JURONG WEST STREET 71,640715,NANYANG SAPPHIRE,1.34375488204657,103.696409988814,name_change,HDB PUBLIC SHELTERS,1.34374461019775,103.696418783167,
29,JALAN LENGKOK SEMBAWANG,759218,SEMBAWANG PARK,1.42820538174168,103.824843011384,name_change,HIS LITTLE KINGDOM CHILD CARE AND DEVELOPMENT CENTRE,1.42818814939748,103.82482961968,
1,SENTUL WALK,829858,PUNGGOL COAST BUS INTERCHANGE,1.41420640947368,103.907934456334,name_change,NIL,1.41420640947368,103.907934456334,
579,BELGRAVIA DRIVE,808113,BELGRAVIA ACE (U/C),1.38106228232975,103.86508621265,name_change,BELGRAVIA ACE,1.38106228232975,103.86508621265,
541,BELGRAVIA DRIVE,808094,BELGRAVIA ACE (U/C),1.38093992281416,103.865980610234,name_change,BELGRAVIA ACE,1.38093992281416,103.865980610234,
328C,TENGAH PARK AVENUE,693328,PARC MEADOW @ TENGAH,1.3666344897117,103.735558873553,name_change,PARK MEADOW @ TENGAH,1.3666344897117,103.735558873553,
824B,KEAT HONG LINK,682824,KEAT HONG GRANGE,1.37368934584153,103.747996129126,name_change,NIL,1.37368934584153,103.747996129126,
48,BEDOK SOUTH AVENUE 3,460048,BEDOK SOUTH BLOSSOMS,1.32305730219703,103.943537759704,name_change,NIL,1.32305730219703,103.943537759704,
39,FLORA DRIVE,509919,KASSIA (U/C),1.35709630624257,103.965501900375,name_change,KASSIA,1.35709630624257,103.965501900375,
427,BELGRAVIA DRIVE,807800,BELGRAVIA ACE (U/C),1.38158511732502,103.864784164935,name_change,BELGRAVIA ACE,1.38158511732502,103.864784164935,
204,QUEEN'S CRESCENT,140204,QUEENSWAY CANOPY,1.28994659987068,103.799952266367,name_change,NIL,1.28994659987068,103.799952266367,
181,JOO CHIAT ROAD,427452,HOTEL SAKURA BY VENUE,1.31229180141071,103.900510976436,name_change,HOTEL 81 - SAKURA,1.31229180141071,103.900510976436,
484A,FERNVALE DRIVE,791484,FERNVALE OASIS,1.39981846157647,103.876494004283,name_change,NIL,1.39981846157647,103.876494004283,
44,JALAN BULOH PERINDU,457702,SEASIDE PARK,1.30853717350745,103.920436843478,name_change,NIL,1.30862751589584,103.920422982002,
59,NAMLY AVENUE,267630,SHAMROCK PARK,1.32599681389244,103.797635519415,name_change,NIL,1.32606596614647,103.79753704091,
31C,PARBURY AVENUE,465439,THE LOOKOUT (U/C),1.31718766121114,103.943257870532,name_change,THE LOOKOUT,1.31718766121114,103.943257870532,
278,JERVOIS ROAD,249076,SRI MENANTI ESTATE,1.29459429224728,103.824137947949,name_change,NIL,1.29453508497147,103.82423457479,
484B,FERNVALE DRIVE,792484,FERNVALE OASIS,1.3993985319494,103.876398105666,name_change,NIL,1.3993985319494,103.876398105666,
665A,PUNGGOL DRIVE,821665,WATERWAY WOODCRESS,1.40212769104002,103.913578463409,name_change,NOBLELAND ARTS N LEARNING PLACE @WATERWAY PTE. LTD.,1.4022827275187,103.913637732874,
6,YISHUN INDUSTRIAL STREET 1,768090,PICKET FENCE @ YISHUN PTE. LTD.,1.43678096741344,103.843618912685,name_change,LITTLE PETALS PRESCHOOL PTE. LTD.,1.43678096741344,103.843618912685,
21,ESPLANADE DRIVE,38980,MERLION PARK (ONE FULLERTON),1.28681077410494,103.854534936141,name_change,NIL,1.28648715900308,103.854568777144,
418,TEBAN GARDENS ROAD,600418,TEBAN BREEZE,1.32190006910473,103.743943463407,name_change,NIL,1.32190006910473,103.743943463407,
1,LORONG 16 GEYLANG,398849,HUA TECK SIANG TNG,1.31227941208946,103.880196678881,name_change,NIL,1.31228167094409,103.880196097174,
26,POLLEN PLACE,807229,POLLEN COLLECTION (U/C),1.3811479224909,103.859444521282,name_change,POLLEN COLLECTION,1.3811479224909,103.859444521282,
48,POLLEN VIEW,806996,POLLEN COLLECTION (U/C),1.38069121295765,103.860063161672,name_change,POLLEN COLLECTION,1.38069121295765,103.860063161672,
565,BELGRAVIA DRIVE,808106,BELGRAVIA ACE (U/C),1.38090131449027,103.865498778039,name_change,BELGRAVIA ACE,1.38090131449027,103.865498778039,
288B,JURONG EAST STREET 21,602288,ACE @ WORK EDUCARE PTE LTD,1.3389363751343,103.742880867285,name_change,NIL,1.33893635159463,103.742880903459,
302C,PUNGGOL PLACE,823302,PCF SPARKLETOTS PRESCHOOL @ PUNGGOL COAST 302C (CC),1.40472047246732,103.904967915033,name_change,CORALINUS,1.40472047410992,103.904967908234,
53,TENGAH GARDEN WALK,699910,COPEN GRAND,1.36149747523493,103.730779254791,name_change,COPEN GRAND (U/C),1.36149747523493,103.730779254791,
44C,HORNE ROAD,209067,NIL,1.3093266719998,103.862062340993,name_change,NETWORK COURIER BUILDING,1.3093266719998,103.862062340993,
50,CLUNY PARK ROAD,257488,SINGAPORE BOTANIC GARDENS (THE GARAGE),1.3188797159166,103.8155806673,name_change,THE GARAGE (SINGAPORE BOTANIC GARDENS),1.3188797159166,103.8155806673,
141,MIDDLE ROAD,188976,COLIWOO BUGIS,1.29943775475739,103.85240273741,name_change,GSM BUILDING,1.29943775475739,103.85240273741,
31D,PARBURY AVENUE,465440,THE LOOKOUT (U/C),1.31719023928964,103.943336517566,name_change,THE LOOKOUT,1.31719023928964,103.943336517566,
510,UPPER BUKIT TIMAH ROAD,678211,HILLVIEW MRT STATION (DT3),1.36234486803558,103.767418254007,name_change,NIL,1.36244852672647,103.767148928937,
1A,WOOLLERTON PARK,257504,GALLOP VILLAS,1.31875579225735,103.809824626182,name_change,NIL,1.31884719565901,103.80983989881,
267,SERANGOON AVENUE 3,550267,MARKET,1.35319405066769,103.870920824793,name_change,NIL,1.3531696660359,103.870953693678,
523A,YISHUN STREET 53,761523,VANDA BREEZE @ YISHUN,1.4221629233466,103.852664595625,name_change,NIL,1.4221629233466,103.852664595625,
31,BAYSHORE ROAD,469958,BAYSHORE MRT STATION (TE29),1.31312248291264,103.942309776767,name_change,NIL,1.31232032247178,103.941067430803,
71,SCIENCE PARK DRIVE,118253,LYNDENWOODS (U/C),1.2912624343038,103.788375803369,name_change,LYNDENWOODS,1.2912624343038,103.788375803369,
530,CHOA CHU KANG STREET 51,680530,IMAN KINDERGARTEN (CCK),1.3926269274726,103.741798790047,name_change,NIL,1.39268007502711,103.741839276777,
26,POLLEN WALK,807343,POLLEN COLLECTION (U/C),1.38183083203113,103.859428238196,name_change,POLLEN COLLECTION,1.38183083203113,103.859428238196,
1,TANAH MERAH COAST ROAD,498722,TANAH MERAH COUNTRY CLUB (GARDEN COURSE),1.32922514287269,103.979656915444,name_change,TANAH MERAH COUNTRY CLUB,1.32925623900667,103.979681515394,
470A,FERNVALE LINK,791470,PCF SPARKLETOTS KCARE CENTRE@SENGKANG WEST BLK 470A,1.39647847695923,103.879493914895,name_change,FERNVALE RIVERGROVE,1.39647838386976,103.879494944074,
423,BELGRAVIA DRIVE,807798,BELGRAVIA ACE (U/C),1.38156006325228,103.864917232113,name_change,BELGRAVIA ACE,1.38156006325228,103.864917232113,
240,OUTRAM ROAD,169043,SUPERLAND PRE-SCHOOL (OUTRAM) PTE LTD,1.28481669665236,103.835342790248,name_change,NIL,1.28485505596343,103.835333283572,
326,TENGAH PARK AVENUE,690326,PARC MEADOW @ TENGAH,1.36538376156937,103.735358633899,name_change,PARK MEADOW @ TENGAH,1.36538376156937,103.735358633899,
23,JALAN TELITI,537319,SCHOOL HOUSE BYTHEGARDEN @ HOUGANG PTE. LTD.,1.36061953649923,103.890411446251,name_change,NIL,1.36062589411973,103.890415463242,
7,POLLEN WALK,807469,POLLEN COLLECTION (U/C),1.38211397409079,103.859130298078,name_change,POLLEN COLLECTION,1.38211397409079,103.859130298078,
524B,YISHUN STREET 53,762524,VANDA BREEZE @ YISHUN,1.42162419446172,103.851861173096,name_change,NIL,1.42162419446172,103.851861173096,
541,GEYLANG ROAD,389496,GEYLANG CONSERVATION AREA,1.31395128098942,103.885235570186,name_change,AMERICARE CHILD DEVELOPMENT CENTRE,1.31395118983486,103.885235641985,
30,POLLEN VIEW,806987,POLLEN COLLECTION (U/C),1.38055842373224,103.859533068649,name_change,POLLEN COLLECTION,1.38055842373224,103.859533068649,
26A,CAVAN ROAD,209854,NEST HOTEL,1.31087924800926,103.861821440459,name_change,HOTEL SNOW LAVENDER,1.31087924800926,103.861821440459,
76,BEDOK NORTH ROAD,460076,PCF SPARKLETOTS PRESCHOOL @ FENGSHAN 76 (CC),1.32830649858422,103.942065693337,name_change,NIL,1.3282966654865,103.942067527916,
10,JALAN UBI,409075,KAMPONG KEMBANGAN COMMUNITY CLUB (TEMP OFFICE),1.3177006204915,103.900833499817,name_change,KAMPONG UBI COMMUNITY CENTRE,1.31784644102688,103.900750123561,
8,STADIUM BOULEVARD,397804,KALLANG SQUASH & TENNIS CENTRE,1.30544465643506,103.879557028459,name_change,NIL,1.30565166110124,103.878755645867,
19,POLLEN VIEW,807180,POLLEN COLLECTION (U/C),1.38087981239761,103.859275820638,name_change,POLLEN COLLECTION,1.38087981239761,103.859275820638,
475A,BUKIT BATOK WEST AVENUE 5,651475,WEST GLADES @ BUKIT BATOK,1.35738868721591,103.746444446688,name_change,NIL,1.35738868721591,103.746444446688,
1,UPPER PICKERING STREET,58288,ONE UPPER PICKERING,1.28607213683941,103.845499489498,name_change,ATTORNEY-GENERAL'S CHAMBERS,1.28603266950345,103.845548612526,
81,PHOENIX GARDEN,668331,PHOENIX HEIGHTS,1.37598372220773,103.759499872277,name_change,NIL,1.37594139628127,103.75944637356,
326C,TENGAH PARK AVENUE,693326,PARC MEADOW @ TENGAH,1.36542918200749,103.734979244453,name_change,PARK MEADOW @ TENGAH,1.36542918200749,103.734979244453,
1,MANDAI QUARRY ROAD,728635,HOME TEAM TACTICAL CENTRE,1.40921715884912,103.76354242,location_change,HOME TEAM TACTICAL CENTRE,1.40566322413826,103.76304525583,399.0252062885741
467,BELGRAVIA DRIVE,807916,BELGRAVIA ACE (U/C),1.3817047195914,103.865540249267,name_change,BELGRAVIA ACE,1.3817047195914,103.865540249267,
109A,PASIR PANJANG ROAD,118815,PASIR PANJANG NEIGHBOURHOOD POLICE POST,1.27543462293097,103.793372357531,name_change,NEIGHBOURHOOD POLICE POST PASIR PANJANG,1.27543233901602,103.793379591936,
375,BELGRAVIA DRIVE,807534,BELGRAVIA ACE (U/C),1.38103836173764,103.864772286348,name_change,BELGRAVIA ACE,1.38103836173764,103.864772286348,
491D,TAMPINES STREET 45,523491,HDB PUBLIC SHELTERS,1.36246541056514,103.954684825183,name_change,NIL,1.36246520398535,103.954683087779,
37,NORTH CANAL ROAD,59293,HABYT CLARKE QUAY,1.2870554646758,103.847101670945,name_change,CHAMPION HOTEL CITY,1.2870554646758,103.847101670945,
327,TENGAH PARK AVENUE,690327,PARC MEADOW @ TENGAH,1.36511525327288,103.734619451,name_change,PARK MEADOW @ TENGAH,1.36511525327288,103.734619451,
473,BELGRAVIA DRIVE,807919,BELGRAVIA ACE (U/C),1.38166007601212,103.865776899923,name_change,BELGRAVIA ACE,1.38166007601212,103.865776899923,
305B,PASIR PANJANG ROAD,118943,HARBOUR RESIDENCES (U/C),1.28701469938364,103.779005070862,name_change,HARBOUR RESIDENCES,1.28701469938364,103.779005070862,
16,GRACE WALK,557736,GRACE PARK,1.35812467918113,103.868897446393,name_change,NIL,1.3580338817809,103.868894321673,
437,BELGRAVIA DRIVE,807805,BELGRAVIA ACE (U/C),1.38189828352328,103.86451312013,name_change,BELGRAVIA ACE,1.38189828352328,103.86451312013,
16,POLLEN PLACE,807207,POLLEN COLLECTION (U/C),1.38107153757391,103.859151003579,name_change,POLLEN COLLECTION,1.38107153757391,103.859151003579,
261B,SENGKANG EAST WAY,542261,MORNING STAR COMMUNITY SERVICES - SENGKANG,1.39349896369795,103.89430473141,name_change,COMPASSVALE NORTH GATE,1.39349432451651,103.894408242074,
51,GHIM MOH LINK,270051,GHIM MOH NATURA,1.3095985111411,103.789942943508,name_change,NIL,1.3095985111411,103.789942943508,
251,JURONG EAST STREET 24,600251,PCF SPARKLETOTS PRESCHOOL @ YUHUA BLK 251 (KN),1.34316585363812,103.739676494398,name_change,NIL,1.34316585637535,103.73967649195,
2,DERBYSHIRE ROAD,309458,NAFA ARTS KINDERGARTEN (DERBYSHIRE),1.3153020324567,103.845605899704,name_change,DERBYSHIRE KINDERGARTEN,1.31528791712132,103.845610347755,
8,SIN MING ROAD,575628,ARTISAN 8,1.35371810230316,103.836117288176,name_change,NIL,1.35371665672148,103.836115880148,
119,BUKIT BATOK WEST AVENUE 8,659775,ALTURA (U/C),1.35995497039694,103.742320012935,name_change,ALTURA,1.35995497039694,103.742320012935,
16C,FARRER PARK ROAD,213016,FARRER PARK FIELDS,1.31048714110364,103.850523568211,name_change,NIL,1.31048714110364,103.850523568211,
526A,YISHUN STREET 53,761526,ARANDA BREEZE @ YISHUN,1.42270990527917,103.853214510174,name_change,NIL,1.42270990527917,103.853214510174,
620,UPPER BUKIT TIMAH ROAD,678116,SAINT JOSEPH'S CHURCH (BUKIT TIMAH),1.3673730647364,103.766984466968,name_change,SAINT JOSEPH CHURCH (BUKIT TIMAH),1.36810493151511,103.767175091192,
51,JOO CHIAT ROAD,427373,"STORIES JOO CHIAT, A HOTEL BY COVE",1.31498200860554,103.89862059683,name_change,AM HOTEL,1.31498200860554,103.89862059683,
31,POLLEN VIEW,807186,POLLEN COLLECTION (U/C),1.38096975066055,103.859591292181,name_change,POLLEN COLLECTION,1.38096975066055,103.859591292181,
83,PHOENIX AVENUE,668384,PHOENIX RESIDENCES,1.37540371918058,103.757211757355,name_change,PHOENIX RESIDENCES (U/C),1.37540371918058,103.757211757355,
517C,MILTONIA CLOSE,763517,MILTONIA BREEZE @ YISHUN,1.41847025094394,103.849379684961,name_change,NIL,1.41847025094394,103.849379684961,
453,CLEMENTI AVENUE 3,120453,AGAPE LITTLE UNI. @ CLEMENTI PTE. LTD.,1.31192107314708,103.766016900241,name_change,NIL,1.31192106821964,103.766016890178,
150,NORTH BRIDGE ROAD,179100,CITY HALL MRT STATION (EW13 / NS25),1.29293672227779,103.852585580366,name_change,CITY HALL MRT STATION,1.29298990700923,103.852542630339,
54A,GHIM MOH LINK,271054,ULU PANDAN GLADES,1.30999782932525,103.783028088738,name_change,NIL,1.30999782932525,103.783028088738,
195A,SERANGOON ROAD,218067,THE QUAY HOTEL LITTLE INDIA,1.30917901197119,103.853224451135,name_change,BROADWAY HOTEL,1.30917901197119,103.853224451135,
3,SCIENCE DRIVE 3,117552,NATIONAL UNIVERSITY OF SINGAPORE (S8),1.29614816625442,103.77932980438,name_change,NATIONAL UNIVERSITY OF SINGAPORE,1.29546718144446,103.779773950198,
11,LOWER KENT RIDGE ROAD,119083,NATIONAL UNIVERSITY OF SINGAPORE (FACULTY OF DENTISTRY),1.29703784526267,103.781585905666,name_change,MEDICINE+ SCIENCE LIBRARY,1.29692836506905,103.781790503528,
929,HOUGANG STREET 91,530929,PCF SPARKLETOTS PRESCHOOL @ ANG MO KIO-HOUGANG BLK 929 (KN),1.37608587509748,103.881497898906,name_change,NIL,1.37603204309398,103.881497888579,
369,BELGRAVIA DRIVE,809822,BELGRAVIA ACE (U/C),1.38108325816608,103.864534008204,name_change,BELGRAVIA ACE,1.38108325816608,103.864534008204,
19C,FARRER PARK ROAD,213019,FARRER PARK ARENA,1.3119165425624,103.848990588993,name_change,NIL,1.3119165425624,103.848990588993,
43,THOMSON ROAD,307583,NIL,1.31492414413907,103.84485935765,name_change,KARTAR APARTMENTS,1.31492241285227,103.844843392551,
73,TAMPINES STREET 62,529700,TENET,1.36814934690513,103.942983314402,name_change,TENET (U/C),1.36814934690513,103.942983314402,
69,TENGAH GARDEN WALK,699895,COPEN GRAND,1.36190078977329,103.730790607778,name_change,COPEN GRAND (U/C),1.36190078977329,103.730790607778,
30,NORTHSHORE DRIVE,828671,NORTHSHORE PRIMARY SCHOOL,1.41813803336667,103.904416909742,name_change,MOE KINDERGARTEN @ NORTHSHORE,1.41842322079348,103.905147201163,
711,WOODLANDS DRIVE 70,730711,HDB PUBLIC SHELTERS,1.44123152314849,103.797483515419,name_change,ADMIRALTY CLOVER,1.44122296569404,103.797378360624,
489,BELGRAVIA DRIVE,807958,BELGRAVIA ACE (U/C),1.38133434082287,103.866116984135,name_change,BELGRAVIA ACE,1.38133434082287,103.866116984135,
22,POLLEN WALK,807341,POLLEN COLLECTION (U/C),1.38180217306728,103.859325639511,name_change,POLLEN COLLECTION,1.38180217306728,103.859325639511,
105,PUNGGOL ROAD,546636,YEN PEI BUILDING (FO HUI),1.38027623461264,103.896103317359,name_change,BUDDHIST CULTURAL CENTRE,1.37989315515515,103.896275540621,
192,PUNGGOL CENTRAL,820192,BRIGHT KIDS SCHOOL HOUSE PTE LTD,1.3997709233324,103.909514330574,name_change,NIL,1.39977092552222,103.90951433139,
85,PHOENIX AVENUE,668385,PHOENIX RESIDENCES,1.37547898050058,103.757439743986,name_change,PHOENIX RESIDENCES (U/C),1.37547898050058,103.757439743986,
1,HAIG LANE,438803,ROYAL HALLMARK,1.30907421145446,103.898319919507,name_change,ROYAL HALLMARK (U/C),1.30907421145446,103.898319919507,
69H,TUAS SOUTH AVENUE 1,637509,TUAS SEATOWN DORMITORY,1.31430153738379,103.62780385247,name_change,SEATOWN INDUSTRIAL CENTRE,1.31436719049104,103.627830904434,
403,BELGRAVIA DRIVE,807705,BELGRAVIA ACE (U/C),1.38145413335338,103.864627269411,name_change,BELGRAVIA ACE,1.38145413335338,103.864627269411,
297C,LORONG 6 TOA PAYOH,319389,NIL,1.33021801545927,103.85195095117,name_change,SINGAPORE TABLE TENNIS ACADEMY,1.33025700558676,103.851966024301,
35,ORCHARD ROAD,238902,NIL,1.29946051650063,103.843384738464,name_change,ISTANA HERITAGE GALLERY,1.29946051650063,103.843384738464,
13,TUKANG INNOVATION DRIVE,619677,GREENPHYTO INNOVATION CENTRE,1.32360145622345,103.71653070725,name_change,NIL,1.32360145622345,103.71653070725,
51,ANSON ROAD,79904,ANSON CENTRE / 51 ANSON,1.27449477953185,103.845751573889,name_change,ANSON CENTRE,1.27452180635277,103.845738587239,
75,TAMPINES STREET 62,529701,TENET,1.36828336080127,103.942738597263,name_change,TENET (U/C),1.36828336080127,103.942738597263,
20,POLLEN WALK,807340,POLLEN COLLECTION (U/C),1.38178756835298,103.859273644576,name_change,POLLEN COLLECTION,1.38178756835298,103.859273644576,
18,COLLEGE AVENUE WEST,138528,NUS COLLEGE,1.30714440669788,103.77197858734,name_change,YALE-NUS COLLEGE CAMPUS,1.30714440669788,103.77197858734,
395,BELGRAVIA DRIVE,807681,BELGRAVIA ACE (U/C),1.38124827659545,103.864347067632,name_change,BELGRAVIA ACE,1.38124827659545,103.864347067632,
190,DUNEARN ROAD,309437,SINGAPORE CHINESE GIRLS' SCHOOL (PRIMARY),1.32080725235992,103.827744749548,name_change,SINGAPORE CHINESE GIRLS' SCHOOL,1.3206340835184,103.828164966953,
36,NAMLY CRESCENT,267551,THE LITTLE SKOOL-HOUSE INTERNATIONAL PTE LTD,1.32694823321319,103.794576045509,name_change,SHAMROCK PARK,1.32694822773844,103.794576037894,
15,POLLEN PLACE,807277,POLLEN COLLECTION (U/C),1.38146437481867,103.859171817041,name_change,POLLEN COLLECTION,1.38146437481867,103.859171817041,
51,GENTLE DRIVE,309254,GNTLE VILLAS,1.32053703513101,103.840548750373,name_change,GENTLE VILLAS,1.32057462472702,103.840628103969,
5,MARINA GARDENS LANE,19917,ONE MARINA GARDENS (U/C),1.27580060851268,103.862936192351,name_change,ONE MARINA GARDENS,1.27580060851268,103.862936192351,
1,MARINA GARDENS LANE,19921,ONE MARINA GARDENS (U/C),1.27580060851268,103.862936192351,name_change,ONE MARINA GARDENS,1.27580060851268,103.862936192351,
5,COX TERRACE,179620,FORT CANNING SERVICE RESERVOIR,1.29555677702271,103.846763208011,name_change,NIL,1.29605727595887,103.846803674497,
55,HONG SAN WALK,689045,COMFORT GARDEN,1.37702094122048,103.744933454611,name_change,NIL,1.37710445414356,103.744900834921,
123,BUKIT BATOK WEST AVENUE 8,659777,ALTURA (U/C),1.35958778711891,103.742461009831,name_change,ALTURA,1.35958778711891,103.742461009831,
10,WOODLANDS DRIVE 50,738853,WOODLANDS PRIMARY SCHOOL,1.43655108594232,103.791570546509,name_change,COMMIT LEARNING SCHOOLHOUSE @ WOODLANDS PRIMARY SCHOOL,1.43658270720199,103.791791282236,
1,POLLEN VIEW,806997,POLLEN COLLECTION (U/C),1.38073949692686,103.858776707998,name_change,POLLEN COLLECTION,1.38073949692686,103.858776707998,
451,BELGRAVIA DRIVE,807854,BELGRAVIA ACE (U/C),1.38180685004388,103.864998575476,name_change,BELGRAVIA ACE,1.38180685004388,103.864998575476,
80,BOON KENG ROAD,339780,AUMOVIO BUILDING,1.31560969603957,103.863281240839,name_change,CONTINENTAL BUILDING,1.31560969603957,103.863281240839,
516,JURONG WEST STREET 52,640516,LAKESIDE FAMILY SERVICE CENTRE (JURONG WEST),1.34550445307942,103.720569126146,name_change,NIL,1.34550365269314,103.720557509549,
457,BELGRAVIA DRIVE,807857,BELGRAVIA ACE (U/C),1.38176771824671,103.865206147439,name_change,BELGRAVIA ACE,1.38176771824671,103.865206147439,
628A,YEW TEE CLOSE,681628,HEART OF YEW TEE,1.39739412482995,103.74605587408,name_change,NIL,1.39739412482995,103.74605587408,
33C,PARBURY AVENUE,465444,THE LOOKOUT (U/C),1.31717965048235,103.942966483684,name_change,THE LOOKOUT,1.31717965048235,103.942966483684,
107,TOWNER ROAD,321107,ASIAN WOMEN'S WELFARE ASSOCIATION (AWWA) FAMILY SERVICE CENTRE,1.31933733566872,103.860225974926,name_change,NIL,1.31979508625986,103.860435814245,
208B,PUNGGOL PLACE,822208,PUNGGOL SAILS,1.40136154264137,103.901127196589,name_change,MY FIRST SKOOL,1.40136153880902,103.901127199853,
18A,FARRER PARK ROAD,211018,FARRER PARK FIELDS,1.31017638548135,103.851032856973,name_change,NIL,1.31017638548135,103.851032856973,
2,JALAN DERMAWAN,668947,HILLVIEW GARDEN ESTATE,1.3589055889182,103.761907582097,name_change,CHERIE HEARTS KIDZ LODGE PTE. LTD.,1.35884961898497,103.761904463885,
20,WOODLANDS NORTH COAST ROAD,737668,WOODLANDS NORTH MRT STATION (TE1),1.44829245259621,103.785692682441,name_change,NIL,1.44890156901597,103.785198764699,
83,TAMPINES STREET 62,529449,TENET,1.36855132825317,103.941709770792,name_change,TENET (U/C),1.36855132825317,103.941709770792,
407,HAVELOCK ROAD,169634,MAPLE BEAR PRESCHOOL PTE. LTD.,1.28751197109177,103.836410583252,name_change,FURAMA RIVERFRONT SINGAPORE,1.28751197109177,103.836410580532,
20,BISHAN STREET 23,579757,NEIGHBOURHOOD POLICE CENTRE BISHAN,1.3578020542365,103.847715258603,name_change,BISHAN NEIGHBOURHOOD POLICE CENTRE,1.3578059845284,103.84770931156,
581,WOODLANDS DRIVE 16,730581,PCF SPARKLETOTS PRESCHOOL @ ADMIRALTY BLK 581 (KN),1.42989029976326,103.796403905753,name_change,NIL,1.42989030003699,103.796403905753,
1,WOODLANDS NORTH COAST ROAD,738979,RTS LINK WOODLANDS NORTH STATION,1.45001786057996,103.786094392757,name_change,CIQ BUILDING,1.45010000958897,103.784100658514,
44B,HORNE ROAD,209067,NIL,1.3093266719998,103.862062340993,name_change,NETWORK COURIER BUILDING,1.3093266719998,103.862062340993,
2,EXPO DRIVE,485985,EXPO MRT STATION (DT35),1.33538252614956,103.962374747451,name_change,NIL,1.33543687011841,103.961831201138,
36,HOLLAND DRIVE,270036,BUONA VISTA COMMUNITY CLUB COMPLEX,1.30918303313868,103.792640480326,name_change,BUONA VISTA COMMUNITY CLUB,1.30922984207133,103.792660857646,
21,TANAH MERAH COAST ROAD,498721,CASUALTY CLEARANCE STATION 2 (REP HUT 2),1.32158298848314,103.980208109526,name_and_location_change,CASUALTY CLEARANCE STATION 2,1.3207100356244,103.985791957626,628.2742781736192
2,BUKIT MANIS ROAD,99891,SOFITEL HOTEL SENTOSA SINGAPORE,1.24589687601798,103.827569393578,name_change,SOFITEL SINGAPORE SENTOSA RESORT & SPA,1.24589687601798,103.827569393578,
51,LENGKOK BAHRU,150051,WATERFALLS STUDENT CARE CENTRE,1.28761342749689,103.812272124073,name_change,NIL,1.28761342640189,103.812272115642,
18,POLLEN WALK,807339,POLLEN COLLECTION (U/C),1.38177283553563,103.859221191897,name_change,POLLEN COLLECTION,1.38177283553563,103.859221191897,
477,BELGRAVIA DRIVE,807921,BELGRAVIA ACE (U/C),1.38163506951587,103.865909765284,name_change,BELGRAVIA ACE,1.38163506951587,103.865909765284,
10,DOVER DRIVE,138683,NIL,1.30100873824913,103.780125250887,name_change,SINGAPORE INSTITUTE OF TECHNOLOGY@DOVER,1.30100873824913,103.780125250887,
415,BELGRAVIA DRIVE,807711,BELGRAVIA ACE (U/C),1.38136908074966,103.86507850363,name_change,BELGRAVIA ACE,1.38136908074966,103.86507850363,
101,PLANTATION CLOSE,690101,PLANTATION VERGE,1.35033776500774,103.734616669723,name_change,NIL,1.35033776500774,103.734616669723,
71,TENGAH GARDEN WALK,699886,COPEN GRAND,1.36190672929397,103.731042025984,name_change,COPEN GRAND (U/C),1.36190672929397,103.731042025984,
60,KHEAM HOCK ROAD,298824,DUNEARN ESTATE,1.32972931832858,103.820143577883,name_change,NIL,1.32974821068208,103.820116625365,
306,UBI AVENUE 1,400306,BAO TA STUDENT CARE CENTRE (PTE) LTD,1.32987219692115,103.901929745036,name_change,NIL,1.32987117232209,103.901930369733,
41,THAM SOONG AVENUE,597053,AIRVIEW PARK,1.34403343901715,103.773675424605,name_change,NIL,1.34407814949884,103.773733985688,
411,BEDOK NORTH AVENUE 2,460411,TRANS CENTRE (BEDOK),1.32828083033915,103.931611137309,name_change,NIL,1.32830977781597,103.931761785189,
4,ARCHITECTURE DRIVE,117566,NATIONAL UNIVERSITY OF SINGAPORE (SDE1),1.29751830784055,103.770687480979,name_change,NATIONAL UNIVERSITY OF SINGAPORE,1.29745660325612,103.770918476734,
33B,PARBURY AVENUE,465443,THE LOOKOUT (U/C),1.31717780107335,103.942893899228,name_change,THE LOOKOUT,1.31717780107335,103.942893899228,
47,JALAN SEAVIEW,438361,SEA VIEW PARK,1.30110432367129,103.896143594479,name_change,NIL,1.30103626072421,103.896169502696,
591A,WOODLANDS DRIVE 17,731591,WOODLANDS SOUTH PLAINS,1.42703335156834,103.795346803224,name_change,NIL,1.42703335156834,103.795346803224,
205,RIVER VALLEY ROAD,238274,UE SQUARE (PARK WING),1.29273043457202,103.842248021629,name_change,UE SQUARE,1.2927319871783,103.842250095411,
2H,BALMORAL CRESCENT,259887,HOUSE ON THE HILL MONTESSORI PRE-SCHOOL - NEWTON,1.31514455842814,103.834011490726,name_change,NIL,1.31513523481676,103.833985812385,
327C,TENGAH PARK AVENUE,693327,PARC MEADOW @ TENGAH,1.36716648097279,103.734553568903,name_change,PARK MEADOW @ TENGAH,1.36716648097279,103.734553568903,
30,HENG MUI KENG TERRACE,119614,ISEAS-YUSOF ISHAK INSTITUTE (ISEAS),1.29125964322735,103.776679532542,name_change,INSTITUTE OF SOUTH EAST ASIAN STUDIES BUILDING,1.29066130905638,103.776981579715,
291,JURONG EAST STREET 24,600291,JURONG EAST BREEZE,1.34379945407852,103.743885318418,name_change,NIL,1.34379945407852,103.743885318418,
33A,HONGKONG STREET,59672,NIL,1.28743955901693,103.847130213821,name_change,VINTAGE INN @ CLARKE QUAY,1.28743955901693,103.847130213821,
215Q,PONGGOL SEVENTEENTH AVENUE,829765,WHITE COVE (U/C),1.41491229145585,103.902853132468,name_change,WHITE COVE,1.41491229145585,103.902853132468,
78,BINCHANG RISE,579939,LAUW AND SONS GARDEN,1.34944169782332,103.846243952527,name_change,NIL,1.34950073759427,103.846198307236,
8,BUKIT TIMAH LINK,589944,8@BT (U/C),1.34137140164237,103.776905804914,name_change,NIL,1.34137140164237,103.776905804914,
69,NAMLY PLACE,267216,SHAMROCK PARK,1.32410068314346,103.796407014407,name_change,NIL,1.32410661540296,103.796493121561,
27,LORONG 1 REALTY PARK,536950,PEOPLE'S GARDEN,1.36706178105403,103.890437797457,name_change,NIL,1.36714344383384,103.890456407353,
17,POLLEN VIEW,807179,POLLEN COLLECTION (U/C),1.38085748736181,103.85919523289,name_change,POLLEN COLLECTION,1.38085748736181,103.85919523289,
85,TAMPINES STREET 62,529450,TENET,1.36839350178103,103.941897713077,name_change,TENET (U/C),1.36839350178103,103.941897713077,
12,LORONG 12 GEYLANG,398993,GOSTAY HOTEL,1.31140044123756,103.878121314712,name_change,NIL,1.31140044123756,103.878121314712,
519,BELGRAVIA DRIVE,808083,BELGRAVIA ACE (U/C),1.38128857289683,103.865505886285,name_change,BELGRAVIA ACE,1.38128857289683,103.865505886285,
484,FERNVALE DRIVE,790484,FERNVALE OASIS,1.40020352656839,103.877109122901,name_change,NIL,1.40020352656839,103.877109122901,
4,POLLEN CRESCENT,807481,POLLEN COLLECTION (U/C),1.38289200979103,103.859320893061,name_change,POLLEN COLLECTION,1.38289200979103,103.859320893061,
220,NEO TIEW CRESCENT,718830,KIN YAN AGROTECH,1.43848185029259,103.727350256761,name_change,NIL,1.43848185001885,103.727350256761,
681,PUNGGOL DRIVE,820681,NKF DIALYSIS CENTRE,1.40259581502678,103.912962428692,name_change,OASIS TERRACES,1.40278015725693,103.913215101343,
395A,BUKIT BATOK WEST AVENUE 5,651395,PCF SPARKLETOTS PRESCHOOL @ BUKIT GOMBAK 395A (CC),1.36393821475024,103.751896006121,name_change,MULTI STOREY CAR PARK,1.36448974299463,103.751987145985,
404B,JURONG WEST STREET 42,642404,JURONG ARCADIA,1.35404858805182,103.724078161362,name_change,NIL,1.35404858805182,103.724078161362,
261,VICTORIA STREET,189876,BUGIS STREET,1.30067380210192,103.85483094344,name_change,BUGIS VILLAGE,1.30026250997993,103.854749110816,
215S,PONGGOL SEVENTEENTH AVENUE,829767,WHITE COVE (U/C),1.4150562546887,103.902919759807,name_change,WHITE COVE,1.4150562546887,103.902919759807,
113,BUKIT BATOK WEST AVENUE 8,659858,ALTURA (U/C),1.35943485657108,103.74186955616,name_change,ALTURA,1.35943485657108,103.74186955616,
561,BELGRAVIA DRIVE,808104,BELGRAVIA ACE (U/C),1.38093128162969,103.865339683811,name_change,BELGRAVIA ACE,1.38093128162969,103.865339683811,
14,COLLEGE AVENUE WEST,138611,NUS COLLEGE,1.30608809537109,103.771993013067,name_change,YALE-NUS COLLEGE CAMPUS,1.30608809537109,103.771993013067,
97A,HAVELOCK ROAD,161097,HAVELOCK HILLSIDE,1.28853429457901,103.831623124762,name_change,NIL,1.28853429457901,103.831623124762,
57A,GHIM MOH LINK,271057,ULU PANDAN BANKS,1.3111624392886,103.781249892388,name_change,NIL,1.3111624392886,103.781249892388,
487,BELGRAVIA DRIVE,807957,BELGRAVIA ACE (U/C),1.38132034546555,103.866192067937,name_change,BELGRAVIA ACE,1.38132034546555,103.866192067937,
19,JALAN ANAK BUKIT,589772,THE RESERVE RESIDENCES (U/C),1.34003686623812,103.777857705193,name_change,THE RESERVE RESIDENCES,1.34003686623812,103.777857705193,
33,PARBURY AVENUE,465441,THE LOOKOUT (U/C),1.31717477377658,103.942759718591,name_change,THE LOOKOUT,1.31717477377658,103.942759718591,
3,LIM CHU KANG LANE 9,719911,CASHIN HOUSE,1.44774551089966,103.709939339741,name_change,NIL,1.44774210489076,103.70992504834,
11,SALAM WALK,467159,KEW PLACE,1.32095757336287,103.951015797021,name_change,NIL,1.32084738310537,103.950983745787,
2,BUKIT BATOK STREET 11,659674,SAINT LUKE'S HOSPITAL-DAY REHABILITATION,1.3495360738959,103.741877617968,name_change,SAINT LUKE'S ELDERCARE,1.34950448942588,103.741889031011,
35,POLLEN VIEW,807196,POLLEN COLLECTION (U/C),1.38099902549387,103.859695555904,name_change,POLLEN COLLECTION,1.38099902549387,103.859695555904,
1,LENTOR CENTRAL,788887,LENTOR MODERN,1.38550907050444,103.83456993327,name_change,LENTOR MODERN (U/C),1.38572990744435,103.834582217675,
87,JALAN SATU,390087,MOUNTBATTEN COMMUNITY CLUB,1.30920453703351,103.886918300106,name_change,MOUNTBATTEN COMMUNITY CLUB (U/C),1.30920453703351,103.886918300106,
388,YISHUN RING ROAD,760388,LITTLE FOOTPRINTS SCHOOLHOUSE (Y388) PTE. LTD.,1.42916343658276,103.8470114507,name_change,NIL,1.42916958504572,103.847212829684,
980,UPPER CHANGI ROAD NORTH,507708,SINGAPORE PRISON SERVICE (HEADQUARTERS),1.3546968449925,103.969691074144,name_change,SINGAPORE CORPORATION OF REHABILITATIVE ENTERPRISES (SCORE),1.35479571540641,103.969632611487,
63,COMMONWEALTH AVENUE WEST,130063,ULU PANDAN VISTA,1.31182953718649,103.779754780955,name_change,NIL,1.31182953718649,103.779754780955,
104,SUNGEI TENGAH ROAD,698987,HILL VIEW NURSERY,1.39644759083621,103.729795764063,name_change,NIL,1.39745695536458,103.729761634029,
48C,BEDOK SOUTH AVENUE 3,463048,BEDOK SOUTH BLOSSOMS,1.32379427695986,103.94375148618,name_change,NIL,1.32379427695986,103.94375148618,
18,JALAN JELITA,278342,MCMAHON PARK,1.31566260534344,103.787425104939,name_change,NIL,1.31566988236137,103.787371585675,
17,CIRCUIT ROAD,370017,MACPHERSON RESIDENCY,1.32982009942647,103.888575094609,name_change,E-BRIDGE PRE-SCHOOL PTE. LTD.,1.32982010709091,103.888575098145,
33,MIMOSA VALE,807943,MIMOSA VALE,1.38231026042237,103.860190162029,name_change,NIL,1.38236024161962,103.860185249263,
194A,WOODLANDS CENTRE ROAD,731194,MARSILING RIDGE,1.43501798422042,103.772958780842,name_change,NIL,1.43501798422042,103.772958780842,
1999,LORONG 8 TOA PAYOH,319258,TOA PAYOH SOUTH COMMUNITY CLUB,1.33489037473653,103.859378974667,name_change,TOA PAYOH SOUTH COMMUNITY CLUB (PENDING RELOCATION),1.33489037473653,103.859378974667,
1G,CLUNY ROAD,259603,SINGAPORE BOTANIC GARDENS (CENTRE FOR ETHNOBOTANY),1.31942115865974,103.816533762095,name_change,NIL,1.3195183559152,103.816557954578,
522C,YISHUN STREET 53,763522,VANDA BREEZE @ YISHUN,1.42192219591661,103.852144033721,name_change,NIL,1.42192219591661,103.852144033721,
461,BELGRAVIA DRIVE,807913,BELGRAVIA ACE (U/C),1.38174082180255,103.865348510616,name_change,BELGRAVIA ACE,1.38174082180255,103.865348510616,
66,TAI HWAN HEIGHTS,555411,TAI HWAN GARDEN,1.35758987705561,103.86161985155,name_change,NIL,1.35752972942354,103.861577021704,
300,EU TONG SEN STREET,59816,OUTRAM PARK MRT STATION (NE3),1.27972059383553,103.839439862425,name_change,OUTRAM PARK MRT STATION,1.2802415328084,103.840052100136,
590C,WOODLANDS DRIVE 17,733590,WOODLANDS SOUTH PLAINS,1.42655027696657,103.796757454947,name_change,NIL,1.42655027696657,103.796757454947,
64,COMMONWEALTH AVENUE WEST,130064,ULU PANDAN VISTA,1.31201312548462,103.778900568955,name_change,NIL,1.31201312548462,103.778900568955,
45,YISHUN CLOSE,769294,NORTH GAIA,1.43532048902847,103.845478333076,name_change,NORTH GAIA (U/C),1.43531639018077,103.845473584711,
289G,BUKIT BATOK STREET 25,656289,PCF SPARKLETOTS PRESCHOOL @ BUKIT BATOK EAST BLK 289G (KN),1.34504259331257,103.758784095946,name_change,NATURE VIEW,1.34504260344064,103.758784094586,
2,POLLEN VIEW,806849,POLLEN COLLECTION (U/C),1.38034678871089,103.858771306102,name_change,POLLEN COLLECTION,1.38034678871089,103.858771306102,
31B,PARBURY AVENUE,465438,THE LOOKOUT (U/C),1.31718619734408,103.943182624024,name_change,THE LOOKOUT,1.31718619734408,103.943182624024,
365,BELGRAVIA DRIVE,809820,BELGRAVIA ACE (U/C),1.38112242771599,103.864323568256,name_change,BELGRAVIA ACE,1.38112242771599,103.864323568256,
809A,ANG MO KIO STREET 82,561809,PINE VILLE @ AMK,1.37691920385487,103.85338946452,name_change,NIL,1.37691920385487,103.85338946452,
306A,WOODLANDS STREET 31,731306,MARSILING-YEW TEE TOWN COUNCIL (MAIN OFFICE),1.43004497651501,103.775115110423,name_change,ACTIVE LEARNERS CHILD CARE PRIVATE LIMITED,1.43011253092335,103.775081057714,
23A,PARBURY AVENUE,467338,THE LOOKOUT (U/C),1.31747625687824,103.943070580925,name_change,THE LOOKOUT,1.31747625687824,103.943070580925,
64A,COMMONWEALTH AVENUE WEST,131064,ULU PANDAN VISTA,1.31198190730338,103.779388291881,name_change,NIL,1.31198190730338,103.779388291881,
511,UPPER JURONG ROAD,638366,CARPE DIEM KIDZ PTE. LTD.,1.32936820190369,103.682388475795,name_change,ARENA COUNTRY CLUB,1.32942533624577,103.682841560649,
45,FABER WALK,128973,FABER HILLS,1.32175912435446,103.754888672567,name_change,NIL,1.32168412870095,103.754870986849,
543,BELGRAVIA DRIVE,808095,BELGRAVIA ACE (U/C),1.38096660248192,103.865839484891,name_change,BELGRAVIA ACE,1.38096660248192,103.865839484891,
2,AMBER ROAD,439846,TANJONG KATONG MRT STATION (TE25),1.29931925769899,103.897368742078,name_change,NIL,1.29908720703389,103.897345777516,
3,POLLEN CRESCENT,807521,POLLEN COLLECTION (U/C),1.38255432901406,103.859511486011,name_change,POLLEN COLLECTION,1.38255432901406,103.859511486011,
6A,TANJONG RHU ROAD,436884,DE CENTURION,1.29881006027302,103.884350279556,name_change,DE CENTURIAN,1.29881006027302,103.884350279556,
19,SENOKO SOUTH ROAD,758078,SENOKO INDUSTRIAL ESTATE,1.4567956383041,103.804910356464,name_change,NIL,1.45693275404322,103.804530333569,
32,POLLEN VIEW,806988,POLLEN COLLECTION (U/C),1.38057299778325,103.859585075253,name_change,POLLEN COLLECTION,1.38057299778325,103.859585075253,
492,JURONG WEST STREET 41,640492,CENTRAL 24-HR CLNIC (JURONG WEST),1.35008503080761,103.724757267597,name_change,NIL,1.34994543559348,103.725180466645,
526B,YISHUN STREET 53,762526,ARANDA BREEZE @ YISHUN,1.42329803319593,103.853424633343,name_change,NIL,1.42329803319593,103.853424633343,
447,BELGRAVIA DRIVE,807852,BELGRAVIA ACE (U/C),1.38183762415691,103.864836347977,name_change,BELGRAVIA ACE,1.38183762415691,103.864836347977,
141,PETIR ROAD,670141,MORAL STUDENT CARE CENTRE (BT PANJANG),1.37587154659066,103.768135701112,name_change,NIL,1.37587156219346,103.768135702472,
166B,BEDOK ROAD,469413,CHURCH OF GOD (EVANGELICAL),1.32631035560574,103.951753673093,name_change,NIL,1.32622317204895,103.951658611418,
46,CHANGI SOUTH STREET 1,486761,CHANGI SOUTH INDUSTRIAL ESTATE,1.33674817006324,103.970836647517,name_change,NIL,1.33604512205864,103.971547643251,
311,NEW UPPER CHANGI ROAD,467360,BEDOK MALL,1.32473632784728,103.929256259998,name_change,BEDOK INTEGRATED TRANSPORT HUB,1.32473632812103,103.929256259726,
27,PARBURY AVENUE,467341,THE LOOKOUT (U/C),1.31747054208942,103.943257430638,name_change,THE LOOKOUT,1.31747054208942,103.943257430638,
175A,CHIN SWEE ROAD,169879,NIL,1.28575609430357,103.838921630122,name_change,HOTEL RE! @ PEARL'S HILL,1.28575609430357,103.838921630122,
44A,HORNE ROAD,209067,NIL,1.3093266719998,103.862062340993,name_change,NETWORK COURIER BUILDING,1.3093266719998,103.862062340993,
85,NAMLY DRIVE,267490,SHAMROCK PARK,1.3237165888072,103.795432013565,name_change,NIL,1.32363963974713,103.795395753807,
25,POLLEN VIEW,807183,POLLEN COLLECTION (U/C),1.38092613224245,103.859435943593,name_change,POLLEN COLLECTION,1.38092613224245,103.859435943593,
89,HOUGANG AVENUE 4,538829,NATIONAL HEALTHCARE GROUP POLYCLINICS (HOUGANG POLYCLINIC),1.37001805253858,103.888996385371,name_change,HOUGANG POLYCLINIC,1.3699068381066,103.88900146446,
117A,JALAN KEMBANGAN,411117,KEMBANGAN WAVE,1.32268355501331,103.913022311205,name_change,NIL,1.32268355501331,103.913022311205,
879,YISHUN STREET 81,760879,PCF SPARKLETOTS PRESCHOOL @ NEE SOON SOUTH 879 (CC),1.41450211129727,103.835974001874,name_change,NIL,1.41444167860568,103.83611779226,
330,TENGAH PARK AVENUE,690330,PARC MEADOW @ TENGAH,1.36634909226014,103.736461090569,name_change,PARK MEADOW @ TENGAH,1.36634909226014,103.736461090569,
215R,PONGGOL SEVENTEENTH AVENUE,829766,WHITE COVE (U/C),1.41498560342156,103.902886151345,name_change,WHITE COVE,1.41498560342156,103.902886151345,
108,JALAN GEMBIRA,369187,MACPHERSON GARDEN ESTATE,1.33229870587117,103.881341188646,name_change,NIL,1.33224577849858,103.881356993712,
1,ESPLANADE DRIVE,38981,DBS FOUNDATION OUTDOOR THEATRE,1.28880305036348,103.856003516592,name_change,ESPLANADE - THEATRES ON THE BAY,1.29020501088469,103.855566745359,
6,POLLEN CRESCENT,807482,POLLEN COLLECTION (U/C),1.38286473884662,103.859275040103,name_change,POLLEN COLLECTION,1.38286473884662,103.859275040103,
5,NORTHUMBERLAND ROAD,219570,PICCADILLY GRAND,1.31079412179179,103.852278016349,name_change,PICCADILLY GRAND (U/C),1.31079412179179,103.852278016349,
100,JURONG ISLAND HIGHWAY,627867,NIL,1.27776680299102,103.681296002911,location_change,NIL,1.26907088657711,103.69845992241,2139.089828315481
3,MARINA GARDENS LANE,19916,ONE MARINA GARDENS (U/C),1.27580060851268,103.862936192351,name_change,ONE MARINA GARDENS,1.27580060851268,103.862936192351,
215F,PONGGOL SEVENTEENTH AVENUE,829720,WHITE COVE (U/C),1.41452328434718,103.903000414668,name_change,WHITE COVE,1.41452328434718,103.903000414668,
24,PLANTATION CLOSE,690097,OTTO PLACE (U/C),1.34793735286897,103.736758778262,name_change,OTTO PLACE,1.34793735286897,103.736758778262,
33,YISHUN CLOSE,769345,NORTH GAIA,1.43631746938476,103.844907374663,name_change,NORTH GAIA (U/C),1.43631163072722,103.844895523625,
9,LENTOR CENTRAL,788891,LENTOR MODERN,1.38569700727019,103.834957690324,name_change,LENTOR MODERN (U/C),1.38572990744435,103.834582217675,
331,TENGAH PARK AVENUE,690331,PARC MEADOW @ TENGAH,1.36574754571894,103.736042403556,name_change,PARK MEADOW @ TENGAH,1.36574754571894,103.736042403556,
97,HAVELOCK ROAD,160097,HAVELOCK HILLSIDE,1.28901860835749,103.831440994912,name_change,NIL,1.28901860835749,103.831440994912,
290A,COMPASSVALE CRESCENT,541290,PCF SPARKLETOTS PRESCHOOL @ SENGKANG CENTRAL 290A (CC),1.3960787618403,103.896727615807,name_change,COMPASSVALE LODGE,1.39607877196847,103.89672761336,
518,MILTONIA CLOSE,760518,MILTONIA BREEZE @ YISHUN,1.41861158425913,103.850082471328,name_change,NIL,1.41861158425913,103.850082471328,
102B,PLANTATION CLOSE,692102,PLANTATION VERGE,1.35084766714941,103.734299170866,name_change,NIL,1.35084766714941,103.734299170866,
49,ELITE TERRACE,458803,SOUTH UNION PARK,1.31597832329938,103.924541875012,name_change,NIL,1.31590696968574,103.924534668404,
151,NEW BRIDGE ROAD,59443,CHINATOWN MRT STATION (NE4),1.28435959278583,103.843426681863,name_change,CHINATOWN MRT STATION,1.2839640518753,103.843141945391,
3,POLLEN WALK,807346,POLLEN COLLECTION (U/C),1.38206828709884,103.858869022791,name_change,POLLEN COLLECTION,1.38206828709884,103.858869022791,
920,YISHUN AVENUE 2,769100,YISHUN BUS INTERCHANGE,1.42786642054759,103.836143692955,name_change,NORTHPOINT CITY,1.42790289018677,103.836177650701,
407,BELGRAVIA DRIVE,807707,BELGRAVIA ACE (U/C),1.3814191691911,103.864812784066,name_change,BELGRAVIA ACE,1.3814191691911,103.864812784066,
12,COLLEGE AVENUE WEST,138610,NUS COLLEGE,1.30638712623098,103.77206806682,name_change,YALE-NUS COLLEGE CAMPUS,1.30638712623098,103.77206806682,
570,PASIR RIS STREET 53,510570,AL - AMIN PRESCHOOL (PASIR RIS),1.37276904719182,103.946510454173,name_change,NIL,1.37276905622506,103.946510452269,
55,BELIMBING AVENUE,349924,SENNETT ESTATE,1.33282936191092,103.876797450868,name_change,NIL,1.33275637386152,103.876824048465,
2,FRANCIS THOMAS DRIVE,359337,ST ANDREW'S SCHOOL (JUNIOR),1.33140255308868,103.865117134385,name_change,SAINT ANDREW'S JUNIOR SCHOOL,1.33140255308868,103.865117134385,
33,MACTAGGART ROAD,368082,MACPHERSON INDUSTRIAL ESTATE,1.33428205064489,103.883804598054,name_change,LEE KAY HUAN BUILDING,1.33396504069047,103.883790755952,
4500,ANG MO KIO AVENUE 6,569843,ANDERSON SERANGOON JUNIOR COLLEGE (U/C),1.37894408046934,103.845760935132,name_change,ANDERSON SERANGOON JUNIOR COLLEGE,1.37839670972543,103.845885968342,
55,GHIM MOH LINK,270055,ULU PANDAN GLADES,1.3095571389636,103.782763348733,name_change,NIL,1.3095571389636,103.782763348733,
15,FRANCIS THOMAS DRIVE,359342,ST ANDREW'S SCHOOL (SECONDARY),1.33069360968075,103.866249138562,name_change,SAINT ANDREW'S SECONDARY SCHOOL,1.33069360968075,103.866249138562,
327A,TENGAH PARK AVENUE,691327,PARC MEADOW @ TENGAH,1.36582688212019,103.734303563539,name_change,PARK MEADOW @ TENGAH,1.36582688212019,103.734303563539,
402A,JURONG WEST STREET 42,641402,JURONG ARCADIA,1.35328785595113,103.723331769563,name_change,NIL,1.35328785595113,103.723331769563,
319,CLEMENTI AVENUE 4,120319,PCF SPARKLETOTS PRESCHOOL @ BUKIT TIMAH BLK 319 (EY),1.31738024777586,103.764787030207,name_change,CLEMENTI MEADOWS,1.31738023737382,103.764787022864,
232,TURF CLUB ROAD,287982,CHILTERN HOUSE TURF CLUB,1.33463584623007,103.793705365693,name_change,NIL,1.33463585225204,103.79370535699,
439,FAJAR ROAD,670439,NOAH'S ARK CHILDCARE & DEVELOPMENT CENTRE,1.38304692121235,103.770464368939,name_change,NIL,1.38304567931228,103.770465303497,
445,BELGRAVIA DRIVE,807851,BELGRAVIA ACE (U/C),1.38184852962038,103.864778498695,name_change,BELGRAVIA ACE,1.38184852962038,103.864778498695,
417A,TEBAN GARDENS ROAD,601417,TEBAN BREEZE,1.32218661274686,103.744081615979,name_change,NIL,1.32218661274686,103.744081615979,
25J,SUNGEI KADUT STREET 1,729334,SUNGEI KADUT INDUSTRIAL ESTATE,1.40971674217485,103.747670057199,name_change,NIL,1.40916087054988,103.747333587087,
14,POLLEN PLACE,807206,POLLEN COLLECTION (U/C),1.38105435761026,103.859095991827,name_change,POLLEN COLLECTION,1.38105435761026,103.859095991827,
48,SENNETT PLACE,466872,EAST COAST HILL,1.31731745301813,103.936621644847,name_change,NIL,1.31726938535753,103.936673145827,
19A,FARRER PARK ROAD,211019,FARRER PARK ARENA,1.31162409319636,103.850152212208,name_change,NIL,1.31162409319636,103.850152212208,
12,POLLEN WALK,807336,POLLEN COLLECTION (U/C),1.38172912265954,103.85906556557,name_change,POLLEN COLLECTION,1.38172912265954,103.85906556557,
13,POLLEN PLACE,807276,POLLEN COLLECTION (U/C),1.38145008022938,103.859120797167,name_change,POLLEN COLLECTION,1.38145008022938,103.859120797167,
39B,PARBURY AVENUE,465452,THE LOOKOUT (U/C),1.31759326172683,103.942882817347,name_change,THE LOOKOUT,1.31759326172683,103.942882817347,
40,POLLEN VIEW,806992,POLLEN COLLECTION (U/C),1.38063144643878,103.859793641015,name_change,POLLEN COLLECTION,1.38063144643878,103.859793641015,
1079,SERANGOON ROAD,328182,ELIM KINDERGARTEN,1.32389412548441,103.86424921462,name_change,ELIM CHURCH,1.32372876552286,103.864626377113,
83,GREENFIELD DRIVE,457964,FRANKEL ESTATE,1.31211860673031,103.918410960074,name_change,NIL,1.31204926139521,103.918445654345,
27,EUNOS ROAD 2,409387,FC,1.32074719644706,103.899635139079,name_change,EUNOS INDUSTRIAL ESTATE,1.32074892318125,103.899480966587,
12,SENNETT PLACE,466848,EAST COAST HILL,1.3185369927104,103.937332220765,name_change,NIL,1.31848681337175,103.937255618575,
16,CHIN BEE AVENUE,619939,HUBER'S FACTORY,1.33388937886023,103.711894262964,name_change,GHL BUILDING,1.33386105444432,103.711905966056,
22,CACTUS ROAD,809588,SELETAR GARDEN,1.39105033663943,103.850504369729,name_change,NIL,1.39107516640087,103.850577753246,
441,BELGRAVIA DRIVE,807849,BELGRAVIA ACE (U/C),1.38187336826016,103.864645265044,name_change,BELGRAVIA ACE,1.38187336826016,103.864645265044,
405,BELGRAVIA DRIVE,807706,BELGRAVIA ACE (U/C),1.38143003276872,103.864755233972,name_change,BELGRAVIA ACE,1.38143003276872,103.864755233972,
5,LENTOR CENTRAL,788889,LENTOR MODERN,1.38566947273434,103.834549283745,name_change,LENTOR MODERN (U/C),1.38572990744435,103.834582217675,
277,BRADDELL ROAD,579711,SINGAPORE ISLAMIC HUB,1.34259092832425,103.852258908741,name_change,MADRASAH IRSYAD ZUHRI AL-ISLAMIAH,1.34264524949174,103.851907845969,
107,PLANTATION CLOSE,690107,PLANTATION VERGE,1.35030627334562,103.736767614388,name_change,NIL,1.35030627334562,103.736767614388,
25,YISHUN CLOSE,769341,NORTH GAIA,1.43546259823385,103.845206862538,name_change,NORTH GAIA (U/C),1.43545249428861,103.845192449638,
720,JURONG WEST AVENUE 5,640720,HDB PUBLIC SHELTERS,1.34433950259368,103.697578055437,name_change,ELITE LEARNING KINDERGARTEN PTE LTD,1.34435137284809,103.697497312594,
26,PLANTATION CLOSE,690098,OTTO PLACE (U/C),1.34793735286897,103.736758778262,name_change,OTTO PLACE,1.34793735286897,103.736758778262,
483,BELGRAVIA DRIVE,807955,BELGRAVIA ACE (U/C),1.38159938500032,103.866099731698,name_change,BELGRAVIA ACE,1.38159938500032,103.866099731698,
67A,LORONG 27 GEYLANG,388189,URBAN HOSTEL,1.3161201283576,103.883741918677,name_change,NIL,1.31612667587258,103.883723591085,
11,JALAN UBI,409074,MINDS - EUNOS TRAINING & DEVELOPMENT CENTRE,1.31735188171232,103.899738505896,name_change,KEMBANGAN-CHAI CHEE COMMUNITY HUB,1.31717028212393,103.899536593681,
28,DEDAP PLACE,809525,DEDAP GARDENS,1.38768701805227,103.867880673073,name_change,NIL,1.38772804125152,103.867901481583,
34,KISMIS AVENUE,598211,CHENG SOON GARDEN,1.33497510483048,103.771963114388,name_change,NIL,1.33505196767672,103.771954485704,
55,CHU LIN ROAD,669949,LITTLE KINDER MONTESSORI LLP,1.35752685641825,103.758507313021,name_change,HILLVIEW GARDEN ESTATE,1.35752680523822,103.758507568954,
806A,ANG MO KIO STREET 82,561806,PINE VILLE @ AMK,1.37786964638682,103.854387730263,name_change,NIL,1.37786964638682,103.854387730263,
25,LEITH PARK,547944,LEITH PARK,1.36180628020559,103.874364444767,name_change,NIL,1.36186292632705,103.874388627847,
51,TENGAH GARDEN WALK,699909,COPEN GRAND,1.36150266271849,103.731060572318,name_change,COPEN GRAND (U/C),1.36150266271849,103.731060572318,
60,DEFU LANE 1,539499,DEFU INDUSTRIAL PARK A,1.36152267407197,103.903052881443,name_change,DEFU INDUSTRIAL ESTATE,1.36183340549336,103.902837223488,
25,JANSEN ROAD,548429,JANSEN HOUSE (U/C),1.35984838451574,103.876534204601,name_change,JANSEN HOUSE,1.35984838451574,103.876534204601,
324,CLEMENTI AVENUE 5,120324,JURONG-CLEMENTI TOWN COUNCIL (CLEMENTI OFFICE),1.31513481889266,103.766273233828,name_change,NIL,1.31513509080723,103.766054474051,
328A,TENGAH PARK AVENUE,691328,PARC MEADOW @ TENGAH,1.36595049510377,103.735054030619,name_change,PARK MEADOW @ TENGAH,1.36595049510377,103.735054030619,
485B,FERNVALE DRIVE,792485,FERNVALE OASIS,1.39897005807123,103.877006877359,name_change,NIL,1.39897005807123,103.877006877359,
63,SENOKO DRIVE,758250,SENOKO INDUSTRIAL ESTATE,1.46666935640005,103.808365400427,name_change,NIL,1.46651152735134,103.808167129341,
457,BUKIT BATOK WEST AVENUE 8,650457,WEST BRICKVILLE @ BUKIT BATOK,1.35393914173101,103.737358494456,name_change,NIL,1.35393914173101,103.737358494456,
473,TAMPINES STREET 43,520473,LOVESHINE CHILDCARE PTE. LTD.,1.35949891957183,103.95312653001,name_change,NIL,1.35934963172793,103.953269398068,
19,POLLEN WALK,807475,POLLEN COLLECTION (U/C),1.38223621937353,103.859473487122,name_change,POLLEN COLLECTION,1.38223621937353,103.859473487122,
15,POLLEN WALK,807473,POLLEN COLLECTION (U/C),1.3822071832276,103.859369143932,name_change,POLLEN COLLECTION,1.3822071832276,103.859369143932,
994A,JURONG WEST STREET 93,641994,JURONG WEST CRYSTAL,1.33617622927297,103.693240168615,name_change,NIL,1.33617622927297,103.693240168615,
21,SHELFORD ROAD,288411,21 SHELFORD,1.32740019884468,103.812256773798,name_change,KELLET COURT,1.32740019884468,103.812256773798,
35,JALAN PARI DEDAP,488626,PEAKVIEW ESTATE,1.33244853432236,103.942714441324,name_change,NIL,1.33243749418889,103.942786988397,
82,ANSON ROAD,79994,NEWPORT PLAZA (U/C),1.27318825020003,103.843693475066,name_change,NEWPORT PLAZA,1.27318825020003,103.843693475066,
497H,TAMPINES STREET 45,526497,CHILDREN PRIMARYLAND PTE LTD,1.35964878687617,103.95990822475,name_change,NIL,1.35991572142856,103.960059381091,
50A,GHIM MOH CLOSE,271050,GHIM MOH NATURA,1.30970134638704,103.790422390773,name_change,NIL,1.30970134638704,103.790422390773,
61,MEDIA CIRCLE,139815,BLOOMSBURY RESIDENCES (U/C),1.29444235984052,103.79512874632,name_change,BLOOMSBURY RESIDENCES,1.29444235984052,103.79512874632,
522A,YISHUN STREET 53,761522,VANDA BREEZE @ YISHUN,1.42244816684334,103.852395069678,name_change,NIL,1.42244816684334,103.852395069678,
223,GUILLEMARD ROAD,399738,MORI,1.31131219787605,103.882972095616,name_change,NIL,1.31123492835897,103.883119307947,
238B,THOMSON ROAD,307685,CENTRAL PROVIDENT FUND BOARD (CPFB),1.3193876785315,103.844120677616,name_change,CENTRAL PROVIDENT FUND BOARD (CPF),1.3193876785315,103.844120677616,
3,GHIM MOH ROAD,270003,HOLLAND-BUKIT PANJANG TOWN COUNCIL (GHIM MOH OFFICE),1.31199343267746,103.787127888663,name_change,GHIM MOH GREEN,1.31199891286265,103.787189701148,
12,UPPER WILKIE ROAD,229503,WILKIE HILLS,1.30331630150941,103.84784893977,name_change,WILKIE HILLS (U/C),1.30337992076141,103.847870249669,
100A,PLANTATION CLOSE,691100,PLANTATION VERGE,1.34909424343995,103.736059300427,name_change,NIL,1.34909424343995,103.736059300427,
458,BUKIT BATOK WEST AVENUE 8,650458,WEST BRICKVILLE @ BUKIT BATOK,1.3541602936949,103.737762969669,name_change,NIL,1.3541602936949,103.737762969669,
120,SUNSET WAY,597152,CLEMENTI PARK PUMP SUMP,1.32738700011725,103.76673499985,name_change,CLEMENTI PARK,1.32729129241047,103.766803401208,
126,JALAN RAJAH,320126,RAJAH SUMMIT,1.3285299875695,103.85275874857,name_change,NIL,1.3285299875695,103.85275874857,
11,POLLEN PLACE,807275,POLLEN COLLECTION (U/C),1.38143558062111,103.859069046753,name_change,POLLEN COLLECTION,1.38143558062111,103.859069046753,
6,HOLLAND VILLAGE WAY,279037,SKYE AT HOLLAND (U/C),1.31216454554039,103.792689741396,name_change,SKYE AT HOLLAND,1.31216454554039,103.792689741396,
1,MOUNT PLEASANT ROAD,298333,THOMSON POLICE COMPLEX (BLK 1),1.32862230231263,103.837652705219,name_change,THOMSON POLICE COMPLEX (BLK 10 ANNEX),1.33053467731909,103.836685458855,
20,PASIR PANJANG ROAD,117439,MINDCHAMPS PRESCHOOL @ MBC PTE. LTD.,1.27483059979467,103.799145295404,name_change,MAPLETREE BUSINESS CITY,1.27482749239615,103.79906482343,
138,DEPOT ROAD,109683,HEWLETT PACKARD (DEPOT ROAD),1.28301511382069,103.808181799148,name_change,NIL,1.28265878114712,103.808608957521,
481,BELGRAVIA DRIVE,807923,BELGRAVIA ACE (U/C),1.38161029022079,103.866041881884,name_change,BELGRAVIA ACE,1.38161029022079,103.866041881884,
22,PLANTATION CLOSE,690096,OTTO PLACE (U/C),1.34793735286897,103.736758778262,name_change,OTTO PLACE,1.34793735286897,103.736758778262,
