blk_no,street,postal_code,name,lat,lon
2A,BAYFRONT AVENUE,018958,THE SHOPPES AT MARINA BAY SANDS,1.28423496027027,103.85898228297
12,MARINA BOULEVARD,018982,CONSULATE OF THE REPUBLIC OF ICELAND,1.27910567828192,103.854297424273
12,MARINA BOULEVARD,018982,DBS AUDITORIUM,1.27901700601652,103.854464808366
12,MARINA BOULEVARD,018982,MARINA BAY FINANCIAL CENTRE,1.27910976860464,103.854405527449
12,MARINA BOULEVARD,018982,MARINA BAY FINANCIAL CENTRE (TOWER 3),1.27912493489912,103.854457600432
10,MARINA BOULEVARD,018983,MARINA BAY FINANCIAL CENTRE (TOWER 2),1.27943997887765,103.853786753031
8A,MARINA BOULEVARD,018984,GROUND PLAZA (MARINA BAY LINK MALL),1.27992126239604,103.854773147641
8A,MARINA BOULEVARD,018984,MARINA BAY LINK MALL,1.28023825446086,103.853369662547
11,MARINA MALL,019396,NIL,1.28056977867553,103.868846533132
11,MARINA MALL,019396,GARDENS BY THE BAY MRT STATION (TE22),1.27848725876303,103.867454664421
10A,CENTRAL LANE 1,019927,NIL,1.27839433158337,103.856299289011
7,TEMASEK BOULEVARD,038987,EMBASSY OF THE KINGDOM OF SPAIN,1.29542540402342,103.858378559681
7,TEMASEK BOULEVARD,038987,SUNTEC TOWER ONE,1.29543569778908,103.858374825349
8,TEMASEK BOULEVARD,038988,EMBASSY OF THE REPUBLIC OF CHILE,1.29508403515588,103.859617505649
8,TEMASEK BOULEVARD,038988,EMBASSY OF THE STATE OF QATAR,1.29508403515588,103.859617505649
8,TEMASEK BOULEVARD,038988,HIGH COMMISSION OF THE REPUBLIC OF RWANDA,1.29512778965531,103.859545797162
8,TEMASEK BOULEVARD,038988,SUNTEC TOWER THREE,1.29524342627534,103.859568074944
48,PEKIN STREET,048778,AMOY HOTEL,1.28317011450092,103.848753557142
49,PEKIN STREET,048779,AMOY HOTEL,1.28317011450092,103.848753557142
52,PEKIN STREET,048782,AMOY HOTEL,1.28317011450092,103.848753557142
8B,CIRCULAR ROAD,049364,BOAT QUAY CONSERVATION AREA,1.28786603399491,103.849004959169
8A,CIRCULAR ROAD,049364,BOAT QUAY CONSERVATION AREA,1.28786603399491,103.849004959169
8,CIRCULAR ROAD,049364,BOAT QUAY CONSERVATION AREA,1.28786603426864,103.849004959713
14A,CIRCULAR ROAD,049370,BOAT QUAY CONSERVATION AREA,1.2875943708971,103.849014538745
14,CIRCULAR ROAD,049370,BOAT QUAY CONSERVATION AREA,1.28759436268169,103.849015090573
14B,CIRCULAR ROAD,049370,BOAT QUAY CONSERVATION AREA,1.2875943708971,103.849014538745
25,CHINA STREET,049567,FAR EAST SQUARE,1.28347631059091,103.847874757995
26,CHINA STREET,049568,FAR EAST SQUARE,1.28295937585708,103.847836670624
60,CECIL STREET,049709,ISCA HOUSE,1.28226112310587,103.849524714053
130,AMOY STREET,049959,FAR EAST SQUARE,1.28315769945694,103.848228946634
131,AMOY STREET,049960,FAR EAST SQUARE,1.28315769973068,103.848228946906
134,AMOY STREET,049963,FAR EAST SQUARE,1.28315769973068,103.848228946906
13,TEMPLE STREET,058561,KRETA AYER CONSERVATION AREA,1.28242234498139,103.84467470027
7,SMITH STREET,058921,NIL,1.28191267088174,103.844591879225
58B,SMITH STREET,058962,KRETA AYER CONSERVATION AREA,1.28291957993244,103.843370297183
58A,SMITH STREET,058962,KRETA AYER CONSERVATION AREA,1.28291957993244,103.843370297183
58,SMITH STREET,058962,KRETA AYER CONSERVATION AREA,1.28291957993244,103.843370297183
64,SMITH STREET,058965,YES CHINATOWN POINT HOTEL,1.28299209695303,103.843245630659
64B,SMITH STREET,058965,YES CHINATOWN POINT HOTEL,1.28299209695303,103.843245630387
64A,SMITH STREET,058965,YES CHINATOWN POINT HOTEL,1.28299209695303,103.843245630387
66A,SMITH STREET,058966,YES CHINATOWN POINT HOTEL,1.28301745272928,103.843204514385
66,SMITH STREET,058966,YES CHINATOWN POINT HOTEL,1.28301745245555,103.843204514113
66B,SMITH STREET,058966,YES CHINATOWN POINT HOTEL,1.28301745272928,103.843204514385
34,PAGODA STREET,059193,PAGODA VIEW,1.28342448390316,103.844644285416
34B,PAGODA STREET,059193,PAGODA VIEW,1.28342448417691,103.844644285688
34A,PAGODA STREET,059193,PAGODA VIEW,1.28342448417691,103.844644285688
11,HONGKONG STREET,059654,NIL,1.28764265296418,103.847587788617
11A,HONGKONG STREET,059654,NIL,1.28764265323793,103.847587788617
11B,HONGKONG STREET,059654,NIL,1.28764265323793,103.847587788617
11C,HONGKONG STREET,059654,NIL,1.28764265323793,103.847587788617
11D,HONGKONG STREET,059654,NIL,1.28764265323793,103.847587788617
12,HONGKONG STREET,059655,NIL,1.28766158486773,103.8475424222
21,CARPENTER STREET,059984,21 CARPENTER,1.28859134761324,103.847424110235
10,ANN SIANG HILL,069789,TELOK AYER CONSERVATION AREA,1.28133316690424,103.845414593859
10B,ANN SIANG HILL,069789,TELOK AYER CONSERVATION AREA,1.28133316663051,103.845414593587
10A,ANN SIANG HILL,069789,TELOK AYER CONSERVATION AREA,1.28133316663051,103.845414593587
58,AMOY STREET,069884,TELOK AYER CONSERVATION AREA,1.279965072053,103.846865886481
58A,AMOY STREET,069884,TELOK AYER CONSERVATION AREA,1.27996507232675,103.846865886752
89A,AMOY STREET,069908,TELOK AYER CONSERVATION AREA,1.28115612119425,103.846956014699
89,AMOY STREET,069908,TELOK AYER CONSERVATION AREA,1.28115612174174,103.846956014971
89B,AMOY STREET,069908,TELOK AYER CONSERVATION AREA,1.28115612119425,103.846956014699
104,AMOY STREET,069924,TELOK AYER CONSERVATION AREA,1.28176961943832,103.84733603659
36,TRAS STREET,078975,TANJONG PAGAR CONSERVATION AREA,1.27844143979025,103.844302426339
38,TRAS STREET,078977,TANJONG PAGAR CONSERVATION AREA,1.27840013580936,103.844268908684
39,TRAS STREET,078978,TANJONG PAGAR CONSERVATION AREA,1.27832499007713,103.844582056641
39A,TRAS STREET,078978,TANJONG PAGAR CONSERVATION AREA,1.27832499035085,103.844582056641
39B,TRAS STREET,078978,TANJONG PAGAR CONSERVATION AREA,1.27832499035085,103.844582056641
65,TRAS STREET,079004,TANJONG PAGAR CONSERVATION AREA,1.27770453139757,103.844470190608
65A,TRAS STREET,079004,TANJONG PAGAR CONSERVATION AREA,1.27770453139757,103.844470190608
72B,TRAS STREET,079011,TANJONG PAGAR CONSERVATION AREA,1.27757707096217,103.844071102911
72A,TRAS STREET,079011,TANJONG PAGAR CONSERVATION AREA,1.27757707096217,103.844071102911
72,TRAS STREET,079011,TANJONG PAGAR CONSERVATION AREA,1.27757707068842,103.844071102911
2,EVERTON PARK,081002,EVERTON PARK,1.27741630337522,103.839330846341
36,EVERTON ROAD,089389,BLAIR PLAIN CONSERVATION AREA,1.27648821511626,103.837992801761
38,EVERTON ROAD,089391,NIL,1.27650776030113,103.838088055663
39,EVERTON ROAD,089392,BLAIR PLAIN CONSERVATION AREA,1.27651526542695,103.838134418771
39A,EVERTON ROAD,089392,BLAIR PLAIN CONSERVATION AREA,1.27651526515322,103.838134418499
40,EVERTON ROAD,089393,BLAIR PLAIN CONSERVATION AREA,1.27652593650392,103.838204113015
40A,EVERTON ROAD,089393,BLAIR PLAIN CONSERVATION AREA,1.27652593650392,103.838204112471
200,CANTONMENT ROAD,089763,CONSULATE OF THE SLOVAK REPUBLIC,1.27342504453311,103.841261971386
200,CANTONMENT ROAD,089763,SOUTHPOINT,1.27344456173144,103.84125157354
237A,CANTONMENT ROAD,089767,CANTONMENT SERVICED APARTMENTS,1.27507530833237,103.84132122647
237,CANTONMENT ROAD,089767,CANTONMENT SERVICED APARTMENTS,1.27507530805864,103.84132122647
237B,CANTONMENT ROAD,089767,CANTONMENT SERVICED APARTMENTS,1.27507530833237,103.84132122647
41,BUKIT PASOH ROAD,089855,NIL,1.2794510879902,103.840320237755
5,BLAIR ROAD,089905,BLAIR PLAIN CONSERVATION AREA,1.27622282743229,103.836741936728
9,BLAIR ROAD,089909,BLAIR PLAIN CONSERVATION AREA,1.27624691038425,103.836594265513
12,BLAIR ROAD,089912,BLAIR PLAIN CONSERVATION AREA,1.27660460112021,103.836423771059
43,BLAIR ROAD,089943,BLAIR PLAIN CONSERVATION AREA,1.27573744790702,103.835987234941
50,BLAIR ROAD,089950,BLAIR PLAIN CONSERVATION AREA,1.27598314244062,103.835745055307
4,HARBOURFRONT AVENUE,097992,THE REEF AT KING'S DOCK,1.26518538987701,103.817221633646
6,HARBOURFRONT AVENUE,097993,THE REEF AT KING'S DOCK,1.26536479952555,103.817366011809
8,HARBOURFRONT AVENUE,097994,THE REEF AT KING'S DOCK,1.26568588847232,103.81746659361
12,HARBOURFRONT AVENUE,097996,THE REEF AT KING'S DOCK,1.2656169946578,103.817713876415
39,OCEAN DRIVE,098187,KASARA,1.25004905350305,103.841633373557
41,OCEAN DRIVE,098188,KASARA,1.25018165139226,103.841738970844
29,LAKESHORE VIEW,098283,NIL,1.24888388895392,103.838388739327
11,OCEAN WAY,098372,THE RESIDENCES AT W SINGAPORE SENTOSA COVE,1.24668894453637,103.842804464638
26,LAKESHORE VIEW,098519,NIL,1.24929731006558,103.838479513983
38,KEPPEL BAY DRIVE,098654,CARIBBEAN AT KEPPEL BAY,1.26604838578904,103.813912593194
79,WISHART ROAD,098725,NIL,1.26998965855585,103.813921787897
3,SILOSO ROAD,098977,NIL,1.25349470654265,103.818840231201
50,SILOSO BEACH WALK,099000,NIL,1.25250724545676,103.815987203494
6,BUKIT TERESA CLOSE,099778,NIL,1.27626406876733,103.825695501576
35,ALLANBROOKE ROAD,099982,ISLANDER PRE-SCHOOL,1.24841043446067,103.828434447377
35,ALLANBROOKE ROAD,099982,ISLANDER PRE-SCHOOL PTE LTD,1.24840314215115,103.828402689915
5,LOCK ROAD,108933,GILLMAN BARRACKS,1.27730010266691,103.803761130329
8,LOCK ROAD,108936,GILLMAN BARRACKS,1.27771007053818,103.804010787253
208,DEPOT ROAD,109698,THE INTERLACE,1.28221769648724,103.803662042557
3,WHOLESALE CENTRE,110003,PASIR PANJANG WHOLESALE CENTRE,1.28647858253382,103.777828607349
5,WHOLESALE CENTRE,110005,PASIR PANJANG WHOLESALE CENTRE,1.2873652017475,103.776593844194
56G,SOUTH BUONA VISTA ROAD,117294,KENT RIDGE HILL RESIDENCES,1.2809927107571,103.790807496033
56K,SOUTH BUONA VISTA ROAD,117297,KENT RIDGE HILL RESIDENCES,1.28093169832766,103.790949823499
56N,SOUTH BUONA VISTA ROAD,117300,KENT RIDGE HILL RESIDENCES,1.28086053525893,103.791088201858
60H,SOUTH BUONA VISTA ROAD,117321,KENT RIDGE HILL RESIDENCES,1.2812812417668,103.790176071629
17,PASIR PANJANG ROAD,117532,NIL,1.27057643344649,103.800194169153
84,CHWEE CHIAN ROAD,117655,BANYAN PARK,1.28006329496928,103.789713639818
45A,WEST COAST HIGHWAY,117869,DOG WASH FACILITY,1.28985054231137,103.770101574595
26A,PEPYS ROAD,118453,PERUMAHAN KASTAM MALAYSIA,1.27705651341225,103.795392991446
26,PEPYS ROAD,118453,PERUMAHAN KASTAM MALAYSIA,1.27705651341225,103.795392991446
26B,PEPYS ROAD,118453,PERUMAHAN KASTAM MALAYSIA,1.27705651341225,103.795392991446
33,PEPYS ROAD,118454,THE PEAK,1.27995836101667,103.793330073651
348L,PASIR PANJANG ROAD,118825,GRYPHON TERRACE,1.29040180037798,103.776453576571
6,PASIR PANJANG HILL,118830,NIL,1.28021997933843,103.786144271103
49,PASIR PANJANG DRIVE,118935,EALINE PARK,1.29229983822471,103.771767800486
51,PASIR PANJANG DRIVE,118936,EALINE PARK,1.29194698364163,103.771787190683
1,PASIR PANJANG CLOSE,118959,SUNNY VALE,1.29145917393618,103.771945758981
3A,PASIR PANJANG CLOSE,118962,SUNNY VALE,1.29164971521327,103.771954762613
7,PASIR PANJANG CLOSE,118965,SUNNY VALE,1.29181591301632,103.771969367244
5,NEO PEE TECK LANE,119029,NIL,1.29249259012206,103.768666267478
85,JALAN MAT JAMBOL,119551,CHELSEA VILLAGE,1.27998885407147,103.790453101821
2,JALAN MAT JAMBOL,119554,BIJOU,1.27685386379359,103.791742171785
6,HYDERABAD ROAD,119576,TRAINING AND HEALTH EDUCATION,1.28049979667984,103.799000411476
45,CHWEE CHIAN ROAD,119756,NIL,1.27993017497507,103.788821321847
51,CHWEE CHIAN ROAD,119759,NIL,1.28004608887578,103.788964885893
51,CHWEE CHIAN ROAD,119759,GREENFIELD MONTESSORI@PASIR PANJANG PTE. LTD.,1.28004565076272,103.788956826635
11,BALMEG HILL,119916,THE PEAK@BALMEG,1.28309986005628,103.784292382245
450,ALEXANDRA ROAD,119960,NIL,1.27666696297319,103.802112186583
106,CLEMENTI STREET 12,120106,SUNSET WAY RESIDENCE,1.32191467282846,103.769815226286
116,CLEMENTI STREET 13,120116,SUNSET WAY RESIDENCE,1.32411253933745,103.771925036203
377,CLEMENTI AVENUE 5,120377,NIL,1.31756398951141,103.767975202583
378,CLEMENTI AVENUE 5,120378,NIL,1.31741204180126,103.767416985995
381,CLEMENTI AVENUE 5,120381,NIL,1.3185553480936,103.768028348058
5,ALBERT WINSEMIUS LANE,126787,NEA SOUTH WEST REGIONAL OFFICE,1.32136352947377,103.769151103075
73,WEST COAST CRESCENT,126790,THE VISION,1.29825892605471,103.76504947778
81,WEST COAST CRESCENT,126794,THE VISION,1.29808666166043,103.764319346725
1D,WEST COAST WAY,126985,WEST COAST GARDENS,1.31469085135706,103.754968287516
2,WEST COAST WAY,126986,WEST COAST GARDENS,1.31422401227779,103.755211421487
4,WEST COAST VIEW,127180,WEST COAST VIEW,1.29494817300815,103.766582914885
1,WEST COAST VIEW,127191,NIL,1.29462140803632,103.766666323519
154,WEST COAST ROAD,127371,MINDCHAMPS PRESCHOOL @ WEST COAST PLAZA PTE. LIMITED,1.30362457527941,103.765858386923
154,WEST COAST ROAD,127371,WEST COAST PLAZA,1.30369748971099,103.766131294678
25,WEST COAST RISE,127468,MONTEREY PARK CONDOMINIUM,1.31635752222894,103.753054547029
6,WEST COAST LANE,127737,WEST COAST GARDENS,1.31261360739401,103.758056363317
35,WEST COAST LANE,127765,WEST COAST GARDENS,1.31311583633829,103.758783057001
21,WEST COAST GROVE,127832,WEST COAST GARDENS,1.31445858073969,103.756114315087
99,WEST COAST GROVE,127888,SUNGROVE,1.31223529592989,103.756580320401
61,WEST COAST GREEN,127925,WEST COAST GARDENS,1.31613185360481,103.756638201319
63,WEST COAST GREEN,127926,NIL,1.31603960064983,103.756617127322
63,WEST COAST GREEN,127926,WEST COAST GARDENS,1.31608381246326,103.756675012693
67,WEST COAST GREEN,127928,WEST COAST GARDENS,1.31598757386937,103.756748393929
69,TAMAN MAS MERAH,128193,PASIR PANJANG GARDENS,1.30917305252479,103.76464225016
71,TAMAN MAS MERAH,128194,PASIR PANJANG GARDENS,1.30911822148525,103.764844714317
73,TAMAN MAS MERAH,128195,PASIR PANJANG GARDENS,1.30908377334701,103.76491579438
31,PANDAN LOOP,128247,PANDAN LOOP INDUSTRIAL ESTATE,1.31004597294743,103.754644490523
29,PANDAN CRESCENT,128473,NIL,1.30699203879582,103.758430928493
31,JALAN MAS PUTEH,128633,PASIR PANJANG GARDENS,1.30842294443189,103.762160456355
31A,JALAN MAS PUTEH,128633,PASIR PANJANG GARDENS,1.30842294443189,103.762160456355
47,JALAN MAS KUNING,128739,PASIR PANJANG GARDENS,1.30827077045145,103.763852046851
48,JALAN MAS KUNING,128740,PASIR PANJANG GARDENS,1.30785584832497,103.764160642977
4,FABER TERRACE,129000,FABER HILLS,1.32060534614013,103.756100311213
19,FABER DRIVE,129349,FABER HILLS,1.31840848070198,103.758032094184
32,FABER AVENUE,129543,FABER HILLS,1.31798363581743,103.759240275924
44,FABER AVENUE,129549,FABER HILLS,1.31846942710263,103.759680818203
3201,COMMONWEALTH AVENUE WEST,129586,NIL,1.3193627452444,103.762372622388
5A,CLEMENTI AVENUE 5,129970,TEMPORARY SITE OFFICE,1.31633099816671,103.766533957934
28C,DOVER CRESCENT,133028,DOVER GARDENS,1.30568925796414,103.782345952713
60,BIOPOLIS STREET,138672,GENOME,1.30262827709254,103.79258433656
60,BIOPOLIS STREET,138672,GENOME INSTITUTE OF SINGAPORE,1.3026839219932,103.792579794283
61,BIOPOLIS DRIVE,138673,INSTITUTE OF MOLECULAR AND CELL BIOLOGY,1.30290270402394,103.793217851337
61,BIOPOLIS DRIVE,138673,PROTEOS,1.30306928213582,103.79319211637
1,AYER RAJAH AVENUE,138676,INSEAD,1.29975202317474,103.786479257926
1,AYER RAJAH AVENUE,138676,SORBONNE-ASSAS INTERNATIONAL LAW SCHOOL - ASIA,1.29953849132855,103.786703622152
28,AYER RAJAH CRESCENT,139959,NIL,1.29648809879812,103.790229034383
26A,AYER RAJAH CRESCENT,139963,NIL,1.29593894662169,103.790686930421
36,MARGARET DRIVE,140036,SKYRESIDENCE @ DAWSON,1.29746900297522,103.805379901707
187,MEI CHIN ROAD,140187,STIRLING HORIZON,1.29301990039928,103.801810807466
49,TANGLIN HALT ROAD,142049,NIL,1.3004269308691,103.797359760167
16,SHEPHERDS DRIVE,149009,SHEPHERD'S HILL ESTATE,1.29100331084947,103.80547875761
10,JALAN RUMAH TINGGI,150010,RUMAH TINGGI VIEW,1.28820018880462,103.808369387433
101,HENDERSON CRESCENT,150101,NIL,1.29071799751539,103.821625207737
150,PRINCE CHARLES CRESCENT,159012,TANGLIN VIEW,1.29182877953015,103.818366893396
93,HAVELOCK ROAD,160093,NIL,1.28975999628051,103.832884912512
7,TIONG BAHRU ROAD,161007,NIL,1.28613832025727,103.831069869517
3,TIONG BAHRU ROAD,162003,NIL,1.28617878318091,103.832309554646
4,JALAN BUKIT HO SWEE,162004,BUKIT HO SWEE VIEW,1.28742239926051,103.831238878232
13,YORK HILL,162013,NIL,1.28654422558783,103.838264529411
22,JALAN MEMBINA,166022,NIL,1.2848879468295,103.826444566955
8A,JALAN KUKOH,167008,MULTI STOREY CAR PARK,1.28731262587884,103.83894413686
30,SENG POH ROAD,168898,TIONG BAHRU FOOD CENTRE,1.28495105948938,103.832669748751
30,SENG POH ROAD,168898,TIONG BAHRU MARKET,1.28478559810371,103.832181546885
275,OUTRAM ROAD,169064,NIL,1.28551967639378,103.83457886755
275A,OUTRAM ROAD,169064,NIL,1.28551967666754,103.834578867822
3,JALAN MEMBINA,169480,NIL,1.28532736402595,103.828385533878
3,JALAN MEMBINA,169480,CENTRAL GREEN CONDOMINIUM,1.28531201794958,103.828219356222
2,STAMFORD ROAD,178882,"SWISSOTEL THE STAMFORD, SINGAPORE",1.29326862813347,103.8533651777
60,HILL STREET,179366,ARMENIAN APOSTOLIC CHURCH OF SAINT GREGORY THE ILLUMINATOR,1.2930995691703,103.849400515214
2,COX TERRACE,179622,BATTLE BOX (FORMERLY FAR EAST COMMAND CENTRE),1.29544345581775,103.846103299786
7,CLARKE QUAY,179885,MOXY HOTEL,1.29155320677629,103.844671834054
10,SELEGIE ROAD,180010,SELEGIE HOUSE,1.30370879401395,103.850537238747
48,WATERLOO STREET,187952,SINGAPORE CALLIGRAPHY CENTRE,1.29849240921775,103.850970744948
155,WATERLOO STREET,187962,STAMFORD ARTS CENTRE,1.30016968504677,103.852997351658
166,WATERLOO STREET,187963,WATERLOO VIEW,1.30076378356785,103.852719817474
2,VICTORIA STREET,187995,SMRT HEADQUARTER BUILDING,1.29469228201557,103.851511840883
26,SEAH STREET,188382,MINT MUSEUM OF TOYS,1.29632393767871,103.854637087614
7,PURVIS STREET,188586,BEACH ROAD CONSERVATION AREA,1.29674959280256,103.85514042372
9,PURVIS STREET,188588,NIL,1.29669777606947,103.855255063985
530,NORTH BRIDGE ROAD,188747,BUGIS POINT,1.29883591544935,103.856129271354
111,MIDDLE ROAD,188969,NATIONAL DESIGN CENTRE,1.29847943603692,103.853501293482
111,MIDDLE ROAD,188969,UNIVERSITY OF THE ARTS SINGAPORE,1.29866019801715,103.853474024625
112,MIDDLE ROAD,188970,MIDLAND HOUSE,1.29907498369995,103.853742833504
210,MIDDLE ROAD,188994,SINGAPORE POOLS BUILDING,1.30117342723628,103.851274599853
210,MIDDLE ROAD,188994,TOTE BOARD (TOTE BOARD),1.30108996302321,103.85131529736
11,BALI LANE,189848,KAMPONG GLAM CONSERVATION AREA,1.30063100774606,103.85894459936
11A,BALI LANE,189848,KAMPONG GLAM CONSERVATION AREA,1.30063100801977,103.858944599632
11B,BALI LANE,189848,KAMPONG GLAM CONSERVATION AREA,1.30063100801977,103.858944599632
22A,BALI LANE,189858,KAMPONG GLAM CONSERVATION AREA,1.30098498187952,103.858656798297
22,BALI LANE,189858,KAMPONG GLAM CONSERVATION AREA,1.30098498160579,103.858656798297
60,ALBERT STREET,189969,FARE SYSTEM DEPARTMENT,1.30237807553016,103.853794530856
60,ALBERT STREET,189969,OG ALBERT COMPLEX,1.30228157828276,103.853837802677
43,SULTAN GATE,198491,KAMPONG GLAM CONSERVATION AREA,1.30156947049014,103.860559854939
43A,SULTAN GATE,198491,KAMPONG GLAM CONSERVATION AREA,1.30156947021641,103.860559855211
57,JALAN SULTAN,198978,KAMPONG GLAM CONSERVATION AREA,1.30248118798302,103.861445970795
85,JALAN SULTAN,198992,NIL,1.30289627291974,103.861190326859
85A,JALAN SULTAN,198992,NIL,1.30289682831099,103.861191487097
91,JALAN SULTAN,198995,KAMPONG GLAM CONSERVATION AREA,1.30299094215524,103.861135445361
95,JALAN SULTAN,198998,KAMPONG GLAM CONSERVATION AREA,1.30305042070016,103.861092159261
37,BUSSORAH STREET,199455,NIL,1.30186074110223,103.859598609701
42,BUSSORAH STREET,199460,NIL,1.30200018255747,103.85949680835
76,ARAB STREET,199773,KAMPONG GLAM CONSERVATION AREA,1.30140722647657,103.859245354449
86,ARAB STREET,199782,KAMPONG GLAM CONSERVATION AREA,1.30155242004747,103.859126185321
140,ARAB STREET,199827,KAMPONG GLAM CONSERVATION AREA,1.30258422337189,103.85811752019
63,ALIWAL STREET,199939,KAMPONG GLAM CONSERVATION AREA,1.30299953358526,103.86048264853
77,ALIWAL STREET,199948,HOTEL JJH ALIWAL,1.30336025680988,103.860268085418
77D,ALIWAL STREET,199948,HOTEL JJH ALIWAL,1.30336025653616,103.860268085146
77A,ALIWAL STREET,199948,HOTEL JJH ALIWAL,1.30336025653616,103.860268085146
77B,ALIWAL STREET,199948,HOTEL JJH ALIWAL,1.30336025653616,103.860268085146
77C,ALIWAL STREET,199948,HOTEL JJH ALIWAL,1.30336025653616,103.860268085146
16,UPPER WELD ROAD,207373,LITTLE INDIA CONSERVATION AREA,1.30539240658124,103.854798651679
17,UPPER WELD ROAD,207374,LITTLE INDIA CONSERVATION AREA,1.30542108018372,103.85475802855
21,UPPER WELD ROAD,207378,LITTLE INDIA CONSERVATION AREA,1.30553374048337,103.854594843292
20,UPPER DICKSON ROAD,207479,LITTLE INDIA CONSERVATION AREA,1.30626248390194,103.852457598992
200-1,SYED ALWI ROAD,207733,NIL,1.30839654481855,103.857114738951
43A,SAM LEONG ROAD,207933,DESKER ROAD CONSERVATION AREA,1.30962301879341,103.856377230794
43,SAM LEONG ROAD,207933,DESKER ROAD CONSERVATION AREA,1.30963452097395,103.856385652527
44,SAM LEONG ROAD,207934,NIL,1.30988686626921,103.856570543369
12,ROWELL ROAD,207970,LITTLE INDIA CONSERVATION AREA,1.30895257477548,103.854042540161
14,ROWELL ROAD,207972,LITTLE INDIA CONSERVATION AREA,1.30892699823004,103.854079440623
20,ROWELL ROAD,207978,LITTLE INDIA CONSERVATION AREA,1.30885103231386,103.854189131087
37,ROWELL ROAD,207990,DESKER ROAD CONSERVATION AREA,1.30882752862541,103.854787959696
37A,ROWELL ROAD,207990,DESKER ROAD CONSERVATION AREA,1.30882752862541,103.854787959696
73,ROWELL ROAD,208010,DESKER ROAD CONSERVATION AREA,1.3083163360773,103.855579125856
75,ROWELL ROAD,208011,DESKER ROAD CONSERVATION AREA,1.30829365536303,103.855612363666
81,ROWELL ROAD,208014,DESKER ROAD CONSERVATION AREA,1.30822658381843,103.855718333282
81A,ROWELL ROAD,208014,DESKER ROAD CONSERVATION AREA,1.30822658381843,103.855718333554
81B,ROWELL ROAD,208014,DESKER ROAD CONSERVATION AREA,1.30822658381843,103.855718333554
31,NORRIS ROAD,208273,LITTLE INDIA CONSERVATION AREA,1.3081446518492,103.853956822277
32,NORRIS ROAD,208274,LITTLE INDIA CONSERVATION AREA,1.3078436029158,103.853943758078
34,NORRIS ROAD,208276,LITTLE INDIA CONSERVATION AREA,1.3078346199612,103.853993028231
142,JALAN BESAR,208860,NIL,1.30680172147251,103.856461036668
197,JALAN BESAR,208884,DESKER ROAD CONSERVATION AREA,1.30857352189065,103.857147483641
197A,JALAN BESAR,208884,DESKER ROAD CONSERVATION AREA,1.30857352189065,103.857147483369
197B,JALAN BESAR,208884,DESKER ROAD CONSERVATION AREA,1.30857352189065,103.857147483369
302,JALAN BESAR,208963,302 @ BESAR,1.31133525844231,103.85944189656
311A,JALAN BESAR,208970,PETAIN ROAD/TYRWHITT ROAD CONSERVATION AREA,1.31132587055681,103.858962389647
311,JALAN BESAR,208970,PETAIN ROAD/TYRWHITT ROAD CONSERVATION AREA,1.31137897305226,103.858994015711
311C,JALAN BESAR,208970,PETAIN ROAD/TYRWHITT ROAD CONSERVATION AREA,1.31132587055681,103.858962389647
311B,JALAN BESAR,208970,PETAIN ROAD/TYRWHITT ROAD CONSERVATION AREA,1.31132587055681,103.858962389647
331D,JALAN BESAR,208983,ALLINTON,1.31188420605731,103.85925646337
331C,JALAN BESAR,208983,ALLINTON,1.31188420605731,103.85925646337
331,JALAN BESAR,208983,ALLINTON,1.31188420578359,103.859256463098
331B,JALAN BESAR,208983,ALLINTON,1.31188420605731,103.85925646337
359,JALAN BESAR,208992,PETAIN ROAD/TYRWHITT ROAD CONSERVATION AREA,1.31254990172642,103.859528229503
377A,JALAN BESAR,208999,PETAIN ROAD/TYRWHITT ROAD CONSERVATION AREA,1.31311005583642,103.859693093846
377C,JALAN BESAR,208999,PETAIN ROAD/TYRWHITT ROAD CONSERVATION AREA,1.31311005583642,103.859693093846
377,JALAN BESAR,208999,PETAIN ROAD/TYRWHITT ROAD CONSERVATION AREA,1.31320112299325,103.859585722094
7,HINDOO ROAD,209108,CHERN SENG BUILDING,1.30873484923478,103.853876125276
28,DUNLOP STREET,209356,SNOOZE INN @ DUNLOP STREET,1.30473825344436,103.854027474299
151,DUNLOP STREET,209466,LITTLE INDIA CONSERVATION AREA,1.30594212595694,103.852102912885
151A,DUNLOP STREET,209466,LITTLE INDIA CONSERVATION AREA,1.30594212595694,103.852102913157
161,DUNLOP STREET,209471,LITTLE INDIA CONSERVATION AREA,1.30604792955722,103.851948391909
32,DESKER ROAD,209564,DESKER ROAD CONSERVATION AREA,1.30918954689789,103.854675197021
34,DESKER ROAD,209566,DESKER ROAD CONSERVATION AREA,1.30916806184815,103.85470993479
1E,DALHOUSIE LANE,209668,NIL,1.30516781943789,103.852139179776
20,BEATTY ROAD,209947,NIL,1.31378868964032,103.859325383515
20A,BEATTY ROAD,209947,NIL,1.31378868964032,103.859325383787
20B,BEATTY ROAD,209947,NIL,1.31378868964032,103.859325383787
18,FARRER PARK ROAD,210018,FARRER PARK FIELDS,1.30964145284649,103.851166603031
683,TESSENSOHN ROAD,210683,NIL,1.31445853642293,103.856019195126
44,TRURO ROAD,217584,NIL,1.31418870813428,103.849706484953
45,TRURO ROAD,217585,NIL,1.31419894107212,103.849118141385
53,TRURO ROAD,217590,NIL,1.31438658209728,103.848841881097
17,SING JOO WALK,217828,NIL,1.31475232203562,103.855029229292
56,SERANGOON ROAD,217963,NIL,1.30595646728721,103.851672449449
74,SERANGOON ROAD,217979,LITTLE INDIA CONSERVATION AREA,1.30638241058082,103.851928756351
76,SERANGOON ROAD,217981,LITTLE INDIA CONSERVATION AREA,1.3064242406496,103.851950253064
81,SERANGOON ROAD,217986,LITTLE INDIA CONSERVATION AREA,1.30670170191791,103.851794335641
81A,SERANGOON ROAD,217986,LITTLE INDIA CONSERVATION AREA,1.30670170219165,103.851794335913
83,SERANGOON ROAD,217988,LITTLE INDIA CONSERVATION AREA,1.30673420892015,103.851815378365
83A,SERANGOON ROAD,217988,LITTLE INDIA CONSERVATION AREA,1.30673420864643,103.851815378365
102,SERANGOON ROAD,218007,LITTLE INDIA CONSERVATION AREA,1.30696027778789,103.852334844726
102A,SERANGOON ROAD,218007,LITTLE INDIA CONSERVATION AREA,1.30696027778789,103.852334844726
268,SERANGOON ROAD,218101,NIL,1.31022851750568,103.854424411773
60,RANGOON ROAD,218350,R66 APARTMENTS,1.31404520941052,103.854387162231
62,RANGOON ROAD,218352,R66 APARTMENTS,1.31391051715464,103.854392537736
115,OWEN ROAD,218922,NIL,1.3137459705526,103.852779470682
115A,OWEN ROAD,218922,NIL,1.31374597027888,103.85277947041
115B,OWEN ROAD,218922,NIL,1.31374597027888,103.85277947041
119,OWEN ROAD,218924,NIL,1.31382910189917,103.85270691493
119A,OWEN ROAD,218924,NIL,1.31382910189917,103.85270691493
119B,OWEN ROAD,218924,NIL,1.31382910189917,103.85270691493
128,OWEN ROAD,218932,NIL,1.31423436415954,103.852800608118
101,MERGUI ROAD,219067,CITYSCAPE @FARRER PARK,1.31802199387753,103.851593706635
2,CAMBRIDGE ROAD,219678,NIL,1.31363473073176,103.847469429054
4,CAMBRIDGE ROAD,219680,NIL,1.31367499407171,103.847524448858
6,CAMBRIDGE ROAD,219681,NIL,1.31375378363048,103.84754053215
7,CAMBRIDGE ROAD,219682,NIL,1.314299476679,103.846732771376
8,BELILIOS LANE,219955,NIL,1.30715281865383,103.851735430842
8A,BELILIOS LANE,219955,NIL,1.30715281892756,103.85173543057
4A,WINSTEDT ROAD,227984,MONKS HILL FLAT,1.30937860316803,103.84008612717
18,WINSTEDT ROAD,227987,NIL,1.31081854285801,103.842184750619
17,WILKIE TERRACE,228029,THE CHRISTIAN ASSEMBLY HALL,1.30310860143133,103.84906910408
130,SOPHIA ROAD,228185,ORCHARD SOPHIA (U/C),1.30314396399284,103.846281830817
56,SAUNDERS ROAD,228283,EMERALD HILL CONSERVATION AREA,1.30480380460562,103.838906940214
3,MAKEWAY AVENUE,228600,NEWTON EDGE,1.31249048224015,103.842087094326
27,MACKENZIE ROAD,228682,MACKENZIE REGENCY,1.30465722284432,103.849480361389
8,JALAN LADA PUTEH,228920,KIMSIA PARK,1.30510395115121,103.83437253032
13,JALAN LADA PUTEH,228925,KIMSIA PARK,1.30540569059685,103.834314329515
22,JALAN LADA PUTEH,228934,KIMSIA PARK,1.3051161815779,103.834837524401
1,JALAN JINTAN,229001,KIM SIA COURT,1.30590952063275,103.833909984178
9,JALAN JINTAN,229006,KIM SIA COURT,1.3059398553099,103.834343686391
2A,JALAN ARUAN,229101,NIL,1.31320359392223,103.842589782639
15,HOOPER ROAD,229192,NIL,1.31169582303349,103.843001268
98,EMERALD HILL ROAD,229374,EMERALD HILL CONSERVATION AREA,1.30385646303864,103.839776474082
101,EMERALD HILL ROAD,229377,EMERALD HILL CONSERVATION AREA,1.30450768348506,103.839292446461
102,EMERALD HILL ROAD,229378,EMERALD HILL CONSERVATION AREA,1.30396163480149,103.839779186181
11,CLAYMORE ROAD,229541,NIL,1.30839392222001,103.829785235353
11,CLAYMORE ROAD,229541,PAT'S SCHOOLHOUSE PTE LTD,1.30837528951103,103.829799812554
24,CAIRNHILL ROAD,229654,EMERALD HILL CONSERVATION AREA,1.3032664894676,103.837998354633
182,BUKIT TIMAH ROAD,229853,NIL,1.31161451216853,103.842530609407
200,BUKIT TIMAH ROAD,229862,ATLAND HOUSE,1.31184270637438,103.842073363162
8,ADIS ROAD,229975,PARC SOPHIA,1.30156333624985,103.847382274312
7A,TONG WATT ROAD,238012,THE WHARF RESIDENCE,1.29372401821426,103.839758988169
221,RIVER VALLEY ROAD,238279,NIL,1.29365957052988,103.842347284957
224,RIVER VALLEY ROAD,238282,NIL,1.29390634151298,103.842611900094
224A,RIVER VALLEY ROAD,238282,NIL,1.2939063417867,103.842611899823
32,OXLEY GARDEN,238763,OXLEY GARDEN,1.29742569784441,103.842252990901
321,ORCHARD ROAD,238866,ORCHARD SHOPPING CENTRE,1.30149992510852,103.837888257002
376,ORCHARD ROAD,238901,ROYAL THAI EMBASSY,1.30664315361959,103.830789096612
10,MOHAMED SULTAN ROAD,238960,NIL,1.29384926399793,103.841695393108
15,MOHAMED SULTAN ROAD,238964,RIVER VALLEY CONSERVATION AREA,1.29361729548254,103.841544791796
17,MOHAMED SULTAN ROAD,238966,RIVER VALLEY CONSERVATION AREA,1.29352631861118,103.841480624897
61,KIM YAM ROAD,239362,NIL,1.29289258930651,103.840155397785
145,KILLINEY ROAD,239565,THE BOUTIQ,1.29661070295127,103.838583743882
131,KILLINEY ROAD,239571,CGH BUILDING,1.29731616717126,103.838541255824
129,DEVONSHIRE ROAD,239886,NIL,1.29977987925788,103.836224884513
33,TANGLIN ROAD,247913,SAINT REGIS RESIDENCES SINGAPORE,1.30556989413677,103.826602265235
139,TANGLIN ROAD,247928,TUDOR COURT,1.30514077636797,103.824341882821
291,TANGLIN ROAD,247946,NIL,1.30256730893871,103.820680813066
291A,TANGLIN ROAD,247946,NIL,1.30256730921243,103.820680813066
293,TANGLIN ROAD,247946,NIL,1.30256730921243,103.820680813066
293A,TANGLIN ROAD,247946,NIL,1.30256730921243,103.820680813066
293B,TANGLIN ROAD,247946,NIL,1.30256730921243,103.820680813066
339,TANGLIN ROAD,247958,NIL,1.29605658354694,103.818200301051
357,TANGLIN ROAD,247961,CRESCENT GIRLS' SCHOOL,1.29331947077104,103.817544461755
5,SWETTENHAM GREEN,248101,NIL,1.30348957798201,103.804757987727
28,SWETTENHAM ROAD,248112,NIL,1.30186504040901,103.805898334371
8,SWETTENHAM CLOSE,248139,NIL,1.30090004338824,103.807185595543
471,RIVER VALLEY ROAD,248356,RV RESIDENCES,1.29434105060757,103.828440282424
475,RIVER VALLEY ROAD,248360,VALLEY PARK,1.29390635674809,103.828675270658
481,RIVER VALLEY ROAD,248366,VALLEY PARK,1.29309557567258,103.829103631461
5A,RIDLEY PARK,248477,TANGLIN PARK,1.29987502571178,103.816125524685
8,PEIRCE HILL,248565,PEIRCE VILLAS,1.30411447168154,103.806055062925
27,ONE TREE HILL,248710,NIL,1.30167698176762,103.826343980303
12B,ONE TREE HILL,248715,ONE TREE HILL COLLECTION,1.30121416929856,103.825847313321
18,NATHAN ROAD,248747,NATHAN PLACE,1.29501081391159,103.826436796721
75,LOEWEN ROAD,248844,LOEWEN CLUSTER (TANGLIN VILLAGE),1.30240768065049,103.811835791449
3,KAY SIANG ROAD,248923,NIL,1.29579798447925,103.814846016822
3,KAY SIANG ROAD,248923,AMITY GLOBAL INSTITUTE,1.29575822094745,103.81484829242
3,KAY SIANG ROAD,248923,NYU TISCH SCHOOL OF THE ARTS ASIA,1.29656831288548,103.814257803885
10A,KAY SIANG ROAD,248927,NIL,1.29807326140228,103.811965569544
11,KAY SIANG ROAD,248928,NIL,1.29751845821691,103.811635141734
15,KAY SIANG ROAD,248931,NIL,1.2976035577832,103.810774636701
37C,JERVOIS ROAD,249023,JERVOISVILLE,1.29487737406747,103.822554428687
40B,JERVOIS ROAD,249039,SRI MENANTI ESTATE,1.29328515194323,103.822633961827
8,JERVOIS CLOSE,249104,JERVOIS MANSION (U/C),1.29339098095304,103.824468739427
19,JALAN TUPAI,249146,KIM LIN PARK,1.30245174324598,103.8279945574
122,GRANGE ROAD,249601,RAINBOW MANSIONS,1.30004982546752,103.825218545659
122A,GRANGE ROAD,249601,RAINBOW MANSIONS,1.30005442663394,103.825215017631
122B,GRANGE ROAD,249601,RAINBOW MANSIONS,1.30005442663394,103.825215017631
8B,BISHOPSGATE,249985,NIL,1.29701531658606,103.821393607957
10,WALSHE ROAD,257654,GARDENVILLE,1.31246173086025,103.827302948052
10,TAMAN NAKHODA,257748,VILLA DELLE ROSE,1.3106617609274,103.807401783588
10A,TAMAN NAKHODA,257748,VILLA DELLE ROSE,1.310646600953,103.807392499144
30,TAMAN NAKHODA,257758,VILLA DELLE ROSE,1.31130268101462,103.807310464082
30A,TAMAN NAKHODA,257758,VILLA DELLE ROSE,1.31130535906782,103.807296139255
1A,STEVENS DRIVE,257889,NIL,1.31720489079677,103.826210671461
3A,STEVENS DRIVE,257895,NIL,1.31722389553659,103.826605223906
3B,STEVENS DRIVE,257896,NIL,1.31707653855835,103.826619710958
7,STEVENS CLOSE,257947,NIL,1.31482767792454,103.825279677188
14,STEVENS CLOSE,257953,NIL,1.31527548498403,103.825173499087
1,SARKIES ROAD,258130,NIL,1.31425501905539,103.836931082749
1,SARKIES ROAD,258130,ALLIANCE FRANCAISE,1.3140495872366,103.837218652258
1,SARKIES ROAD,258130,ALLIANCE FRANCAISE DE SINGAPOUR,1.31410504727739,103.83715376204
9,NASSIM ROAD,258376,NIL,1.30770698085011,103.825306959456
9,NASSIM ROAD,258376,NASSIM 9,1.3075235286784,103.825426358037
11A,NASSIM ROAD,258379,SAGE,1.30733965013533,103.824356476923
8,MARGOLIOUTH ROAD,258573,NIL,1.31893161189686,103.82442684706
13,GALLOP WALK,258936,NIL,1.31671005166169,103.810201307621
19,GALLOP WALK,258939,NIL,1.31621660600276,103.810154191455
22,GALLOP ROAD,258985,GALLOP PARK,1.31451298013012,103.812834453223
25,GALLOP ROAD,258988,GALLOP PARK,1.31515715369923,103.812640101995
27,GALLOP ROAD,258990,NIL,1.31484950001392,103.812085720671
21,GALLOP PARK,259029,NIL,1.3182175762101,103.812525751108
36,EWE BOON ROAD,259333,THE CLAYTON,1.31726917440804,103.829503589576
10H,DALVEY ESTATE,259535,DALVEY VILLAS,1.31776551724885,103.821383507023
1,CLUNY ROAD,259569,SINGAPORE BOTANIC GARDENS (BANDSTAND GAZEBO),1.31038657419727,103.816319662593
1,CLUNY ROAD,259569,SINGAPORE BOTANIC GARDENS (BOTANY CENTRE),1.3084669086732,103.817947000372
1,CLUNY ROAD,259569,SINGAPORE BOTANIC GARDENS (BUKIT TIMAH VISITOR SERVICES CENTRE),1.32203446638866,103.815322097356
1,CLUNY ROAD,259569,SINGAPORE BOTANIC GARDENS (BURKILL HALL),1.31233132546999,103.813671241453
1,CLUNY ROAD,259569,SINGAPORE BOTANIC GARDENS (COOL HOUSE),1.3136999593839,103.814570267153
1,CLUNY ROAD,259569,SINGAPORE BOTANIC GARDENS (EJH CORNER HOUSE),1.31502914349758,103.81536901111
1,CLUNY ROAD,259569,SINGAPORE BOTANIC GARDENS (FERNERY),1.31045058940245,103.817526200203
1,CLUNY ROAD,259569,SINGAPORE BOTANIC GARDENS (GREEN PAVILION),1.3078828801418,103.818381865328
1,CLUNY ROAD,259569,SINGAPORE BOTANIC GARDENS (HOLTTUM HALL),1.30872140102123,103.817608204182
1,CLUNY ROAD,259569,SINGAPORE BOTANIC GARDENS (LEARNING FOREST),1.31040357590507,103.81517891463
1,CLUNY ROAD,259569,NATIONAL PARKS BOARD (NPARKS),1.31568827087057,103.816190606231
1,CLUNY ROAD,259569,SINGAPORE BOTANIC GARDENS (ORCHID PLAZA),1.31174127372851,103.814981391072
1,CLUNY ROAD,259569,SINGAPORE BOTANIC GARDENS (PALM VALLEY),1.31273862337468,103.815254098559
1,CLUNY ROAD,259569,SINGAPORE BOTANIC GARDENS (PLANT HOUSE),1.31012516822556,103.817519070035
1,CLUNY ROAD,259569,SINGAPORE BOTANIC GARDENS (PRISONER-OF-WAR BRICK STEPS),1.31010846694402,103.817303083424
1,CLUNY ROAD,259569,SINGAPORE BOTANIC GARDENS (RIDLEY HALL),1.30873761218125,103.817938612182
1,CLUNY ROAD,259569,SINGAPORE BOTANIC GARDENS (SHAW FOUNDATION SYMPHONY STAGE),1.31390620343792,103.815005397569
1,CLUNY ROAD,259569,SINGAPORE BOTANIC GARDENS (TAMAN SERASI FOOD GARDEN),1.31127896443187,103.815308534846
1,CLUNY ROAD,259569,SINGAPORE BOTANIC GARDENS (VISITOR CENTRE),1.31506178840771,103.816230384663
1,CLUNY ROAD,259569,SINGAPORE BOTANIC GARDENS,1.31347941910133,103.813180039922
1,CLUNY ROAD,259569,SINGAPORE BOTANIC GARDENS VISITOR CENTRE,1.31489647259165,103.81619012725
1,CLUNY ROAD,259569,NIL,1.32215664251126,103.818185872471
1,CLUNY ROAD,259569,CDL GREEN GALLERY @ SBG HERITAGE MUSEUM,1.3082142462258,103.817757900638
1,CLUNY ROAD,259569,SBG HERITAGE MUSEUM,1.30869426873741,103.817628402924
1,CLUNY ROAD,259569,NATIONAL PARKS BOARD HEADQUARTERS,1.31568178924352,103.816125338434
2,CLUNY PARK,259610,NIL,1.31750691886919,103.81507970541
431,BUKIT TIMAH ROAD,259738,JAYA TOWER,1.32010701731526,103.82397812475
469F,BUKIT TIMAH ROAD,259775,FEDERAL BUILDING,1.31838400183786,103.817450880584
469F,BUKIT TIMAH ROAD,259775,FORMER RAFFLES COLLEGE,1.31846856869883,103.817548947415
469F,BUKIT TIMAH ROAD,259775,NATIONAL UNIVERSITY OF SINGAPORE (BUKIT TIMAH CAMPUS),1.31834209954134,103.817395994437
239A,BUKIT TIMAH ROAD,259779,TEMPORARY SITE OFFICE,1.31312173772608,103.83764748731
5,BALMORAL CRESCENT,259895,VIP HOTEL,1.31579084686673,103.834683125895
13,BALMORAL CRESCENT,259974,NIL,1.31597061696877,103.834988101755
97,VICTORIA PARK GROVE,266180,VICTORIA PARK VILLAS,1.32223673191506,103.803125921615
99,VICTORIA PARK GROVE,266182,VICTORIA PARK VILLAS,1.32221674585734,103.803059156908
69N,JALAN LIM TAI SEE,266269,VENTURA HEIGHTS,1.32120558612959,103.7915938881
71D,JALAN LIM TAI SEE,266273,VENTURA HEIGHTS,1.32106227855981,103.791695571651
157,CORONATION ROAD WEST,266363,NIL,1.32291500353702,103.800191743499
87,KING'S DRIVE,266454,KINGS VILLE,1.32041124728861,103.806608160974
35,VICTORIA PARK ROAD,266516,VICTORIA PARK,1.31983258636152,103.801869459741
49,VICTORIA PARK ROAD,266524,NIL,1.32145161541166,103.801352613956
18J,QUEEN ASTRID PARK,266820,QUEEN ASTRID PARK,1.32042375584022,103.790938714869
5,PRINCESS OF WALES ROAD,266904,NIL,1.32410876584266,103.808798584804
17,PRINCESS OF WALES ROAD,266918,NIL,1.3231287708092,103.808228067924
19,PRINCESS OF WALES ROAD,266921,PRINCESS OF WALES PARK,1.32306140478872,103.808193686746
33,PRINCE OF WALES ROAD,266985,PRINCESS OF WALES PARK,1.32249249875655,103.808702033101
11,NAMLY RISE,267119,SHAMROCK PARK,1.32645986570349,103.794272471637
21,NAMLY DRIVE,267435,SHAMROCK PARK,1.32387715784844,103.79788271536
30,NAMLY DRIVE,267444,SHAMROCK PARK,1.32390065224413,103.796130816093
26,NAMLY CRESCENT,267541,SHAMROCK PARK,1.32680424349804,103.795726209366
12B,LEEDON PARK,267925,NIL,1.31721660811838,103.796831607785
3A,LEEDON PARK,267928,NIL,1.31499670739011,103.796739051741
37,KINGSMEAD ROAD,267988,NIL,1.32135084298878,103.805891593714
48,KINGSMEAD ROAD,267994,NIL,1.32058044400182,103.806400467035
54C,KING'S ROAD,268103,KING'S GARDEN,1.32045145569393,103.807777058082
54D,KING'S ROAD,268104,KING'S GARDEN,1.32049979971566,103.807649998846
18,KING'S CLOSE,268195,KING'S GARDEN,1.31763647354072,103.803623343711
101,JALAN LIM TAI SEE,268436,REGENT VILLAS,1.32174536570432,103.790759296421
106,JALAN LIM TAI SEE,268441,REGENT VILLAS,1.32224360265039,103.791520420985
108,JALAN LIM TAI SEE,268443,REGENT VILLAS,1.32233975484283,103.791534430378
69A,JALAN LIM TAI SEE,268464,VENTURA HEIGHTS,1.3213947758096,103.79167652007
17,FORD AVENUE,268696,NIL,1.31451889588047,103.794032697379
28,FIFTH AVENUE,268792,AVENUE VILLAS,1.32810300726098,103.795270994286
31,FIFTH AVENUE,268794,NIL,1.32719990202827,103.795626127984
23A,DUKE'S ROAD,268915,NIL,1.32172602789089,103.811514709992
9,DUCHESS ROAD,268981,DUKE'S GARDEN,1.32451632086244,103.808265701708
81,DUCHESS ROAD,269009,NIL,1.32256689131842,103.80704752368
87,DUCHESS ROAD,269012,PRINCESS OF WALES PARK,1.3223700688472,103.806815377853
52,CORONATION ROAD WEST,269265,ASTRID MEADOWS,1.3191125498394,103.79584847417
16,CORONATION ROAD,269422,NIL,1.32285183767122,103.809523991801
27A,CORONATION DRIVE,269616,NIL,1.32294160630326,103.805267038495
619B,BUKIT TIMAH ROAD,269722,NIL,1.32446179437203,103.809226444965
39,BIN TONG PARK,269820,BIN TONG PARK,1.32219477709441,103.799295635533
2,ASTRID HILL,269925,NIL,1.31939629149516,103.792495651238
6,ASTRID HILL,269929,NIL,1.32049523861262,103.79138161205
14,ALLAMANDA GROVE,269969,ALLAMANDA GROVE,1.32293667269018,103.79393312164
32,ALLAMANDA GROVE,269978,ALLAMANDA GROVE,1.32338593624771,103.793390327774
5,ALLAMANDA GROVE,269983,NIL,1.32283752045246,103.794422474075
4,GHIM MOH ROAD,270004,GHIM MOH GREEN,1.31319369617182,103.788192237043
16,GHIM MOH ROAD,270016,NIL,1.30940810453696,103.788085613356
5A,HOLLAND CLOSE,271005,MULTI STOREY CAR PARK,1.30881793355141,103.796173244838
833,OLD HOLLAND ROAD,275830,NIL,1.33085826110672,103.788793215216
296,LAUREL WOOD AVENUE,275931,THE TENERIFFE,1.32647701459032,103.791033436178
298,LAUREL WOOD AVENUE,275932,THE TENERIFFE,1.32647701459032,103.791033436178
330,LAUREL WOOD AVENUE,275948,THE TENERIFFE,1.3260184297689,103.791536330781
338,LAUREL WOOD AVENUE,275952,THE TENERIFFE,1.32620115331495,103.791120651026
352,LAUREL WOOD AVENUE,275959,THE TENERIFFE,1.32620115331495,103.791120651026
33,TAMAN WARNA,276369,NIL,1.31024187120812,103.798647993344
271,SIXTH AVENUE,276562,DYNASTY GARDEN,1.3233259419597,103.792045837686
271A,SIXTH AVENUE,276562,DYNASTY GARDEN,1.32332791091667,103.792045625242
271B,SIXTH AVENUE,276562,DYNASTY GARDEN,1.32332791091667,103.792045625242
589,SIXTH AVENUE,276660,MING TECK PARK,1.31844246020522,103.788599613184
3,REDWOOD AVENUE,276713,EDEN PARK,1.33132575710476,103.792043935542
21A,MOUNT SINAI RISE,276935,RIDGEWOOD CONDOMINIUM,1.31626546696341,103.779546381434
21J,MOUNT SINAI RISE,276943,RIDGEWOOD CONDOMINIUM,1.31626546696341,103.779546381434
25,MOUNT SINAI RISE,276951,MOUNT SINAI,1.3168971747949,103.780644640392
33,MOUNT SINAI RISE,276954,THE MARBELLA,1.31444277394969,103.777857710337
11,MOONBEAM TERRACE,277297,HOLLAND GARDENS,1.3187412671273,103.782458908229
7,MAPLE LANE,277551,EDEN PARK,1.33018177428728,103.792248394377
20,LOTUS AVENUE,277603,LUCKY PARK,1.33000741964688,103.793563263816
14,LASIA AVENUE,277845,LUCKY PARK,1.32949680640404,103.794113329164
2,LANTANA AVENUE,277897,LUCKY PARK,1.32927827462366,103.793796246174
4,LANTANA AVENUE,277900,LUCKY PARK,1.32920922403393,103.793755654798
7,JALAN TENANG,277941,MCMAHON PARK,1.31642414045102,103.787506682684
8,JALAN TENANG,277942,MCMAHON PARK,1.31663412243461,103.787706675403
49,JALAN RUMIA,278002,NIL,1.31096678586705,103.797419531072
57,JALAN RUMIA,278006,NIL,1.31094396875809,103.797110349433
67,JALAN RUMIA,278011,NIL,1.31101840319943,103.79680345368
17A,MOUNT SINAI CRESCENT,278282,MOUNT SINAI,1.3151937172451,103.781226674925
470,HOLLAND ROAD,278652,BAN GUAN PARK,1.3235089674864,103.786075926997
1,HOLLAND GROVE WALK,278750,HOLLAND GROVE PARK,1.31461476672549,103.78143191715
57,HOLLAND GROVE DRIVE,278885,HOLLAND GROVE PARK,1.31358030602883,103.779938738457
59,HOLLAND GROVE DRIVE,278887,HOLLAND GROVE PARK,1.3135821104025,103.779859007144
66,HOLLAND GROVE DRIVE,278894,NIL,1.31397413693801,103.779594973014
34,HOLLAND DRIVE,278941,NIL,1.30927714393997,103.791913301621
9A,HOLLAND DRIVE,278942,NIL,1.31046897565785,103.793939892591
1,GROVE LANE,279007,HENRY PARK,1.31487300342593,103.783522041081
27,GROVE LANE,279024,HENRY PARK,1.31398293746721,103.784665616753
3,GREENLEAF RISE,279372,BAN GUAN PARK,1.32475086454205,103.787828046747
5,GREENLEAF RISE,279373,BAN GUAN PARK,1.32463024220304,103.787885038387
7,GREENLEAF LANE,279466,BAN GUAN PARK,1.32145790836414,103.787162486781
3B,EWART PARK,279735,EWART PARK,1.32574059887548,103.783726734993
4,EWART PARK,279736,EWART PARK,1.32523282337909,103.78424568443
5,EWART PARK,279737,NIL,1.32551286911084,103.782735460526
2A,BRIZAY PARK,279943,BRIZAY PARK,1.33007723669549,103.786185812288
2B,BRIZAY PARK,279944,BRIZAY PARK,1.33035382411298,103.78617677748
19,ANAMALAI AVENUE,279987,NIL,1.33082693989783,103.794758047658
2,ANAMALAI AVENUE,279988,ROYALGREEN,1.33161839267294,103.794252400987
2C,ANAMALAI AVENUE,279991,ROYALGREEN,1.33147166978481,103.793578918895
2D,ANAMALAI AVENUE,279992,ROYALGREEN,1.33126778578604,103.793996549226
7J,HILLCREST ROAD,286692,HILLCREST VILLA,1.3286755772356,103.805360911206
7Q,HILLCREST ROAD,286698,HILLCREST VILLA,1.32885393772519,103.805095071214
13F,HILLCREST ROAD,286737,HILLCREST VILLA,1.32888031521107,103.805699614313
19P,HILLCREST ROAD,286795,HILLCREST VILLA,1.32942505555752,103.805540120987
7A,GREENWOOD CRESCENT,286956,THE GREENWOOD,1.33620088961897,103.805605276683
21,GREENWOOD CRESCENT,286985,THE GREENWOOD,1.33541080000863,103.80605255757
23,GREENWOOD CRESCENT,286986,THE GREENWOOD,1.33527265680501,103.806046073027
25,GREENWOOD CRESCENT,286987,THE GREENWOOD,1.33511417187488,103.805933868671
3,GREENWOOD LANE,286994,THE GREENWOOD,1.33669956270823,103.805193844099
105,GREENWOOD AVENUE,287024,THE GREENWOOD,1.33526690844014,103.805014092646
46A,WATTEN VIEW,287177,WATTEN HILL,1.33079927096832,103.809453846416
48A,WATTEN VIEW,287180,WATTEN HILL,1.33080613026598,103.809520259325
66,WATTEN RISE,287381,WATTEN ESTATE,1.32789860632971,103.810607115044
68,WATTEN RISE,287382,WATTEN ESTATE,1.32788665379955,103.810697930415
70,WATTEN ESTATE ROAD,287549,WATTEN ESTATE,1.32934136004002,103.810060880562
83B,WATTEN ESTATE ROAD,287571,WATTEN HILL,1.33047537670559,103.809558000895
8,WATTEN DRIVE,287644,WATTEN ESTATE,1.32806092749013,103.807272973113
25,WATTEN CLOSE,287747,NIL,1.32784273432086,103.808073288751
25,WATTEN CLOSE,287747,WATTEN ESTATE,1.32792648718888,103.808090829165
26,WATTEN CLOSE,287748,WATTEN ESTATE,1.32798466861409,103.808606494053
22,VANDA ROAD,287782,ORCHID VILLAGE,1.33252748159225,103.799346761528
3,VANDA CRESCENT,287893,ORCHID VILLAGE,1.33285071601828,103.798816991198
10,VANDA CRESCENT,287900,ORCHID VILLAGE,1.3333797484721,103.799415732229
4,VANDA AVENUE,287943,NIL,1.33428998877788,103.801446469676
7,VANDA AVENUE,287946,ORCHID VILLAGE,1.33480355479282,103.801042492058
12,SUNSET AVENUE,288255,RAFFLES PARK,1.33398790251551,103.803428750504
9,SHELFORD ROAD,288352,SHELFORD GREEN,1.32456554554323,103.812187010308
58,SHELFORD ROAD,288448,WATTEN ESTATE,1.3277014547939,103.810482387466
63,SHELFORD ROAD,288453,PRE-SCHOOL BY-THE-PARK PTE. LTD.,1.32672697822028,103.810688683497
63,SHELFORD ROAD,288453,WATTEN ESTATE,1.32672712466852,103.810688807516
4,HILLCREST ROAD,288895,HILLCREST PARK,1.32777493803965,103.806221245265
16,HILLCREST ROAD,288901,HILLCREST PARK,1.32824489967822,103.806573058177
37,HILLCREST ROAD,288913,NATIONAL JUNIOR COLLEGE,1.33029291072172,103.804110905425
42,HILLCREST ROAD,288917,HILLCREST PARK,1.32928504348642,103.807323424084
62,HILLCREST ROAD,288933,HILLCREST PARK,1.3301282895645,103.807567872094
119,HILLCREST ROAD,288988,HILLCREST PARK,1.33401497295179,103.807763385642
120,HILLCREST ROAD,288989,HILLCREST PARK,1.33276121278488,103.808831510422
133,HILLCREST ROAD,289003,HILLCREST PARK,1.33462236636529,103.807774588555
142,HILLCREST ROAD,289012,HILLCREST PARK,1.33357661949252,103.808365685216
1A,HILLCREST ROAD,289075,HILLCREST VILLA,1.32808330923991,103.805620639336
59,GREENWOOD AVENUE,289264,HILLCREST PARK,1.33276376388433,103.805183753688
61,GREENWOOD AVENUE,289266,HILLCREST PARK,1.33285622858512,103.805153176122
69,GREENWOOD AVENUE,289275,HILLCREST PARK,1.33361033802162,103.804914428921
20,GREENDALE AVENUE,289510,HILLCREST PARK,1.33264230153195,103.806429265228
1B,PARK VALE,289741,WATTEN ESTATE,1.33024941868888,103.810450707552
17,ADAM PARK,289936,NIL,1.33061098455496,103.814188643646
3,ADAM DRIVE,289963,NIL,1.3358062389429,103.815814569941
135Q,WHITLEY ROAD,297674,THE WHITLEY RESIDENCES,1.32543471506587,103.837560028559
135T,WHITLEY ROAD,297677,THE WHITLEY RESIDENCES,1.32527369271623,103.837425068982
89,UNIVERSITY ROAD,297895,CAPITOL PARK,1.32957331136661,103.817675507217
29,TUDOR CLOSE,297956,TUDOR VIEW,1.32661385417768,103.818971155231
32,TUDOR CLOSE,297959,TUDOR VIEW,1.32729069022284,103.818862977861
9,TREVOSE CRESCENT,298025,DUNEARN ESTATE,1.32324800102434,103.8222718245
490,THOMSON ROAD,298191,SAINT JOSEPH'S INSTITUTION INTERNATIONAL,1.33277966205662,103.841203293423
490,THOMSON ROAD,298191,SAINT JOSEPH'S INSTITUTION INTERNATIONAL ELEMENTARY SCHOOL,1.33350926674817,103.840947180336
23,MOUNT PLEASANT DRIVE,298385,NIL,1.33102018469779,103.827450295685
27,MOUNT PLEASANT DRIVE,298387,NIL,1.33058960387124,103.826390398251
8,LORNIE WALK,298663,NIL,1.33862562261984,103.820519763935
17,LORNIE WALK,298669,NIL,1.33855324242296,103.820993763997
6,JOHN ROAD,298865,CALDECOTT HILL ESTATE,1.3373035837501,103.834029280964
7,JALAN UNGGAS,298918,CAPITOL PARK,1.32397659259361,103.817922720568
17,JALAN UNGGAS,298922,CAPITOL PARK,1.32438309771643,103.818003072256
19,JALAN UNGGAS,298923,CAPITOL PARK,1.32449400950849,103.818069188749
6,JALAN TEMPUA,298963,NIL,1.32396633331865,103.819483575009
7A,JALAN TEMPUA,298965,CAPITOL PARK,1.32357080680735,103.819156273363
9B,JALAN TEMPUA,298971,CAPITOL PARK,1.32346402013144,103.818750983779
12,JALAN SENI,299013,CAPITOL PARK,1.32702729385098,103.817893197657
280,DUNEARN ROAD,299550,DUNEARN ESTATE,1.32332514647125,103.818131364251
1,COLLEGE GREEN,299661,DUNEARN ROAD HOSTELS,1.32351555773076,103.81683812488
2,COLLEGE GREEN,299662,DUNEARN ROAD HOSTELS,1.32351555800449,103.816838125152
26,CHEE HOON AVENUE,299755,CAPITOL PARK,1.32637204692126,103.816419203015
34,CHEE HOON AVENUE,299759,CAPITOL PARK,1.32652897753447,103.817163093856
17,CAMBORNE ROAD,299853,NIL,1.32676530905151,103.821169692696
11,BERRIMA ROAD,299886,NIL,1.32400388013613,103.823945945425
20,BERRIMA ROAD,299896,DUNEARN ESTATE,1.32469851726273,103.824418887589
26,ANDREW ROAD,299952,CALDECOTT HILL ESTATE,1.33788335505615,103.831307855216
42,ANDREW ROAD,299960,NIL,1.33671800324385,103.832306363693
58,ANDREW ROAD,299969,CALDECOTT HILL ESTATE,1.33566848291152,103.83402495664
12D,CHANCERY HILL ROAD,307392,CHANCERY HILL VILLAS,1.32539030907659,103.838781714291
12H,CHANCERY HILL ROAD,307396,CHANCERY HILL VILLAS,1.32555208856113,103.839008139437
29Q,BARKER ROAD,307494,BARKER TERRACES,1.32168562269607,103.835776247519
29P,BARKER ROAD,307495,BARKER TERRACES,1.32172391051655,103.835803874383
98,SHREWSBURY ROAD,307849,NIL,1.31830684179046,103.849501206965
110,SHREWSBURY ROAD,307853,NIL,1.31844417742224,103.85032073289
110A,SHREWSBURY ROAD,307853,NIL,1.31844417714851,103.85032073289
110B,SHREWSBURY ROAD,307853,NIL,1.31844417714851,103.85032073289
21,NEWTON ROAD,307954,NEWTON 21,1.31490075979298,103.840460862924
24,NEWTON ROAD,307956,NEWTON IMPERIAL,1.3153487379872,103.84144796992
18,NEWTON ROAD,307989,NEWTON 18,1.31429426375311,103.841150697585
1,MOUNT ROSIE TERRACE,308003,MOUNT ROSIE TERRACE,1.32225794069613,103.834360824037
7,MOUNT ROSIE TERRACE,308009,MOUNT ROSIE TERRACE,1.32206874438476,103.83445215767
169,MOULMEIN ROAD,308093,NIL,1.31825305742195,103.846124872872
4,JALAN NOVENA UTARA,308482,ENG AUN PARK,1.32322021622345,103.842625552654
34,JALAN NOVENA,308652,ENG AUN PARK,1.32351014544103,103.84317655618
8,GOLDHILL DRIVE,308957,GOLDHILL GARDENS,1.32002520726119,103.832276421122
9,GOLDHILL DRIVE,308958,GOLDHILL GARDENS,1.32021116510062,103.831926316179
10,GOLDHILL DRIVE,308959,GOLDHILL GARDENS,1.32009314121606,103.83229277242
23,GOLDHILL DRIVE,308971,GOLDHILL GARDENS,1.32066040062905,103.832059329281
62,GENTLE ROAD,309186,NIL,1.3176737023531,103.837218647259
29J,CHANCERY LANE,309547,CHANCERY GROVE,1.32312282102104,103.837475548989
29K,CHANCERY LANE,309548,CHANCERY GROVE,1.32318514889601,103.837487711768
10A,DYSON ROAD,309736,NIL,1.32556987520218,103.839671802537
26,BARKER ROAD,309902,NIL,1.32135502835082,103.835073352494
33A,BARKER ROAD,309923,LOTUS AT BARKER,1.32128921339111,103.835975283237
6,LORONG 7 TOA PAYOH,310006,PCF SPARKLETOTS PRESCHOOL @ TOA PAYOH EAST-NOVENA BLK 6 (KN),1.33858279721249,103.85719237771
6,LORONG 7 TOA PAYOH,310006,TOA PAYOH COURT,1.3385828070669,103.857192373631
14,LORONG 7 TOA PAYOH,310014,TOA PAYOH COURT,1.33666896706719,103.858353616452
104,LORONG 1 TOA PAYOH,310104,TOA PAYOH BLOOM,1.34010887675625,103.849107848181
4A,LORONG 7 TOA PAYOH,311004,MULTI STOREY CAR PARK,1.33926636778861,103.855881383112
1000,TOA PAYOH NORTH,318994,BERITA HARIAN,1.34336805203725,103.848402340851
1000,TOA PAYOH NORTH,318994,BERITA MINGGU,1.34312107874605,103.848920374467
1000,TOA PAYOH NORTH,318994,LIANHE WANBAO,1.34306619890237,103.848525031516
1000,TOA PAYOH NORTH,318994,LIANHE ZAOBAO,1.34311193487273,103.848415971814
1000,TOA PAYOH NORTH,318994,MYPAPER,1.3434133093778,103.848839092432
1000,TOA PAYOH NORTH,318994,NEWS CENTRE,1.34326295457982,103.848431240122
1000,TOA PAYOH NORTH,318994,SHIN MIN DAILY NEWS,1.34342750587643,103.848684079702
1000,TOA PAYOH NORTH,318994,TAMIL MURASU,1.34321989430251,103.848371724948
1000,TOA PAYOH NORTH,318994,THE STRAITS TIMES,1.34333146035971,103.848947640866
1000,TOA PAYOH NORTH,318994,THE SUNDAY TIMES,1.34306162359475,103.848806769931
1000,TOA PAYOH NORTH,318994,THE NEW PAPER,1.34344122754911,103.848511401298
1000,TOA PAYOH NORTH,318994,THE STRAITS TIMES,1.34333146035971,103.848947640866
10,LORONG 1 TOA PAYOH,319974,THE ORIE (U/C),1.33970675433727,103.850057290416
49,JALAN BAHAGIA,320049,WHAMPOA GARDENS,1.32765981551451,103.856373450584
11A,SAINT MICHAEL'S ROAD,327955,NIL,1.32558531236154,103.864126828977
24E,SAINT MICHAEL'S ROAD,327988,NIL,1.32673666160036,103.863513159829
30C,SAINT MICHAEL'S ROAD,328002,NIL,1.32737438777892,103.862884055458
30C,SAINT MICHAEL'S ROAD,328002,SRI LANKARAMAYA BUDDHIST TEMPLE,1.32688661188316,103.863158311302
30C,ST. MICHAEL'S ROAD,328002,SRI LANKARAMAYA BUDDHIST TEMPLE,1.326962238427,103.863212170469
1,RUBY LANE,328276,NIL,1.32741214334602,103.867101660266
1A,RUBY LANE,328276,NIL,1.32741214361977,103.867101659722
8,RUBY LANE,328283,NIL,1.32746691089067,103.866789465424
8A,RUBY LANE,328283,NIL,1.32746691061694,103.866789465968
59,JALAN TAMAN,329003,NIL,1.32641970227718,103.864514340074
35,JALAN RAMA RAMA,329113,DE ROYALE,1.3281491159178,103.849419868995
330,BALESTIER ROAD,329762,NIL,1.32389123579211,103.851994841268
330A,BALESTIER ROAD,329762,NIL,1.32389123551838,103.85199484154
330B,BALESTIER ROAD,329762,NIL,1.32389123551838,103.85199484154
330C,BALESTIER ROAD,329762,NIL,1.32389123551838,103.85199484154
529,BALESTIER ROAD,329856,NIL,1.32628498386887,103.846037252047
7,AVA ROAD,329947,NIL,1.3221597580849,103.852361812417
32,AH HOOD ROAD,329977,NADIA MANSIONS,1.32814908980309,103.848401404479
4,BOON KENG ROAD,330004,NIL,1.31569896370315,103.859785170022
4,BOON KENG ROAD,330004,BOON KENG FIRE POST,1.31599705667165,103.859810749789
4,BOON KENG ROAD,330004,MY WORLD PRESCHOOL LTD.,1.31566666819017,103.859806572878
8D,BOON KENG ROAD,334008,NIL,1.31698546318248,103.861338763086
25,BENG WAN ROAD,339854,NIL,1.32364021155279,103.866060122677
29,BENG WAN ROAD,339856,NIL,1.32341916502886,103.865901920968
102,BIDADARI PARK DRIVE,340102,NIL,1.33683710958151,103.871683990431
111A,ALKAFF CRESCENT,341111,ALKAFF OASIS,1.33469497701906,103.873122770802
97,BELIMBING AVENUE,347488,OASIS @ MULBERRY,1.33321835303682,103.877949699263
43,TAI THONG CRESCENT,347865,SENNETT ESTATE,1.32853451071534,103.869974531737
43A,TAI THONG CRESCENT,347865,SENNETT ESTATE,1.32853451098906,103.869974531737
45,TAI THONG CRESCENT,347866,SENNETT ESTATE,1.32847555227567,103.869988685508
45A,TAI THONG CRESCENT,347866,SENNETT ESTATE,1.32847555254939,103.86998868578
41,SIANG KUANG AVENUE,347960,SENNETT ESTATE,1.3299513659016,103.872256400001
42,SIANG KUANG AVENUE,347962,SENNETT ESTATE,1.32923260081419,103.871317795019
116,SIANG KUANG AVENUE,348005,SENNETT ESTATE,1.33005265624671,103.873719812573
120D,SIANG KUANG AVENUE,348011,NIL,1.33015606017985,103.87393665475
11,SIAK KEW AVENUE,348051,BELLAVILLE,1.33045114819522,103.871577099906
85,PHENG GECK AVENUE,348271,NIN RESIDENCE,1.33299652357223,103.869983175672
28,MULBERRY AVENUE,348370,SENNETT ESTATE,1.33064227668266,103.87534048951
29,MULBERRY AVENUE,348371,SENNETT ESTATE,1.33151777428337,103.876874748143
32,MULBERRY AVENUE,348374,SENNETT ESTATE,1.33066626204261,103.875448293346
143,MACPHERSON ROAD,348519,SENNETT ESTATE,1.32956154096654,103.873045245868
3,LORONG BAKAR BATU,348741,UNION INDUSTRIAL CENTER,1.3283277516065,103.872332669673
10,LORONG BAKAR BATU,348744,NIL,1.32702814183135,103.871391675824
10,LORONG BAKAR BATU,348744,FC,1.32710267547029,103.871444003464
65,LICHI AVENUE,348840,SENNETT ESTATE,1.33380485870698,103.877937334415
71,LICHI AVENUE,348843,SENNETT ESTATE,1.33386339174624,103.87809119148
1,KEE CHOE AVENUE,348941,NIL,1.33014680818196,103.873309664358
1,KEE CHOE AVENUE,348941,SENNETT ESTATE,1.33020048669707,103.873256238791
8,KEE CHOE AVENUE,348947,SENNETT ESTATE,1.33046648392023,103.873520890214
60,KEE CHOE AVENUE,348989,SENNETT ESTATE,1.33234306929104,103.873357855333
70,KEE CHOE AVENUE,348994,SENNETT ESTATE,1.33261547702602,103.873406629729
80,GENTING LANE,349565,RUBY INDUSTRIAL COMPLEX,1.32650946552906,103.875670365541
6,CHEMPAKA AVENUE,349616,SENNETT ESTATE,1.33135528986105,103.875618258539
62,CHEMPAKA AVENUE,349682,OASIS @ MULBERRY,1.33212536679473,103.877982173519
18,BUTTERFLY AVENUE,349783,SENNETT ESTATE,1.33381602512107,103.876979828528
30,BUTTERFLY AVENUE,349865,SENNETT ESTATE,1.33395435569814,103.877591144137
40,BELIMBING AVENUE,349912,SENNETT ESTATE,1.33258237940327,103.877284434475
53,BELIMBING AVENUE,349923,SENNETT ESTATE,1.33271990509157,103.876601677863
57,BELIMBING AVENUE,349925,SENNETT ESTATE,1.33284537334985,103.876844571351
85,BELIMBING AVENUE,349955,OASIS @ MULBERRY,1.33311619906046,103.877642553921
20,ANGSANA AVENUE,349964,SENNETT ESTATE,1.33153368373459,103.874575299683
24,ANGSANA AVENUE,349966,SENNETT ESTATE,1.3317249266032,103.874577660884
36,WOODLEIGH PARK,357835,NIL,1.34257767577736,103.866186608766
45,WOODLEIGH PARK,357842,NIL,1.33975567799578,103.866416450736
11,WOLSKEL ROAD,357962,NIL,1.34625275069328,103.870694116155
61,WOLSKEL ROAD,357968,NIL,1.34669844018681,103.869821446398
63,WOLSKEL ROAD,357970,NIL,1.3465878889183,103.869704553616
77,WOLSKEL ROAD,357981,SERANGOON PARK,1.34678440586112,103.868685251974
212,WOLSKEL ROAD,358001,SERANGOON PARK,1.34722337413631,103.868541851048
244,WOLSKEL ROAD,358029,SERANGOON PARK,1.34683639451035,103.86748755031
16A,SOMMERVILLE ROAD,358239,NIL,1.34500289491436,103.86905102466
20A,MATLOCK RISE,358560,NIL,1.34848919962573,103.863802404639
10,LYNWOOD GROVE,358655,BRADDELL HEIGHTS ESTATE,1.34535073705306,103.863093172347
2,LYNWOOD GROVE,358671,BRADDELL HEIGHTS ESTATE,1.34420050469966,103.863208906877
43,JALAN SUKACHITA,358919,SERANGOON PARK,1.34721778290732,103.866343402743
47,JALAN SUKACHITA,358923,SERANGOON PARK,1.34714908142133,103.866244142889
51,JALAN SUKACHITA,358927,SERANGOON PARK,1.34707533610834,103.8661464637
53,JALAN SUKACHITA,358929,SERANGOON PARK,1.3470577681416,103.866029970473
32,JALAN RIANG,359001,SERANGOON PARK,1.34732323790899,103.86684357587
34,JALAN RIANG,359003,SERANGOON PARK,1.34730123799376,103.8667846921
35,JALAN RIANG,359004,SERANGOON PARK,1.34686555695068,103.866857853281
17,DUNSFOLD DRIVE,359379,DUNSFOLD VILLAS,1.34547413247876,103.860898607079
18,DUNSFOLD DRIVE,359380,BRADDELL HEIGHTS ESTATE,1.34725669325972,103.860985842645
5F,DAISY AVENUE,359544,DAISY PETALS,1.34476008931946,103.86744758851
65,DAISY AVENUE,359545,DAISY PARK,1.34459199028914,103.865583780967
49B,COTSWOLD CLOSE,359650,BRADDELL HEIGHTS ESTATE,1.34676573874962,103.862422221532
43,CHILTERN DRIVE,359755,BRADDELL HEIGHTS ESTATE,1.34906921593592,103.865373057829
10,BRADDELL ROAD,359899,NIL,1.34350793763137,103.870196030632
10A,BRADDELL ROAD,359899,NIL,1.3435079379051,103.87019603036
146,BRADDELL ROAD,359929,MEDALLION,1.34391318334892,103.862154937677
235,BRADDELL ROAD,359939,NIL,1.34374499038014,103.863857179684
243,BRADDELL ROAD,359940,NIL,1.34356938883728,103.863352215414
120,BRADDELL ROAD,359943,NIL,1.34451817985576,103.864238782046
7,UPPER ALJUNIED LANE,360007,JOO SENG GREEN,1.33471455041652,103.878708329058
81,MACPHERSON LANE,360081,MACPHERSON VIEW,1.33216938209876,103.886296676732
9A,JOO SENG ROAD,361009,JOO SENG GREEN,1.33486707970684,103.879734921646
385,UPPER ALJUNIED ROAD,367870,NIL,1.33306129195982,103.878857346763
3,PLAYFAIR ROAD,367982,NIL,1.33337042464484,103.886502515087
27,JALAN SETIA,368445,MACPHERSON GARDEN ESTATE,1.33334993954282,103.879550395729
47,JALAN MULIA,368645,MACPHERSON GARDEN ESTATE,1.33303433915059,103.880075924316
21,JALAN MELATI,368907,NIL,1.32900184458384,103.882124846896
5,JALAN MAWAR,368936,NIL,1.33121991658513,103.883098041638
6,JALAN MAWAR,368937,NIL,1.33162969651002,103.883139436801
67,JALAN CHENGKEK,369290,NIL,1.32959864746192,103.884626220579
43,JALAN ANGGEREK,369478,NIL,1.32951096955897,103.882166969701
12,HAPPY AVENUE NORTH,369766,NIL,1.33109760637914,103.880286503424
7,HAPPY AVENUE CENTRAL,369900,NIL,1.33062741794405,103.881123065533
9,HAPPY AVENUE CENTRAL,369902,HAPPY GARDENS,1.3304751590234,103.881191292886
17,HAPPY AVENUE CENTRAL,369909,NIL,1.33019305410505,103.880950772125
20,SIMS DRIVE,387395,PENROSE,1.31941278190941,103.8794959606
23,LORONG 39 GEYLANG,387874,NIL,1.31604984125525,103.89022478259
27,LORONG 39 GEYLANG,387876,NIL,1.31606686277768,103.890332253943
5A,LORONG 37 GEYLANG,387914,SUNNY GROVE,1.31558261176887,103.889462040581
38,LORONG 25 GEYLANG,388307,SKT MANSIONS,1.31469684747176,103.882628937424
1,LORONG 23 GEYLANG,388352,GREEN AVENUE HOME FOR THE ELDERLY,1.31351376184823,103.880968253124
1,LORONG 23 GEYLANG,388352,HIGHPOINT SOCIAL ENTERPRISE ARK,1.31316193161637,103.880782808078
1,LORONG 23 GEYLANG,388352,SINGAPORE BADMINTON HALL,1.31393760905809,103.880707558027
15,LORONG 21 GEYLANG,388460,NIL,1.31345221913027,103.879997215187
46,LORONG 17 GEYLANG,388568,ENTERPRISE INDUSTRIAL BUILDING,1.31484076794934,103.87867010725
23,LORONG 13 GEYLANG,388666,NIL,1.31361441756411,103.877254215475
23A,LORONG 13 GEYLANG,388666,NIL,1.31361441756409,103.877254215747
23B,LORONG 13 GEYLANG,388666,NIL,1.31361441756409,103.877254215747
23C,LORONG 13 GEYLANG,388666,NIL,1.31361441756409,103.877254215747
24,LORONG 13 GEYLANG,388667,NIL,1.31353051906108,103.877542957776
81A,GEYLANG ROAD,389199,GEYLANG CONSERVATION AREA,1.31079266692897,103.872921339003
81,GEYLANG ROAD,389199,GEYLANG CONSERVATION AREA,1.31079283198996,103.872921335198
83,GEYLANG ROAD,389200,NIL,1.31081213463953,103.872966628179
83A,GEYLANG ROAD,389200,NIL,1.31081213463955,103.872966627907
83B,GEYLANG ROAD,389200,NIL,1.31081213463955,103.872966627907
83C,GEYLANG ROAD,389200,NIL,1.31081213463955,103.872966627907
83B,GEYLANG ROAD,389200,ARK HOSTEL,1.31083993618846,103.872957806098
412,GEYLANG ROAD,389391,NIL,1.31288367991497,103.882572084605
412A,GEYLANG ROAD,389391,NIL,1.31288367991497,103.882572084605
412B,GEYLANG ROAD,389391,NIL,1.31288367991497,103.882572084605
497,GEYLANG ROAD,389455,NIL,1.31369169704035,103.884006866142
642B,GEYLANG ROAD,389572,GEYLANG CONSERVATION AREA,1.31432932896331,103.889319747659
642,GEYLANG ROAD,389572,GEYLANG CONSERVATION AREA,1.31432932896332,103.889319747387
642A,GEYLANG ROAD,389572,GEYLANG CONSERVATION AREA,1.31432932896331,103.889319747659
643,GEYLANG ROAD,389573,GEYLANG CONSERVATION AREA,1.31445968659432,103.888029281099
644,GEYLANG ROAD,389574,GEYLANG CONSERVATION AREA,1.31434077172699,103.88937223895
644B,GEYLANG ROAD,389574,GEYLANG CONSERVATION AREA,1.31434077145328,103.889372238678
644A,GEYLANG ROAD,389574,GEYLANG CONSERVATION AREA,1.31434077145328,103.889372238678
12,PINE CLOSE,391012,NIL,1.30847854465222,103.882287785645
227,MOUNTBATTEN ROAD,397998,SINGAPORE ASSOCIATION FOR THE DEAF,1.3078662706986,103.87975557273
227,MOUNTBATTEN ROAD,397998,SINGAPORE SCHOOL FOR THE DEAF,1.3078216292075,103.879831061604
223,MOUNTBATTEN ROAD,398008,223 @ MOUNTBATTEN,1.30846564032774,103.878984638613
223,MOUNTBATTEN ROAD,398008,ETONHOUSE PRE-SCHOOL (223 MOUNTBATTEN),1.30856907438559,103.879015552038
223,MOUNTBATTEN ROAD,398008,ETONHOUSE PRE-SCHOOL PTE LTD,1.30846564443374,103.878984639157
5,LORONG 40 GEYLANG,398051,NIL,1.31412591812975,103.889849844588
50,LORONG 36 GEYLANG,398172,NIL,1.31246091310022,103.888432086829
47B,LORONG 30 GEYLANG,398383,FENG LAI MANSION,1.31173081066848,103.886777251688
47A,LORONG 30 GEYLANG,398383,FENG LAI MANSION,1.31173081066848,103.886777251688
47,LORONG 30 GEYLANG,398383,FENG LAI MANSION,1.31172400567784,103.886776883837
47C,LORONG 30 GEYLANG,398383,FENG LAI MANSION,1.31173081066848,103.886777251688
49,LORONG 30 GEYLANG,398384,FENG LAI MANSION,1.31173675246554,103.886833837345
49A,LORONG 30 GEYLANG,398384,FENG LAI MANSION,1.31173399299653,103.886832358844
49B,LORONG 30 GEYLANG,398384,FENG LAI MANSION,1.31173399299653,103.886832358844
49C,LORONG 30 GEYLANG,398384,FENG LAI MANSION,1.31173399299653,103.886832358844
5,LORONG 26 GEYLANG,398480,REZI 26,1.31277485329606,103.885104634024
37,LORONG 20 GEYLANG,398753,SUNFLOWER REGENCY,1.3112844032004,103.881516089364
41,LORONG 20 GEYLANG,398757,NIL,1.31100377186491,103.881578987712
41A,LORONG 20 GEYLANG,398757,NIL,1.31100377186491,103.881578987984
58,LORONG 16 GEYLANG,398886,NIL,1.31091987564971,103.879742160822
58A,LORONG 16 GEYLANG,398886,NIL,1.31091987564971,103.879742160822
58B,LORONG 16 GEYLANG,398886,NIL,1.31091987564971,103.879742160822
58C,LORONG 16 GEYLANG,398886,NIL,1.31091987564971,103.879742160822
51,LORONG 14 GEYLANG,398952,NIL,1.31072719955326,103.879531018751
65,LORONG 14 GEYLANG,398955,NIL,1.31045870606712,103.879552690039
67,LORONG 14 GEYLANG,398956,NIL,1.31039127814114,103.879544792354
10,LORONG 12 GEYLANG,398991,NIL,1.31166859368563,103.878066887965
10A,LORONG 12 GEYLANG,398991,NIL,1.31166859341191,103.878066887693
10B,LORONG 12 GEYLANG,398991,NIL,1.31166859341191,103.878066887693
10C,LORONG 12 GEYLANG,398991,NIL,1.31162456672669,103.878114515573
10D,LORONG 12 GEYLANG,398991,NIL,1.31162456700044,103.878114515573
10E,LORONG 12 GEYLANG,398991,NIL,1.31162456700044,103.878114515573
7,LORONG 4 GEYLANG,399266,FERN LODGE,1.31111580692247,103.876068248261
320,GUILLEMARD ROAD,399746,CASSIA VIEW,1.31103276112231,103.886630140814
80,DAKOTA CRESCENT,399946,WATERBANK AT DAKOTA,1.30662688563498,103.889264308926
82,DAKOTA CRESCENT,399947,WATERBANK AT DAKOTA,1.30670275906287,103.889574061199
84,DAKOTA CRESCENT,399948,WATERBANK AT DAKOTA,1.30697673506819,103.889630915712
3,EUNOS CRESCENT,400003,NIL,1.32067404184244,103.903231711917
2C,GEYLANG SERAI,405002,SRI GEYLANG SERAI,1.31750146062242,103.898206520651
3,UBI CRESCENT,408558,YONG LEE BUILDING,1.32588221001773,103.893856318607
123,UBI AVENUE 4,408767,TONG XING COMPLEX,1.3350271990695,103.895131699443
149,UBI AVENUE 4,408778,HENSON WAREHOUSE,1.33507101078564,103.895435263643
900,SIMS AVENUE,408966,PARC ESTA,1.31844621299537,103.90343113612
906,SIMS AVENUE,408969,PARC ESTA,1.31777354149314,103.9035893581
910,SIMS AVENUE,408971,PARC ESTA,1.31760622722999,103.902707804387
30,PAYA LEBAR ROAD,409006,PAYA LEBAR MRT STATION (EW8),1.31811149224527,103.893060771576
15,ARUMUGAM ROAD,409960,LORONG KOO CHYE SHENG HONG TEMPLE,1.32631403245342,103.892040556752
24,ARUMUGAM ROAD,409963,CHENG HONG SIANG TNG KEW HUANG KENG COMBINED TEMPLE,1.32569316419126,103.891908622996
24,ARUMUGAM ROAD,409963,LORD BUDDHA TEMPLE,1.32567479791505,103.891904457825
236,JALAN EUNOS,415864,EUHABITAT,1.32837050172389,103.907247007627
230,JALAN EUNOS,415867,EUHABITAT,1.32782123700311,103.906738259684
76M,LORONG MARZUKI,415902,NIL,1.32572427873704,103.908528253015
31,KAKI BUKIT AVENUE 3,415916,HOMESTAY LODGE,1.33806600849597,103.909679381997
22,KAKI BUKIT VIEW,415958,KAKI BUKIT TECHPARK II,1.33636944389372,103.908397381436
37,KAKI BUKIT VIEW,415967,KAKI BUKIT TECHPARK II,1.33617567542216,103.907832906904
43,KAKI BUKIT VIEW,415970,KAKI BUKIT TECHPARK II,1.33684960809115,103.907794462844
51,KAKI BUKIT VIEW,415974,KAKI BUKIT TECHPARK II,1.33696208482624,103.908277965314
167,KAKI BUKIT AVENUE 1,416018,SHUN LI INDUSTRIAL PARK,1.33735535659765,103.912268566156
191,KAKI BUKIT AVENUE 1,416030,SHUN LI INDUSTRIAL PARK,1.33774770255284,103.912369205744
201,KAKI BUKIT AVENUE 1,416035,SHUN LI INDUSTRIAL PARK,1.33755806443432,103.911978883878
49,KAKI BUKIT INDUSTRIAL TERRACE,416129,KAKI BUKIT INDUSTRIAL PARK,1.33556673848478,103.902237572263
56,KAKI BUKIT INDUSTRIAL TERRACE,416136,KAKI BUKIT INDUSTRIAL PARK,1.33657546520323,103.901602747352
96,KAKI BUKIT INDUSTRIAL TERRACE,416173,KAKI BUKIT INDUSTRIAL PARK,1.33591075261683,103.901417965667
11,WARINGIN PARK,416325,SIN CHUAN GARDEN,1.3226841570245,103.918570527722
17,TAMAN SELAMAT,416419,KIMNAN PARK,1.32544929238936,103.91425727625
48,TAMAN SELAMAT,416444,KIMNAN PARK,1.32518529009792,103.915349156414
6,SIMS VIEW,416512,NIL,1.31990192212582,103.910713980691
10,SIMS VIEW,416516,NIL,1.31979154043407,103.910733916189
14,LORONG SALLEH,416767,KEMBANGAN ESTATE,1.32370494171966,103.907067840858
15,LORONG SALLEH,416769,KEMBANGAN ESTATE,1.32330888995937,103.906698997401
63,LORONG MYDIN,416866,KEMBANGAN ESTATE,1.32224434028594,103.910786841183
5,LORONG MELAYU,416900,NIL,1.31932402784238,103.910510670683
67G,LORONG MELAYU,416960,SILAHIS-VILLE,1.32345663721901,103.909380356757
69E,LORONG MELAYU,416968,SILAHIS-VILLE,1.32383954971987,103.909437584908
69F,LORONG MELAYU,416969,SILAHIS-VILLE,1.32385399501055,103.909370901726
64,LORONG MARICAN,417250,KEMBANGAN ESTATE,1.32278860058611,103.908430988894
43,LORONG KEMBANGAN,417358,KIMNAN PARK,1.32621914703828,103.913960771237
44,LENGKONG TIGA,417453,NIL,1.32636315102344,103.911482286758
60,LENGKONG TIGA,417454,STARVILLE,1.32773937225717,103.911272453985
1B,KAKI BUKIT ROAD 3,417822,EASTPOINT TERRACE,1.33831038573322,103.902065634907
3A,KAKI BUKIT ROAD 3,417824,EASTPOINT TERRACE,1.33794331410983,103.90287273012
2,KAKI BUKIT AVENUE 2,417921,KAKI BUKIT AUTOHUB,1.33735946650932,103.900701297285
6,KAKI BUKIT AVENUE 1,417940,KAKI BUKIT AMENITY CENTRE,1.33292201531432,103.904289528313
6,KAKI BUKIT AVENUE 1,417940,THE ORANGE TREE (SIMEI) PTE. LTD.,1.33292201394538,103.904289536745
8,KAKI BUKIT AVENUE 1,417941,NIL,1.33307731058316,103.904717837636
67,KAKI BUKIT AVENUE 1,417946,SHUN LI INDUSTRIAL PARK,1.33640909488725,103.911672900564
23,JALAN WARINGIN,418026,NIL,1.32345949976392,103.917863847682
87,JALAN SENYUM,418188,KIMNAN PARK,1.32426848025241,103.914225641381
73B,JALAN SENANG,418375,YONG SENG ESTATE,1.32718425506381,103.916068579605
17B,JALAN SELAMAT,418539,NIL,1.32239390126133,103.915581367134
26,JALAN SELAMAT,418550,NIL,1.32337444932751,103.915968649716
27,JALAN SAYANG,418645,NIL,1.32171775273563,103.914916828169
34A,JALAN PARAS,418899,YONG SENG ESTATE,1.32601562743043,103.917489150635
40,JALAN PARAS,418902,YONG SENG ESTATE,1.32619838801516,103.917633660127
22C,JALAN PARAS,418906,NIL,1.32571808971241,103.917238382788
15,JALAN MASJID,418936,D' GALLERY,1.31999864551861,103.912136345882
64,JALAN LAPANG,419005,NIL,1.32295103043447,103.915884447077
1,JALAN LAPANG,419021,NIL,1.32299141849363,103.918637621864
2B,JALAN KRIAN,419061,NIL,1.32391631312448,103.915127214838
11,JALAN KECHOT,419188,KEMBANGAN ESTATE,1.32167817419549,103.906686943788
20,JALAN ISMAIL,419279,NIL,1.32310768907376,103.906632883107
20,JALAN ISMAIL,419279,KEMBANGAN ESTATE,1.32316905298985,103.906673576803
21,JALAN ISMAIL,419280,KEMBANGAN ESTATE,1.32290868725193,103.907749599664
22,JALAN ISMAIL,419281,KEMBANGAN ESTATE,1.32316500399353,103.906781964201
35,JALAN ISHAK,419375,KEMBANGAN ESTATE,1.32511180088157,103.90944075305
188,JALAN EUNOS,419538,EUHABITAT,1.32831997410254,103.906382060956
257,CHANGI ROAD,419746,NIL,1.31802487781552,103.905638209886
257A,CHANGI ROAD,419746,NIL,1.31802487808925,103.905638210158
257B,CHANGI ROAD,419746,NIL,1.31802487808925,103.905638210158
257C,CHANGI ROAD,419746,NIL,1.31802487808925,103.905638210158
267,CHANGI ROAD,419751,NIL,1.31802527308065,103.906151879117
267A,CHANGI ROAD,419751,NIL,1.3180252728069,103.906151879389
271,CHANGI ROAD,419753,NIL,1.31810233854733,103.906277840026
271A,CHANGI ROAD,419753,NIL,1.31804458286313,103.906268368783
275,CHANGI ROAD,419755,JING SUITES,1.31806879436847,103.906431330652
473,CHANGI ROAD,419891,NIL,1.31940510623128,103.913076885898
473A,CHANGI ROAD,419891,NIL,1.31940510677876,103.913076885626
473B,CHANGI ROAD,419891,NIL,1.31940510677876,103.913076885626
475,CHANGI ROAD,419892,NIL,1.31940510677876,103.913076885626
475A,CHANGI ROAD,419892,NIL,1.31940510677876,103.913076885626
475B,CHANGI ROAD,419892,NIL,1.31940510677876,103.913076885626
482,CHANGI ROAD,419895,NIL,1.31911274341468,103.913589559224
482A,CHANGI ROAD,419895,NIL,1.31911274368841,103.913589558952
482B,CHANGI ROAD,419895,NIL,1.31911274368841,103.913589558952
576,CHANGI ROAD,419945,FRANKEL ESTATE,1.3209393815903,103.919148540103
655,CHANGI ROAD,419949,NIL,1.32065710173835,103.916456579699
667,CHANGI ROAD,419955,NIL,1.32084406010461,103.916965685063
63F,LORONG M TELOK KURAU,423396,PALACIO,1.31144459768686,103.913842261393
63E,LORONG M TELOK KURAU,423397,PALACIO,1.31145400439812,103.913888018062
162,TEMBELING ROAD,423671,SANDALWOOD,1.30991410349086,103.903089283888
405,TELOK KURAU ROAD,423906,SAINT PATRICK'S ROW,1.3067960799101,103.913485704803
9,STILL ROAD SOUTH,423925,NIL,1.30776077538954,103.909121336187
11,STILL ROAD SOUTH,423926,NIL,1.30772402381329,103.909137566649
2,STILL ROAD,423950,STILL MANSIONS,1.30854402717824,103.908875714181
2A,STILL ROAD,423950,STILL MANSIONS,1.30854550832772,103.908876319364
2B,STILL ROAD,423950,STILL MANSIONS,1.30854550832772,103.908876319364
2C,STILL ROAD,423950,STILL MANSIONS,1.30853359972352,103.908817533046
2D,STILL ROAD,423950,STILL MANSIONS,1.30853578625376,103.908819079817
2E,STILL ROAD,423950,STILL MANSIONS,1.30853578625376,103.908819079817
2F,STILL ROAD,423950,STILL MANSIONS,1.30852156927225,103.908750842127
2G,STILL ROAD,423950,STILL MANSIONS,1.30852372763336,103.908751552583
2H,STILL ROAD,423950,STILL MANSIONS,1.30852372763336,103.908751552583
2J,STILL ROAD,423950,STILL MANSIONS,1.30851433337922,103.908679809588
2K,STILL ROAD,423950,STILL MANSIONS,1.30851068821905,103.908675222397
2L,STILL ROAD,423950,STILL MANSIONS,1.30851068821905,103.908675222397
2M,STILL ROAD,423950,STILL MANSIONS,1.30861920871702,103.908657882787
2N,STILL ROAD,423950,STILL MANSIONS,1.30861457221425,103.908658469565
2P,STILL ROAD,423950,STILL MANSIONS,1.30861457221425,103.908658469565
37,STILL ROAD,423964,NIL,1.31046898655572,103.907586731118
45,STILL ROAD,423968,NIL,1.31067826142286,103.907507673824
47,STILL ROAD,423969,NIL,1.31072396586446,103.907494875605
49A,STILL ROAD,424010,NIL,1.31084544124185,103.907415331604
10,RAMBAI ROAD,424330,NIL,1.31109379166996,103.905095549799
13,PULASAN ROAD,424380,ROYALE MANSIONS,1.31223039209224,103.906376868816
13A,PULASAN ROAD,424380,ROYALE MANSIONS,1.31223039209224,103.906376868816
13B,PULASAN ROAD,424380,ROYALE MANSIONS,1.31223039209224,103.906376868816
13C,PULASAN ROAD,424380,ROYALE MANSIONS,1.31223039209224,103.906376868816
153,ONAN ROAD,424554,NIL,1.31304447027181,103.899209598016
173,ONAN ROAD,424565,NIL,1.31261363989268,103.899452872788
352,ONAN ROAD,424750,NIL,1.3066312557602,103.90334065959
8,MARTIA ROAD,424795,MARTIA 8,1.30724209656144,103.910467503121
124,MARSHALL ROAD,424911,NIL,1.30807148545168,103.900471823238
125,MARSHALL ROAD,424912,NIL,1.30767807004406,103.900311855116
2B,MANGIS ROAD,424948,NIL,1.31452563435318,103.90285739135
34,MANGIS ROAD,424969,KATONG APARTMENTS,1.31301688240642,103.90380736318
34A,MANGIS ROAD,424969,KATONG APARTMENTS,1.31301688240642,103.90380736318
34B,MANGIS ROAD,424969,KATONG APARTMENTS,1.31301688240642,103.90380736318
34C,MANGIS ROAD,424969,KATONG APARTMENTS,1.31301688240642,103.90380736318
44,LORONG M TELOK KURAU,425330,NIL,1.3103266552029,103.911246988972
55,LORONG L TELOK KURAU,425500,BRIGHT CENTRE,1.3118205086709,103.910557235164
55,LORONG L TELOK KURAU,425500,LITTLE FELLOW CHILDCARE,1.31182051469277,103.910557242779
55,LORONG L TELOK KURAU,425500,THE ANIMAL CLINIC (KATONG),1.31182050839719,103.910557234076
55,LORONG L TELOK KURAU,425500,TWO BY TWO SCHOOLHOUSE,1.31182051469277,103.910557242779
90,LORONG L TELOK KURAU,425528,GRACE GARDEN,1.31192395134986,103.912544140397
106,LORONG L TELOK KURAU,425541,NIL,1.3120978984099,103.913447899045
29A,LORONG K TELOK KURAU,425633,SENG HUA GARDENS,1.31277185987952,103.908359126928
85,LORONG K TELOK KURAU,425718,NIL,1.31340996150711,103.912246013217
14,LORONG J TELOK KURAU,425798,NIL,1.31304213675789,103.907785004846
80B,LORONG J TELOK KURAU,425885,NIL,1.31382083466097,103.910826370547
84D,LORONG J TELOK KURAU,425906,NIL,1.31383555851477,103.911427729282
84E,LORONG J TELOK KURAU,425907,NIL,1.31378518723896,103.911447622792
136D,LORONG J TELOK KURAU,425968,NIL,1.31453107367255,103.914296080032
61B,LORONG J TELOK KURAU,425983,NIL,1.31389461306481,103.909167135593
12A,LORONG H TELOK KURAU,425997,NIL,1.31522830151466,103.906637396557
39,LORONG H TELOK KURAU,426026,NIL,1.31594755218396,103.907781334407
49,LORONG H TELOK KURAU,426046,NIL,1.31608978714057,103.908384529498
90,LORONG H TELOK KURAU,426105,NIL,1.3164069558616,103.912154897115
77,LORONG G TELOK KURAU,426269,NIL,1.31767385153192,103.911637477895
78,LORONG G TELOK KURAU,426270,NIL,1.31717518859686,103.911973655832
7,LORONG 110 CHANGI,426362,NIL,1.31811950201009,103.909888872468
26,LORONG 102 CHANGI,426621,NIL,1.31540116065197,103.900785269937
58,LANGSAT ROAD,426730,NIL,1.31509730140857,103.902248921416
18,KUO CHUAN AVENUE,426914,NIL,1.30665927237224,103.908397517032
26,KUO CHUAN AVENUE,426922,NIL,1.30634520113303,103.908593365285
14,KOON SENG ROAD,426964,NIL,1.31012619304411,103.902646856022
187,JOO CHIAT TERRACE,427333,NIL,1.31535786859291,103.90521362932
129,JOO CHIAT ROAD,427415,NIL,1.31344859596756,103.899712147011
173,JOO CHIAT ROAD,427444,NIL,1.31247351226108,103.900392403129
173A,JOO CHIAT ROAD,427444,NIL,1.31247351198736,103.900392403401
175,JOO CHIAT ROAD,427446,NIL,1.31242139387307,103.900420658063
175A,JOO CHIAT ROAD,427446,NIL,1.31242139359935,103.900420657791
284,JOO CHIAT ROAD,427538,NIL,1.31041812018768,103.901400345542
284A,JOO CHIAT ROAD,427538,NIL,1.31041811991397,103.901400345542
284B,JOO CHIAT ROAD,427538,NIL,1.31041811991397,103.901400345542
410,JOO CHIAT ROAD,427636,HOPE CENTRE SINGAPORE,1.30718803855449,103.903829065505
410A,JOO CHIAT ROAD,427636,HOPE CENTRE SINGAPORE,1.30717067271345,103.903808286902
410B,JOO CHIAT ROAD,427636,HOPE CENTRE SINGAPORE,1.30718803828074,103.903829065777
94,JOO CHIAT PLACE,427819,NIL,1.31358515586598,103.902810974417
97,JOO CHIAT PLACE,427822,LOTUS AT JOO CHIAT,1.31376001297834,103.902303624438
150,JOO CHIAT PLACE,427878,JC COURT,1.31374267236126,103.904359283897
189,JOO CHIAT PLACE,427901,NIL,1.31412695926314,103.904691073241
197,JOO CHIAT PLACE,427906,NIL,1.31421032610137,103.904866146658
201C,JOO CHIAT PLACE,427918,JC VILLE,1.31438859972654,103.905170308151
241,JOO CHIAT PLACE,427932,FLORA EAST,1.31449702671146,103.905732810293
241A,JOO CHIAT PLACE,427932,FLORA EAST,1.31449702671146,103.905732810293
241B,JOO CHIAT PLACE,427932,FLORA EAST,1.31449702671146,103.905732810293
241C,JOO CHIAT PLACE,427932,FLORA EAST,1.31449702671146,103.905732810293
332,JOO CHIAT PLACE,427997,NIL,1.31469405169361,103.909291322632
32,JAGO CLOSE,428441,NIL,1.3062739447312,103.908245344663
54,JAGO CLOSE,428452,NIL,1.30566867147502,103.908639139234
60,JAGO CLOSE,428455,NIL,1.30550345919576,103.90871382077
118,EVERITT ROAD,428642,NIL,1.31045704713962,103.904081754391
118A,EVERITT ROAD,428643,NIL,1.31040278071935,103.904120122458
107,EAST COAST ROAD,428799,NIL,1.30579819378374,103.904371344933
212,EAST COAST ROAD,428911,NIL,1.30725876704325,103.907251735535
214,EAST COAST ROAD,428913,NIL,1.30728944128477,103.9073063563
214A,EAST COAST ROAD,428913,NIL,1.30728944183225,103.907306356028
225,EAST COAST ROAD,428922,NIL,1.30766494347222,103.907177455529
225A,EAST COAST ROAD,428922,NIL,1.30766494374595,103.907177454985
225B,EAST COAST ROAD,428922,NIL,1.30766494374595,103.907177454985
228,EAST COAST ROAD,428925,NIL,1.30749801342615,103.907588394956
228A,EAST COAST ROAD,428925,NIL,1.3074980131524,103.907588395228
286,EAST COAST ROAD,428948,NIL,1.30813519132351,103.909186920979
14,EAN KIAM PLACE,429110,NIL,1.3049021320771,103.902178206801
3,DUKU PLACE,429279,NIL,1.3097331962146,103.906103778704
4,DUKU PLACE,429280,NIL,1.30955044640006,103.905843817719
11A,CHEOW KENG ROAD,429466,NIL,1.30727009170065,103.905699514062
14,CHEOW KENG ROAD,429469,NIL,1.3076229441446,103.905954769941
105,CARPMAEL ROAD,429838,NIL,1.31142023102994,103.899593287242
196,CARPMAEL ROAD,429934,NIL,1.30782403552937,103.901726218924
197,CARPMAEL ROAD,429935,NIL,1.3076479418637,103.902352373307
199,CARPMAEL ROAD,429936,NIL,1.30760167976563,103.90238798026
226,CARPMAEL ROAD,429950,NIL,1.30725030518299,103.902158996584
12,KAMPONG ARANG ROAD,431012,NIL,1.30082885462595,103.883694825656
5A,JALAN BATU,432005,DI TANJONG RHU,1.30148068202243,103.883496293395
24C,SAMPAN PLACE,433024,TANJONG RHU RIVERFRONT I,1.30062162135616,103.880859275754
29H,GOODMAN ROAD,436551,GOODMAN CREST,1.30427898690617,103.893332135377
23,CRESCENT ROAD,436594,NIL,1.3031613694229,103.893022936719
10C,WILKINSON ROAD,436668,NIL,1.30332411700904,103.895419456093
15,WAREHAM ROAD,436779,NIL,1.30768595501336,103.893837876819
11,TANJONG RHU ROAD,436896,THE WATERSIDE,1.29670486203676,103.882768688199
128,TANJONG KATONG ROAD,436971,NIL,1.31173563766886,103.893917193019
128A,TANJONG KATONG ROAD,436971,NIL,1.31173456214971,103.893918133474
128B,TANJONG KATONG ROAD,436971,NIL,1.31173456214971,103.893918133474
128C,TANJONG KATONG ROAD,436971,NIL,1.31173456214971,103.893918133474
204,TANJONG KATONG ROAD,437000,NIL,1.307656376398,103.895072537629
204A,TANJONG KATONG ROAD,437000,NIL,1.30765637667174,103.895072537629
17,SERAYA LANE,437284,SERAYA VILLE,1.30751139870451,103.899998747467
17A,SERAYA LANE,437284,SERAYA VILLE,1.30751139870451,103.899998747467
17B,SERAYA LANE,437284,SERAYA VILLE,1.30751139870451,103.899998747467
17C,SERAYA LANE,437284,SERAYA VILLE,1.30751139870451,103.899998747467
6A,RHU CROSS,437441,TEMPORARY SITE OFFICE,1.29561689307504,103.86853841805
15,RAMSGATE ROAD,437461,NIL,1.29858519797104,103.890311761862
8,PEBBLE LANE,437557,NIL,1.31351144492555,103.892767098032
4,PARKSTONE ROAD,437651,NIL,1.30682069953392,103.895033963007
5,PARKSTONE ROAD,437652,NIL,1.30632689887368,103.894748134247
826,MOUNTBATTEN ROAD,437819,NIL,1.30134539395398,103.896184038243
148,MEYER ROAD,437943,NIL,1.29865693095666,103.895231329434
152,MEYER ROAD,437945,NIL,1.29886153082016,103.895379603851
2B,MEYER PLACE,437997,MEYER MELODIA,1.29815063004754,103.88660778297
54,JALAN SEAVIEW,438368,SEA VIEW PARK,1.29979438723491,103.896309320701
11,JALAN BINJAI,438544,NIL,1.30444562913378,103.899278999789
181,HAIG ROAD,438780,ARDOR RESIDENCE (U/C),1.30646411925223,103.899441741387
9,GREEN LANE,438909,NIL,1.31104248113046,103.892640929372
2,GRAY LANE,438934,NIL,1.31259949404349,103.893963376537
2A,GRAY LANE,438934,NIL,1.31259949404349,103.893963376537
2B,GRAY LANE,438934,NIL,1.31259949404349,103.893963376537
2C,GRAY LANE,438934,NIL,1.31259949404349,103.893963376537
27,GOODMAN ROAD,438990,NIL,1.30437191017995,103.893661649063
31,GOODMAN ROAD,438994,NIL,1.30438011053561,103.89293657413
39A,GOODMAN ROAD,439009,NIL,1.30431835828122,103.89174343875
60,GOODMAN ROAD,439023,NIL,1.3046452428439,103.889901469823
61,GOODMAN ROAD,439026,NIL,1.30410926101575,103.888692363571
2,DUNMAN LANE,439275,D- MANSIONS,1.30868052611462,103.895038589522
57U,CRESCENT ROAD,439369,NIL,1.3066381547749,103.891921081858
113A,BRANKSOME ROAD,439629,NIL,1.30300111603501,103.887525614152
64,BOURNEMOUTH ROAD,439719,NIL,1.3019674609533,103.891873742181
23,BOURNEMOUTH ROAD,439729,NIL,1.30209136810395,103.895296901117
40,AMBER ROAD,439878,ISA HOTEL,1.30080943719976,103.901100246047
910,EAST COAST PARKWAY,449889,ROAD SAFETY COMMUNITY PARK,1.29836419692256,103.902970671816
4,EAST COAST ROAD,450004,NIL,1.31163019922083,103.923477420109
1,FIGARO GARDENS,454976,FIGARO GARDENS,1.31538927640619,103.925917208187
10,FIGARO GARDENS,454985,FIGARO GARDENS,1.31504604749682,103.926202354584
14,FIGARO GARDENS,454989,FIGARO GARDENS,1.31504223283848,103.926346356926
63A,SIGLAP ROAD,454997,FRANKEL ESTATE,1.31415570666216,103.922768845584
89,SIGLAP ROAD,454999,NIL,1.31680583930027,103.922256267964
8,TOSCA STREET,455448,OPERA ESTATE,1.31720257038508,103.928194902703
10,TOSCA STREET,455450,OPERA ESTATE,1.31733787038609,103.928123141773
34,TERANG BULAN AVENUE,455557,OPERA ESTATE,1.32210687631891,103.922971108479
35,TERANG BULAN AVENUE,455558,OPERA ESTATE,1.32167877059322,103.922713758364
22,SIGLAP WALK,455753,FRANKEL ESTATE,1.31706796454293,103.920009897697
324,SIGLAP ROAD,455914,EAST COAST PARK,1.31345755320057,103.923330741926
326,SIGLAP ROAD,455915,EAST COAST PARK,1.31352073551652,103.923318405878
328,SIGLAP ROAD,455916,EAST COAST PARK,1.31363564518938,103.923288104627
586,SIGLAP ROAD,455950,OPERA ESTATE,1.32034784129513,103.920593139122
14B,SIGLAP ROAD,455955,NIL,1.30984212629525,103.926817017421
16,SIGLAP PLAIN,456005,FRANKEL ESTATE,1.31804894733339,103.915680670779
28,SIGLAP PLAIN,456017,FRANKEL ESTATE,1.31760424814271,103.916717540989
11,SIGLAP AVENUE SOUTH,456271,FRANKEL ESTATE,1.31673342496782,103.919428062841
10,ROSEBURN AVENUE,456361,FRANKEL ESTATE,1.31429507478796,103.917148511644
21,ROSEBURN AVENUE,456372,FRANKEL ESTATE,1.31512787788211,103.917530425117
1,PALM AVENUE,456520,NIL,1.313261431331,103.930378488826
111B,SIGLAP ROAD,456826,FRANKEL ESTATE,1.31946605162066,103.920281727039
11,LAKME TERRACE,456877,OPERA ESTATE,1.31789948601239,103.926620793295
2,LA SALLE STREET,456929,BETHESDA (FRANKEL ESTATE) CHURCH,1.31680131547259,103.918409414644
2,LA SALLE STREET,456929,BETHESDA (KATONG) KINDERGARTEN,1.3168013184836,103.918409416276
2,LA SALLE STREET,456929,BETHESDA FRANKEL ESTATE CHURCH,1.31679708957249,103.918425803592
28,KERIS DRIVE,456991,CATHAY GARDEN,1.30916099992601,103.919044656524
29,KERIS DRIVE,456992,CATHAY GARDEN,1.30908888968004,103.919687687292
46,KERIS DRIVE,457004,CATHAY GARDEN,1.30862450408513,103.91957066331
11,KEE SUN AVENUE,457036,NIL,1.31032443885046,103.928926646919
13,JALAN TANAH PUTEH,457366,NIL,1.31550032710449,103.929869188811
9,JALAN BINTANG TIGA,457749,OPERA ESTATE,1.32178719647826,103.925119168202
12,JALAN BINTANG TIGA,457752,OPERA ESTATE,1.32208157579731,103.924922943611
18,JALAN AZAM,457857,SEASIDE PARK,1.30934374090611,103.920070941759
3,GREENFIELD DRIVE,457924,FRANKEL ESTATE,1.31287837001366,103.916879938597
77,GREENFIELD DRIVE,457961,FRANKEL ESTATE,1.31246499744484,103.918376088041
83,GREENFIELD DRIVE,457964,NIL,1.31204926139521,103.918445654345
83,GREENFIELD DRIVE,457964,FRANKEL ESTATE,1.31211860673031,103.918410960074
97,GREENFIELD DRIVE,457971,FRANKEL ESTATE,1.31203398859767,103.917590388039
14,FRANKEL TERRACE,458019,FRANKEL ESTATE,1.31920032041456,103.914651723121
9,FRANKEL STREET,458050,FRANKEL ESTATE,1.31633217448604,103.915897777469
64,FRANKEL AVENUE,458191,FRANKEL ESTATE,1.3138880970351,103.919103054026
58,FIGARO STREET,458369,OPERA ESTATE,1.31634116227223,103.928234842261
68,FIGARO STREET,458374,OPERA ESTATE,1.3164491185073,103.928479131272
15,FERNWOOD TERRACE,458548,FERNWOOD TERRACE,1.30999649517359,103.924928342287
3,ERNANI STREET,458609,OPERA ESTATE,1.31987008660766,103.92618492729
52G,ELITE TERRACE,458818,ELITE RESIDENCES,1.31684168570812,103.92400739119
1,ELITE PARK AVENUE,458822,SOUTH UNION PARK,1.3150220684132,103.923074440504
23,ELITE PARK AVENUE,458844,SOUTH UNION PARK,1.31515068365073,103.923653748146
520,EAST COAST ROAD,458965,OCEAN PARK,1.31012949000343,103.918411117303
524,EAST COAST ROAD,458967,OCEAN PARK,1.30913423217655,103.918172244883
550,EAST COAST ROAD,458975,SEASIDE PARK,1.31030329965669,103.918871910267
600,EAST COAST ROAD,459000,UNITED MANSIONS,1.31109522599999,103.921182571689
600C,EAST COAST ROAD,459000,UNITED MANSIONS,1.31109339022326,103.921178376996
600B,EAST COAST ROAD,459000,UNITED MANSIONS,1.31109339022326,103.921178376996
600A,EAST COAST ROAD,459000,UNITED MANSIONS,1.31109339022326,103.921178376996
643,EAST COAST ROAD,459029,FRANKEL ESTATE,1.31114587332615,103.919105300108
646,EAST COAST ROAD,459032,NIL,1.31153775058007,103.922820722398
12A,EAST COAST AVENUE,459185,NIL,1.30880498575804,103.923131921673
2E,DUNBAR WALK,459271,FRANKEL ESTATE,1.31096440664728,103.917542363566
3,DUNBAR WALK,459273,FRANKEL ESTATE,1.31037894261375,103.917362498806
3A,DUNBAR WALK,459274,FRANKEL ESTATE,1.31042910049467,103.917340325217
99,DUNBAR WALK,459412,FRANKEL ESTATE,1.31451551829982,103.918474447756
88,DIDO STREET,459506,OPERA ESTATE,1.32255624917425,103.92534248754
30,DAFNE STREET,459550,OPERA ESTATE,1.32058086987822,103.926738513733
1B,CARMEN STREET,459728,OPERA ESTATE,1.31611112791003,103.926827895304
3A,CARMEN STREET,459730,OPERA ESTATE,1.31620784751608,103.926783610305
36,BURNFOOT TERRACE,459828,FRANKEL ESTATE,1.31244895139666,103.922373437853
3,AIDA STREET,459920,OPERA ESTATE,1.31690358523608,103.928578040568
7,AIDA STREET,459925,OPERA ESTATE,1.3172310237605,103.928402714222
27,AIDA STREET,459952,OPERA ESTATE,1.31878292168225,103.927727850044
47,AIDA STREET,459968,OPERA ESTATE,1.32008458641053,103.927172078788
71,AIDA STREET,459980,OPERA ESTATE,1.32070513517231,103.926875685672
69,BEDOK SOUTH AVENUE 3,460069,SIGLAP LUCKY VALLEY,1.31935026360524,103.943632360195
88,BEDOK NORTH STREET 4,460088,NIL,1.3331333533723,103.939110909704
138,BEDOK NORTH STREET 2,460138,NIL,1.33001011188999,103.936343483972
187B,BEDOK NORTH STREET 4,462187,FENGSHAN GREENVILLE,1.33038146607469,103.940088401203
58,TANAH MERAH KECHIL AVENUE,465528,CASA MERAH,1.32879909326892,103.945394492229
68,TANAH MERAH KECHIL AVENUE,465533,CASA MERAH,1.32886373385152,103.946170331865
20C,KEW DRIVE,465543,NIL,1.31938790113613,103.952142441399
20,JALAN TANAH RATA,465573,TANAH MERAH GREEN,1.32978621294985,103.94422905373
229,TANAH MERAH KECHIL AVENUE,465742,D' MANOR,1.32937947186943,103.946795573695
241,TANAH MERAH KECHIL AVENUE,465748,D' MANOR,1.3298800462959,103.946279312356
47,KEW HEIGHTS,465927,NIL,1.32006301484422,103.950307799043
5,KEW HEIGHTS,465931,NIL,1.32068488791442,103.948978184951
7,KEW HEIGHTS,465932,NIL,1.32065453873025,103.948929847124
51,KEW HEIGHTS,465982,NIL,1.32019892129853,103.950360389482
33,KEW HEIGHTS,465989,NIL,1.31961590071565,103.949929978275
25,KEW HEIGHTS,465992,NIL,1.31945748584433,103.94967266106
16,KEW WALK,466021,NIL,1.31995727558762,103.949361313219
2,KEW WALK,466026,NIL,1.3203139315127,103.949788666375
3G,LIMAU GARDEN,466058,KEW GATE,1.32165433394936,103.94926828053
7,KEW LANE,466240,NIL,1.32141294391823,103.948113305711
431,KEW CRESCENT,466263,NIL,1.31988133839505,103.947699298443
2,KEW HEIGHTS,466339,NIL,1.32107437278041,103.948911975856
291,UPPER EAST COAST ROAD,466432,SPRING PARK ESTATE,1.31474781140573,103.936242749569
309,UPPER EAST COAST ROAD,466446,SPRING PARK ESTATE,1.31487188031057,103.937282141506
68,TANAH MERAH KECHIL ROAD,466692,TANAH MERAH GREEN,1.33018722258604,103.943862119394
4,SENNETT ROAD,466780,NIL,1.31571287231903,103.939028420761
5,SENNETT ROAD,466781,SINGAPORE HOKKIEN HUAY KUAN CULTURAL ACADEMY,1.3156656914669,103.938533936268
5,SENNETT ROAD,466781,SINGAPORE HOKKIEN HUAY KUAN PRE-SCHOOL,1.31563670308824,103.93841382811
17C,SENNETT ROAD,466799,EAST COAST HILL,1.31741895536156,103.93829120978
23,SENNETT LANE,466914,EAST COAST HILL,1.31646412161719,103.937767994306
1,SENNETT DRIVE,466971,NIL,1.318277829705,103.938418808397
28,SENNETT AVENUE,467036,EAST COAST HILL,1.31774760896016,103.936599776901
8,PARBURY AVENUE,467283,NIL,1.31635816474283,103.94369746857
7A,LUCKY HEIGHTS,467636,NIL,1.31567478098151,103.939594141094
12,LUCKY GARDENS,467661,NIL,1.31870416487293,103.941946184974
31,LUCKY CRESCENT,467743,NIL,1.31834331708689,103.940204323735
77,LIMAU GARDEN,467934,BEDOK PARK,1.32333020890998,103.950249081634
79,LIMAU GARDEN,467935,BEDOK PARK,1.32325715614563,103.950223703911
15A,LIMAU GARDEN,467936,NIL,1.32207355549026,103.948968070843
80,KEW DRIVE,467989,KEW GROVE,1.32070407148186,103.950635597412
84,KEW DRIVE,467991,KEW GROVE,1.32056700443006,103.950640260764
128,KEW DRIVE,467999,NIL,1.32133459029587,103.949131386216
5,JALAN TANJONG,468011,NIL,1.33010768242421,103.943077885287
32,JALAN TANJONG,468037,NIL,1.32938224942379,103.942880301027
37,JALAN TANJONG,468042,NIL,1.32922174081506,103.943274905009
21,JALAN LIMAU NIPIS,468274,BEDOKVILLE,1.32477148163949,103.947487357556
40,JALAN LIMAU MANIS,468368,BEDOKVILLE,1.32376739741073,103.947803273547
48,JALAN LIMAU BALI,468529,BEDOKVILLE,1.32294732232327,103.949121154781
31,JALAN KUPANG,468628,SPRING PARK ESTATE,1.31551881164471,103.937676270824
47,JALAN HAJI SALAM,468833,NIL,1.32162134968153,103.951274443233
49,JALAN HAJI SALAM,468834,NIL,1.32167435866338,103.951293948389
9,EVERGREEN AVENUE,468925,EVERGREEN GARDEN,1.31532854342202,103.935295039433
54,BEDOK TERRACE,469213,LUCKY HILL,1.32529737241284,103.946950337018
219,BEDOK SOUTH AVENUE 3,469310,ECO,1.32367392155222,103.945417018551
302A,BEDOK ROAD,469461,BEDOK SHOPPING COMPLEX,1.33142102822891,103.948688653617
306A,BEDOK ROAD,469467,BEDOK SHOPPING COMPLEX,1.33097089858208,103.948718588215
21,BEDOK NORTH STREET 1,469659,NIL,1.32684668980905,103.930806346719
21,BEDOK NORTH STREET 1,469659,HOPSCOTCH STUDENT CARE,1.32680696940109,103.930693319314
18,BEDOK AVENUE,469929,NIL,1.32211794074246,103.953001598835
20,BEDOK AVENUE,469931,NIL,1.32203643860416,103.952707249173
4,BAYSHORE ROAD,469961,BAYSHORE TERRACE,1.31446720527418,103.940083462732
110,BEDOK RESERVOIR ROAD,470110,EUNOS VISTA,1.33014480390561,103.910318002341
543,BEDOK RESERVOIR ROAD,479288,ARCHIPELAGO,1.33828300496346,103.920757909896
545,BEDOK RESERVOIR ROAD,479289,ARCHIPELAGO,1.33829877612298,103.920679979468
2,EXPO DRIVE,485985,NIL,1.33543687011841,103.961831201138
2,EXPO DRIVE,485985,EXPO MRT STATION (DT35),1.33538252614956,103.962374747451
29,BEDOK PLACE,486102,BEDOK GROVE,1.32559748346614,103.95329135801
10,CHEMPAKA KUNING LINK,486245,THE SPRINGFIELD,1.33252196035324,103.949447225159
46,EASTWOOD ROAD,486356,LAGUNA 88,1.32176221653264,103.958573449055
49,EASTWOOD DRIVE,486359,NIL,1.32417654385061,103.956229058264
35,EASTWOOD GREEN,486370,NIL,1.32317930680856,103.95626482289
9,EASTWOOD DRIVE,486457,NIL,1.32314649994492,103.955196137147
11,EASTWOOD DRIVE,486458,NIL,1.32318611833794,103.955245565068
22,EASTWOOD GREEN,486471,NIL,1.32260131194284,103.956172742371
29,EASTWOOD WAY,486551,NIL,1.32280477070378,103.957911261622
10,CHANGI SOUTH STREET 2,486596,NIL,1.33238624481165,103.962223855885
99,SEAGULL WALK,486709,MERA TERRACE,1.34688072535792,103.963702870386
393A,UPPER CHANGI ROAD,486916,PEAKVIEW ESTATE,1.33150068936595,103.944603082523
393F,UPPER CHANGI ROAD,486917,CAMERON HOTEL,1.3367423507794,103.954974043289
395A,UPPER CHANGI ROAD,486920,NIL,1.33156292115778,103.944733417602
395A,UPPER CHANGI ROAD,486920,PEAKVIEW ESTATE,1.33160494899249,103.944684003923
411,UPPER CHANGI ROAD,486943,PEAKVIEW ESTATE,1.3323868860542,103.945435352384
412,UPPER CHANGI ROAD,486945,EAST TUDOR,1.33083832712057,103.944956179613
589A,UPPER CHANGI ROAD,487001,APOLLO GARDENS,1.33811980776765,103.958302639168
600,UPPER CHANGI ROAD,487012,"ALL SAINTS' CHURCH, SINGAPORE",1.33058126205128,103.941082513081
600,UPPER CHANGI ROAD,487012,ANGLICAN HIGH SCHOOL,1.33118107926966,103.941853465631
605,UPPER CHANGI ROAD,487017,APOLLO GARDENS,1.3384513234776,103.95881507748
607,UPPER CHANGI ROAD,487019,APOLLO GARDENS,1.33852764094969,103.958935338363
432,UPPER CHANGI ROAD,487049,EAST VILLAGE,1.33177581475675,103.946201241863
57,TAMAN BEDOK,487101,BEDOK PESARI,1.32517000185924,103.955238367116
4,SUNBIRD ROAD,487129,APOLLO GARDENS,1.33855010012463,103.957648943748
30C,SUNBIRD CIRCLE,487272,NIL,1.33913265791302,103.958850424
44,SUNBIRD CIRCLE,487282,APOLLO GARDENS,1.33997183692155,103.958686002243
21,SUNBIRD AVENUE,487339,APOLLO GARDENS,1.33982084338811,103.958953297979
10,PEAKVILLE GROVE,487741,PEAKVILLE PARK,1.33363210298858,103.945008894894
25,MERAGI ROAD,487903,EAST VIEW GARDEN,1.34497300550984,103.961169615802
52,MERAGI ROAD,487929,EAST VIEW GARDEN,1.34367886546995,103.960285310069
57,MERAGI ROAD,487934,NIL,1.34277933296473,103.960598824945
14,JALAN PERGAM,488290,EAST VIEW GARDEN,1.34276860903422,103.961181251347
129,JALAN PELATOK,488466,EAST VIEW GARDEN,1.3475716810863,103.962027236948
135,JALAN PELATOK,488469,EAST VIEW GARDEN,1.34748572746098,103.962296117099
65,JALAN PARI DEDAP,488646,PEAKVIEW ESTATE,1.3336411478394,103.943768909019
91,JALAN PARI BURONG,488730,ELFA CENTRE PRIVATE LIMITED,1.33406874545945,103.946416978073
91,JALAN PARI BURONG,488730,PICARDY GARDENS,1.33401693368252,103.946428507159
102,JALAN PARI BURONG,488741,PICARDY GARDENS,1.33467302985424,103.945611432414
55,JALAN GREJA,488918,BEDOK PESARI,1.3239298365589,103.954933157227
72,JALAN GREJA,488935,BEDOK PESARI,1.32417550805407,103.955827728762
73,JALAN GREJA,488936,BEDOK PESARI,1.32450276406324,103.955502569255
19,JALAN DEMAK,488968,NIL,1.3445174917815,103.960712933607
25,JALAN DEMAK,488971,NIL,1.34457735720637,103.960531927133
43,JALAN CHEMPAKA KUNING,489081,NIL,1.33091617397909,103.949449503951
19,JALAN ANGIN LAUT,489199,NIL,1.33868886472132,103.955109327332
11,HARVEY CRESCENT,489373,HARVEY VIEW,1.34078568847623,103.9543470401
54,GUAN SOON AVENUE,489631,GUAN SOON TERRACE,1.33829687136162,103.953559248184
88,GUAN SOON AVENUE,489648,GUAN SOON TERRACE,1.33892055808366,103.953520523471
100,GUAN SOON AVENUE,489654,GUAN SOON TERRACE,1.33920910898146,103.953329716791
18,BEDOK RIA CRESCENT,489834,BEDOK RIA,1.3271140098989,103.952479856606
36,BEDOK RIA CRESCENT,489852,BEDOK RIA,1.32778468458878,103.951991741567
3016,BEDOK NORTH AVENUE 4,489947,EASTECH,1.33778159720442,103.948869426596
1550,BEDOK NORTH AVENUE 4,489950,JTC BEDOK FOOD CITY,1.33763731957014,103.944539180358
21,CHANGI NORTH RISE,498788,NIL,1.34842539588406,103.968630532117
11,CHANGI NORTH RISE,498790,NIL,1.34747856102207,103.969028836383
12,CHANGI NORTH WAY,498791,NIL,1.35206452693388,103.971866603606
80,ALPS AVENUE,498792,NIL,1.3749981234501,104.001288514619
9,CHANGI NORTH WAY,498797,NIL,1.35361103588626,103.971409533338
120E,TANAH MERAH BESAR LANE,498926,NIL,1.3596395583514,103.975821082544
120M,TANAH MERAH BESAR LANE,498933,NIL,1.35942097268973,103.976166034077
12A,CHANGI EAST CLOSE,499917,NIL,1.31468562694484,104.000562601648
501A,CHANGI COAST ROAD,499974,TEMPORARY SITE OFFICE,1.37168894586049,104.004127112084
218D,PULAU UBIN,506803,NIL,1.40725573564056,103.962213289581
27F,LOYANG CRESCENT,506825,LOYANG INDUSTRIAL ESTATE,1.38356283779947,103.970944552157
22,FLORA DRIVE,506948,FERRARIA PARK CONDOMINIUM,1.35797801043471,103.963675952865
65,JALAN SINAR BULAN,506957,CHANGI HEIGHTS,1.36279132870911,103.972864367212
24,HALTON ROAD,506997,NIL,1.39105953253251,103.980471633366
3,FLORA DRIVE,507010,DAHLIA PARK CONDOMINIUM,1.3592743738191,103.965984765475
51,JALAN SINAR BULAN,507057,CHANGI HEIGHTS,1.36264451638812,103.972407660105
156,MARIAM WAY,507082,BALLOTA PARK CONDOMINIUM,1.35735941174918,103.9682665243
31,MARIAM WALK,507156,LIRIA TERRACE,1.36012276895439,103.968248285162
18,LOYANG VIEW,507252,NIL,1.36335691197275,103.965877665927
18,LOYANG VIEW,507252,LOYANG VILLAS,1.36328914173061,103.965925614874
377,LOYANG RISE,507280,LOYANG VILLAS,1.36251196974183,103.965856088084
264,LOYANG RISE,507337,LOYANG VILLAS,1.36260246939297,103.965226924279
175,LOYANG RISE,507426,LOYANG VILLAS,1.36432042422745,103.965677676533
172,LOYANG RISE,507429,LOYANG VILLAS,1.36403645338178,103.967515866357
150,LOYANG RISE,507451,LOYANG VILLAS,1.36460644010731,103.966951435762
83,LOYANG RISE,507518,LOYANG VILLAS,1.3623068797288,103.963687884509
81,LOYANG RISE,507520,LOYANG VILLAS,1.3622667659191,103.96364777926
44,LOYANG RISE,507557,LOYANG VILLAS,1.3626990663951,103.964550478793
1063A,UPPER CHANGI ROAD NORTH,507704,NIL,1.36561435805998,103.975050188576
23A,TOH DRIVE,507904,VICTORY VILLE,1.3634600776462,103.97332439571
25A,TOH DRIVE,507907,VICTORY VILLE,1.3633490682553,103.973143596005
48,TOH CRESCENT,507959,TOH ESTATE,1.36569899248392,103.971550575123
48A,TOH CRESCENT,507960,TOH ESTATE,1.36575341184919,103.971530506536
50,TOH CRESCENT,507961,TOH ESTATE,1.36560776189762,103.971286710861
21,MARIAM WAY,508542,AVILA TERRACE,1.36202851140374,103.966995128801
29,MARIAM WAY,508548,AVILA TERRACE,1.36190033505731,103.967194663467
22,LOYANG LANE,508931,NIL,1.37638578203351,103.966066349905
2,LOYANG DRIVE,508935,LOYANG INDUSTRIAL ESTATE,1.37380302346084,103.971681821812
5,LOYANG DRIVE,508936,LOYANG INDUSTRIAL ESTATE,1.37358980778136,103.970237431224
43,LOYANG DRIVE,508953,LOYANG INDUSTRIAL ESTATE,1.37495891862259,103.967422528182
35,LOYANG CRESCENT,509012,FUGRO HOUSE,1.38527409756577,103.970995521978
60,JALAN SINAR BULAN,509236,CHANGI HEIGHTS,1.3623504153456,103.972483953322
43,JALAN LOYANG BESAR,509371,LE LOYANG,1.3783509761617,103.956295113266
161B,JALAN LOYANG BESAR,509410,LIGHTHOUSE,1.378527642122,103.959261426161
6,JALAN KELEMPONG,509523,BUKIT LOYANG ESTATE,1.36257596319111,103.968037196134
17,FLORA ROAD,509735,AVILA GARDENS,1.360918911503,103.966330536362
9,FLORA ROAD,509737,AVILA GARDENS,1.36015764334241,103.965165224191
2,CHIN TERRACE,509875,TOH ESTATE,1.36394627580012,103.974224410075
25,CHANGI VILLAGE ROAD,509924,NIL,1.38885544680092,103.986566280161
27,CHANGI VILLAGE ROAD,509925,NIL,1.38916763002225,103.986473440739
189,PASIR RIS STREET 12,510189,NIL,1.36558937083908,103.959037047449
483,PASIR RIS DRIVE 4,510483,NIL,1.37404167538311,103.95999917309
483,PASIR RIS DRIVE 4,510483,HDB PUBLIC SHELTERS,1.37402423915764,103.960045991441
484,PASIR RIS DRIVE 4,510484,NIL,1.3736034575533,103.960557824017
535,PASIR RIS DRIVE 1,510535,NIL,1.37052585413033,103.950190147686
581,PASIR RIS STREET 53,510581,NIL,1.37494172826975,103.946619114452
755,PASIR RIS STREET 71,510755,NIL,1.37747061666023,103.933703763298
757,PASIR RIS STREET 71,510757,NIL,1.37717716955915,103.933579789273
700A,PASIR RIS DRIVE 10,511700,MULTI STOREY CAR PARK,1.38078919849584,103.938632819457
3,PASIR RIS RISE,518081,SEA HORIZON,1.37590488480981,103.958502979324
105,PASIR RIS GROVE,518197,THE PALETTE,1.37042367326737,103.944519140794
109,PASIR RIS GROVE,518199,THE PALETTE,1.37013551622329,103.943727808877
62,RIVERINA CRESCENT,518296,THE RIVERINA,1.37989870192297,103.946461758587
41,RIVERINA VIEW,518390,THE RIVERINA,1.37918672137921,103.945262539431
99,RIVERINA VIEW,518445,THE RIVERINA,1.37988420092109,103.946873583359
115,RIVERINA VIEW,518453,THE RIVERINA,1.38024451214147,103.947194391882
21,PASIR RIS TERRACE,518665,PASIR RIS BEACH PARK,1.38109366349608,103.94434388079
25,PASIR RIS TERRACE,518669,PASIR RIS BEACH PARK,1.38122341264046,103.944325604865
5,PASIR RIS STREET 21,518968,COMMIT LEARNING SCHOOLHOUSE @ PASIR RIS PRIMARY,1.37245132722087,103.962922699031
5,PASIR RIS STREET 21,518968,PASIR RIS PRIMARY SCHOOL,1.37241870245531,103.962807212116
4,PASIR RIS LANE,519172,PASIR RIS BEACH PARK,1.38117194829069,103.94720524204
85,PASIR RIS HEIGHTS,519284,VUE 8 RESIDENCE,1.38163869030538,103.940882286175
97,PASIR RIS HEIGHTS,519290,VUE 8 RESIDENCE,1.38228561055664,103.940505533679
31,PASIR RIS DRIVE 3,519491,EASTVALE CONDOMINIUM,1.37460383882424,103.953736505213
17,PASIR RIS AVENUE,519684,PASIR RIS BEACH PARK,1.38093139046868,103.945008999493
29P,ELIAS TERRACE,519859,D' ELIAS,1.37299597261034,103.941726461253
29S,ELIAS TERRACE,519862,D' ELIAS,1.37306987487515,103.941888136247
80,ELIAS ROAD,519945,STRATUM,1.37877593012085,103.943380285486
104,ELIAS ROAD,519957,STRATUM,1.38002904727774,103.944201417635
293,TAMPINES STREET 22,520293,NIL,1.35039108059223,103.954901592901
662,TAMPINES STREET 64,520662,TAMPINES GREENGLEN,1.36967871127685,103.933456463315
909,TAMPINES AVENUE 4,520909,TAMPINES PALMSVILLE,1.35019740098746,103.939407095255
921,TAMPINES STREET 91,520921,TAMPINES PALMSVILLE,1.34829167331945,103.940744738218
957,TAMPINES STREET 96,520957,TAMPINES GREENJADE,1.34167810883606,103.935747935732
961,TAMPINES STREET 96,520961,TAMPINES GREENEMERALD,1.33963817873892,103.936944244028
390A,TAMPINES AVENUE 7,521390,MULTI STOREY CAR PARK,1.35590709806873,103.957225690989
963A,TAMPINES STREET 96,521963,TAMPINES GREENOPAL,1.33830551203299,103.93898420876
965A,TAMPINES STREET 96,521965,TAMPINES GREENOPAL,1.33773429716863,103.939629846651
970A,TAMPINES STREET 96,521970,TAMPINES GREENQUARTZ,1.34146654502097,103.937605363086
487C,TAMPINES STREET 45,522487,NIL,1.36075820406707,103.957884242384
487C,TAMPINES STREET 45,522487,HDB PUBLIC SHELTERS,1.36075138741277,103.957877071893
487C,TAMPINES STREET 45,522487,MY FIRST SKOOL,1.36075138577022,103.957877074612
489C,TAMPINES STREET 45,522489,NIL,1.36178565471454,103.956532457975
491C,TAMPINES STREET 45,522491,NIL,1.36210016949586,103.95490902637
873B,TAMPINES STREET 85,522873,TAMPINES GREENFLORA,1.35462694443619,103.930813758294
876B,TAMPINES AVENUE 8,522876,TAMPINES GREENBLOOM,1.35306392334776,103.930254718148
497D,TAMPINES STREET 45,523497,NIL,1.35883428878933,103.959075281438
498E,TAMPINES STREET 45,523498,NIL,1.36148618155639,103.959056255163
890C,TAMPINES AVENUE 1,523890,TAMPINES GREENTERRACE,1.34731357875035,103.933767368291
972C,TAMPINES STREET 96,523972,TAMPINES GREENQUARTZ,1.34177943416545,103.938309158747
856D,TAMPINES STREET 82,524856,TAMPINES ARCADIA,1.35209728534467,103.938739396041
450E,TAMPINES STREET 42,525450,NIL,1.35756791894077,103.953020775042
491H,TAMPINES STREET 45,527491,NIL,1.3629698988553,103.954391828405
491H,TAMPINES STREET 45,527491,LITTLE BEEZ PLAYSKOOL,1.3629698898219,103.954391832757
17,TAMPINES LANE,528477,TREASURE AT TAMPINES,1.34463667711923,103.948873263901
3,TAMPINES LANE,528483,TREASURE AT TAMPINES,1.34507746753129,103.947059422416
59,TAMPINES CENTRAL 7,528594,CITYLIFE@TAMPINES,1.35997494580726,103.94173033012
93,TAMPINES AVENUE 1,528691,WATERVIEW,1.34944602000376,103.926743258406
95,TAMPINES AVENUE 1,528692,WATERVIEW,1.34926983619192,103.926962212323
11A,TAMPINES AVENUE 1,528693,TEMPORARY SITE OFFICE,1.34472780988503,103.936873350952
9004,TAMPINES STREET 93,528838,TAMPINES INDUSTRIAL PARK A,1.34061756543543,103.942126793068
45,TAMPINES AVENUE 1,529763,BRIGHT JUNIORS PTE. LTD.,1.34739997132907,103.92817074814
45,TAMPINES AVENUE 1,529763,GLOCAL CONNECT VILLAGE,1.34739897463832,103.928171531665
25A,TAMPINES AVENUE 1,529765,TEMASEK POLYTECHNIC (26 SCHOOL OF BUSINESS),1.34414512457045,103.933351066694
35A,TAMPINES AVENUE 1,529770,TEMASEK POLYTECHNIC,1.34675551907395,103.929081571971
35A,TAMPINES AVENUE 1,529770,TEMASEK POLYTECHNIC (31 TEMASEK CULINARY ACADEMY),1.34671738326867,103.929003859005
33,SIMEI STREET 3,529903,MY MANHATTAN,1.34190115576407,103.953657518928
32,SIMEI STREET 1,529950,METTA BUILDING,1.34680909940251,103.957174216848
32,SIMEI STREET 1,529950,METTA HOSPICE CARE,1.34683537342896,103.957535561845
202,HOUGANG STREET 21,530202,KINDERLAND PRESCHOOL,1.35754686861981,103.883962381949
202,HOUGANG STREET 21,530202,KOVAN CITY,1.35758611787367,103.884049322053
646,HOUGANG AVENUE 8,530646,NIL,1.37183988429908,103.880739516375
924,HOUGANG AVENUE 9,530924,NIL,1.37629501553762,103.882146024079
924,HOUGANG AVENUE 9,530924,ACEKIDZ CREATIVE EDUCARE,1.37629500814682,103.882146024623
930,HOUGANG STREET 91,530930,NIL,1.37548347566834,103.881278238761
993,BUANGKOK LINK,530993,BUANGKOK WOODS,1.38511499043052,103.88362378135
995,BUANGKOK CRESCENT,530995,BUANGKOK TROPICA,1.38676379959215,103.88236608837
938A,HOUGANG STREET 92,531938,NIL,1.37409860728507,103.880030705538
981A,BUANGKOK CRESCENT,531981,NIL,1.38048661721772,103.880709706168
984A,BUANGKOK LINK,531984,NIL,1.38198270653355,103.881217675808
981B,BUANGKOK CRESCENT,532981,NIL,1.3804698748621,103.880038005477
987B,BUANGKOK GREEN,532987,BUANGKOK VALE,1.37939224749513,103.878283914186
987B,BUANGKOK GREEN,532987,PCF SPARKLETOTS PRESCHOOL @ JALAN KAYU 987B (DS),1.37939224174656,103.87828392289
987B,BUANGKOK GREEN,532987,PCF SPARKLETOTS PRESCHOOL @ JALAN KAYU BLK 987B (DS),1.37939224174656,103.87828392289
996B,BUANGKOK CRESCENT,532996,BUANGKOK TROPICA,1.38611330718324,103.882052260458
997B,BUANGKOK CRESCENT,532997,BUANGKOK EDGEVIEW,1.38590156781199,103.8813870478
51,LORONG 1 REALTY PARK,533767,PARKWOOD COLLECTION,1.36630494654677,103.891051775616
76,UPPER SERANGOON VIEW,533880,KINGSFORD WATERBAY,1.37503831445863,103.903910131682
68,UPPER SERANGOON VIEW,533884,KINGSFORD WATERBAY,1.37377767102634,103.902970220182
56,UPPER SERANGOON VIEW,533890,KINGSFORD WATERBAY,1.37320043335654,103.902507510094
978C,BUANGKOK CRESCENT,533978,NIL,1.38001500314361,103.878741889941
63,CHARLTON LANE,533995,CHARLTON 18,1.3570727341302,103.882394710633
107C,TAMPINES ROAD,534007,THE TEMBUSU,1.36160690195093,103.890029372368
60,BUANGKOK VIEW,534012,SAINT ANDREW'S NURSING HOME,1.38034768338275,103.885677570325
63,UPPER SERANGOON VIEW,534014,HERON BAY,1.37621471377192,103.903725576382
545,UPPER SERANGOON ROAD,534554,NIL,1.34663246293281,103.871402999253
1143,UPPER SERANGOON ROAD,534783,SILVER HILL,1.36870471217844,103.893647906506
117,UPPER PAYA LEBAR ROAD,534834,NIL,1.33821948654619,103.886558169219
117A,UPPER PAYA LEBAR ROAD,534834,NIL,1.33821948627245,103.886558169491
274,UPPER PAYA LEBAR ROAD,534915,PAYA LEBAR GARDENS,1.34409439660504,103.882985772775
290,UPPER PAYA LEBAR ROAD,534926,PAYA LEBAR GARDENS,1.34453098864524,103.882770765368
292,UPPER PAYA LEBAR ROAD,534927,PAYA LEBAR GARDENS,1.34457941149582,103.882727137551
294,UPPER PAYA LEBAR ROAD,534928,PAYA LEBAR GARDENS,1.34461787128124,103.88268409972
410,UPPER PAYA LEBAR ROAD,534992,NIL,1.34994735154648,103.879990684627
267D,UPPER PAYA LEBAR ROAD,535001,NIL,1.3433190973754,103.882030820038
7,THRIFT DRIVE,535015,NIL,1.34265655221999,103.88423929497
10,THRIFT DRIVE,535019,NIL,1.34343750001785,103.884007277458
42,SURIN AVENUE,535638,NIL,1.35543630203282,103.882949115608
47,SURIN AVENUE,535641,CHARLTON PARK,1.35576042035299,103.882623972891
17A,PILLAI ROAD,535909,NIL,1.34691122850701,103.879413236529
1,PAYA LEBAR WALK,535926,LLYN GARDENS,1.34871686428942,103.880557851137
9,PAYA LEBAR WALK,535930,LLYN GARDENS,1.34876717280954,103.880837813207
6,PAYA LEBAR PLACE,535996,CAIFU VIEW,1.34945874101451,103.881234534365
10,PAYA LEBAR PLACE,535998,CAIFU VIEW,1.34911787298322,103.881239076508
14,PAYA LEBAR PLACE,536000,CAIFU VIEW,1.3491371022456,103.881345363754
16,PAYA LEBAR PLACE,536001,CAIFU VIEW,1.34914687915777,103.881400559718
20,PAYA LEBAR PLACE,536003,CAIFU VIEW,1.34916566551641,103.881506691931
26,PAYA LEBAR PLACE,536006,CAIFU VIEW,1.3491934829415,103.881663666564
47,LORONG PENCHALAK,536280,NIL,1.34622159587105,103.876596242611
55,LORONG ONG LYE,536431,FENGLI GARDENS,1.34860191260348,103.878497231573
28E,LORONG HOW SUN,536547,NIL,1.34603958143763,103.879913876191
59,LORONG GAMBIR,536613,LE GAMBIR,1.34522347751628,103.875341341036
87,LORONG GAMBIR,536652,NIL,1.34597920775005,103.874549150918
8,LORONG 1 REALTY PARK,536932,PEOPLE'S GARDEN,1.36696033260725,103.891405902319
11,LORONG 1 REALTY PARK,536935,PEOPLE'S GARDEN,1.36681602451064,103.890899478682
18,LORONG 1 REALTY PARK,536941,PEOPLE'S GARDEN,1.36716646832565,103.891058683228
994C,BUANGKOK LINK,536994,BUANGKOK WOODS,1.38545472814646,103.882985586929
996C,BUANGKOK CRESCENT,536996,BUANGKOK TROPICA,1.38576793194266,103.882466565347
5,LEW LIAN VALE,537018,JADE RESIDENCES,1.34843010204918,103.877065566414
6,KIM CHUAN TERRACE,537029,NIL,1.34033546406868,103.890290572413
8,JALAN TELITI,537294,NIL,1.36007281897175,103.889269628287
17,JALAN SONGKET,537390,CHARLTON PARK,1.35613579613419,103.884843990752
4,JALAN RENGKAM,537561,TAI PENG GARDENS,1.36230170777925,103.888306980053
20,JALAN MASTULI,537749,CHARLTON PARK,1.35464641151214,103.88546902408
73,JALAN LOKAM,537898,NIL,1.34785213047115,103.884536882182
87,JALAN LOKAM,537911,NIL,1.34827984822407,103.884748565346
95,JALAN LOKAM,537915,NIL,1.34848917372837,103.884870785701
25,JALAN LEPAS,537949,CHARLTON PARK,1.35603075296221,103.887626274224
26,JALAN LEPAS,537950,CHARLTON PARK,1.35572192438178,103.887856919159
29,JALAN LEPAS,537953,CHARLTON PARK,1.35608080224374,103.887723795851
21,JALAN LABU MANIS,538008,BARTLEY RISE ESTATE,1.34416850908926,103.873511994799
19,JALAN HOCK CHYE,538212,NIL,1.35923810740789,103.889329112924
11,HOW SUN WALK,538433,BARTLEY VILLAS,1.34442440352802,103.878022032378
4,HOW SUN AVENUE,538658,NIL,1.34457247483972,103.881058341423
35,HOUGANG AVENUE 3,538840,HOUGANG COMMUNITY CLUB,1.36475124381247,103.892727994573
11,HAI SING ROAD,538915,HAI SING PARK,1.36551854730616,103.893512179355
3,HAI SING CRESCENT,538941,HAI SING PARK,1.36513991812764,103.89331329576
67,EDEN GROVE,539101,BARTLEY RISE ESTATE,1.34587194403586,103.871913721045
31,DEFU LANE 10,539212,DEFU INDUSTRIAL ESTATE,1.351707720508,103.892041795121
4,DEFU LANE 1,539479,NIL,1.36103923472356,103.896365415562
4,DEFU LANE 1,539479,CONSULATE OF THE REPUBLIC OF SUDAN,1.36114092901357,103.896349964685
5,DEFU LANE 1,539480,DEFU INDUSTRIAL ESTATE,1.36015198585273,103.896694981309
6,DEFU LANE 1,539481,DEFU INDUSTRIAL ESTATE,1.36088629731652,103.896747237641
22A,AROOZOO AVENUE,539833,CHARLTON PARK,1.35414074563819,103.882469092614
517,AIRPORT ROAD,539942,DEFU INDUSTRIAL ESTATE,1.35416945781262,103.898249658643
517,AIRPORT ROAD,539942,TRAFFIC POLICE ACCIDENT POUND,1.35353988788339,103.897976926077
515,AIRPORT ROAD,539943,NIL,1.35295001420003,103.897029798734
4,AH SOO GARDEN,539953,NIL,1.35033754545416,103.882830991485
15A,AH SOO GARDEN,539972,NIL,1.35048386281446,103.883937093604
15B,AH SOO GARDEN,539973,NIL,1.35048948019976,103.883996894904
17,AH SOO GARDEN,539975,NIL,1.35032334045684,103.884352853664
288,COMPASSVALE CRESCENT,540288,COMPASSVALE CAPE,1.39880551311481,103.897505174691
289,COMPASSVALE CRESCENT,540289,COMPASSVALE CAPE,1.39805733120424,103.896898875094
185A,RIVERVALE CRESCENT,541185,RIVERVALE GATEWAY,1.3933223716906,103.907116237157
192A,RIVERVALE DRIVE,541192,RIVERVALE GATEWAY,1.39432549389416,103.90346799803
292B,COMPASSVALE STREET,542292,COMPASSVALE LODGE,1.39539858831188,103.898745037243
292B,COMPASSVALE STREET,542292,PCF SPARKLETOTS PRESCHOOL @ SENGKANG CENTRAL BLK 292B (KN),1.39539857873123,103.898745037787
297B,COMPASSVALE STREET,542297,COMPASSVALE GREEN,1.39473706267062,103.900964937802
298C,COMPASSVALE STREET,543298,COMPASSVALE GREEN,1.39626992629114,103.900983156779
299C,COMPASSVALE STREET,543299,COMPASSVALE GREEN,1.39634901076212,103.901777949067
32,ANCHORVALE LANE,544590,RIVERCOVE RESIDENCES,1.39278360945148,103.884015598104
34,ANCHORVALE LANE,544591,RIVERCOVE RESIDENCES,1.39315203214037,103.883831996041
36,ANCHORVALE LANE,544592,RIVERCOVE RESIDENCES,1.39327887142355,103.884082991334
25,COMPASSVALE ROAD,544756,THE LUXURIE,1.38971461155622,103.896526697483
59,ANCHORVALE ROAD,544965,ANCHORVALE COMMUNITY CLUB,1.39708329792574,103.886694240478
59,ANCHORVALE ROAD,544965,SENGKANG SPORTS COMPLEX,1.39642294424777,103.887073296198
22D,PHILLIPS AVENUE,544982,PHILLIPS RESIDENCE,1.36383645229852,103.877317379687
57,COMPASSVALE BOW,544987,THE QUARTZ,1.38093308666273,103.893819436634
61,COMPASSVALE BOW,544989,THE QUARTZ,1.38055398968673,103.893560925926
65,COMPASSVALE BOW,544991,THE QUARTZ,1.38048232700463,103.893743992626
51,JALAN ARIF,545104,HENLEY GARDENS,1.36807076288169,103.883132468739
1,LIMBOK TERRACE,545167,PARRY GREEN,1.36607003686749,103.876601833075
52,PARK VILLAS RISE,545356,PARK VILLAS,1.36783717493976,103.878558510835
50,PARK VILLAS RISE,545358,PARK VILLAS,1.36783606794907,103.87850154893
44,PARK VILLAS RISE,545364,PARK VILLAS,1.36784219217594,103.878342078069
8,SIRAT PLACE,545823,SANFORD PARK,1.35826355017181,103.875988486256
9,SIRAT PLACE,545824,SANFORD PARK,1.35804934022574,103.87548135037
10,SIRAT PLACE,545825,SANFORD PARK,1.3583398687878,103.87592683377
25,SIMON PLACE,545965,NIL,1.3646446725621,103.883663283246
26,SIMON PLACE,545966,NIL,1.36511268505114,103.883683285027
27A,SIMON PLACE,545968,NIL,1.364616472101,103.88344018473
29,SIMON PLACE,545971,NIL,1.36475281152798,103.883218108711
2A,SIMON LANE,546018,BLISS@KOVAN,1.36276759695535,103.883382260281
30A,SANDILANDS ROAD,546091,NIL,1.36323281289325,103.878482338034
26,ROSYTH ROAD,546186,NIL,1.36240876752219,103.87668911837
10G,ROBEY CRESCENT,546281,NIL,1.36803039645062,103.882120586456
10H,ROBEY CRESCENT,546282,NIL,1.36795337636453,103.882142704938
7B,ROBEY CRESCENT,546311,NIL,1.36766007762845,103.881597447904
57,RICHARDS PLACE,546375,NIL,1.36251476273421,103.880029675394
417,PUNGGOL ROAD,546647,BEAUTY GARDEN,1.3918205219255,103.901085966061
28E,POH HUAT ROAD,546742,NIL,1.36675555284659,103.88295129241
63,POH HUAT CRESCENT,546896,POH HUAT GARDENS,1.36714343416423,103.880930288713
65,POH HUAT CRESCENT,546898,POH HUAT GARDENS,1.36708004380363,103.880937926259
76,POH HUAT CRESCENT,546905,POH HUAT GARDENS,1.36734466737693,103.880505416164
10,PHILLIPS AVENUE,546931,NIL,1.36392606720814,103.875910489601
12A,PHILLIPS AVENUE,546935,NIL,1.36391201301852,103.876212893966
16,PHILLIPS AVENUE,546942,NIL,1.36389194064098,103.876568218141
5C,PALM GROVE AVENUE,547346,PALM GROVE TERRACE,1.36053612526253,103.878899885051
5,LORONG BUANG KOK,547556,KAMPONG LORONG BUANG KOK,1.38341827216543,103.877972128472
9,LORONG BUANG KOK,547559,KAMPONG LORONG BUANG KOK,1.38342517473803,103.878253655164
12B,LEITH ROAD,547923,NIL,1.36200009080512,103.875273821501
39,LEITH ROAD,547924,NIL,1.36246884180492,103.875067886602
46,LEITH ROAD,547926,NIL,1.36314945963147,103.875480398295
13,LEITH PARK,547937,LEITH PARK,1.36219703051036,103.874632677094
21,LEITH PARK,547942,LEITH PARK,1.36176440958706,103.874470603116
23,LEITH PARK,547943,LEITH PARK,1.36178507295218,103.87441701017
39,LEITH PARK,547951,NIL,1.3615303754706,103.874277549073
28B,LANGE ROAD,548001,LANGE 28,1.3590619277515,103.877065422369
2M,KOVAN ROAD,548020,NIL,1.36121867062994,103.8838514087
2M,KOVAN ROAD,548020,CONSULATE-GENERAL OF THE REPUBLIC OF SEYCHELLES,1.3612348193334,103.883833026039
13,KOVAN ROAD,548188,KOVAN MELODY,1.3600576929646,103.884105154369
14,KANG CHOO BIN ROAD,548273,NIL,1.36573099260804,103.881707504145
15B,KANG CHOO BIN ROAD,548275,NIL,1.36512571466074,103.882303570739
15,JANSEN ROAD,548403,NIL,1.35882084587419,103.877674163672
21,JALAN SAHABAT,548635,NIL,1.35780675342224,103.879496056595
17,JALAN ARIF,548824,NIL,1.36747726827073,103.88367470573
17A,JALAN ARIF,548825,NIL,1.36753409309137,103.883644261066
17C,JALAN ARIF,548827,NIL,1.36765362836105,103.883604511953
26,HONG LEE PLACE,548867,NIL,1.35943062768894,103.874896590841
50,HILLSIDE DRIVE,548917,NIL,1.35962162825931,103.875851790593
44H,HILLSIDE DRIVE,548986,NIL,1.35920607978823,103.876537815114
44K,HILLSIDE DRIVE,548988,NIL,1.35913481044056,103.87667484472
59,HILLSIDE DRIVE,549008,NIL,1.35989443424594,103.875100297742
17,HIGHLAND ROAD,549111,NIL,1.35640057687819,103.876659538629
45,HIGHLAND ROAD,549203,NIL,1.35747538546025,103.878147610919
25,GLASGOW ROAD,549341,NIL,1.36189005787495,103.878785901848
13,GLASGOW ROAD,549362,NIL,1.36160127459161,103.877012959991
15A,GLASGOW ROAD,549364,NIL,1.36153377593602,103.877191985652
8,FLORENCE ROAD,549469,FLORENCE ROW,1.36286325481318,103.886957699835
71A,FLORENCE ROAD,549563,FLORENCE TERRACE,1.36670915702791,103.885444857739
13,CHUAN HOE AVENUE,549821,NANYANG PARK,1.36429817938091,103.87520641469
25-3,BOUNDARY ROAD,549960,NIL,1.35349647716615,103.875241299329
25-7,BOUNDARY ROAD,549964,NIL,1.35360125888109,103.875047104483
528,SERANGOON NORTH AVENUE 4,550528,NIL,1.371418523926,103.872179843498
531,SERANGOON NORTH AVENUE 4,550531,NIL,1.37481936231407,103.875125282456
533,SERANGOON NORTH AVENUE 4,550533,NIL,1.37453577975309,103.874598251793
533,SERANGOON NORTH AVENUE 4,550533,HDB PUBLIC SHELTERS,1.37453653802469,103.874596417848
8,SERANGOON GARDEN RISE,554381,HAUS@SERANGOON GARDEN,1.36492095517736,103.8605422481
21,SERANGOON GARDEN RISE,554387,HAUS@SERANGOON GARDEN,1.36513048602993,103.861029288193
99,GRACE WALK,554487,VERDANA VILLAS,1.35840100310049,103.869176570364
129,CHUAN DRIVE,554584,NIL,1.36203151145356,103.866137016453
12,GOLDEN WALK,554678,GOLDENHILL VILLAS,1.35569767929441,103.861420361267
8,CHUAN VIEW,554745,NIL,1.36162677657764,103.867535004573
41,CHUAN DRIVE,554845,CHUAN VISTA,1.3598324158754,103.866934394033
15,WORTHING ROAD,554949,SERANGOON GARDEN ESTATE,1.36708763841484,103.867738856347
39,WORTHING ROAD,554972,SERANGOON GARDEN ESTATE,1.36863588512534,103.867770574009
42,WORTHING ROAD,554974,SERANGOON GARDEN ESTATE,1.36837194101052,103.86812948559
53,WORTHING ROAD,554985,SERANGOON GARDEN ESTATE,1.36921180998852,103.867781808431
70,WORTHING ROAD,555002,SERANGOON GARDEN ESTATE,1.36958346277947,103.868118181928
2,TAI HWAN PLACE,555285,NIL,1.35770694108466,103.861127763047
2,TAI HWAN PLACE,555285,TAI HWAN GARDEN,1.3577566142589,103.86108278747
101,TAI HWAN HEIGHTS,555446,TAI HWAN GARDEN,1.35747597672191,103.8628127072
2,TAI HWAN CRESCENT,555565,TAI HWAN PARK,1.35526816547068,103.860627018721
25,TAI HWAN CLOSE,555658,TAI HWAN GARDEN,1.35794473153646,103.860616662427
27,TAI HWAN CLOSE,555659,TAI HWAN GARDEN,1.35800214726722,103.860641129919
29,TAI HWAN CLOSE,555660,TAI HWAN GARDEN,1.3580474440624,103.86068627765
15A,SERANGOON GARDEN WAY,555923,NIL,1.36246277606116,103.872480806141
15A,SERANGOON GARDEN WAY,555923,SERANGOON GARDEN ESTATE,1.36252595562755,103.872523493059
15C,SERANGOON GARDEN WAY,555925,SERANGOON GARDEN ESTATE,1.36257739589653,103.872415080095
50,SERANGOON GARDEN WAY,555946,SERANGOON GARDEN ESTATE,1.36385526946066,103.866844325073
52,SERANGOON GARDEN WAY,555948,SERANGOON GARDEN ESTATE,1.36386609878257,103.866753309551
57A,SERANGOON GARDEN WAY,555953,SERANGOON GARDEN ESTATE,1.36332572092443,103.865678906821
57,SERANGOON GARDEN WAY,555953,SERANGOON GARDEN ESTATE,1.36332572092444,103.865678906277
72,SERANGOON GARDEN WAY,555968,SERANGOON GARDEN ESTATE,1.36420515564145,103.865277551524
72A,SERANGOON GARDEN WAY,555968,SERANGOON GARDEN ESTATE,1.36420515536772,103.865277551524
79,SERANGOON GARDEN WAY,555975,SERANGOON GARDEN ESTATE,1.36381191760009,103.865035338683
79A,SERANGOON GARDEN WAY,555975,SERANGOON GARDEN ESTATE,1.36381191732634,103.865035338955
11,RIPLEY CRESCENT,556189,SERANGOON GARDEN ESTATE,1.36396297703988,103.87139807671
41,PENSHURST PLACE,556457,SERANGOON GARDEN ESTATE,1.36350397813346,103.864212445304
43,PENSHURST PLACE,556459,SERANGOON GARDEN ESTATE,1.36353219148358,103.864171306485
60,MEDWAY DRIVE,556560,SERANGOON GARDEN ESTATE,1.36445984708925,103.863089176267
27,MARLENE AVENUE,556653,NIL,1.36080954946844,103.870159190006
25,LICHFIELD ROAD,556845,SERANGOON GARDEN ESTATE,1.36486570058169,103.870128976597
25A,LICHFIELD ROAD,556845,SERANGOON GARDEN ESTATE,1.36486570085542,103.870128976597
6,LI HWAN TERRACE,556935,GOLDEN HILL ESTATE,1.35628582613084,103.865108454393
8,LI HWAN TERRACE,556937,GOLDEN HILL ESTATE,1.35624383157131,103.865075481461
33,LI HWAN TERRACE,556961,GOLDEN HILL ESTATE,1.35547137318578,103.864884838849
42,LI HWAN TERRACE,556970,GOLDEN HILL ESTATE,1.35544806467028,103.864350056306
54,LI HWAN TERRACE,556982,GOLDEN HILL ESTATE,1.35486474900325,103.863990083787
6,LI HWAN DRIVE,557041,GOLDEN HILL ESTATE,1.35675977798021,103.863956734067
39,KENSINGTON PARK ROAD,557280,SERANGOON GARDEN ESTATE,1.36687476024445,103.866324416128
37,JALAN PACHELI,557376,SERANGOON GARDEN ESTATE,1.35647385372011,103.862922809549
67,HUDDINGTON AVENUE,557637,SERANGOON GARDEN ESTATE,1.36826229096052,103.864494563678
73,HUDDINGTON AVENUE,557643,SERANGOON GARDEN ESTATE,1.36843633849805,103.864346663235
24,GRACE WALK,557740,GRACE PARK,1.35803581184874,103.869153733267
61,FARLEIGH AVENUE,557835,SERANGOON GARDEN ESTATE,1.3657463414656,103.863417445271
52,CROWHURST DRIVE,557931,SERANGOON GARDEN ESTATE,1.36355542568696,103.862800179961
57,CROWHURST DRIVE,557936,SERANGOON GARDEN ESTATE,1.36331462471407,103.862430799683
65,CROWHURST DRIVE,557944,SERANGOON GARDEN ESTATE,1.3636065178178,103.862179417908
8,CRICHTON CLOSE,557992,SERANGOON GARDEN ESTATE,1.35786736365018,103.86451179502
11,COWDRAY AVENUE,558013,SERANGOON GARDEN ESTATE,1.36623239324878,103.865513567655
37,CONWAY CIRCLE,558278,GARDEN VIEW ESTATE,1.36071394832675,103.864794196166
44,CHUAN WALK,558450,LA QUINTA PARK,1.35572170597376,103.866630818815
64,CHISELHURST GROVE,558647,SERANGOON GARDEN ESTATE,1.35711256669338,103.86549205948
66,CHISELHURST GROVE,558649,SERANGOON GARDEN ESTATE,1.35701044938142,103.865465190548
44,CHARTWELL DRIVE,558738,SERANGOON GARDEN ESTATE,1.36080657455836,103.864014781905
46,CARDIFF GROVE,558912,SERANGOON GARDEN ESTATE,1.3576704281197,103.866122800594
47,CARDIFF GROVE,558913,SERANGOON GARDEN ESTATE,1.35757493396846,103.866382114824
52,CARDIFF GROVE,558918,SERANGOON GARDEN ESTATE,1.35748244431151,103.866101648804
64,CARDIFF GROVE,558930,SERANGOON GARDEN ESTATE,1.35704273135676,103.866025002575
44,BURGHLEY DRIVE,559021,SERANGOON GARDEN ESTATE,1.3596187792143,103.861064165445
35,BRIGHTON AVENUE,559280,NIL,1.35951306708294,103.873294816741
95,BRIDPORT AVENUE,559385,SERANGOON GARDEN ESTATE,1.36874972344701,103.863098469819
48,BRAEMAR DRIVE,559451,SERANGOON GARDEN ESTATE,1.36145796479387,103.861540255924
47,BORTHWICK DRIVE,559550,SERANGOON GARDEN ESTATE,1.36151087302056,103.86176742358
49,BODMIN DRIVE,559648,SERANGOON GARDEN ESTATE,1.36208853303757,103.861973730729
51,BODMIN DRIVE,559650,SERANGOON GARDEN ESTATE,1.36212742042192,103.861875405347
48,BLOXHOME DRIVE,559743,SERANGOON GARDEN ESTATE,1.36280063277355,103.862520828668
49,BLOXHOME DRIVE,559744,SERANGOON GARDEN ESTATE,1.36250933527141,103.862324043714
7,BLANDFORD DRIVE,559801,SERANGOON GARDEN ESTATE,1.35902779282114,103.862266447549
24,BERWICK DRIVE,559914,NIL,1.36442038424452,103.861028789965
42,BERWICK DRIVE,559924,NIL,1.36338484490232,103.860251205008
56,BERWICK DRIVE,559932,SERANGOON GARDEN ESTATE,1.36273877964501,103.859557094243
62,BERWICK DRIVE,559935,SERANGOON GARDEN ESTATE,1.36230262673328,103.859497619033
68,BERWICK DRIVE,559938,SERANGOON GARDEN ESTATE,1.36187228090406,103.859427329239
54A,BERWICK DRIVE,559945,NIL,1.36282471508295,103.859554413466
110,ANG MO KIO AVENUE 4,560110,KEBUN BARU HEIGHTS,1.37045937010888,103.837419259859
416,ANG MO KIO AVENUE 10,560416,TECK GHEE HEARTLANDS,1.3645417089084,103.855103690549
8,ANG MO KIO AVENUE 2,567695,THE PANORAMA,1.37549641233976,103.833903324716
12,ANG MO KIO AVENUE 2,567697,THE PANORAMA,1.37602740631452,103.834730666546
767,ANG MO KIO AVENUE 2,567795,HORIZON GREEN,1.37571884276547,103.833155001461
769,ANG MO KIO AVENUE 2,567796,HORIZON GREEN,1.37567376362045,103.833121719841
473,ANG MO KIO AVENUE 2,567892,HORIZON GARDENS,1.37724031843732,103.833843262434
475,ANG MO KIO AVENUE 2,567893,HORIZON GARDENS,1.37729371659496,103.833834464981
557,ANG MO KIO AVENUE 2,567934,HORIZON GARDENS,1.37808165471096,103.835541508037
567,ANG MO KIO AVENUE 2,567939,HORIZON GARDENS,1.3781796040028,103.835792964042
24,SAINT NICHOLAS VIEW,567987,SAINT NICHOLAS VIEW,1.372361559973,103.832795553441
27,SAINT NICHOLAS VIEW,567990,SAINT NICHOLAS VIEW,1.37232582834977,103.832258696006
39,SAINT NICHOLAS VIEW,568002,SAINT NICHOLAS VIEW,1.37266917613978,103.832373401554
41,SAINT NICHOLAS VIEW,568004,SAINT NICHOLAS VIEW,1.37271792714137,103.832388397938
57,SAINT NICHOLAS VIEW,568018,SAINT NICHOLAS VIEW,1.37313154433707,103.832521369371
33,MEI HWAN DRIVE,568368,GOLDEN HILL ESTATE,1.35415101671181,103.859806769061
37,MEI HWAN DRIVE,568372,GOLDEN HILL ESTATE,1.35439745882716,103.859816694285
38,MEI HWAN DRIVE,568373,GOLDEN HILL ESTATE,1.35340681444927,103.86124970479
35,MAYFLOWER CRESCENT,568838,MAYFLOWER GARDENS,1.37246476226316,103.840356533096
17,ELLINGTON SQUARE,568928,WELLINGTON PARK,1.37206378549073,103.833727576537
18,ELLINGTON SQUARE,568929,WELLINGTON PARK,1.37256441249459,103.834452189953
23,ELLINGTON SQUARE,568934,WELLINGTON PARK,1.37224086624537,103.833852736863
91,ELLINGTON SQUARE,568979,NIL,1.37242988801179,103.835444053159
91,ELLINGTON SQUARE,568979,WELLINGTON PARK,1.37235284376606,103.835388242643
101,ELLINGTON SQUARE,568984,WELLINGTON PARK,1.37201782956366,103.835368493935
121,ELLINGTON SQUARE,568994,WELLINGTON PARK,1.37152573046139,103.835035467622
90A,ANG MO KIO AVENUE 3,569941,TEMPORARY SITE OFFICE,1.3684496398714,103.859470323865
301,ANG MO KIO AVENUE 2,569949,HORIZON GARDENS,1.37714805249322,103.83490338236
1771,ANG MO KIO AVENUE 1,569978,ANG MO KIO SWIMMING COMPLEX,1.36330508431066,103.849970642592
1390,ANG MO KIO AVENUE 1,569982,NIL,1.35965523719045,103.850304943235
1390,ANG MO KIO AVENUE 1,569982,OCF F - ANG MO KIO,1.35968300013577,103.85032400011
510,ANG MO KIO AVENUE 1,569983,NIL,1.36498435958942,103.83562555183
190,BISHAN STREET 13,570190,NIL,1.35055492734245,103.852044535915
195,BISHAN STREET 13,570195,BISHAN SPRING,1.3483624977313,103.850897052933
286,BISHAN STREET 24,570286,NIL,1.3584375788776,103.843886325616
35,BRIGHT HILL DRIVE,573890,THOMSON THREE,1.35738746488532,103.830359398349
39,BRIGHT HILL DRIVE,573892,THOMSON THREE,1.35751999220016,103.830219588569
28,SIN MING LANE,573972,MIDVIEW CITY,1.35994555929039,103.834166123073
3C,BRIGHT HILL CRESCENT,574001,3BHC,1.35641833953283,103.832738332616
234,UPPER THOMSON ROAD,574365,THOMSON GARDEN ESTATE,1.35310498683572,103.835043899589
234A,UPPER THOMSON ROAD,574365,THOMSON GARDEN ESTATE,1.35309921271486,103.835043373853
15,THOMSON WALK,574462,HAPPY PARK,1.37706647813947,103.832952682548
22,THOMSON TERRACE,574553,THOMSON HILLS ESTATE,1.37891823022082,103.830970011626
24,THOMSON TERRACE,574555,THOMSON HILLS ESTATE,1.37886508010873,103.831011372788
140,THOMSON RIDGE,574722,THOMSON RIDGE,1.35152894729647,103.832559248324
144,THOMSON RIDGE,574726,THOMSON RIDGE,1.35143648628398,103.8323683743
45,THOMSON GREEN,574921,THOMSON HILLS ESTATE,1.37993956597968,103.833813513261
46,THOMSON GREEN,574922,THOMSON HILLS ESTATE,1.3795633106435,103.832829496593
51,THOMSON GREEN,574927,THOMSON HILLS ESTATE,1.37961807031236,103.833973058981
117,THOMSON GREEN,574981,THOMSON HILLS ESTATE,1.37758184857594,103.832081515271
119,THOMSON GREEN,574983,THOMSON HILLS ESTATE,1.37753121674836,103.832051909187
124,THOMSON GREEN,574988,THOMSON HILLS ESTATE,1.3788081012963,103.833451848251
150,THOMSON GREEN,575001,THOMSON HILLS ESTATE,1.37854012508552,103.8333407993
2,THOMSON CLOSE,575012,THOMSON HILLS ESTATE,1.37753513487016,103.83421115951
12,THOMSON CLOSE,575019,THOMSON HILLS ESTATE,1.37752798660498,103.834781547535
5,THE INGLEWOOD,575034,THE INGLEWOOD,1.36046088365313,103.830477875856
11,THE INGLEWOOD,575040,THE INGLEWOOD,1.36046110982845,103.83031321788
54,THE INGLEWOOD,575083,THE INGLEWOOD,1.36117442234996,103.830322611934
26,SOO CHOW VIEW,575418,SOO CHOW GARDEN,1.35305112422319,103.830098229868
57,SOO CHOW GARDEN ROAD,575510,SOO CHOW GARDEN,1.35394041343677,103.831483444416
59,SOO CHOW GARDEN ROAD,575511,SOO CHOW GARDEN,1.35388889579478,103.831456733288
140,SIN MING ROAD,575621,THOMSON GARDEN ESTATE,1.35461374901741,103.836645605889
38,SIN MING DRIVE,575712,SIN MING INDUSTRIAL ESTATE,1.36117750758316,103.837907119962
37,SERAYA CRESCENT,575851,SEMBAWANG HILLS ESTATE,1.37343465984181,103.826511313956
61,SERAYA CRESCENT,575868,SEMBAWANG HILLS ESTATE,1.37445051880474,103.826921000278
86,PEMIMPIN TERRACE,575980,NIL,1.35348404621926,103.843064359951
86,PEMIMPIN TERRACE,575980,CORAL PARK,1.3535001128633,103.843158125004
3,PEMIMPIN PLACE,576001,CORAL PARK,1.354213350173,103.842805213023
41,NEMESU AVENUE,576273,SEMBAWANG HILLS ESTATE,1.37456511692125,103.827397206719
22,MARIGOLD DRIVE,576424,ADELPHI PARK ESTATE,1.35420167558604,103.828250132811
17,JUPITER ROAD,576522,WINDSOR PARK,1.35813753051343,103.826605761134
27,JALAN TERUBOK,576636,THOMSON PARK,1.35448943342767,103.835190550235
39,JALAN TERUBOK,576648,THOMSON PARK,1.35476675506313,103.835370978377
10,JALAN TARUM,576730,SEMBAWANG HILLS ESTATE,1.37335024328692,103.831675149871
17,JALAN TARUM,576736,SEMBAWANG HILLS ESTATE,1.37344073551881,103.831310990421
47,JALAN TAMBUR,576813,ISLAND PARK,1.36444303180568,103.830093076495
12,JALAN SERULING,576846,FABER GARDEN,1.36375022652165,103.829182728573
42,JALAN SEMBILANG,576885,THOMSON PARK,1.35629937237808,103.834822820203
11,JALAN RUKAM,576948,SEMBAWANG HILLS ESTATE,1.37188293820862,103.830336731464
36,JALAN RUKAM,576972,SEMBAWANG HILLS ESTATE,1.37164958020042,103.83145464842
25,JALAN REBANA,576995,FABER GARDEN,1.36258218627329,103.82845373132
42,JALAN PINTAU,577103,THOMSON GARDEN ESTATE,1.35413103898171,103.838840613559
40,JALAN PEMIMPIN,577185,TAT ANN BUILDING,1.34862936583035,103.84227062543
5,JALAN MINGGU,577338,THOMSON GARDEN ESTATE,1.35367872229151,103.836328506262
23,JALAN MINGGU,577356,THOMSON GARDEN ESTATE,1.35410629511165,103.836419197096
41,JALAN MINGGU,577370,THOMSON GARDEN ESTATE,1.35451303016836,103.83679378775
29,JALAN MENARONG,577436,SEMBAWANG HILLS ESTATE,1.3712441405024,103.830570660014
20B,JALAN LEBAN,577557,SEMBAWANG HILLS ESTATE,1.37180430263665,103.829356803007
24,JALAN LEBAN,577561,SEMBAWANG HILLS ESTATE,1.37221733211663,103.829907105589
40,JALAN KUAK,577809,THOMSON GARDEN ESTATE,1.35456664018782,103.840698028291
59,JALAN KHAMIS,577893,THOMSON GARDEN ESTATE,1.3529644579191,103.83846827055
34,JALAN KELI,577911,THOMSON PARK,1.35513235175949,103.834750534402
29,JALAN KELI,577933,MAR THOMA SYRIAN CHURCH IN SINGAPORE,1.35524533536965,103.833816741622
22,JALAN ISNIN,577960,THOMSON GARDEN ESTATE,1.35310658599762,103.836995959234
14,JALAN HARI RAYA,578106,THOMSON GARDEN ESTATE,1.35412527984199,103.837820584996
75,JALAN CHENGAM,578358,SEMBAWANG HILLS ESTATE,1.37441007572864,103.832095457786
79,JALAN CHENGAM,578362,SEMBAWANG HILLS ESTATE,1.37457325744929,103.832101913139
9,JALAN CHEGAR,578474,THOMSON GARDEN ESTATE,1.35401692348618,103.838638698671
41,JALAN CHEGAR,578499,THOMSON GARDEN ESTATE,1.35352016740125,103.839188934327
95,JALAN BINCHANG,578567,MING PARK,1.35344024379324,103.84729082564
97,JALAN BINCHANG,578568,CHOON SING GARDEN,1.35351018084708,103.847440557971
3,ISLAND GARDENS WALK,578726,ISLAND GARDENS,1.36201954371929,103.828586483405
1,GARDENIA ROAD,578809,ADELPHI PARK ESTATE,1.35520278164109,103.829829510264
2,GARDENIA ROAD,578810,ADELPHI PARK ESTATE,1.35565239698359,103.829880963144
50,FULTON ROAD,578933,FULTON HILL,1.36090800457689,103.834121698768
35,FULTON AVENUE,578998,FULTON HILL,1.36197267733983,103.833955417052
45,FULTON AVENUE,579008,FULTON HILL,1.36196108138121,103.834231230189
39,CLOVER WAY,579104,CLOVER PARK,1.34965394419329,103.844261706278
51,CLOVER AVENUE,579334,CLOVER PARK,1.35113997511728,103.84388729682
9,CARNATION DRIVE,579542,ADELPHI PARK ESTATE,1.35543878892189,103.829306621182
17,BRIGHT HILL DRIVE,579630,THOMSON VIEW CONDOMINIUM,1.3584852152564,103.829097740143
13A,BRIGHT HILL CRESCENT,579698,NIL,1.3563972375366,103.833209230056
7,BISHAN STREET 14,579784,BISHAN STADIUM,1.35460206713741,103.850992018417
12,BINCHANG RISE,579883,LAUW & SONS GARDEN,1.34870176022395,103.844151052636
53,BINCHANG RISE,579915,LAUW AND SONS GARDEN,1.35076898811365,103.846875248311
67,BINCHANG RISE,579929,LAUW AND SONS GARDEN,1.35171528407476,103.846913038513
97,BUKIT WAY,587780,MONT TIMAH,1.34644430820882,103.776807330408
317,JALAN KAMPONG CHANTEK,587966,BINJAI CREST,1.34480334593953,103.788488199121
33,HINDHEDE WALK,587968,SOUTHAVEN II,1.34694658217219,103.772158776058
49,HINDHEDE WALK,587976,SPRINGDALE CONDOMINIUM,1.34845492707782,103.771463266561
22,YARWOOD AVENUE,587994,NIL,1.34084479200157,103.784059137118
24,YARWOOD AVENUE,587996,KILBURN ESTATE,1.34126263190746,103.78421796211
25,YARWOOD AVENUE,587997,KILBURN ESTATE,1.33985941036207,103.782635138636
28,YARWOOD AVENUE,588000,KILBURN ESTATE,1.34175399980284,103.784218133176
35B,YARWOOD AVENUE,588011,NIL,1.3418248594499,103.78368305752
14,SIAN TUAN AVENUE,588285,HOCK SENG PARK,1.3372980458596,103.786330563253
10,RIFLE RANGE ROAD,588377,MAYFAIR GARDENS,1.33862751968993,103.781450832302
16,JALAN KERIA,588543,NIL,1.34074998437673,103.783082344513
20,JALAN KERIA,588545,MAYFAIR PARK,1.34120305122242,103.783052300438
105,JALAN KAMPONG CHANTEK,588653,BINJAI CREST,1.34380014106417,103.787950670728
5,JALAN BINGKA,588899,MAYFAIR PARK,1.3406770271071,103.779656039899
7,JALAN BINGKA,588902,MAYFAIR PARK,1.34071369160074,103.779701330408
1,JALAN BANGKET,588946,MAYFAIR PARK,1.34013836909782,103.779976424044
3,JALAN BANGKET,588948,MAYFAIR PARK,1.34016495680471,103.780040799846
12,JALAN BANGKET,588958,MAYFAIR PARK,1.34022030462361,103.780714273882
71,HUA GUAN AVENUE,589167,NIL,1.3424559100567,103.784774667965
77,HUA GUAN AVENUE,589173,NIL,1.34289673201797,103.785294089418
16,GREENBANK PARK,589377,NIL,1.34819727136327,103.788413466189
16,GREENBANK PARK,589377,GREENBANK PARK,1.34819766623771,103.788362690865
20,GREENBANK PARK,589381,GREENBANK PARK,1.34845093817546,103.788324862152
2,DIN PANG AVENUE,589511,HONG KONG PARK,1.33688681071949,103.785693678196
929,BUKIT TIMAH ROAD,589642,THE CASCADIA,1.33267269929494,103.78702695499
17,BINJAI WALK,589747,BINJAI PARK,1.33922767962524,103.78657263868
56,BINJAI PARK,589856,BINJAI PARK,1.3389523186915,103.788038229297
61,BINJAI PARK,589861,BINJAI PARK,1.34218079455687,103.787346114361
76,BINJAI PARK,589875,BINJAI PARK,1.34039151788327,103.788091995865
86,BINJAI PARK,589880,BINJAI PARK,1.34078444115162,103.787626967686
3,BEE SAN AVENUE,589958,HONG KONG PARK,1.3367337255646,103.785605624231
1B,PINE GROVE,591001,PINE GROVE,1.31787297640759,103.77331764255
1D,PINE GROVE,593001,PINE GROVE,1.31770229019936,103.774441002367
1E,PINE GROVE,594001,PINE GROVE,1.31746833110373,103.775196451766
1G,PINE GROVE,596001,PINE GROVE,1.31837805208459,103.776057371128
208A,ENG KONG GARDEN,596190,ENG KONG PARK,1.33390918543922,103.768776437838
192A,ENG KONG GARDEN,596192,ENG KONG PARK,1.33418405421192,103.769612747794
40,KISMIS GREEN,596269,SUMMERLEA GREEN,1.33581990812081,103.770094526567
42,KISMIS GREEN,596270,SUMMERLEA GREEN,1.33558233525863,103.770266260742
110,YUK TONG AVENUE,596417,AIRVIEW PARK,1.34551430454103,103.771153131684
24B,TOH YI ROAD,596521,NIL,1.33755988277568,103.771401353636
60,TOH TUCK ROAD,596723,HIGHGATE,1.3412455031561,103.765326950008
65A,TOH TUCK ROAD,596729,TOH TUCK GARDEN,1.33945666425461,103.765502427393
68,TOH TUCK ROAD,596733,HIGHGATE,1.34141332542592,103.76639360443
23,TOH TUCK DRIVE,596885,NIL,1.34129618728302,103.769970775733
7,TOH TUCK CRESCENT,596914,VISTA GARDEN,1.33801181095614,103.764591194242
10J,TOH TUCK CRESCENT,596925,NIL,1.33777215066742,103.765306897012
17,TOH TUCK CRESCENT,596931,VISTA GARDEN,1.33804349294574,103.764820738144
84,SUNSET WAY,597105,NIL,1.32480140802819,103.765964882516
87,SUNSET WAY,597108,NIL,1.32522256398741,103.765568296068
5,SUNSET PLACE,597354,NIL,1.32577184155433,103.76779021237
8,SUNSET PLACE,597357,NIL,1.32586295001964,103.768226089226
9,SUNSET DRIVE,597469,NIL,1.32508720660484,103.767205327462
9,SHAMAH TERRACE,597561,NIL,1.34660878451362,103.764297055453
10,SHAMAH TERRACE,597562,NIL,1.34622512698604,103.764621423814
2,LORONG PISANG EMAS,597819,HOOVER PARK,1.34262239002663,103.773588999579
8,LORONG PISANG EMAS,597825,HOOVER PARK,1.34262496957095,103.773384379502
27,LORONG PISANG EMAS,597844,HOOVER PARK,1.34232664697919,103.772726871407
12,LORONG PISANG BATU,597925,HOOVER PARK,1.34250233144236,103.773914825309
12,LORONG PISANG BATU,597925,ROSY HEARTS BABIES,1.34249558049883,103.77389764448
42,LORONG PISANG BATU,597940,HOOVER PARK,1.34404541354158,103.773534301355
50,LORONG PISANG BATU,597944,HOOVER PARK,1.34443053737475,103.773365082843
52,LORONG PISANG BATU,597945,HOOVER PARK,1.34448198951926,103.773341709318
17,LORONG KISMIS,598010,VIEW AT KISMIS,1.33840317204204,103.769973246981
10,JALAN SELANTING,598373,JURONG PARK,1.34415233562955,103.768314226642
11,JALAN KAKATUA,598529,NIL,1.34331537307265,103.766763383202
12,JALAN KAKATUA,598530,JURONG PARK,1.34369805627715,103.767071724035
146A,JALAN JURONG KECHIL,598641,MANDARIN PARK,1.34353060769895,103.770311002926
33,HUME AVENUE,598734,SYMPHONY HEIGHTS,1.35601306530537,103.766973048822
61,HIGHGATE CRESCENT,598842,HIGHGATE PARK,1.34065493105087,103.765226006213
36,GREENRIDGE CRESCENT,598924,GREENRIDGE,1.33568382427622,103.766105273314
42,GREENRIDGE CRESCENT,598930,GREENRIDGE,1.33566676005692,103.765867215571
10,ENG KONG TERRACE,598982,KISMIS RESIDENCES,1.33673827490774,103.768344255434
14,ENG KONG TERRACE,598986,KISMIS RESIDENCES,1.33672975289972,103.768235531913
1K,PINE GROVE,599001,PINE GROVE,1.31815181651706,103.775140035461
35,ENG KONG TERRACE,599008,ENG KONG PARK,1.33621359323419,103.768671241089
35A,ENG KONG TERRACE,599008,ENG KONG PARK,1.33621359296047,103.768671241361
77,ENG KONG TERRACE,599031,TOH TUCK HILL,1.3366910972466,103.770727841143
84,ENG KONG TERRACE,599037,TOH TUCK HILL,1.33705579759411,103.77072452115
179,ENG KONG GARDEN,599277,ENG KONG PARK,1.33339951038937,103.767971866949
180,ENG KONG GARDEN,599278,ENG KONG PARK,1.33444324422918,103.768524989812
181,ENG KONG GARDEN,599279,ENG KONG PARK,1.33335788909113,103.767840241172
182,ENG KONG GARDEN,599280,ENG KONG PARK,1.33444358009862,103.768432109519
31A,CLEMENTI CRESCENT,599545,CLEMENTI GARDENS,1.32293035112011,103.773784145054
31B,CLEMENTI CRESCENT,599546,CLEMENTI GARDENS,1.32289719618455,103.773710136338
36,CLEMENTI CRESCENT,599550,CLEMENTI GREEN,1.32322530452663,103.773525210243
73,CHENG SOON GARDEN,599849,CHENG SOON GARDEN,1.33541064465581,103.773176755412
21,CHENG SOON CRESCENT,599893,CHENG SOON GARDEN,1.33651345706605,103.772516289687
27,CHENG SOON CRESCENT,599899,CHENG SOON GARDEN,1.33669411796434,103.772748077541
34,TEBAN GARDENS ROAD,600034,NIL,1.31987963533782,103.741754021124
278,TOH GUAN ROAD,600278,TOH GUAN VIEW,1.34090157770535,103.746437082019
280,TOH GUAN ROAD,600280,TOH GUAN VIEW,1.34046486754645,103.747294159262
281,TOH GUAN ROAD,600281,TOH GUAN VIEW,1.33989545035108,103.746414934077
21A,TEBAN GARDENS ROAD,601021,TEBAN VISTA,1.32363804522286,103.73973079192
289A,TOH GUAN ROAD,601289,TOH GUAN GROVE,1.34017411800651,103.745233260585
22,TOH GUAN ROAD EAST,608593,WESTLITE TOH GUAN DORMITORY,1.33584748149426,103.751907969806
24,TOH GUAN ROAD EAST,608594,WESTLITE TOH GUAN DORMITORY,1.33602003620783,103.751898471651
2,TANJONG PENJURU CRESCENT,608968,LOGOS PENJURU LOGISTICS CENTRE,1.3033796190467,103.738770316718
28,PANDAN ROAD,609276,NIL,1.30078259038331,103.751073924328
31,PANDAN ROAD,609278,NIL,1.2983850904144,103.744196791398
31,PANDAN ROAD,609278,SHELL MARKETING CENTRE,1.29830110162621,103.744709102478
90,BOON LAY WAY,609958,PRO-TEACH BASC & TUITION CENTRE (YUHUA),1.33997286000469,103.737065907111
90,BOON LAY WAY,609958,YUHUA COMMUNITY CLUB,1.33995851319377,103.737115832566
92,BOON LAY WAY,609962,JURONG EAST NEIGHBOURHOOD POLICE CENTRE,1.34012646649154,103.737228213877
92,BOON LAY WAY,609962,NEIGHBOURHOOD POLICE CENTRE JURONG EAST,1.34013271672643,103.737230755516
3,BUROH LANE,618285,JTC POULTRY PROCESSING HUB @ BUROH,1.31450771165573,103.722898771292
75,CORPORATION RISE,618389,LAKESIDE GROVE,1.33979132131549,103.717448313517
80,CORPORATION RISE,618394,LAKESIDE GROVE,1.33958030555748,103.71775617352
23,LINK ROAD,619037,NIL,1.3272637376114,103.71124654441
14,CHIN BEE ROAD,619824,NIL,1.33018034633038,103.713635459939
19,CHIN BEE CRESCENT,619899,NIL,1.33734291107839,103.713020075525
2,CHIN BEE AVENUE,619927,NIL,1.33428983680332,103.714956397747
23,CHIN BEE AVENUE,619943,NIL,1.33262396173031,103.711369929543
22,CHIA PING ROAD,619975,NIL,1.32954635524899,103.719250558137
16N,ENTERPRISE ROAD,627662,ENTERPRISE 10,1.33389560997456,103.702616159857
30,BANYAN DRIVE,627760,JURONG ISLAND MAINTENANCE HUB,1.26163253415173,103.674586315517
32,BANYAN DRIVE,627761,JURONG ISLAND MAINTENANCE HUB,1.26159269156395,103.674531660308
2,PIONEER WALK,627856,NIL,1.32046152913681,103.695793186302
5,PIONEER SECTOR WALK,627896,NIL,1.29482494790801,103.667190967325
3,PIONEER SECTOR WALK,627897,NIL,1.29568147771791,103.668250167494
15,WAN LEE ROAD,627945,NIL,1.33220736744178,103.705179445993
17,WAN LEE ROAD,627947,NIL,1.33241735562616,103.705131964479
9,PIONEER SECTOR 3,628345,NIL,1.30606065880568,103.660581305774
1,PIONEER ROAD NORTH,628455,PIONEER ROAD NORTH INDUSTRIAL ESTATE,1.32527688564706,103.696149358615
21,KIAN TECK AVENUE,628904,NIL,1.33262617338066,103.693010392448
6,KIAN TECK AVENUE,628910,KIAN TECK DORMITORY,1.32836260696793,103.694821438974
32,KIAN TECK AVENUE,628922,KIAN TECK HOSTEL,1.33320893436126,103.694033120505
36,KIAN TECK AVENUE,628924,KIAN TECK HOSTEL,1.33380786177756,103.693950231765
2,JURONG HILL,628925,NIL,1.31864051357836,103.70768876172
50,GUL ROAD,629351,NIL,1.28789604261493,103.665469812875
30,GUL LANE,629424,NIL,1.31364705485513,103.662907083953
1,GUL DRIVE,629454,NIL,1.31748277848082,103.675761570299
3,GUL DRIVE,629455,NIL,1.31655978531273,103.675454867825
51,GUL CRESCENT,629545,NIL,1.31346658346769,103.658511477071
3,FOURTH LOK YANG ROAD,629700,NIL,1.32529688080975,103.687509709611
21,BENOI ROAD,629911,NIL,1.30589088250277,103.675632968778
38,BENOI ROAD,629912,NIL,1.3143585209989,103.679413665931
18,BENOI PLACE,629935,NIL,1.31200924841774,103.680407572993
19,BENOI PLACE,629936,NIL,1.31604219835072,103.67997354294
24,BENOI PLACE,629940,NIL,1.31279891979442,103.680506160792
41,TUAS SOUTH LINK 1,636791,TUAS SOUTH CONNECTION,1.2702401293054,103.628512115967
5,TUAS SOUTH STREET 12,636948,TUAS SOUTH DORMITORY,1.27135623289267,103.633353768899
14,TUAS SOUTH STREET 12,636953,NIL,1.27222434759046,103.630562190221
16,TUAS SOUTH STREET 6,636964,NIL,1.27807457066731,103.634076683812
35,TUAS BAY WALK,636981,WESTVIEW FOOD FACTORY,1.31234667377579,103.633014393944
6,TUAS SOUTH STREET 8,637003,NIL,1.27681321150413,103.632259224667
11,TUAS SOUTH STREET 8,637005,TMTRANS INDUSTRIAL BUILDING,1.27756472624075,103.633456391523
166,TUAS SOUTH AVENUE 2,637188,WEST POINT BIZHUB,1.31572239762225,103.634393653909
53K,TUAS SOUTH AVENUE 1,637278,TUAS COVE INDUSTRIAL CENTRE,1.31763683858868,103.629373149394
53M,TUAS SOUTH AVENUE 1,637280,TUAS COVE INDUSTRIAL CENTRE,1.31758387891337,103.629515134582
53N,TUAS SOUTH AVENUE 1,637281,TUAS COVE INDUSTRIAL CENTRE,1.31755756246605,103.629585838191
100,TUAS SOUTH AVENUE 8,637424,NIL,1.29225661818018,103.644222538274
31,TUAS VIEW CLOSE,637469,TRADELINK PLACE,1.30009426280554,103.62476368272
38,TUAS SOUTH AVENUE 2,637538,TUAS BAY INDUSTRIAL CENTRE,1.31836478561844,103.632524869933
135,TUAS VIEW SQUARE,637744,WESTLINK TECHPARK,1.30131778996127,103.627796271422
42,TUAS SOUTH STREET 5,637832,TUAS VIEW INDUSTRIAL PARK,1.29298697044407,103.624091484579
44,TUAS SOUTH STREET 5,637833,TUAS VIEW INDUSTRIAL PARK,1.2929869707178,103.624091484579
45,TUAS VIEW PLACE,637887,LINKPOINT PLACE,1.29850638637441,103.631516619827
64,YUNNAN ROAD,637927,NIL,1.3366825042165,103.691407781705
72,YUNNAN ROAD,637935,NIL,1.33647782954375,103.691567821665
148,YUNNAN CRESCENT,637995,NIL,1.33949281781499,103.690515672506
154,YUNNAN CRESCENT,637998,NIL,1.33936864944989,103.69035791468
172,YUNNAN CRESCENT,638007,NIL,1.33897614696673,103.689859437465
60,YUNNAN WALK 3,638185,NIL,1.33903627259068,103.690476092052
1,YUNNAN DRIVE 1,638271,NIL,1.3382461507924,103.692196173138
18,TUAS WEST AVENUE,638434,NIL,1.33097822575354,103.636576086347
52,TUAS CRESCENT,638731,NIL,1.32140624604768,103.636448068314
14,TUAS AVENUE 20,638826,NIL,1.32677473907338,103.637745161205
1,TUAS AVENUE 16,638924,NIL,1.31998865044865,103.642219570822
5,TUAS AVENUE 13,638977,NIL,1.31699774361817,103.644418650261
29,TUAS AVENUE 13,638995,NIL,1.32211963391141,103.638922814922
30,TUAS AVENUE 13,638996,NIL,1.32454054326825,103.639491831506
37,TUAS AVENUE 13,638998,NIL,1.32416009122718,103.638040473068
39,TUAS AVENUE 13,638999,NIL,1.32463136536984,103.637612059324
32,TUAS AVENUE 13,639002,NIL,1.32541563658094,103.639274984161
90,TUAS AVENUE 11,639101,NIL,1.32757175172011,103.639876198808
23,TUAS AVENUE 2,639454,NIL,1.32558179941868,103.653664761505
475,JURONG WEST STREET 41,640475,JURONGVILLE @ STREET 41,1.34809804107273,103.725087226378
478,JURONG WEST STREET 41,640478,JURONGVILLE @ STREET 41,1.34735317434247,103.723952185676
478,JURONG WEST STREET 41,640478,LITTLE GREENHOUSE @ JW PTE. LTD.,1.34735316476219,103.723952193836
839,JURONG WEST STREET 81,640839,NANYANG PEARL,1.34357907005993,103.69277172197
937,JURONG WEST STREET 91,640937,NIL,1.34245365802942,103.690088275691
938,JURONG WEST STREET 91,640938,NIL,1.34287698980059,103.689772560657
974,JURONG WEST STREET 93,640974,NIL,1.33964717776069,103.693272142015
976,JURONG WEST STREET 93,640976,NIL,1.34000730508584,103.693804703262
976,JURONG WEST STREET 93,640976,MOTHERWELL CHILD CARE CENTRE,1.34001143311875,103.69380259767
978,JURONG WEST STREET 93,640978,NIL,1.34053627894521,103.694077360138
684A,JURONG WEST STREET 64,641684,NIL,1.34399837379521,103.703927197949
987A,JURONG WEST STREET 93,641987,NIL,1.33652389687164,103.694493942627
990A,JURONG WEST STREET 93,641990,NIL,1.33525517762138,103.69508343694
198B,BOON LAY DRIVE,642198,NIL,1.34443464511584,103.713975858755
678B,JURONG WEST STREET 64,642678,EDELWEISS@JURONG,1.34512819470515,103.703897417226
986B,JURONG WEST STREET 93,642986,NIL,1.33717401729074,103.695528958305
987B,JURONG WEST STREET 93,642987,NIL,1.33659334547656,103.694773888467
272C,JURONG WEST STREET 24,643272,NIL,1.3509147418282,103.704627623472
986C,JURONG WEST STREET 93,643986,NIL,1.33695706398309,103.695668197233
238,WESTWOOD AVENUE,648363,THE FLORAVALE,1.3505057846007,103.696781386822
11,WESTWOOD WALK,648654,WESTVILLE,1.35286730653238,103.69824123054
10,LAKEPOINT DRIVE,648927,LAKEPOINT CONDOMINIUM,1.34183750827489,103.718352500863
20,JURONG WEST STREET 92,649000,JIN FU GONG TEMPLE,1.34101662020091,103.690499289121
21,JURONG WEST AVENUE 5,649481,SHELL JURONG WEST,1.35008666551118,103.701213561875
373,BUKIT BATOK STREET 31,650373,NIL,1.35892457118178,103.750397174291
373,BUKIT BATOK STREET 31,650373,LITTLE GREENHOUSE @ BUKIT BATOK PTE LTD,1.35894637289694,103.750365800657
470,BUKIT BATOK WEST AVENUE 5,650470,WEST HILL @ BUKIT BATOK,1.35726940656193,103.744326009193
293B,BUKIT BATOK STREET 21,652293,SKYPEAK @ BUKIT BATOK,1.34594925522117,103.754248349899
296B,BUKIT BATOK STREET 22,652296,SKYLINE II @ BUKIT BATOK,1.34369381417078,103.747356802144
296C,BUKIT BATOK STREET 22,653296,SKYLINE II @ BUKIT BATOK,1.34369796674692,103.748158134407
450D,BUKIT BATOK WEST AVENUE 6,654450,WEST TERRA @ BUKIT BATOK,1.35266810573153,103.74396208468
290G,BUKIT BATOK STREET 24,656290,SPRING VIEW,1.34337777770123,103.757174736965
40,PAVILION PLACE,658376,PAVILION PARK,1.3697422225105,103.752307949666
30,PAVILION STREET,658710,PAVILION PARK,1.37147754192021,103.753150046174
90,BUKIT BATOK EAST AVENUE 6,659762,KEMING PRIMARY SCHOOL,1.34552849960874,103.756449399351
90,BUKIT BATOK EAST AVENUE 6,659762,KNOWLEDGE PARK EDUCARE PTE LTD (KEMING PRIMARY SCHOOL),1.34506349843091,103.75592322797
31,BUKIT BATOK EAST AVENUE 6,659763,PARK NATURA,1.34687195171685,103.76563703292
100,BUKIT BATOK ROAD,659956,NIL,1.37413360781035,103.753899186012
51,BUKIT BATOK ROAD,659957,NIL,1.36643278475598,103.74200712999
58,PHOENIX ROAD,668197,HILLSTA,1.37594968607915,103.75615814502
60,PHOENIX ROAD,668198,HILLSTA,1.37593119707581,103.756098981082
68,PHOENIX ROAD,668202,HILLSTA,1.37696502576865,103.756365133255
2F,JALAN REMAJA,668669,HILLVIEW GARDEN ESTATE,1.35785670089265,103.761053486913
4,JALAN REMAJA,668672,HILLVIEW GARDEN ESTATE,1.35811812461348,103.760690988765
20,JALAN DERMAWAN,668965,HILLVIEW GARDEN ESTATE,1.35926344345748,103.76144068754
24,JALAN DERMAWAN,668969,HILLVIEW GARDEN ESTATE,1.35932166258122,103.761331888469
31,JALAN DERMAWAN,668976,HILLVIEW GARDEN ESTATE,1.35907746600414,103.760923727063
39,JALAN DERMAWAN,668984,HILLVIEW GARDEN ESTATE,1.35925174978887,103.76070153783
56,JALAN DERMAWAN,669001,HILLVIEW GARDEN ESTATE,1.36005346526858,103.760150277673
61,JALAN DERMAWAN,669006,HILLVIEW GARDEN ESTATE,1.35963585748071,103.760054459158
70,JALAN DERMAWAN,669020,HILLVIEW GARDEN ESTATE,1.36091389658286,103.759841759176
38B,HILLVIEW TERRACE,669263,HILLVIEW INDUSTRIAL ESTATE,1.35332334287241,103.758139410046
7,HILLVIEW DRIVE,669369,HILLVIEW VILLAS,1.35435388356465,103.759977099179
61,HILLVIEW CRESCENT,669463,HILLVIEW VILLAS,1.35534954891292,103.758591890039
71,HILLVIEW CRESCENT,669468,HILLVIEW VILLAS,1.35535450256056,103.758968912403
87,HILLVIEW AVENUE,669623,THE PETALS,1.35401739930144,103.760788998036
26,CHU LIN ROAD,669920,HILLVIEW GARDEN ESTATE,1.35794077192212,103.758983931186
28,CHU LIN ROAD,669922,HILLVIEW GARDEN ESTATE,1.35796550113674,103.758911115236
37,CHU LIN ROAD,669931,HILLVIEW GARDEN ESTATE,1.35752648706927,103.759353304546
655,SENJA ROAD,670655,NIL,1.38727989981171,103.764301084381
547A,SEGAR ROAD,671547,SEGAR VALE,1.38806381747058,103.77000953634
28B,WOODLANDS ROAD,672028,RAIL GREEN II @ CCK,1.38215647586079,103.758988271524
29,ALMOND STREET,677679,MICHAELS' RESIDENCES,1.37100648817616,103.7732469186
11,ALMOND STREET,677853,MERA GARDENS,1.37231301026949,103.772498267997
365,WOODLANDS ROAD,677932,YEW TEE INDUSTRIAL ESTATE,1.39619432737097,103.753546082849
385A,WOODLANDS ROAD,677945,YEW TEE INDUSTRIAL ESTATE,1.39670085563351,103.753432388203
391J,WOODLANDS ROAD,677971,YEW TEE INDUSTRIAL ESTATE,1.3973868853809,103.753343758731
818,UPPER BUKIT TIMAH ROAD,678150,NIL,1.37347247504754,103.763120658966
107,PETIR ROAD,678275,FORESQUE RESIDENCES,1.36926682794786,103.776823875653
32,JALAN SIAP,678562,FUYONG ESTATE,1.36069275146012,103.768979067333
34,JALAN SIAP,678563,FUYONG ESTATE,1.36075933943072,103.768990457909
73,HAZEL PARK TERRACE,678906,HAZEL PARK TERRACE,1.37229574583151,103.765437593348
76,HAZEL PARK TERRACE,678909,HAZEL PARK TERRACE,1.37193536198026,103.76551245109
96,HAZEL PARK TERRACE,678929,HAZEL PARK TERRACE,1.37215011057788,103.766144088728
110,HAZEL PARK TERRACE,678941,HAZEL PARK TERRACE,1.37230733710392,103.766599809736
112,HAZEL PARK TERRACE,678942,HAZEL PARK TERRACE,1.37233187142509,103.766656131331
9,FAJAR ROAD,679002,MOE KINDERGARTEN @ ZHENGHUA,1.37942873617052,103.76970317201
9,FAJAR ROAD,679002,YMCA STUDENT CARE CENTRE @ ZHENGHUA,1.37972100441473,103.769118494651
9,FAJAR ROAD,679002,ZHENGHUA PRIMARY SCHOOL,1.37954887512229,103.769313521752
32,CASHEW TERRACE,679564,CASHEW ESTATE,1.37093638265383,103.766158991673
32,CASHEW TERRACE,679564,GLORYLAND CHILDCARE CASHEW PTE. LTD.,1.37098931116796,103.766153462767
46,CASHEW TERRACE,679578,CASHEW ESTATE,1.37123236150155,103.766351472824
75,CASHEW ROAD,679649,CASHEW ESTATE,1.3719493026797,103.767382320913
10,BUKIT PANJANG RING ROAD,679943,AL - IMAN MOSQUE KINDERGARTEN,1.37814088359883,103.772732863586
10,BUKIT PANJANG RING ROAD,679943,MASJID AL-IMAN,1.37813023615872,103.772762574397
3,TECK WHYE AVENUE,680003,PCF SPARKLETOTS PRESCHOOL @ CHUA CHU KANG 3 (CC),1.38247656452574,103.752527980381
3,TECK WHYE AVENUE,680003,TECK WHYE HEIGHTS I,1.38247656726294,103.752527976573
461,CHOA CHU KANG AVENUE 4,680461,NIL,1.37817763759625,103.734550487829
465,CHOA CHU KANG AVENUE 4,680465,NIL,1.37729601829662,103.736538815878
296A,CHOA CHU KANG AVENUE 2,681296,NIL,1.37714154932429,103.740943329677
572A,CHOA CHU KANG STREET 52,681572,LIMBANG GREEN,1.39361372140285,103.745441717605
672A,CHOA CHU KANG CRESCENT,681672,NIL,1.4018932058408,103.747364979441
674A,CHOA CHU KANG CRESCENT,681674,NIL,1.40163882695973,103.746535330738
74,CHOA CHU KANG AVENUE 5,688198,INZ RESIDENCE,1.37402133781192,103.739193627173
19,VERDE AVENUE,688287,VILLA VERDE,1.39053585258815,103.752008064985
20,VERDE PLACE,688629,VILLA VERDE,1.39205519842047,103.751735752796
7,HONG SAN WALK,688998,COMFORT GARDEN,1.37761244318679,103.747138604189
11,HONG SAN WALK,689002,COMFORT GARDEN,1.37755579865769,103.746906702738
315,CHOA CHU KANG AVENUE 3,689861,MI CASA,1.38406640468789,103.747765558059
105,PLANTATION CLOSE,690105,PLANTATION EDGE II,1.35136604190042,103.736680956412
113A,PLANTATION CRESCENT,691113,PLANTATION ACRES,1.35367162010991,103.735194129994
101B,PLANTATION CLOSE,692101,PLANTATION VERGE,1.35047255909552,103.73528218277
501,OLD CHOA CHU KANG ROAD,698928,HOME TEAM ACADEMY (BLK 10),1.37187204750828,103.720870792771
501,OLD CHOA CHU KANG ROAD,698928,HOME TEAM ACADEMY (BLK 12A),1.37377883704238,103.721547113406
501,OLD CHOA CHU KANG ROAD,698928,HOME TEAM ACADEMY (BLK 13),1.37141042500937,103.72026298445
501,OLD CHOA CHU KANG ROAD,698928,HOME TEAM ACADEMY (BLK 14),1.37185691416974,103.720211905452
501,OLD CHOA CHU KANG ROAD,698928,HOME TEAM ACADEMY (BLK 18),1.37362617491512,103.720022722632
501,OLD CHOA CHU KANG ROAD,698928,HOME TEAM ACADEMY (BLK 20),1.3708431616835,103.721474535915
501,OLD CHOA CHU KANG ROAD,698928,HOME TEAM ACADEMY (BLK 22),1.37097475123885,103.720209483558
501,OLD CHOA CHU KANG ROAD,698928,HOME TEAM ACADEMY (BLK 8),1.37188988134127,103.722242906979
501,OLD CHOA CHU KANG ROAD,698928,HOME TEAM ACADEMY (BLK 9),1.37201668593404,103.721536594876
501,OLD CHOA CHU KANG ROAD,698928,HOME TEAM ACADEMY BLK 16),1.37275714080178,103.720124744501
501,OLD CHOA CHU KANG ROAD,698928,HOME TEAM ACADEMY,1.37376504895355,103.721781664161
501,OLD CHOA CHU KANG ROAD,698928,NATIONAL CIVIL DEFENCE CADET CORPS,1.37193281298228,103.720857409391
501,OLD CHOA CHU KANG ROAD,698928,PRISON STAFF TRAINING SCHOOL,1.37377263438623,103.721881548119
501,OLD CHOA CHU KANG ROAD,698928,TRAINING COMMAND,1.37197221065218,103.720048672209
611,OLD CHOA CHU KANG ROAD,698930,KEAT HONG CAMP,1.37275799274371,103.716618492429
10,LORONG SEMANGKA,698936,NIL,1.38802138868755,103.726966149242
526,OLD CHOA CHU KANG ROAD,699936,SUNGEI TENGAH LODGE,1.37857592369278,103.717587390384
103A,JALAN LEKAR,699967,NIL,1.3869080303434,103.72595329646
100,NEO TIEW ROAD,719026,BOLLYWOOD VEGGIES,1.41836454569877,103.716666929846
9,SUNGEI KADUT CRESCENT,728687,SUNGEI KADUT INDUSTRIAL ESTATE,1.41048216302684,103.744423174379
24,SUNGEI KADUT WAY,728780,SUNGEI KADUT INDUSTRIAL ESTATE,1.40579700174907,103.751460967479
10,SUNGEI KADUT WAY,728782,SUNGEI KADUT INDUSTRIAL ESTATE,1.4063632291491,103.748013121348
26,SUNGEI KADUT WAY,728783,SUNGEI KADUT INDUSTRIAL ESTATE,1.40554523709164,103.75174748878
6,SUNGEI KADUT STREET 2,729228,SUNGEI KADUT INDUSTRIAL ESTATE,1.41303304015729,103.750735273066
26,MANDAI ESTATE,729916,SWI WAREHOUSE COMPLEX,1.40684030770989,103.759185763499
82,MANDAI ESTATE,729920,NIL,1.40583229443866,103.75799261944
92,MANDAI ESTATE,729925,NIL,1.40570509750659,103.757505090742
363,WOODLANDS AVENUE 5,730363,NIL,1.4339283205204,103.785927938556
363,WOODLANDS AVENUE 5,730363,HDB PUBLIC SHELTERS,1.43392855622242,103.785928814892
570,WOODLANDS AVENUE 1,730570,CHAMPIONS COURT,1.43099377044002,103.789980599578
832,WOODLANDS STREET 83,730832,NIL,1.43966937766405,103.790761499462
832,WOODLANDS STREET 83,730832,WOODLANDS COMMUNITY CLUB (TEMP OFFICE),1.43964233497286,103.790567175224
836,WOODLANDS STREET 83,730836,NIL,1.44041083143799,103.791736146198
188A,MARSILING ROAD,731188,MARSILING GROVE,1.43822243450095,103.774055957372
588A,WOODLANDS DRIVE 16,731588,MULTI STOREY CAR PARK,1.42822735306803,103.79467685732
775A,WOODLANDS CRESCENT,731775,MULTI STOREY CAR PARK,1.44817461744091,103.800336636995
896B,WOODLANDS DRIVE 50,731896,NIL,1.43692442499246,103.792568796601
896B,WOODLANDS DRIVE 50,731896,SWEETLANDS CHILDCARE WOODLANDS 896B PTE. LTD.,1.4369244159593,103.792568797689
903A,NORTH WOODLANDS DRIVE,731903,URBAN RISE @ WOODLANDS,1.43727215336168,103.783369698157
907A,WOODLANDS SQUARE,731907,URBANVILLE @ WOODLANDS,1.43798217308394,103.783600065421
897D,WOODLANDS DRIVE 50,733897,MULTI STOREY CAR PARK,1.43631116536988,103.794632219666
681D,WOODLANDS DRIVE 62,734681,NIL,1.4399996612522,103.803592354961
688D,WOODLANDS DRIVE 75,734688,NIL,1.44341960518743,103.807696359787
782D,WOODLANDS CRESCENT,734782,SKOOL4KIDZ CENTRE,1.44817394200904,103.803035445933
782D,WOODLANDS CRESCENT,734782,WOODLANDS MEADOW,1.44817395186338,103.803035444573
73,ROSEWOOD DRIVE,737784,PARC ROSEWOOD,1.42868591612542,103.786149789717
50,WOODLANDS DRIVE 16,737901,LA CASA,1.43198744501131,103.797684971483
27,WOODLANDS AVENUE 9,737909,REPUBLIC POLYTECHNIC,1.44496816514049,103.785362406892
74,RASOK DRIVE,738001,BUKIT VILLAS,1.41735151855411,103.75758957858
75,RASOK DRIVE,738002,BUKIT VILLAS,1.41770545126936,103.757279461636
77,RASOK DRIVE,738004,BUKIT VILLAS,1.41769314553323,103.757384402044
21,DINDING PLACE,738040,BUKIT VILLAS,1.41659179782067,103.757082499768
26,BEECHWOOD GROVE,738279,NIL,1.42671643498541,103.778075115228
28,BEECHWOOD GROVE,738280,NIL,1.42671564684928,103.777993403988
30,BEECHWOOD GROVE,738281,NIL,1.42671565901654,103.777908073417
12,WOODLANDS TERRACE,738437,NIL,1.45026067997238,103.806195094488
13,WOODLANDS TERRACE,738438,NIL,1.45248308052235,103.807754872617
11,WOODLANDS CIRCLE,738907,ADMIRALTY PRIMARY SCHOOL,1.4426347903311,103.800040119743
11,WOODLANDS CIRCLE,738907,THE LEARNING HARBOUR @ ADMIRALTY PRIMARY SCHOOL,1.44254963931583,103.800213682734
30A,WOODLANDS CENTRE ROAD,738950,NIL,1.43530999000005,103.772047104776
80,WOODLANDS DRIVE 16,738951,NIL,1.43083316720505,103.794704217699
12,CHAMPIONS WAY,738952,NORWOOD GRAND (U/C),1.42853654796474,103.79083669818
20,WOODLANDS AVENUE 9,738954,SHELL WOODLANDS AVENUE 9,1.44431165485789,103.790067364842
30,MARSILING INDUSTRIAL ESTATE ROAD 8,739193,NIL,1.44111788497835,103.784211863047
40,JALAN BUMBONG,739926,PINE VILLAS,1.41437749815959,103.758188001552
79A,JALAN BUMBONG,739931,NIL,1.41600721517631,103.75947399726
16,ASHWOOD GROVE,739961,NIL,1.42874718003919,103.776503652542
24,ASHWOOD GROVE,739963,WOODGROVE ESTATE,1.42875179743822,103.776660980429
28,ASHWOOD GROVE,739965,WOODGROVE ESTATE,1.42875272368633,103.776768832289
41,ASHWOOD GROVE,739971,WOODGROVE ESTATE,1.42888613994921,103.777596769583
15,CANBERRA WALK,756948,PARC CANBERRA,1.447530196177,103.828324723249
35,SEMBAWANG CRESCENT,756985,PARC LIFE,1.44269626042812,103.818621490013
37,SEMBAWANG CRESCENT,756986,PARC LIFE,1.44259067371038,103.818861367658
32,GAMBAS CRESCENT,757014,NORDCOM TWO,1.44229917148378,103.816681596059
3D,GAMBAS CRESCENT,757032,NORDCOM ONE,1.44488984170677,103.813727791743
33,WAK HASSAN DRIVE,757428,NIL,1.45985620768221,103.837650103477
30,WAK HASSAN DRIVE,757431,NIL,1.45943516764503,103.8381132446
107,WOODLANDS INDUSTRIAL PARK E5,757525,WOODLANDS E-TERRACE,1.45003395658224,103.792242718354
210,WOODLANDS INDUSTRIAL PARK E9,757882,NIL,1.44970817983986,103.7967169574
210,WOODLANDS INDUSTRIAL PARK E9,757882,WOODLANDS INDUSTRIAL PARK E,1.44941018638195,103.796871942757
101,WELLINGTON ROAD,757898,NIL,1.45941194706536,103.828374924023
107,WELLINGTON ROAD,757901,NIL,1.45983957655758,103.828901367414
15,SENOKO LOOP,758168,NIL,1.45929483998915,103.802983027835
22,SENOKO CRESCENT,758275,SENOKO INDUSTRIAL ESTATE,1.46295636932789,103.805916799417
355K,GOODLINK PARK,758368,NIL,1.426261629581,103.824893095145
1062,SEMBAWANG ROAD,758506,SEMBAWANG STRAITS ESTATE,1.45616644270851,103.834981384112
4,JALAN TAMPANG,758948,SEMBAWANG GARDEN ARCADE,1.4421717025719,103.823614407846
16,JALAN TAMPANG,758960,SEMBAWANG GARDEN ARCADE,1.44178712046171,103.823416210588
20A,JALAN TAMPANG,758965,SEMBAWANG GARDEN ARCADE,1.44163259755917,103.823480319783
62,GOODLINK PARK,759531,GOODLINK PARK,1.42747589954749,103.824873362504
64,GOODLINK PARK,759532,CHWEE LENG TEMPLE,1.42741337044119,103.824853793629
70,FALKLAND ROAD,759620,NIL,1.46090628683435,103.827576245723
301,CANBERRA ROAD,759774,NIL,1.45846522127967,103.821798607529
18,ATTAP VALLEY ROAD,759910,NEA NORTH WEST REGIONAL OFFICE,1.45796332729113,103.795286333781
20,ADMIRALTY ROAD WEST,759914,TEMPORARY SITE OFFICE,1.45212672551249,103.785400293135
365,YISHUN RING ROAD,760365,YISHUN GLORY,1.42924779338166,103.845192240134
464,YISHUN AVENUE 6,760464,CASA SPRING @ YISHUN,1.42679893325725,103.850691186446
850,YISHUN STREET 81,760850,KHATIB EVERGREEN I,1.41603095097186,103.836239123144
930,YISHUN CENTRAL 1,760930,NIL,1.42691548147226,103.837351206319
663A,YISHUN AVENUE 4,761663,NIL,1.42014040330851,103.839692516009
962A,BAH SOON PAH ROAD,761962,CHENCHARU VINES,1.42032575346907,103.825794763621
964A,BAH SOON PAH ROAD,761964,CHENCHARU VINES,1.42123219927695,103.826194232445
965A,BAH SOON PAH ROAD,761965,CHENCHARU VINES,1.42010087410372,103.826494005708
969B,BAH SOON PAH ROAD,762969,CHENCHARU GROVE,1.41765683357101,103.828883523127
971B,BAH SOON PAH ROAD,762971,CHENCHARU GROVE,1.41702241748973,103.829341212311
974B,LORONG CHENCHARU,762974,CHENCHARU HILLS,1.41689069015448,103.827006491099
973C,LORONG CHENCHARU,763973,CHENCHARU HILLS,1.41711160363276,103.826326690949
974D,LORONG CHENCHARU,764974,CHENCHARU HILLS,1.41600692357978,103.826928162798
13,YISHUN STREET 51,767972,THE CRITERION,1.4179154797762,103.845768260122
41,YISHUN STREET 51,767995,SIGNATURE AT YISHUN,1.41668094183932,103.844672940413
1,YISHUN STREET 51,767996,THE CRITERION,1.41812574615209,103.845416491236
5,YISHUN CLOSE,768006,SYMPHONY SUITES,1.43500081543761,103.843965680635
28,CANBERRA DRIVE,768429,YISHUN EMERALD,1.43946983219602,103.831017830402
97,YISHUN STREET 81,768453,ORCHID PARK CONDOMINIUM,1.41321614221681,103.834841574765
35,YISHUN CENTRAL 1,768807,NORTH PARK RESIDENCES,1.42791735191505,103.836669394552
1,YISHUN AVENUE 7,768923,NIL,1.4403210014766,103.840575731125
556,YISHUN AVENUE 6,768964,LILYDALE,1.42423165600449,103.848929927009
40,JALAN MALU-MALU,769657,SEMBAWANG SPRINGS ESTATE,1.44178444799066,103.826341393512
45,JALAN MALU-MALU,769662,SEMBAWANG SPRINGS ESTATE,1.44227018637367,103.825760483276
1,JALAN CHERPEN,769916,NIL,1.43713358439278,103.826548689986
19,THONG BEE ROAD,778984,HONG HENG TERRACE,1.4028763627101,103.817077323313
6,THONG BEE ROAD,778993,HONG HENG TERRACE,1.40314072400737,103.817283595783
14,THONG BEE ROAD,778996,HONG HENG TERRACE,1.40325169171981,103.817049634763
16,THONG BEE ROAD,778997,HONG HENG TERRACE,1.4032739570877,103.817002953906
11,MANDAI ROAD - TRACK 7,779953,NIL,1.40037899115278,103.809071317121
43,SPRINGSIDE CRESCENT,786183,NIL,1.40499920364242,103.822757179067
158,SPRINGSIDE AVENUE,786371,NIL,1.4053882330219,103.822370856205
39,LENTOR PLAIN,786541,BANYAN VILLAS,1.38733438749556,103.839284619714
468A,TAGORE INDUSTRIAL AVENUE,786637,SINDO INDUSTRIAL ESTATE,1.38858438913362,103.829494999003
74,LENTOR CRESCENT,786731,LENTOR VILLAS,1.39005513982641,103.835424773259
85,LENTOR STREET,786795,LENTOR VILLAS,1.39117287719148,103.834338143739
21,SPRINGSIDE GREEN,786912,NIL,1.40357559934494,103.818817040165
20,SPRINGSIDE GREEN,786913,NIL,1.40346836130735,103.819637371358
52,SPRINGSIDE AVENUE,786985,NIL,1.40286816176954,103.820260645952
50,SPRINGSIDE AVENUE,786986,NIL,1.40285549422028,103.820208726392
48,SPRINGSIDE AVENUE,786987,NIL,1.40284027651056,103.82014534304
26,SPRINGSIDE AVENUE,786998,NIL,1.40267922690423,103.819479815182
20,SPRINGSIDE AVENUE,787001,NIL,1.40259849306317,103.819264361985
4,THONG SOON ROAD,787277,HEETON PARK,1.39815308925675,103.81903952926
126,TAGORE LANE,787553,SINDO INDUSTRIAL ESTATE,1.38521574562316,103.829250062806
126,TAGORE AVENUE,787716,TEACHER'S HOUSING ESTATE,1.37988092717395,103.82888175733
140,TAGORE AVENUE,787730,TEACHER'S HOUSING ESTATE,1.38029595990131,103.828667728177
7,SPRINGLEAF VIEW,787913,SPRINGLEAF GARDEN,1.39770563846161,103.820381366969
16,SPRINGLEAF VIEW,787921,SPRINGLEAF GARDEN,1.39736995975235,103.82074128103
13,SPRINGLEAF ROAD,787956,SPRINGLEAF GARDEN,1.39716541839206,103.819433874659
22,SPRINGLEAF RISE,788002,SPRINGLEAF GARDEN,1.3991076679026,103.824143570837
32,SPRINGLEAF DRIVE,788280,SPRINGLEAF GARDEN,1.39936523215994,103.824515265734
19,OMAR KHAYYAM AVENUE,788537,TEACHER'S HOUSING ESTATE,1.38049773920051,103.829881996513
37,LI PO AVENUE,788731,TEACHER'S HOUSING ESTATE,1.38101819061564,103.829165593685
63,LENTOR WALK,788824,MELODY VILLAS,1.38895346393552,103.838176586084
22,LENTOR CENTRAL,788877,HILLOCK GREEN (U/C),1.38509631948606,103.833849401084
4,LENTOR TERRACE,788899,FUDU PARK,1.38787439204236,103.837450481176
5,LENTOR TERRACE,788900,FUDU PARK,1.38760919400708,103.8370981936
24,LENTOR TERRACE,788919,FUDU PARK,1.38847633375355,103.837281414323
7,LENTOR PLACE,788994,LENTOR VIEW,1.38912865091321,103.835760076458
8,LENTOR PLACE,788995,LENTOR VIEW,1.38951550035738,103.83562338065
16,LENTOR PLACE,789003,LENTOR VIEW,1.38943792605151,103.835410433587
18,LENTOR PLACE,789005,LENTOR VIEW,1.38941883050044,103.835355064966
33,LENTOR GREEN,789282,NIL,1.3859838084255,103.837980019131
33,LENTOR GREEN,789282,PRESIDENT GARDENS,1.3859268644634,103.837916671936
34,LENTOR GREEN,789283,PRESIDENT GARDENS,1.38535975574644,103.836643347426
10,FUDU PARK,789544,FUDU PARK,1.38909986078129,103.837956423217
24,COUNTRYSIDE PLACE,789895,NIL,1.38865079317803,103.839477547748
33,COUNTRYSIDE PLACE,789904,NIL,1.38815681595561,103.839419697973
6,COUNTRYSIDE LINK,789928,NIL,1.38939694575003,103.8391696317
8,COUNTRYSIDE GROVE,789963,NIL,1.3894455213189,103.839578420614
400A,FERNVALE LANE,791400,FERNVALE DEW,1.38975752137765,103.870369949802
1A,SELETAR AEROSPACE LINK,797552,JTC AEROSPACE @ SELETAR AEROSPACE PARK,1.4054040894603,103.859694641872
72,SENGKANG WEST AVENUE,797652,JALAN KAYU JOINT TEMPLE,1.39187435543631,103.872211546395
95A,GERALD DRIVE,797753,GERALD RESIDENCE,1.38763676374978,103.876132724647
49,MUGLISTON PARK,798563,MUGLISTON HILL,1.38665971003426,103.87978810967
56,MUGLISTON PARK,798570,MUGLISTON HILL,1.38582231105729,103.879285351697
70,LORONG TANGGAM,798758,JALAN KAYU ESTATE,1.39668714864823,103.873634078529
83,GERALD DRIVE,799032,NIL,1.38798969311368,103.877565501929
59,JALAN TARI SERIMPI,799135,JALAN KAYU ESTATE,1.39615850032273,103.872563624283
74,JALAN TARI PIRING,799227,JALAN KAYU ESTATE,1.40046313608456,103.871435975813
14,GERALD PARK,799665,NIL,1.38766831720901,103.877508048116
8B,GERALD CRESCENT,799705,GERALD MUGLISTON ESTATE,1.38687836344931,103.876995993088
42,LUXUS HILL HEIGHTS,804101,LUXUS HILLS,1.38174400229491,103.875136614744
45,LUXUS HILL HEIGHTS,804104,LUXUS HILLS,1.38147645085056,103.874537325239
8,POLLEN RISE,804244,POLLEN COLLECTION II,1.37977806815566,103.858940391801
48,POLLEN LANE,804265,POLLEN COLLECTION II,1.37947141703535,103.860034058685
9,NIM TERRACE,804364,NIM COLLECTION,1.37945461204035,103.862996416105
22,NIM RISE,804461,NIM COLLECTION,1.37974502399812,103.863249464111
24,NIM RISE,804462,NIM COLLECTION,1.37975807517985,103.86330242263
28,POLLEN LANE,804466,POLLEN COLLECTION II,1.37931433347274,103.859478486022
414,BELGRAVIA DRIVE,804712,BELGRAVIA VILLAS,1.38059322738181,103.865723469068
68,LUXUS HILL AVENUE,804908,LUXUS HILLS,1.38078977713027,103.871529228907
70,LUXUS HILL AVENUE,804909,LUXUS HILLS,1.38078441522969,103.871445936755
120,LUXUS HILL AVENUE,804934,LUXUS HILLS,1.38072044914889,103.870059385307
122,LUXUS HILL AVENUE,804935,LUXUS HILLS,1.38071794069973,103.870004082968
11,POLLEN TERRACE,804941,POLLEN COLLECTION II,1.3789779863504,103.859068019991
29,POLLEN TERRACE,804946,POLLEN COLLECTION II,1.37910997459846,103.859537461328
21E,NIM ROAD,804998,ESTE VILLA,1.38202397243162,103.864295382907
29G,NIM ROAD,805008,ESTE VILLA,1.38167396826373,103.864327269712
99,SELETAR GREEN VIEW,805103,LUXUS HILLS,1.37982168074373,103.870446740413
73,SELETAR GREEN WALK,805239,LUXUS HILLS,1.38041720685427,103.875812220162
223,SUNRISE TERRACE,805342,CABANA,1.3875025273766,103.855223840481
90,STRATTON DRIVE,805681,STRATTON GREEN,1.38243085114859,103.864945237754
23,KELULUT HILL,805881,KELULUT HILL,1.38334392490424,103.873388745308
16,KELULUT HILL,805888,KELULUT HILL,1.38403781432248,103.873425294831
21,CACTUS CRESCENT,805907,CACTUS GREEN,1.39181814833712,103.85294272093
301,YIO CHU KANG ROAD,805910,CHURCH OF SAINT VINCENT DE PAUL,1.38222392620488,103.876410909249
347C,YIO CHU KANG ROAD,805920,TUAN SING PARK,1.38865732477423,103.865551869157
14,UPPER NERAM ROAD,805977,TUAN SING PARK,1.38718183504258,103.865421523754
15,UPPER NERAM ROAD,805978,TUAN SING PARK,1.38755031557895,103.865890631654
112,POLLEN CRESCENT,806006,POLLEN COLLECTION II,1.37864580301612,103.861458893921
98,POLLEN CRESCENT,806276,POLLEN COLLECTION II,1.37854311453614,103.861095671201
9,SUNRISE LANE,806470,FLORIDA PARK,1.38948600517727,103.855427697592
35,SUNRISE DRIVE,806538,SUNRISE VILLA,1.38832660703899,103.8569178667
128,SUNRISE AVENUE,806735,NIL,1.38552305955511,103.857186563951
17,SELETAR TERRACE,806918,BELGRAVIA PARK,1.38121545172684,103.868759712424
25,SELETAR TERRACE,806926,BELGRAVIA PARK,1.3817980213766,103.868953019995
28,SELETAR TERRACE,806929,BELGRAVIA PARK,1.38079130127175,103.86882639327
30,POLLEN VIEW,806987,POLLEN COLLECTION (U/C),1.38055842373224,103.859533068649
32,POLLEN VIEW,806988,POLLEN COLLECTION (U/C),1.38057299778325,103.859585075253
34,POLLEN VIEW,806989,POLLEN COLLECTION (U/C),1.38058769555538,103.859637523012
36,POLLEN VIEW,806990,POLLEN COLLECTION (U/C),1.38060215409346,103.859689113486
16,SELETAR ROAD,807001,NIL,1.38704754765951,103.868364715787
20,SELETAR ROAD,807003,NIL,1.38670562623633,103.868415526329
7,SELETAR CLOSE,807215,SELETAR HILLS ESTATE,1.38273338779798,103.868881869136
19,POLLEN PLACE,807279,POLLEN COLLECTION (U/C),1.3814935264927,103.859275862923
21,POLLEN PLACE,807280,POLLEN COLLECTION (U/C),1.38150792700898,103.859327263028
62,SARACA VIEW,807325,SARACA GARDENS,1.38799521682958,103.859406416844
15,POLLEN CRESCENT,807527,POLLEN COLLECTION (U/C),1.38239626512235,103.859230483791
47,NIM GREEN,807629,SELETAR HILLS ESTATE,1.38283203255651,103.866263121332
20,NERAM ROAD,807731,SELETAR HILLS ESTATE,1.38667463156923,103.867327910602
24,NERAM ROAD,807735,SELETAR HILLS ESTATE,1.38665373354052,103.867434623678
473,BELGRAVIA DRIVE,807919,BELGRAVIA ACE (U/C),1.38166007601212,103.865776899923
475,BELGRAVIA DRIVE,807920,BELGRAVIA ACE (U/C),1.38164917079809,103.865834750012
479,BELGRAVIA DRIVE,807922,BELGRAVIA ACE (U/C),1.38162416402489,103.865967614828
17,MIMOSA ROAD,807980,MIMOSA PARK,1.38401589964041,103.862324285976
23,MIMOSA ROAD,807985,MIMOSA PARK,1.38381170454456,103.862437948574
52,MIMOSA ROAD,808011,LILAC PARK,1.38219478672958,103.862479994469
28A,MIMOSA ROAD,808028,MIMOSA GARDENS,1.38347507251161,103.861639042946
11,LILAC ROAD,808176,LILAC PARK,1.38191566512972,103.862334575351
27,KASAI ROAD,808274,SELETAR HILLS ESTATE,1.38621230972478,103.866490612581
31,KASAI ROAD,808278,SELETAR HILLS ESTATE,1.38623532760409,103.866003771086
20,JALAN LEKUB,808741,SELETAR HILLS ESTATE,1.38381251438269,103.871162665506
8,JALAN LAKUM,808827,SELETAR HILLS ESTATE,1.3852083567789,103.871869323704
10,JALAN KERUING,808931,SELETAR HILLS ESTATE,1.38481157202886,103.872916189757
52,JALAN KERUING,808972,SELETAR HILLS ESTATE,1.3839283590187,103.873920250199
55,JALAN KERUING,808975,SELETAR HILLS ESTATE,1.38412525444934,103.874361580552
56,JALAN KERUING,808976,SELETAR HILLS ESTATE,1.3838410160388,103.873987591123
68,JALAN KERUING,808983,SELETAR HILLS ESTATE,1.38322756005671,103.874058051665
14,JALAN KENARAH,809004,SELETAR HILLS ESTATE,1.384894716891,103.871189653088
49,DEDAP ROAD,809453,TUAN SING PARK,1.38804016056116,103.865154558075
13,DEDAP LINK,809558,NIL,1.38750650418929,103.867240258344
13,DEDAP LINK,809558,DEDAP GARDENS,1.38751804942348,103.86714465634
152,CACTUS ROAD,809654,SELETAR GARDEN,1.39068517736316,103.851276280741
162,CACTUS ROAD,809659,SELETAR GARDEN,1.39040003924828,103.851346588242
58,BEGONIA DRIVE,809916,HOCK SWEE HILL,1.38702697359233,103.862112503467
59,BEGONIA DRIVE,809917,HOCK SWEE HILL,1.38677718348747,103.863886533623
65,BEGONIA DRIVE,809923,HOCK SWEE HILL,1.38662189453174,103.863554335129
81,BEGONIA DRIVE,809939,HOCK SWEE HILL,1.38773402273773,103.86212148902
83,BEGONIA DRIVE,809941,HOCK SWEE HILL,1.3878216340695,103.862198443879
92,BEGONIA DRIVE,809950,HOCK SWEE HILL,1.38757850411427,103.860543455989
21,AIRLINE ROAD,819835,SIA HANGAR 3,1.37802028143633,103.998820052476
200,PUNGGOL FIELD,820200,NIL,1.39928731609197,103.903073262219
649,PUNGGOL CENTRAL,820649,EASTDALE,1.39723823677621,103.914915439766
650,PUNGGOL CENTRAL,820650,MULTI STOREY CAR PARK,1.39727355451951,103.915260641871
654,PUNGGOL DRIVE,820654,NIL,1.39849994111312,103.919369140234
101A,PUNGGOL FIELD,821101,NIL,1.3979461677694,103.905945136259
199A,PUNGGOL FIELD,821199,NIL,1.39977299599902,103.906001152235
667A,PUNGGOL DRIVE,821667,WATERWAY WOODCRESS,1.40260030998864,103.913971396177
199B,PUNGGOL FIELD,822199,NIL,1.39996997980383,103.9057511815
670B,EDGEFIELD PLAINS,822670,WATERWAY RIDGES,1.40532418039845,103.913280733404
673B,EDGEFIELD PLAINS,822673,WATERWAY BANKS,1.40697762946912,103.911041462626
672C,EDGEFIELD PLAINS,823672,WATERWAY BANKS,1.40743702403924,103.911196464451
195D,PUNGGOL ROAD,824195,THE PERIWINKLE,1.40136794497508,103.907095963037
676D,PUNGGOL DRIVE,824676,WATERWAY BROOKS,1.40564086679302,103.910923336736
78,EDGEDALE PLAINS,828683,NIL,1.39910651674297,103.914597569863
78,EDGEDALE PLAINS,828683,E-BRIDGE PRE-SCHOOL PTE LTD,1.39907680328284,103.914638895174
96,EDGEDALE PLAINS,828688,THE TERRACE,1.4007969661453,103.91627711519
68,PUNGGOL WALK,828784,A TREASURE TROVE,1.405122127386,103.899755501341
203,PONGGOL SEVENTEENTH AVENUE,829663,PONGGOL PARK,1.4155932254887,103.905023813252
203G,PONGGOL SEVENTEENTH AVENUE,829670,PONGGOL PARK,1.4146304480362,103.903896032816
